parcel_id,date,NDVI,EVI,NDMI
P0000,2025-01-01,0.2774828584194183,0.1742510793002449,-0.175174229796417
P0000,2025-02-01,0.5850351858139038,0.4055896087592323,0.1531019541978632
P0000,2025-03-01,0.7606573717594147,0.6591916434185745,0.4066628428578376
P0000,2025-04-01,0.8226291454315185,0.7589408476527858,0.4884520989894867
P0000,2025-05-01,0.5931745255947113,0.4117072419163221,0.2166889066733419
P0000,2025-06-01,0.1960609214305877,0.134025200270375,-0.125002427971363
P0000,2025-07-01,0.1507842147827148,0.1128772395257936,-0.1433355698347091
P0000,2025-08-01,0.1415222036242485,0.1080606439927181,-0.1481283982753753
P0000,2025-09-01,0.1433295109629631,0.1024920610120096,-0.1838183820128441
P0000,2025-10-01,0.184194668328762,0.0963365841036868,-0.2769811375141144
P0000,2025-11-01,0.1987728558063507,0.1041892370219711,-0.2451119758486747
P0000,2025-12-01,0.325459918141365,0.183913758702096,-0.1453567704040673
P0001,2025-01-01,0.5071499043226242,0.2922789351688627,-0.0748246688070758
P0001,2025-02-01,0.7740428132534027,0.5184558963588534,0.2823130508201197
P0001,2025-03-01,0.7871729220867157,0.6779023987843179,0.4061155720636248
P0001,2025-04-01,0.7012711047637658,0.4064590979218391,0.4128681301582055
P0001,2025-05-01,0.6775680992603302,0.4888366910908774,0.2822087161809206
P0001,2025-06-01,0.3105808549642563,0.215895005361799,-0.0431158408366842
P0001,2025-07-01,0.2229565131425857,0.1583912499033546,-0.1056177572827786
P0001,2025-08-01,0.1968986120462417,0.1426306821393869,-0.1234819847889244
P0001,2025-09-01,0.1793035945534706,0.1148358556776237,-0.1935768680691719
P0001,2025-10-01,0.1877301309585571,0.0894834942405956,-0.3212456390142441
P0001,2025-11-01,0.245341812634468,0.0935035920310226,-0.3289722769886255
P0001,2025-12-01,0.2583196400880813,0.1018091405226174,-0.3254479152504355
P0002,2025-01-01,0.5701606307029724,0.3746771301953583,0.1057069207033142
P0002,2025-02-01,0.7799147397518158,0.5571535529030188,0.3387907062202692
P0002,2025-03-01,0.7616083928585052,0.6654641542171593,0.359561866736412
P0002,2025-04-01,0.6642723967552185,0.4825328197818477,0.2029589558437466
P0002,2025-05-01,0.2869677184820175,0.174102746664818,-0.1378037218740209
P0002,2025-06-01,0.2327111197710037,0.1644506178601215,-0.1421072281315922
P0002,2025-07-01,0.206385120165348,0.1538805951521082,-0.1169591034650802
P0002,2025-08-01,0.2079149661302566,0.1516895174495545,-0.1131782223637448
P0002,2025-09-01,0.213216264295578,0.1489214593558265,-0.1263777761881472
P0002,2025-10-01,0.2383268700718879,0.1537368416971045,-0.1451931790350703
P0002,2025-11-01,0.2682055547714233,0.1637984146978228,-0.1178505438525229
P0002,2025-12-01,0.3324865388989448,0.1806148301352496,-0.0601548655733466
P0003,2025-01-01,0.6419650209903717,0.4745759542940612,0.1854107475019526
P0003,2025-02-01,0.8647889093399048,0.6821686756801608,0.4291192627489567
P0003,2025-03-01,0.8554403529644012,0.5648484446716918,0.4919387647390366
P0003,2025-04-01,0.8878945877552032,0.7394999350264496,0.5144062547326088
P0003,2025-05-01,0.7310726789474488,0.5157875118452789,0.30450670140828
P0003,2025-06-01,0.2284414356470108,0.1652915285733888,-0.0554657608903944
P0003,2025-07-01,0.1625079529047012,0.1333110758392637,-0.1029817018516361
P0003,2025-08-01,0.1528509344100952,0.1241120992003462,-0.1136515777416527
P0003,2025-09-01,0.1530410862445831,0.1150951715679816,-0.1599104817092418
P0003,2025-10-01,0.1933528468370437,0.1020712882652941,-0.2856706663846969
P0003,2025-11-01,0.2507938551902771,0.1049918849914274,-0.2548439594000578
P0003,2025-12-01,0.2145379079699516,0.10680444061977,-0.2028691408654674
P0004,2025-01-01,0.2666761488556862,0.1427488999242717,-0.1541095943911976
P0004,2025-02-01,0.6231641350269318,0.3966014149668687,0.1709172209848649
P0004,2025-03-01,0.7661207336425782,0.6532799962281673,0.3610201361358165
P0004,2025-04-01,0.6737250755310059,0.4933739552540736,0.2498816875904798
P0004,2025-05-01,0.3891423432350158,0.2348608380264659,-0.0184988864146173
P0004,2025-06-01,0.1932802188158035,0.1272830638510037,-0.1627822905659675
P0004,2025-07-01,0.162213041293621,0.1180021013932125,-0.1641792010188102
P0004,2025-08-01,0.1583959022521972,0.1148442859121911,-0.1517372267663478
P0004,2025-09-01,0.1524955623865127,0.1028054407864523,-0.2048830602645874
P0004,2025-10-01,0.1771893806695938,0.0872794825409035,-0.2433279709642753
P0004,2025-11-01,0.2030593398094177,0.0930728538951745,-0.2298636467420496
P0004,2025-12-01,0.2044719231724739,0.0944326441809023,-0.2272253719981759
P0005,2025-01-01,0.30547590944767,0.2147834350420971,-0.0565165387632439
P0005,2025-02-01,0.7134852024078369,0.5662736555631581,0.3079702550441027
P0005,2025-03-01,0.7519151342868805,0.643931427871912,0.3431718214273452
P0005,2025-04-01,0.6029116850376129,0.4584508360222572,0.2195532535413174
P0005,2025-05-01,0.2504753023386001,0.1700796306692557,-0.0963124028663151
P0005,2025-06-01,0.1569866878151893,0.1272734409058328,-0.1410573932960629
P0005,2025-07-01,0.1339651905655861,0.1096002694870418,-0.1357704877853393
P0005,2025-08-01,0.1345365644216537,0.1079679338006063,-0.1404946499705314
P0005,2025-09-01,0.132478124654293,0.1021281705153706,-0.1460372538655996
P0005,2025-10-01,0.1756920222640037,0.1272360139761149,-0.1479537628859281
P0005,2025-11-01,0.189635040795803,0.1315439345000755,-0.1251938281677663
P0005,2025-12-01,0.2665909683942795,0.1678768273808046,-0.0966421760490164
P0006,2025-01-01,0.45259285414218897,0.3131315784549977,0.0962206488144167
P0006,2025-02-01,0.5779552364468574,0.4378932041675007,0.2468934432504698
P0006,2025-03-01,0.7008382715504616,0.5903538202846598,0.3674342488177121
P0006,2025-04-01,0.7681385088682174,0.6788668115795577,0.44124215270821
P0006,2025-05-01,0.6339062590889633,0.4859199807411219,0.306121878053993
P0006,2025-06-01,0.3384966121435165,0.2449870323541608,0.0834670289749832
P0006,2025-07-01,0.1796697102840989,0.128455290809332,-0.1163936657723039
P0006,2025-08-01,0.1607388018660247,0.1159930370861378,-0.1472076729325577
P0006,2025-09-01,0.1311163771957159,0.0958033987739999,-0.2079032846212387
P0006,2025-10-01,0.100385026744008,0.0594122956134193,-0.277746429566294
P0006,2025-11-01,0.143446982049942,0.0860077123816124,-0.2002995736785233
P0006,2025-12-01,0.1980861697226763,0.1226287213477548,-0.1463930470456834
P0007,2025-01-01,0.4978261286258697,0.3462229794162149,0.0702162448886782
P0007,2025-02-01,0.7253525007247925,0.5731768306046326,0.2991527144839055
P0007,2025-03-01,0.7320285294294357,0.6220141234025571,0.3136029389422387
P0007,2025-04-01,0.4165245095968246,0.2710191355226216,0.0204442523177317
P0007,2025-05-01,0.2334874930262565,0.1353278773034275,-0.1966759532511234
P0007,2025-06-01,0.2080985662221908,0.1474956154023095,-0.1830983630418777
P0007,2025-07-01,0.1700862671256065,0.1396293901297202,-0.1572413940310478
P0007,2025-08-01,0.1480191655278206,0.1190722203657987,-0.1678151812314987
P0007,2025-09-01,0.1313892101645469,0.0921508446533259,-0.213257197189331
P0007,2025-10-01,0.1415897164583206,0.0947214620655808,-0.2350377961754799
P0007,2025-11-01,0.1511661713719368,0.0881079410480583,-0.2463367522358894
P0007,2025-12-01,0.1589921579003334,0.0864237833647819,-0.2136926066756248
P0008,2025-01-01,0.3980959455490112,0.2848357832081008,0.0084955187850631
P0008,2025-02-01,0.6943614313364029,0.564008737563708,0.2673310727354139
P0008,2025-03-01,0.7161038551330566,0.6077080464252618,0.3462001598477363
P0008,2025-04-01,0.4973098121404647,0.3517133994776169,0.0942729938299162
P0008,2025-05-01,0.2072454468846321,0.1323491253610263,-0.1931011333465576
P0008,2025-06-01,0.1587188192725181,0.1276960302106859,-0.1864261594057083
P0008,2025-07-01,0.1324402025222778,0.1098882347225433,-0.1745444297790527
P0008,2025-08-01,0.134730474615097,0.1081038132640367,-0.1750499101877212
P0008,2025-09-01,0.1274876661777496,0.0970054134359748,-0.1959959160327911
P0008,2025-10-01,0.1356782561421394,0.0900801650932363,-0.2181139409422874
P0008,2025-11-01,0.1490896762967109,0.0924409747698396,-0.2166857962727546
P0008,2025-12-01,0.1899624073624611,0.1072679308103923,-0.1750500003818422
P0009,2025-01-01,0.2242313431620597,0.1271585761009467,-0.1823842531502247
P0009,2025-02-01,0.4979631836891174,0.3190029569307627,0.066062372439634
P0009,2025-03-01,0.6470643479108811,0.5622277692902189,0.2705018316499888
P0009,2025-04-01,0.6675042360544204,0.5464645269208748,0.2967545912787318
P0009,2025-05-01,0.459688956451416,0.3245369879697077,0.1111585384053178
P0009,2025-06-01,0.2116999790310859,0.1458955134171938,-0.1228856949269771
P0009,2025-07-01,0.1611350359559059,0.1175559683918198,-0.146963552570343
P0009,2025-08-01,0.1616919554114341,0.1183394989765778,-0.1423609946966171
P0009,2025-09-01,0.1512347491025924,0.1024534773501762,-0.1851167664766311
P0009,2025-10-01,0.1518489661633968,0.0799919114196972,-0.2467289341330528
P0009,2025-11-01,0.1849049006342888,0.1015797365231629,-0.2123955506473779
P0009,2025-12-01,0.2558315763950348,0.1320744252674996,-0.1830855943679809
P0010,2025-01-01,0.3782066541149261,0.4018502042928445,-0.0466663218049682
P0010,2025-02-01,0.8026572107315063,0.52928979174572,0.3319124978805892
P0010,2025-03-01,0.8153091765403747,0.625638910099082,0.4740384505271912
P0010,2025-04-01,0.8513719350814819,0.6954221960475601,0.5008646954059601
P0010,2025-05-01,0.5828728215694428,0.3735463651553569,0.2071510652894154
P0010,2025-06-01,0.3005084566831589,0.1917000537833178,-0.0542943883599946
P0010,2025-07-01,0.2044558381319046,0.151294876316239,-0.1028482220232486
P0010,2025-08-01,0.1697038582086563,0.1312296296573669,-0.1125390976257622
P0010,2025-09-01,0.1601474106311798,0.1036090609380815,-0.2095664671301841
P0010,2025-10-01,0.2030899217963218,0.0711716199696304,-0.359276478356123
P0010,2025-11-01,0.2422542051792144,0.0762445607681031,-0.3546957611918915
P0010,2025-12-01,0.2813595067739486,0.090161142964929,-0.3109224127515936
P0011,2025-01-01,0.3598721425056457,0.2180487717933329,-0.1702828300955705
P0011,2025-02-01,0.767625238251686,0.5322693263151272,0.274771531152667
P0011,2025-03-01,0.7854957515001297,0.6597667217916915,0.3846834087179974
P0011,2025-04-01,0.6367399601101875,0.48903396582479586,0.2490466420298442
P0011,2025-05-01,0.4879841687202453,0.3183012098579003,0.113409875341691
P0011,2025-06-01,0.2378894259214401,0.1663214327417929,-0.0922077861656434
P0011,2025-07-01,0.1858218195080757,0.1423243434878127,-0.1246765014901757
P0011,2025-08-01,0.1686204375267029,0.1288616390304132,-0.143848334223032
P0011,2025-09-01,0.1636837783336639,0.1090434690795969,-0.2167149630784988
P0011,2025-10-01,0.1909885825812816,0.079214169267299,-0.3313665885448456
P0011,2025-11-01,0.2322029774069786,0.0873386018484708,-0.3251881668150425
P0011,2025-12-01,0.2377461525321006,0.0858721257403091,-0.3415657221406698
P0012,2025-01-01,0.5859828748792972,0.4457237149539436,0.0160634420852765
P0012,2025-02-01,0.7081620846748352,0.5088023182031396,0.207697148633562
P0012,2025-03-01,0.751849666929245,0.6742154710109477,0.3521394045002758
P0012,2025-04-01,0.8824435059070587,0.7761577183137671,0.5134760172843933
P0012,2025-05-01,0.5303910917282104,0.4556770952813621,0.1812158852811903
P0012,2025-06-01,0.277201107096672,0.2019853678280879,-0.0400125136096496
P0012,2025-07-01,0.2093975841522216,0.1603341425448469,-0.103382707714755
P0012,2025-08-01,0.2033284834861755,0.1419136197699901,-0.1582032880343497
P0012,2025-09-01,0.1976091797709465,0.1138182851062324,-0.2536535949885845
P0012,2025-10-01,0.2127590163350105,0.0862994517597858,-0.32717208243981
P0012,2025-11-01,0.2517322039365768,0.0923002081460653,-0.3385589540600777
P0012,2025-12-01,0.2826131550073624,0.1508404471734359,-0.2337801453337073
P0013,2025-01-01,0.2928326136112213,0.1681322659510434,-0.1569625006547197
P0013,2025-02-01,0.5371498880147934,0.3375938684764003,0.1066826600075233
P0013,2025-03-01,0.7381281160831451,0.6223651432483178,0.3284847225964069
P0013,2025-04-01,0.6680902883529662,0.5144863151859769,0.268590453448845
P0013,2025-05-01,0.5980524606227875,0.4066074871236358,0.2086961843012832
P0013,2025-06-01,0.2561272297143936,0.1732580855322969,-0.1445827090604231
P0013,2025-07-01,0.2128390660047531,0.1522098161554509,-0.1460260189473629
P0013,2025-08-01,0.1911012102007866,0.1350691595118634,-0.1585058959253132
P0013,2025-09-01,0.1675542571544647,0.1067685565656895,-0.2108590115383267
P0013,2025-10-01,0.178372999882698,0.0908264328472123,-0.2385239381283521
P0013,2025-11-01,0.2178279360294342,0.1045418378130841,-0.2081084834684385
P0013,2025-12-01,0.3388809876441955,0.1598668739140668,-0.1053023653321899
P0014,2025-01-01,0.3263059292108782,0.1936444640166791,-0.1059488672133085
P0014,2025-02-01,0.6930659451723099,0.4959888386440284,0.2473140311554074
P0014,2025-03-01,0.7386740257263184,0.663665095393487,0.4360867207348347
P0014,2025-04-01,0.8007878593444824,0.7245293257934273,0.5128737590104342
P0014,2025-05-01,0.4224646090507507,0.2968876665118592,0.0929265413510409
P0014,2025-06-01,0.2018249802589416,0.1558749076618922,-0.0806201443827711
P0014,2025-07-01,0.1793757859110832,0.1446320559879148,-0.0835235277269035
P0014,2025-08-01,0.1831875672936439,0.1448949625032737,-0.0932094542302191
P0014,2025-09-01,0.1621986265659332,0.1000330534414343,-0.236191446763277
P0014,2025-10-01,0.170206152844429,0.0940451465057994,-0.2874703829010948
P0014,2025-11-01,0.2144554715156555,0.0979975311445559,-0.2580831962019205
P0014,2025-12-01,0.2234755459308624,0.1009304208307602,-0.2376864422559738
P0015,2025-01-01,0.4752539566755295,0.3233851177771971,-0.0095920971682295
P0015,2025-02-01,0.7066900418996811,0.480899582405059,0.2801523645969108
P0015,2025-03-01,0.7835724251270294,0.568577000364952,0.4256981774568558
P0015,2025-04-01,0.766780326843645,0.6430815483508979,0.4615482990285591
P0015,2025-05-01,0.6312518280029297,0.4253906898754047,0.3084741235494613
P0015,2025-06-01,0.2732532063961029,0.1901807518423271,-0.00934433851731
P0015,2025-07-01,0.2016858637690544,0.1564675196970618,-0.0542739476604387
P0015,2025-08-01,0.1835932383775711,0.1408964089687198,-0.0678335354962386
P0015,2025-09-01,0.1560838862180709,0.107289827154912,-0.1646896233439445
P0015,2025-10-01,0.1572506044387817,0.0621506706914037,-0.2948483471870422
P0015,2025-11-01,0.182750992155075,0.0736326485619258,-0.280820982003212
P0015,2025-12-01,0.3158889056921005,0.1416374938861717,-0.1425077432695776
P0016,2025-01-01,0.3455288015127182,0.2415761682740844,-0.0367746461972594
P0016,2025-02-01,0.6738202516078949,0.520435037024355,0.2827299015045166
P0016,2025-03-01,0.8011080657482147,0.695588720289857,0.4238854501605034
P0016,2025-04-01,0.6801642044067383,0.5204510716584647,0.2810811060592532
P0016,2025-05-01,0.270078941488266,0.1559884118283572,-0.1097228053895756
P0016,2025-06-01,0.191723811340332,0.1333573873858065,-0.1474594044804573
P0016,2025-07-01,0.1472099605202675,0.1212830051081009,-0.134787572312355
P0016,2025-08-01,0.1421449350714683,0.1203760762893704,-0.1224655092298984
P0016,2025-09-01,0.1348641742587089,0.1093406108772729,-0.1675726482391357
P0016,2025-10-01,0.178964248752594,0.1359814465450303,-0.1751414341628551
P0016,2025-11-01,0.1883157744646072,0.1356068232934022,-0.1629311995714903
P0016,2025-12-01,0.2266941720128059,0.1631617301284767,-0.1144822532825172
P0017,2025-01-01,0.2442301175236702,0.1912489945217833,-0.0725837890048977
P0017,2025-02-01,0.4880521986722946,0.370421921698326,0.1169694641284644
P0017,2025-03-01,0.628043246269226,0.5510188825839134,0.2582027688266709
P0017,2025-04-01,0.6238497499585152,0.5102009575883429,0.2402096857557538
P0017,2025-05-01,0.348061534845829,0.2407531919569936,-0.0307470424528466
P0017,2025-06-01,0.1993666729211807,0.15043178699612,-0.1426520244590938
P0017,2025-07-01,0.1580224999666214,0.1338445168409667,-0.1382991616308689
P0017,2025-08-01,0.1565141194224357,0.1328177598004314,-0.1288267959699034
P0017,2025-09-01,0.1502501573085785,0.12521760520086,-0.1568240377120673
P0017,2025-10-01,0.155863753324747,0.1144616856821901,-0.1872635698847472
P0017,2025-11-01,0.1665045728206634,0.1310435870181844,-0.1346142087783915
P0017,2025-12-01,0.2914410254001617,0.2036401418251853,-0.0495507328442297
P0018,2025-01-01,0.4103061815738678,0.2577727059786883,-0.0220067621082998
P0018,2025-02-01,0.5532858961105347,0.357893890502765,0.0841591881993226
P0018,2025-03-01,0.6183488080501557,0.4868780019909028,0.2410297719836235
P0018,2025-04-01,0.4821278431415557,0.3397757617771626,0.0979111864441074
P0018,2025-05-01,0.3022929326534271,0.1953279275340167,-0.1216138217821717
P0018,2025-06-01,0.2125634809732437,0.1441726845412342,-0.1795828199863433
P0018,2025-07-01,0.1758238988876342,0.1207365551451631,-0.1878607778310775
P0018,2025-08-01,0.1679739807248115,0.1149492182988018,-0.1967900104880333
P0018,2025-09-01,0.1629845647811889,0.1074760986708055,-0.2120614478111267
P0018,2025-10-01,0.2116436454892158,0.1306628345324948,-0.2116841271102428
P0018,2025-11-01,0.2271639382243156,0.1305525730625284,-0.2050741438728757
P0018,2025-12-01,0.2845967595815659,0.1498082330198659,-0.1473830914214253
P0019,2025-01-01,0.2833744336605072,0.209200516344539,-0.0847065890960395
P0019,2025-02-01,0.5540457673549652,0.4307649614174097,0.1987655830143951
P0019,2025-03-01,0.7380091904163361,0.6628412145411726,0.4541372768640518
P0019,2025-04-01,0.748121859884262,0.6864767225305325,0.4939512950306758
P0019,2025-05-01,0.6394158031702042,0.4948966502531974,0.3451689723520161
P0019,2025-06-01,0.2792972427845001,0.2117374581525357,-0.0308536164110308
P0019,2025-07-01,0.1935772702932358,0.1506841228629946,-0.0844880075678229
P0019,2025-08-01,0.1796004749894142,0.1407385230301143,-0.0813317833529785
P0019,2025-09-01,0.1769245199203491,0.1312452867286413,-0.1559914756298065
P0019,2025-10-01,0.2104346694946289,0.1303108968619601,-0.1868679135493934
P0019,2025-11-01,0.2420830832958221,0.1494732036697332,-0.1634208504724316
P0019,2025-12-01,0.3193336569070816,0.2032669151543457,-0.0993998079964891
P0020,2025-01-01,0.3816507063865662,0.2273118492494151,-0.0728535913625732
P0020,2025-02-01,0.793086349773407,0.5488463132889941,0.3065749304771423
P0020,2025-03-01,0.8449510735511779,0.7695101184452693,0.4476784324884414
P0020,2025-04-01,0.6289710592269897,0.3865776018104885,0.1393838125228881
P0020,2025-05-01,0.2036617899656295,0.1070015953992452,-0.2242077353466302
P0020,2025-06-01,0.163602525639534,0.1229813611726564,-0.1941003408551216
P0020,2025-07-01,0.1458339280843734,0.122256666158585,-0.149631908750534
P0020,2025-08-01,0.1564485394954681,0.1286890794025566,-0.1426117957353592
P0020,2025-09-01,0.151745218026638,0.120501892841779,-0.1616457054495811
P0020,2025-10-01,0.1519056964516639,0.0832779412684807,-0.282212383300066
P0020,2025-11-01,0.1522633492708206,0.081153841542065,-0.2469045293301344
P0020,2025-12-01,0.1651764777183532,0.0749514007004004,-0.2282109021008014
P0021,2025-01-01,0.3420044181108475,0.213483128010802,-0.0291802890737075
P0021,2025-02-01,0.7260113738536834,0.5869263631636288,0.3008859610272571
P0021,2025-03-01,0.7993275407314301,0.7508995791546406,0.4283302697539329
P0021,2025-04-01,0.8145350211143494,0.6544405238052183,0.3814451146841049
P0021,2025-05-01,0.2129267891168594,0.1218107967905229,-0.1925525632083416
P0021,2025-06-01,0.1682185223579407,0.1212870271958962,-0.1907345580339431
P0021,2025-07-01,0.1349431257605552,0.1082432139122895,-0.1627213437199592
P0021,2025-08-01,0.1353313529372215,0.1067582419214494,-0.1566940820813179
P0021,2025-09-01,0.1271728750348091,0.0923043144294896,-0.1732624035596847
P0021,2025-10-01,0.1465407341361045,0.1020649251352002,-0.1898076021909713
P0021,2025-11-01,0.1578228509068489,0.0970088843529123,-0.180616078031063
P0021,2025-12-01,0.2388429106235504,0.1285142316297955,-0.0856678622215753
P0022,2025-01-01,0.3247580780863762,0.217183189970322,-0.0833065766630694
P0022,2025-02-01,0.6722705505847931,0.5335076432971376,0.2471007678076625
P0022,2025-03-01,0.8173537984848023,0.6993396410812887,0.4407955207824707
P0022,2025-04-01,0.8578888920783997,0.7098073418664427,0.4714574782609939
P0022,2025-05-01,0.3304985507965088,0.186040133010422,-0.0795658807657659
P0022,2025-06-01,0.1828521020889282,0.1161911639830287,-0.1775038285911083
P0022,2025-07-01,0.1583438141345977,0.1094401607350862,-0.178935721540451
P0022,2025-08-01,0.1455428603053093,0.1131425232581217,-0.1511225528657436
P0022,2025-09-01,0.1426470742940902,0.1043004842353909,-0.1899582109808922
P0022,2025-10-01,0.1502721884727478,0.0892823573501795,-0.2383796875476837
P0022,2025-11-01,0.1672720737338066,0.0953730220477333,-0.2214684386610984
P0022,2025-12-01,0.1901937054157257,0.106567703813364,-0.2105313591536134
P0023,2025-01-01,0.3161839827060699,0.22617586626577,-0.052150811540056
P0023,2025-02-01,0.5212345704078675,0.3965081018490403,0.1266387987740337
P0023,2025-03-01,0.610606807088852,0.5046895315564774,0.2107701313197612
P0023,2025-04-01,0.410989856505394,0.2879538857777904,0.0056745910893985
P0023,2025-05-01,0.2592310506939888,0.1768325430650166,-0.1245107749707996
P0023,2025-06-01,0.1937577466368675,0.1520208329777864,-0.1538211903214454
P0023,2025-07-01,0.1497366977095603,0.1221592845543721,-0.1575781560540199
P0023,2025-08-01,0.1468780864596366,0.1176550526303096,-0.1682894365429878
P0023,2025-09-01,0.1315261264204979,0.1013068815314608,-0.1878752481937408
P0023,2025-10-01,0.150810516500473,0.1065490432616149,-0.1986451416134834
P0023,2025-11-01,0.1541592800617218,0.105232112366393,-0.1935702457308769
P0023,2025-12-01,0.1829480451464653,0.1123141282054471,-0.1616179749965667
P0024,2025-01-01,0.4777422341346741,0.4173112680467336,0.051567431015799
P0024,2025-02-01,0.7806432084560394,0.5913664790815768,0.3413368466168642
P0024,2025-03-01,0.7742911244392395,0.66248351905445,0.4208648208856582
P0024,2025-04-01,0.8119034621238709,0.6611939958712802,0.4471838742434978
P0024,2025-05-01,0.6394702729225159,0.4556735645400672,0.2725130770603194
P0024,2025-06-01,0.2382411024093628,0.1755027054752649,-0.0439562355898786
P0024,2025-07-01,0.1806214220762252,0.1436817514323817,-0.0993571350485086
P0024,2025-08-01,0.1568558314442634,0.1255237966157291,-0.1382468867003917
P0024,2025-09-01,0.1503018545389175,0.1146504820558167,-0.1827654813408851
P0024,2025-10-01,0.1929932257771492,0.1136791743216047,-0.250490554267168
P0024,2025-11-01,0.2541053993225097,0.1534081084116127,-0.1797190973419696
P0024,2025-12-01,0.2966632648468018,0.1852779130216177,-0.1177661291999975
P0025,2025-01-01,0.2435105367034089,0.1800751180654813,-0.1197279714605706
P0025,2025-02-01,0.5369684088468551,0.3622879404974208,0.0948833712161984
P0025,2025-03-01,0.7315696044206619,0.6241976157765172,0.3262912940114736
P0025,2025-04-01,0.6948648041963578,0.5384369566869704,0.3301642981275916
P0025,2025-05-01,0.2486675433278083,0.1434295447775659,-0.1362010323768481
P0025,2025-06-01,0.157843541586399,0.1150352373450587,-0.181753159558773
P0025,2025-07-01,0.136175860440731,0.1020721180860371,-0.1785688251018524
P0025,2025-08-01,0.1307663800120353,0.0985693841281253,-0.1764815099835396
P0025,2025-09-01,0.1277022246837616,0.0921659227078316,-0.2037622787833213
P0025,2025-10-01,0.1207540027856826,0.0707480998730696,-0.2637484586000442
P0025,2025-11-01,0.13776735881567,0.0741587226673424,-0.2371052679538726
P0025,2025-12-01,0.1866661611199379,0.1218059282128741,-0.1583224379770458
P0026,2025-01-01,0.4264945361495018,0.3376287961464423,0.0642634458641056
P0026,2025-02-01,0.7595123220682144,0.6402785036346902,0.3926745482670143
P0026,2025-03-01,0.6974474591493607,0.5866621111540294,0.3896920213699341
P0026,2025-04-01,0.5381667129278183,0.3894785083865055,0.1770310403216095
P0026,2025-05-01,0.1538451207995414,0.1144901373811837,-0.1524772619232535
P0026,2025-06-01,0.1453858702778816,0.1193811534088021,-0.1549315559744835
P0026,2025-07-01,0.1155210171461105,0.0951958632201199,-0.1637386593461036
P0026,2025-08-01,0.1188553653359413,0.0946918432295704,-0.167811121892929
P0026,2025-09-01,0.1081965152263641,0.0783402020565805,-0.1993579916238785
P0026,2025-10-01,0.1090593437552452,0.0747934295032421,-0.1977518119573593
P0026,2025-11-01,0.1164239046573639,0.0742863340480691,-0.1921975425362587
P0026,2025-12-01,0.1891320158600807,0.1055805049015169,-0.1661049742221832
P0027,2025-01-01,0.5165818464040757,0.3192622019310868,0.0265291064938646
P0027,2025-02-01,0.7832175268650055,0.6673036298146495,0.3454231628254056
P0027,2025-03-01,0.7558583579063416,0.660629589908732,0.3418539053344168
P0027,2025-04-01,0.6290677340507508,0.4510055832829707,0.1835452005006373
P0027,2025-05-01,0.2578932936906815,0.1497466313609043,-0.1896970213521271
P0027,2025-06-01,0.1906605865597725,0.1250018995045496,-0.2094165886878967
P0027,2025-07-01,0.1519742296218872,0.1174682685335139,-0.1896555496931076
P0027,2025-08-01,0.1483553223133087,0.1130584248289064,-0.1949501409173011
P0027,2025-09-01,0.1471067309975624,0.1072402651136715,-0.2276313056707382
P0027,2025-10-01,0.1713138220071792,0.106748731168823,-0.2710248242855072
P0027,2025-11-01,0.1964712914228439,0.0980280880192276,-0.2957758600831032
P0027,2025-12-01,0.2114331261277199,0.0981538808033227,-0.2510839793801308
P0028,2025-01-01,0.5162791628360748,0.3562995582953546,0.0478266232444904
P0028,2025-02-01,0.7748671622276306,0.6064774393637958,0.3204687958478928
P0028,2025-03-01,0.7772507188796997,0.6662534979317567,0.3702478061676025
P0028,2025-04-01,0.7867463084220886,0.5545967897492665,0.324916491651535
P0028,2025-05-01,0.237802367067337,0.1396645366400561,-0.192750750374794
P0028,2025-06-01,0.1749158508300781,0.1361112409768211,-0.1767044531345367
P0028,2025-07-01,0.144477176785469,0.1193553216091854,-0.1603517911672592
P0028,2025-08-01,0.1441934500336647,0.1175669196112243,-0.1567494184374809
P0028,2025-09-01,0.1401039265275001,0.10628446176325,-0.2055541573762893
P0028,2025-10-01,0.1707439839601516,0.1126111558356112,-0.2230858518600464
P0028,2025-11-01,0.1892727147459983,0.1212407718038999,-0.203627066218853
P0028,2025-12-01,0.2662756702661514,0.1472331243637202,-0.0993914960714755
P0029,2025-01-01,0.4284300095319748,0.2676579205098326,-0.0254949309010757
P0029,2025-02-01,0.6923894098758697,0.5063419435179041,0.2370700077690417
P0029,2025-03-01,0.7956954350948334,0.7049912723153455,0.3982451109111309
P0029,2025-04-01,0.599903877711296,0.4340944699518952,0.1621249275414273
P0029,2025-05-01,0.230391315627098,0.1482390684690754,-0.1745695549272
P0029,2025-06-01,0.1912275328278541,0.1412499047782575,-0.168573805033043
P0029,2025-07-01,0.1601310839176178,0.1266794093745583,-0.1600723229475319
P0029,2025-08-01,0.1636259794235229,0.1247663371349517,-0.1625594086468219
P0029,2025-09-01,0.1627496416687965,0.1104271926956211,-0.2039412342190742
P0029,2025-10-01,0.2063790352582931,0.1288794460407158,-0.2106449714012444
P0029,2025-11-01,0.2455661258816719,0.1517978568375096,-0.1836452775519341
P0029,2025-12-01,0.4021789612531662,0.2356433877486063,-0.0776915431128814
P0030,2025-01-01,0.2855577918648719,0.17925348212348,-0.1387385939903557
P0030,2025-02-01,0.8454946193218231,0.7212884645851806,0.3936543156385422
P0030,2025-03-01,0.7342637819051743,0.6468916804759626,0.4377074974730611
P0030,2025-04-01,0.8070348293781281,0.6247416999593038,0.4623719907317311
P0030,2025-05-01,0.5273293722510338,0.2990826113486927,0.0950662736385362
P0030,2025-06-01,0.2352445939898491,0.1474751649101901,-0.1422495063543319
P0030,2025-07-01,0.2110960719585418,0.141177307574269,-0.1117107083797454
P0030,2025-08-01,0.1989318954706192,0.1349845813785299,-0.0836603350907564
P0030,2025-09-01,0.1947453527927398,0.1275517832094728,-0.1246993878960609
P0030,2025-10-01,0.1787440489530563,0.0797347428781531,-0.2246937388658523
P0030,2025-11-01,0.2306867757678032,0.1449578735406428,-0.1801448628470301
P0030,2025-12-01,0.4233973452091217,0.2587167836564572,-0.0456587386745028
P0031,2025-01-01,0.2255643961548805,0.1576304762121119,-0.137339571570605
P0031,2025-02-01,0.5377716505527497,0.3729501684681682,0.1317284306923626
P0031,2025-03-01,0.703485791516304,0.5964291686346065,0.293775146316085
P0031,2025-04-01,0.5649050908565522,0.3774607976438234,0.127091603194829
P0031,2025-05-01,0.3327360206723213,0.1919932984092043,-0.085235358601436
P0031,2025-06-01,0.1901575665593147,0.1448980682954243,-0.1488789909660816
P0031,2025-07-01,0.1606975363254547,0.1294097118862418,-0.1416989656746387
P0031,2025-08-01,0.1546583451986312,0.1253065029195825,-0.1375623535633087
P0031,2025-09-01,0.1453041249632835,0.1127975200885378,-0.1751149456739425
P0031,2025-10-01,0.1457419102072715,0.0959871803450825,-0.2220234610378742
P0031,2025-11-01,0.16081597635746,0.1076173967003151,-0.1876403726264834
P0031,2025-12-01,0.1639296829938888,0.1085859064264121,-0.1874004584625363
P0032,2025-01-01,0.3582007972002029,0.2518774574298782,-0.0172532742503477
P0032,2025-02-01,0.642697582411766,0.5031545563717849,0.2174415282531641
P0032,2025-03-01,0.6969310322523117,0.6146224816936761,0.3203039892198518
P0032,2025-04-01,0.613986834025383,0.4565129414242302,0.1885851385813905
P0032,2025-05-01,0.2223964858412742,0.142600393925779,-0.1872984931975603
P0032,2025-06-01,0.1923112922430038,0.1321684725865185,-0.2093623169004917
P0032,2025-07-01,0.1490031574249267,0.123692971720126,-0.1751919283986091
P0032,2025-08-01,0.1469075026631355,0.1208511041632105,-0.164790358865261
P0032,2025-09-01,0.1388670366764068,0.1125511445070663,-0.1828458217740058
P0032,2025-10-01,0.1498179849624633,0.1118650058499255,-0.1864170099318027
P0032,2025-11-01,0.1584768354535103,0.1132546234953921,-0.1697700127243995
P0032,2025-12-01,0.2636535652756691,0.1520562322542081,-0.0459092850013826
P0033,2025-01-01,0.3026077601909637,0.1483472652864939,-0.224997997495532
P0033,2025-02-01,0.50102258913517,0.3059303526441166,0.0418242751274257
P0033,2025-03-01,0.532440929889679,0.3779474334845311,0.132232623052923
P0033,2025-04-01,0.5037104315719658,0.4238880637651844,0.1620473844553711
P0033,2025-05-01,0.5010000854730606,0.3619666002936383,0.092610392986983
P0033,2025-06-01,0.3934868577003479,0.3003838946985763,0.0366000544590875
P0033,2025-07-01,0.3882700403451919,0.3098760247276965,0.0573617487762123
P0033,2025-08-01,0.2632549841880798,0.1952749066897723,-0.0872461258497089
P0033,2025-09-01,0.2172259550213813,0.1336145987044433,-0.1884421961605548
P0033,2025-10-01,0.1662940176367759,0.0877126742094559,-0.2784494906187058
P0033,2025-11-01,0.1935356873750686,0.0882620893248849,-0.2598665560603141
P0033,2025-12-01,0.2154076951026916,0.0955390861301796,-0.2267117178916931
P0034,2025-01-01,0.3053247430086135,0.1476532322179489,-0.2022131564393639
P0034,2025-02-01,0.7366679998397827,0.4445604790364418,0.2167147006448358
P0034,2025-03-01,0.8184688550949096,0.6782730231257443,0.4383688947796821
P0034,2025-04-01,0.8632923243522644,0.6959344427916759,0.4789363989591598
P0034,2025-05-01,0.3011045195102692,0.1822555360629265,-0.079321484548226
P0034,2025-06-01,0.2082948214054107,0.128226815049741,-0.1625382428441196
P0034,2025-07-01,0.158565521299839,0.11880520623937,-0.1397029710702598
P0034,2025-08-01,0.1519456265807151,0.116539033740854,-0.1250974127180874
P0034,2025-09-01,0.150468757879734,0.1055899939299321,-0.1870218030199408
P0034,2025-10-01,0.186217019701004,0.0907646712445694,-0.2912561297029257
P0034,2025-11-01,0.2023800264835357,0.0879316865261031,-0.2772991201531142
P0034,2025-12-01,0.2241114387035369,0.1004749089081993,-0.2310983599603176
P0035,2025-01-01,0.7083312573909759,0.5192387363659628,0.2257495140463113
P0035,2025-02-01,0.920653057384491,0.8576022326912321,0.5215611896514892
P0035,2025-03-01,0.8248484180450439,0.7839668456644842,0.4665108058214187
P0035,2025-04-01,0.7952398420810699,0.5683955906173723,0.3698604339122772
P0035,2025-05-01,0.1572426599740982,0.1111801865428945,-0.1957345577836036
P0035,2025-06-01,0.1703749662160873,0.1293761297751372,-0.1838786989688873
P0035,2025-07-01,0.1566761823296547,0.1236023744835524,-0.1758108941316604
P0035,2025-08-01,0.1554159563302993,0.1227205155971342,-0.1745589370965957
P0035,2025-09-01,0.1443734551668167,0.10784685288449,-0.1987419876098632
P0035,2025-10-01,0.155176015651226,0.0850300027683784,-0.2493530145406723
P0035,2025-11-01,0.1590109832882881,0.0851268485288785,-0.2460685527324676
P0035,2025-12-01,0.1764813663244247,0.0841818798030777,-0.2146277653455734
P0036,2025-01-01,0.3968384879350662,0.2742681816708164,-0.0314979850139468
P0036,2025-02-01,0.5770609457731247,0.4051250716791998,0.1354620438967365
P0036,2025-03-01,0.544483575963974,0.3979338592431997,0.1375336943825706
P0036,2025-04-01,0.4983180775403976,0.3292138252496609,0.0676610768560087
P0036,2025-05-01,0.2117301298856735,0.1277286357423541,-0.1852651476860046
P0036,2025-06-01,0.13996507999897,0.1084484575209613,-0.1887779345035553
P0036,2025-07-01,0.1189710252285003,0.0947734987085099,-0.1740426458120346
P0036,2025-08-01,0.1224559652090072,0.0945277534941238,-0.1774985708177089
P0036,2025-09-01,0.115303744494915,0.080382804418183,-0.2205338986933231
P0036,2025-10-01,0.1327979094266891,0.0786446063497058,-0.2467190157651901
P0036,2025-11-01,0.1531989702105522,0.0812196118971083,-0.2279310414373874
P0036,2025-12-01,0.1804760218501091,0.1093447538759684,-0.177243718509376
P0037,2025-01-01,0.3479811295032501,0.1715065334923945,-0.1389469424530863
P0037,2025-02-01,0.7107109488010407,0.4975507295422933,0.2988949575573206
P0037,2025-03-01,0.728407223367691,0.6055216141501872,0.3663640904217958
P0037,2025-04-01,0.665524412882328,0.4485764923189514,0.2731195197537541
P0037,2025-05-01,0.3861906012296676,0.2247158843648155,0.0043674241857428
P0037,2025-06-01,0.2700619851827621,0.1829014889109662,-0.0881200745921582
P0037,2025-07-01,0.2390186648845672,0.1832154468360146,-0.0695298900682479
P0037,2025-08-01,0.2471945174455642,0.1875160619105004,-0.0710256802815944
P0037,2025-09-01,0.2094696530103683,0.1353289334130776,-0.1692291343845427
P0037,2025-10-01,0.1966364426136017,0.0995583471462967,-0.2422364320360124
P0037,2025-11-01,0.2174551951885223,0.1042138782381423,-0.213214691422414
P0037,2025-12-01,0.238523920738697,0.1116591345616124,-0.2038189103804528
P0038,2025-01-01,0.311189741230011,0.1993041013866271,-0.1220110525238327
P0038,2025-02-01,0.578114515709877,0.4064454606021701,0.1294362036595121
P0038,2025-03-01,0.7366277404785156,0.6334382607399607,0.3604770908933133
P0038,2025-04-01,0.7348419902443886,0.5844720848578113,0.3573577375492081
P0038,2025-05-01,0.5387752858877182,0.3513835903107056,0.1448574592540971
P0038,2025-06-01,0.2468317912638187,0.1732870448635141,-0.1141792772889603
P0038,2025-07-01,0.17946206163764,0.1414010317435915,-0.1268108328938484
P0038,2025-08-01,0.1806642163932323,0.1402017124033359,-0.1127406647328287
P0038,2025-09-01,0.167347035524249,0.1205559518105171,-0.1835935700148344
P0038,2025-10-01,0.2110791484802961,0.1288781912471676,-0.1852839082546532
P0038,2025-11-01,0.2512615614503622,0.1532371165699532,-0.1621940481890924
P0038,2025-12-01,0.2915673413813114,0.1714072847508516,-0.1356948808176443
P0039,2025-01-01,0.1933612092554569,0.1365936684495118,-0.1086253697803244
P0039,2025-02-01,0.5170941827297211,0.3779908740299701,0.0992929092752048
P0039,2025-03-01,0.6061573927164078,0.4823572186361853,0.1837506041219458
P0039,2025-04-01,0.4715566156625748,0.35907268950234,0.0679707576533779
P0039,2025-05-01,0.3389997991800308,0.2415482802901955,-0.0326874543595171
P0039,2025-06-01,0.2192568669915199,0.1636681017661735,-0.1254657609753776
P0039,2025-07-01,0.1520835943102836,0.1232928981249471,-0.130333397847414
P0039,2025-08-01,0.1444374560475349,0.116446324316873,-0.1258178281683474
P0039,2025-09-01,0.132574553835392,0.1056210012157981,-0.1457912315061316
P0039,2025-10-01,0.1269755283653736,0.0974443791678774,-0.1360578566233627
P0039,2025-11-01,0.1487308226108551,0.1094135584699809,-0.1166126486118882
P0039,2025-12-01,0.1843207104086875,0.1093507071798356,-0.1435679214698728
P0040,2025-01-01,0.3887087681293487,0.2772770831834522,-0.0631087326895678
P0040,2025-02-01,0.7401305541038513,0.552704895841164,0.3198061694793403
P0040,2025-03-01,0.8027486323356628,0.6601364118272247,0.4719860843658447
P0040,2025-04-01,0.8282434905052185,0.7087486942634601,0.5135824506282807
P0040,2025-05-01,0.5870259860992432,0.3848447833221702,0.1958655786238611
P0040,2025-06-01,0.235462480688095,0.1769930532698307,-0.0664773984036408
P0040,2025-07-01,0.1762016828417778,0.1391593955423659,-0.1021772755898535
P0040,2025-08-01,0.1622222564697265,0.1265826052055966,-0.1144978825688362
P0040,2025-09-01,0.1554549397468567,0.1155640970588901,-0.143669453023374
P0040,2025-10-01,0.1741198622107505,0.0785378612905289,-0.2956393127426505
P0040,2025-11-01,0.2085411444664001,0.0947839165741506,-0.2361782353274524
P0040,2025-12-01,0.1860057899355888,0.0990085635651913,-0.2143638808149844
P0041,2025-01-01,0.4125952811717987,0.2160185961386677,-0.1825489680351689
P0041,2025-02-01,0.7599349008083344,0.5153377556153576,0.2684387172581278
P0041,2025-03-01,0.7335107643127441,0.6498309746771763,0.4196624987185001
P0041,2025-04-01,0.837086776638031,0.5316098441535185,0.5547627402544022
P0041,2025-05-01,0.5281604075670242,0.3901482356333841,0.1527224741303361
P0041,2025-06-01,0.2321283353805542,0.1653400826169833,-0.0754445913834497
P0041,2025-07-01,0.1630558174848556,0.1215137221314701,-0.1339773297443986
P0041,2025-08-01,0.1605794211864471,0.1176178303315822,-0.139918443728052
P0041,2025-09-01,0.1659895808458328,0.0966553775589213,-0.2634662680149078
P0041,2025-10-01,0.203198369026184,0.0826543678255693,-0.3760639449834823
P0041,2025-11-01,0.2604362144470215,0.0941621798908937,-0.3363393174767494
P0041,2025-12-01,0.2559012426614761,0.090220875687195,-0.2921890933930874
P0042,2025-01-01,0.2611257121443748,0.2563598733255222,-0.0291851378221064
P0042,2025-02-01,0.502379532790184,0.4261398169613541,0.1531029194528935
P0042,2025-03-01,0.5566710766077042,0.5010833896866785,0.2157125816307962
P0042,2025-04-01,0.5782702850103378,0.4861917458649979,0.2226659034300595
P0042,2025-05-01,0.4104237916469574,0.3118369596381008,0.0550891922569193
P0042,2025-06-01,0.1841199560046196,0.165860555760674,-0.1231077738463878
P0042,2025-07-01,0.1599844574213028,0.1473015647909784,-0.1215281074881553
P0042,2025-08-01,0.1457975284457206,0.1390971700572605,-0.1076249519050121
P0042,2025-09-01,0.1448409012556076,0.1361457521149309,-0.1410797403216362
P0042,2025-10-01,0.2089035355091095,0.1846591249808496,-0.1022546660308726
P0042,2025-11-01,0.2042412534236908,0.1744328671199772,-0.1026572584359906
P0042,2025-12-01,0.2429054223299026,0.1979387981322613,-0.0651470736369956
P0043,2025-01-01,0.4096527284383773,0.2217443787339506,-0.1037001687856391
P0043,2025-02-01,0.8101595936775208,0.5505242610125993,0.33588575527668
P0043,2025-03-01,0.8608583117485047,0.7193836086366457,0.4558441178798675
P0043,2025-04-01,0.8011410546302795,0.5648443095198135,0.3692959583044052
P0043,2025-05-01,0.3835461329221725,0.1944493251517028,-0.0386261944434838
P0043,2025-06-01,0.1837068187236785,0.1182363786502227,-0.1630663056254387
P0043,2025-07-01,0.1425952446103096,0.1078768269323347,-0.1540985127329826
P0043,2025-08-01,0.1364843493103981,0.1012333316913693,-0.141478421652317
P0043,2025-09-01,0.133793246114254,0.0845565662030197,-0.2179010599613189
P0043,2025-10-01,0.1673428773403167,0.0798580298605707,-0.2890763609409332
P0043,2025-11-01,0.1775686928510665,0.0742716547845666,-0.2897256313562393
P0043,2025-12-01,0.1798808210372924,0.0766382227705675,-0.2921802381396293
P0044,2025-01-01,0.5450163351535797,0.2724556323061721,0.024955510399118
P0044,2025-02-01,0.7455183742046356,0.4352542513121388,0.2599222379194572
P0044,2025-03-01,0.7098807946205139,0.5117998983284969,0.3019187422797084
P0044,2025-04-01,0.7304623055916566,0.5262489125598265,0.3388174487913672
P0044,2025-05-01,0.5487082919120788,0.3134738844293438,0.0970930926633067
P0044,2025-06-01,0.3353385570764541,0.1971234955031418,-0.0436427774897078
P0044,2025-07-01,0.2791602637290954,0.1752371157977094,-0.068605252805585
P0044,2025-08-01,0.2923600327014923,0.1724909678385222,-0.0661408982371678
P0044,2025-09-01,0.30583573731184,0.1591572708129636,-0.1176948376944172
P0044,2025-10-01,0.3452331683635711,0.1442703360982188,-0.1295848487401614
P0044,2025-11-01,0.394181450855732,0.1587274216116743,-0.0963488451621262
P0044,2025-12-01,0.4232133091688156,0.1712823017865445,-0.0924996171141043
P0045,2025-01-01,0.2357887035965919,0.1477182894605053,-0.1482289451997727
P0045,2025-02-01,0.5721729378938675,0.3883292654357909,0.151185506282933
P0045,2025-03-01,0.7379688925981521,0.6335810036560188,0.3322145319193602
P0045,2025-04-01,0.6328221364021301,0.4784624471642328,0.2163548743326216
P0045,2025-05-01,0.2587254580497741,0.1543560105085682,-0.122862882018648
P0045,2025-06-01,0.1968734886169433,0.1399275809618063,-0.1728031546764075
P0045,2025-07-01,0.1484892560839653,0.1160685843991993,-0.1575234933521598
P0045,2025-08-01,0.1392343373775482,0.1055218902363975,-0.1603780650828033
P0045,2025-09-01,0.1352918766021728,0.0963956443041208,-0.1901136289387941
P0045,2025-10-01,0.1481819969892502,0.1014155644007852,-0.2034265490768477
P0045,2025-11-01,0.1691809687852859,0.1182518663694248,-0.1644546391127631
P0045,2025-12-01,0.3175300533533096,0.2157559616353715,-0.05544699389023
P0046,2025-01-01,0.3063387178659439,0.0680968885536826,0.0904550938813015
P0046,2025-02-01,0.5483860280275344,0.3805981758078814,0.1103778413536027
P0046,2025-03-01,0.7532256546974182,0.6493134896023673,0.3619619849681854
P0046,2025-04-01,0.8685525813341141,0.7051705622038033,0.4922176541090011
P0046,2025-05-01,0.7169982987880706,0.4987067534327157,0.3244121651470661
P0046,2025-06-01,0.2306600452184677,0.1618860380428768,-0.0604775115698575
P0046,2025-07-01,0.1638949740290641,0.1315560742706165,-0.0957307954072952
P0046,2025-08-01,0.148690234619379,0.1222845079622191,-0.082147507610917
P0046,2025-09-01,0.1442062855303287,0.1084617010514804,-0.1910734610125422
P0046,2025-10-01,0.1704452543616295,0.102722473784066,-0.2188060682550072
P0046,2025-11-01,0.1837787625670433,0.1197694109286651,-0.185801226709038
P0046,2025-12-01,0.2506974349737167,0.1470894815694597,-0.1701420113465748
P0047,2025-01-01,0.2871111089944839,0.1802899239989008,-0.1599450236685574
P0047,2025-02-01,0.6279346856594086,0.4510804514613337,0.1605341141670942
P0047,2025-03-01,0.7983375051021576,0.6900972264230824,0.3899720612451434
P0047,2025-04-01,0.7450573832511902,0.575109352626285,0.3206581957776099
P0047,2025-05-01,0.2258918221831321,0.1443797528883174,-0.1522747195914387
P0047,2025-06-01,0.1659061084508896,0.1158615122602254,-0.1667050191700458
P0047,2025-07-01,0.1489230685710907,0.1127540565624762,-0.1570944679558277
P0047,2025-08-01,0.1485603152394294,0.115830015905831,-0.1607084502756595
P0047,2025-09-01,0.1551395398139953,0.1139217704295198,-0.1886776396155357
P0047,2025-10-01,0.1808290567040443,0.1012179973555572,-0.2484882687211036
P0047,2025-11-01,0.1912923149466514,0.1074510267546125,-0.238685166311264
P0047,2025-12-01,0.2508604695558548,0.1444908966496942,-0.1941182088851928
P0048,2025-01-01,0.3234435532808304,0.1858153526880571,-0.104596602898091
P0048,2025-02-01,0.5197757628917694,0.320941881846997,0.0838286483282223
P0048,2025-03-01,0.6170492896080018,0.4780527933677262,0.2230795366747305
P0048,2025-04-01,0.5031255147457123,0.3500916483352516,0.0895650452560279
P0048,2025-05-01,0.3851513846635818,0.2420210710239189,-0.040364828121263
P0048,2025-06-01,0.2633528355598449,0.1887379625772299,-0.112011412577331
P0048,2025-07-01,0.1919741997361183,0.1382370862426131,-0.1536337937235832
P0048,2025-08-01,0.1857125583529472,0.1335132272611353,-0.1516182948172092
P0048,2025-09-01,0.1861001587986946,0.1265810636656275,-0.1569687549352645
P0048,2025-10-01,0.2128654686331749,0.129822047993043,-0.1786273255169391
P0048,2025-11-01,0.2449128556609153,0.1368764497153543,-0.1484226890154183
P0048,2025-12-01,0.2960969637155533,0.1511467087127879,-0.0715412689290242
P0049,2025-01-01,0.5494970723628998,0.4145834573431872,0.1321800994557561
P0049,2025-02-01,0.7904924003124237,0.658589234300371,0.3773033425450325
P0049,2025-03-01,0.683709772825241,0.590761362542129,0.2926245195865631
P0049,2025-04-01,0.6040302224159241,0.4219550011127625,0.1656669898936292
P0049,2025-05-01,0.2223525921344757,0.1366619574826983,-0.1929676149964332
P0049,2025-06-01,0.1800167911052703,0.1292884631415428,-0.1996744342088699
P0049,2025-07-01,0.146803063750267,0.1179050587476849,-0.1725829711794853
P0049,2025-08-01,0.1478312963962555,0.1174725991240402,-0.1642277008652687
P0049,2025-09-01,0.1404182451963424,0.1081989660907866,-0.1818225219845771
P0049,2025-10-01,0.1501588939905166,0.1055351276603756,-0.2029160175800323
P0049,2025-11-01,0.1611150143146515,0.1077357457596904,-0.1846791186451911
P0049,2025-12-01,0.2000350721597671,0.1184605657471838,-0.1499929996192455
P0050,2025-01-01,0.4060126185894012,0.2582979465823383,-0.0875770052585886
P0050,2025-02-01,0.5864609461784362,0.4379536848610959,0.1312435362150892
P0050,2025-03-01,0.5989856650829315,0.4641436926452504,0.1668743342020548
P0050,2025-04-01,0.6672282594680786,0.5535694404989128,0.2431613073594868
P0050,2025-05-01,0.5321367256641388,0.4002804414487481,0.0864275566754862
P0050,2025-06-01,0.2552112980604172,0.17483817943214,-0.1408180164455203
P0050,2025-07-01,0.2029322805047035,0.1436738809953912,-0.1694493043076247
P0050,2025-08-01,0.174541446518898,0.1122754122831651,-0.2156377487063407
P0050,2025-09-01,0.1844331703782081,0.1142487841649163,-0.2410142113089561
P0050,2025-10-01,0.2143258925676346,0.1110969393732361,-0.2799143332242966
P0050,2025-11-01,0.237211302280426,0.1176162180881387,-0.256057710802555
P0050,2025-12-01,0.4080340279102325,0.2168524636363743,-0.128532767221413
P0051,2025-01-01,0.4903778130292892,0.2599320910698037,-0.122608213893976
P0051,2025-02-01,0.7657682817220688,0.5698872186211315,0.2874859997987747
P0051,2025-03-01,0.7816815120220184,0.6700442882146204,0.3966916152894497
P0051,2025-04-01,0.8331695721626282,0.7381458710509184,0.4656471487164497
P0051,2025-05-01,0.4813421668291092,0.3324709561522766,0.0754506990314927
P0051,2025-06-01,0.2376888036966324,0.1695746855284169,-0.071167159025371
P0051,2025-07-01,0.1610191027879715,0.1319623103010727,-0.1041224304467439
P0051,2025-08-01,0.162990608882904,0.1269963032043617,-0.1165492812395095
P0051,2025-09-01,0.1598657249212265,0.1026715360245882,-0.2226711155891418
P0051,2025-10-01,0.2050009327173233,0.0713588800146204,-0.3814059029102325
P0051,2025-11-01,0.2242613500356674,0.0770666665258649,-0.3575482486128807
P0051,2025-12-01,0.2402971621751785,0.0826518023553473,-0.3300616828680038
P0052,2025-01-01,0.4675070057630539,0.2524314524143026,-0.1056361125087365
P0052,2025-02-01,0.8545289625167847,0.6134767578893211,0.3605642251551151
P0052,2025-03-01,0.8482570952415466,0.7038980306073076,0.4792734195709228
P0052,2025-04-01,0.8260481925964356,0.6638611778376158,0.4329731863498687
P0052,2025-05-01,0.2973352731227874,0.1728963370428597,0.0013642723489319
P0052,2025-06-01,0.1654108348608017,0.1212477743238303,-0.1167436511456966
P0052,2025-07-01,0.141434898686409,0.1154562057229752,-0.1458728388547897
P0052,2025-08-01,0.1408711733460426,0.1134755569615494,-0.1453406594634056
P0052,2025-09-01,0.1461343007564544,0.1031654100380578,-0.2379323225736618
P0052,2025-10-01,0.1952913936376571,0.0865132745518699,-0.3380672934532165
P0052,2025-11-01,0.21114428088665,0.0984040370018909,-0.3045388790279627
P0052,2025-12-01,0.2807627036809921,0.1245356882802501,-0.2686862973362207
P0053,2025-01-01,0.2831314591646194,0.1782501465234805,-0.1700684274706989
P0053,2025-02-01,0.5630423007011414,0.3655578873397239,0.0829997039946851
P0053,2025-03-01,0.7981583053588868,0.649550741417046,0.3860419701576233
P0053,2025-04-01,0.8747688270568847,0.715586848570779,0.4908966901779175
P0053,2025-05-01,0.7477822374343872,0.5254355389188405,0.3516527471065521
P0053,2025-06-01,0.2625832595348358,0.1789931968330633,-0.0297622399887768
P0053,2025-07-01,0.2038471343040466,0.1458566093103765,-0.0753393335187807
P0053,2025-08-01,0.1670802855014801,0.1351324980116045,-0.0822999470849521
P0053,2025-09-01,0.1529021732926368,0.1139366469638544,-0.1856322956323623
P0053,2025-10-01,0.1734528896868229,0.0949530247000565,-0.272780036509037
P0053,2025-11-01,0.190305264210701,0.1011221055265993,-0.2330003930926323
P0053,2025-12-01,0.2113521792769432,0.094670276152549,-0.271820006608963
P0054,2025-01-01,0.6030069747924804,0.3858813043512469,0.1236752791348844
P0054,2025-02-01,0.857055839586258,0.6932174125072126,0.428218924498558
P0054,2025-03-01,0.8323000769615173,0.7459612162359966,0.4566924763202667
P0054,2025-04-01,0.6445319525718689,0.4344252073234858,0.2115354655414819
P0054,2025-05-01,0.192055986380577,0.1151204711687559,-0.1610784153148532
P0054,2025-06-01,0.1538125388741493,0.1179523951216035,-0.1583563059568405
P0054,2025-07-01,0.1301035686492919,0.1050304716306157,-0.154714880824089
P0054,2025-08-01,0.1336792269587516,0.1021210623767856,-0.1673489619553089
P0054,2025-09-01,0.1376611995697021,0.0961656251274361,-0.1953479012966156
P0054,2025-10-01,0.1645484125137329,0.0958353585454735,-0.2487277080535888
P0054,2025-11-01,0.1822974691748619,0.0967981991352503,-0.2420631516873836
P0054,2025-12-01,0.3436776314496994,0.1933406393554153,-0.076245147684717
P0055,2025-01-01,0.443639979147911,0.2495569245941875,-0.07601529775520324
P0055,2025-02-01,0.6638329122066498,0.4109158714458642,0.152559370566206
P0055,2025-03-01,0.7711550923824311,0.615583685793185,0.3648186070173979
P0055,2025-04-01,0.79517619805336,0.5879812883370517,0.3836539210051298
P0055,2025-05-01,0.548876478767395,0.35641747019464,0.1641847458504118
P0055,2025-06-01,0.2778446443796157,0.1897619827060284,-0.0107634689362254
P0055,2025-07-01,0.1715650331735611,0.1285978553981759,-0.1002938564240932
P0055,2025-08-01,0.1573996174335479,0.1178172853001103,-0.1178768495272845
P0055,2025-09-01,0.1533826151967048,0.1011939355895554,-0.1842695464849472
P0055,2025-10-01,0.1537414409041404,0.0708911661997458,-0.3123688371419906
P0055,2025-11-01,0.1954026100873947,0.0771010388599326,-0.2869322683811188
P0055,2025-12-01,0.1632487900495529,0.0990057796893415,-0.2032695025384426
P0056,2025-01-01,0.1798563784122467,0.1131515229356113,-0.1930867766493
P0056,2025-02-01,0.500534623003006,0.3490558682601782,0.0810849931884557
P0056,2025-03-01,0.7386659586906433,0.6163502869266687,0.3643137586355209
P0056,2025-04-01,0.7903494823932647,0.6094188151082444,0.4392146028757095
P0056,2025-05-01,0.4255207316637039,0.2396461129344265,0.0225695478281937
P0056,2025-06-01,0.2103982720375061,0.1357269920462542,-0.1512314302265644
P0056,2025-07-01,0.1713166389942169,0.1237277631659388,-0.1391528142392635
P0056,2025-08-01,0.1462595686078071,0.1194788787789332,-0.1226036263644695
P0056,2025-09-01,0.1321922366976738,0.1009967903966495,-0.1964073503136635
P0056,2025-10-01,0.111858530652523,0.0733354198612114,-0.2424329020857811
P0056,2025-11-01,0.1401817658543586,0.0743932743243785,-0.2410153265535831
P0056,2025-12-01,0.1854257532358169,0.0909696912810528,-0.2179943296335637
P0057,2025-01-01,0.2311664728164673,0.1445788503682613,-0.1481540210232138
P0057,2025-02-01,0.3719398570179939,0.2633961419502567,-0.0155665124795166
P0057,2025-03-01,0.5457028715133667,0.4569229794529389,0.1836600102579221
P0057,2025-04-01,0.5024271444439888,0.380793008499927,0.1153773632035802
P0057,2025-05-01,0.2644824086308479,0.2076777895876787,-0.0911179657098837
P0057,2025-06-01,0.2477376233577728,0.1956095763908626,-0.1101843765411526
P0057,2025-07-01,0.1974240132451057,0.1620419259743133,-0.1205120382450288
P0057,2025-08-01,0.1693408343195915,0.1306291035757199,-0.144346063686721
P0057,2025-09-01,0.1686884305000305,0.1206760960880961,-0.1612989553213119
P0057,2025-10-01,0.2220803567409515,0.1544614213280851,-0.1472917648762464
P0057,2025-11-01,0.2300464057445526,0.148494271894715,-0.137135986218322
P0057,2025-12-01,0.2851064037799835,0.1705014395120306,-0.0623598289245739
P0058,2025-01-01,0.2262954476237297,0.1368242739031969,-0.1323518554477952
P0058,2025-02-01,0.5438065548658371,0.4031713404517305,0.1422724274139385
P0058,2025-03-01,0.6974979518413543,0.5725844937529407,0.2753816528379917
P0058,2025-04-01,0.4354688626289367,0.2952800511884316,0.0344904922813642
P0058,2025-05-01,0.2197132507562637,0.1347595441163152,-0.1572715830877423
P0058,2025-06-01,0.1646118628621101,0.1175059809866382,-0.1726354616641998
P0058,2025-07-01,0.1253390990853309,0.101667682241759,-0.1576640567064285
P0058,2025-08-01,0.1284078577041626,0.1027172127246573,-0.1591103211760521
P0058,2025-09-01,0.1190870690822601,0.0910471337257895,-0.1828289727807045
P0058,2025-10-01,0.1178293297171592,0.0822746108957939,-0.201205484354496
P0058,2025-11-01,0.1288917744994163,0.0817557197652826,-0.2009097648620605
P0058,2025-12-01,0.1393384687423706,0.0812905602580263,-0.2027512107312679
P0059,2025-01-01,0.2985511345028877,0.1921097446954154,-0.0863662896616384
P0059,2025-02-01,0.546876538848877,0.3843475126065684,0.1155667935658246
P0059,2025-03-01,0.7100140476226806,0.631327266925141,0.3160510673880577
P0059,2025-04-01,0.5818851694583893,0.4321590490246395,0.1552209600072237
P0059,2025-05-01,0.2739126266479492,0.1700347941216258,-0.146906256121397
P0059,2025-06-01,0.1735422865033149,0.1257637038619362,-0.1788654842376709
P0059,2025-07-01,0.1312046996951103,0.1037839112499987,-0.1679237821578979
P0059,2025-08-01,0.1359423984885215,0.1059954047247532,-0.1658251080036163
P0059,2025-09-01,0.1311317034482955,0.1010396661781794,-0.1838780442953109
P0059,2025-10-01,0.1720947335481643,0.1098047071998967,-0.2144714043021202
P0059,2025-11-01,0.1693327118396759,0.0985699285772819,-0.2165989844202995
P0059,2025-12-01,0.1897252768993377,0.0976991741101626,-0.1856294105231762
P0060,2025-01-01,0.44405663795471195,0.325402020548455,0.04974998929044236
P0060,2025-02-01,0.665115886592865,0.4903569955914581,0.2411887583469972
P0060,2025-03-01,0.7758581399917602,0.6333904332209433,0.4118012431204319
P0060,2025-04-01,0.7945936293513687,0.3918453202422452,0.4529534385160164
P0060,2025-05-01,0.6880876941680908,0.4498497250311687,0.2315837751246988
P0060,2025-06-01,0.2425852296829223,0.175556801843271,-0.0755109879409894
P0060,2025-07-01,0.1742956162571907,0.1325609862471415,-0.1084513121629133
P0060,2025-08-01,0.1507405807733536,0.1195968483693009,-0.1285513375669718
P0060,2025-09-01,0.1429467595100403,0.1047829098066988,-0.178237988448143
P0060,2025-10-01,0.1568227534174919,0.0837194633151766,-0.2699049069166183
P0060,2025-11-01,0.1893238814353942,0.0911526476416888,-0.221623840278387
P0060,2025-12-01,0.1831568501830101,0.0890005834233705,-0.2552140349924564
P0061,2025-01-01,0.6113240156769753,0.4428382590679547,0.18677531630345623
P0061,2025-02-01,0.7891919793605805,0.6196523694848601,0.3860533058539033
P0061,2025-03-01,0.7863956654548645,0.7409689520079452,0.4470039064407348
P0061,2025-04-01,0.8240223914146423,0.7106475548480818,0.4623297687768936
P0061,2025-05-01,0.6850688016414642,0.5191690626465862,0.2958045493416488
P0061,2025-06-01,0.2797110973238945,0.2120857570520226,-0.0262880659428657
P0061,2025-07-01,0.2025298728346824,0.1530266979730664,-0.0882607864273712
P0061,2025-08-01,0.1740248365044593,0.1365496364235173,-0.0989397847801446
P0061,2025-09-01,0.1624682481408119,0.1214295483884358,-0.1387938174113631
P0061,2025-10-01,0.1759727739691734,0.0841356859224267,-0.2715536888211965
P0061,2025-11-01,0.2200210986852646,0.0979294383000151,-0.2273344838887453
P0061,2025-12-01,0.2489019601106643,0.109901137618019,-0.2081181537112686
P0062,2025-01-01,0.4247153271913528,0.251806574819377,-0.0940678985990118
P0062,2025-02-01,0.7297605387449264,0.4945770057437276,0.2392762724599801
P0062,2025-03-01,0.7785396969795227,0.6573823151131449,0.3895465059495531
P0062,2025-04-01,0.8235527745246887,0.7001051903767666,0.4405120773136616
P0062,2025-05-01,0.5744655454158782,0.3868627301182468,0.1534706601630896
P0062,2025-06-01,0.2806498996973037,0.1934725920829748,-0.0886786319694947
P0062,2025-07-01,0.1993620099544525,0.1530769631594635,-0.1165403236780315
P0062,2025-08-01,0.1954993669748306,0.1473722322286403,-0.1258816434159874
P0062,2025-09-01,0.1934558000564575,0.1366308216769996,-0.1709198936872184
P0062,2025-10-01,0.2167980551838874,0.1043749595287463,-0.2950704217422754
P0062,2025-11-01,0.2406706749200821,0.1092791348564841,-0.2780421377666294
P0062,2025-12-01,0.2572939945697784,0.1174311984493855,-0.2679205394219607
P0063,2025-01-01,0.3464238509893417,0.2452510351163369,0.1110513436888344
P0063,2025-02-01,0.6062045504570007,0.3021926897652918,0.1052109918763861
P0063,2025-03-01,0.7099078763484955,0.5033402929470576,0.3010454067202285
P0063,2025-04-01,0.8356122890034238,0.628415360126809,0.450062700512954
P0063,2025-05-01,0.6673298183918,0.4705483046649563,0.2795704956591129
P0063,2025-06-01,0.3576259565830231,0.2534236410227129,0.0344161680503486
P0063,2025-07-01,0.2196131373524665,0.1522013822746674,-0.0962359330106526
P0063,2025-08-01,0.1631690677881241,0.1168501322037746,-0.1267563961565494
P0063,2025-09-01,0.1547209304928779,0.0835459692702996,-0.262029509305954
P0063,2025-10-01,0.1958298924684524,0.0638081283530981,-0.3565151775360107
P0063,2025-11-01,0.2317564408302307,0.0700004082840461,-0.3043084118962288
P0063,2025-12-01,0.2389473829746246,0.0804031550350363,-0.3076575041294098
P0064,2025-01-01,0.3746387607693672,0.2527533204294497,-0.1033270843068137
P0064,2025-02-01,0.704880531334877,0.4636822025596879,0.2296029416266828
P0064,2025-03-01,0.7825928569555283,0.6416390900221384,0.4184552872102707
P0064,2025-04-01,0.8554381462097168,0.7030776773738898,0.4663169775247573
P0064,2025-05-01,0.619516130065918,0.3909273499821195,0.1572585718745365
P0064,2025-06-01,0.285705558180809,0.1862919860276271,-0.068513720681821
P0064,2025-07-01,0.2188553124904632,0.1522601849665391,-0.1204977306349203
P0064,2025-08-01,0.1812169805765152,0.1336658274070408,-0.1341243751108646
P0064,2025-09-01,0.1596777928829193,0.113490000547204,-0.1811386415362358
P0064,2025-10-01,0.1741373856425285,0.0788581003197659,-0.3053450056076049
P0064,2025-11-01,0.2054182712435722,0.0971729379330375,-0.2480324591994285
P0064,2025-12-01,0.204882764840126,0.0899297166762418,-0.276483108715713
P0065,2025-01-01,0.6103598218917846,0.4544049340823708,0.176137996425596
P0065,2025-02-01,0.6548482587575912,0.5057699096952711,0.2554132572959177
P0065,2025-03-01,0.5168746547698975,0.4117596849441283,0.145534733694978
P0065,2025-04-01,0.4053119556427002,0.294705187821677,-0.0035794989533256
P0065,2025-05-01,0.2692286895036697,0.2010297665862312,-0.1184487464934587
P0065,2025-06-01,0.1802602882862091,0.1377295719768949,-0.1792924397349357
P0065,2025-07-01,0.1520585620403289,0.1165321967714157,-0.1858305077791214
P0065,2025-08-01,0.1530155640959739,0.1168575922514662,-0.1840287647247314
P0065,2025-09-01,0.15353745367527,0.1118007673285363,-0.194494273674488
P0065,2025-10-01,0.1887536565303802,0.1285970482995307,-0.1862149135500192
P0065,2025-11-01,0.2000971675515175,0.1315620722955996,-0.1711066503394395
P0065,2025-12-01,0.2702935692071914,0.1545446425991487,-0.0954512841518502
P0066,2025-01-01,0.3889148277044296,0.1952959767134605,-0.1962786405773833
P0066,2025-02-01,0.740240791273117,0.4653354710268939,0.2252709778983146
P0066,2025-03-01,0.7861878338813781,0.6277524201085898,0.393003406551294
P0066,2025-04-01,0.8651125259236326,0.4347290270897722,0.5589235694866616
P0066,2025-05-01,0.6149658753395081,0.4493720038816394,0.2458014085853472
P0066,2025-06-01,0.2954895764112472,0.2107652119353719,-0.0247780915324576
P0066,2025-07-01,0.2088620560407638,0.1592931653300232,-0.0802414287557373
P0066,2025-08-01,0.1850243250846862,0.1434579422990183,-0.1023622469171881
P0066,2025-09-01,0.1685133647441864,0.1143607313030708,-0.1805646100804209
P0066,2025-10-01,0.2061177618026733,0.0755106689812656,-0.3565525452882051
P0066,2025-11-01,0.2410816464662551,0.087907674906354,-0.3325860779851675
P0066,2025-12-01,0.2311091509699821,0.0832307315860428,-0.3418623228775337
P0067,2025-01-01,0.3628549882292747,0.2442278508545787,-0.0654976091522723
P0067,2025-02-01,0.6567301800012588,0.4802761949092294,0.2452116867015138
P0067,2025-03-01,0.7686770086288452,0.6449437645553389,0.3983309605943039
P0067,2025-04-01,0.8150406054496765,0.6983030943672275,0.4595201524138451
P0067,2025-05-01,0.6240712182998657,0.412432859989395,0.2264156090985983
P0067,2025-06-01,0.3038289644002914,0.2026354697438554,-0.0684841916067991
P0067,2025-07-01,0.2231952531099319,0.1600003762347298,-0.0986026955511421
P0067,2025-08-01,0.196865310382843,0.1451532402891727,-0.1065694636955857
P0067,2025-09-01,0.1828203515291214,0.124802895080133,-0.1703421148657798
P0067,2025-10-01,0.1966350664138794,0.1131994783620352,-0.2126882788330316
P0067,2025-11-01,0.2183425769925117,0.1159206211438749,-0.1976928618790581
P0067,2025-12-01,0.2731449742794037,0.1484562002759951,-0.1791245434835553
P0068,2025-01-01,0.3928392543554306,0.1752566671445954,-0.0970084181385114
P0068,2025-02-01,0.5696274209752679,0.3299219657779754,0.1121244749250821
P0068,2025-03-01,0.6808583883762359,0.4800751542924649,0.245991623707649
P0068,2025-04-01,0.6986939939886332,0.54749693498137,0.4462518425524234
P0068,2025-05-01,0.6060750160694123,0.3937423667730174,0.2295878704781501
P0068,2025-06-01,0.4534654263734817,0.3079991203147518,0.0486318854888901
P0068,2025-07-01,0.428791981101036,0.2963516224112754,0.0336413200482726
P0068,2025-08-01,0.4341861442327499,0.2832207532217949,0.0229488849699497
P0068,2025-09-01,0.3984547965526581,0.2219677804049789,-0.0679168377224355
P0068,2025-10-01,0.3654386299371719,0.1628125163558983,-0.125541149402922
P0068,2025-11-01,0.378596775496006,0.1546148574043461,-0.1136822072794272
P0068,2025-12-01,0.3739461981058121,0.1527113472372136,-0.1331119585207256
P0069,2025-01-01,0.4772409233808517,0.3303684719936963,0.0454969165479764
P0069,2025-02-01,0.7135898556709289,0.545796430332195,0.2933114571429789
P0069,2025-03-01,0.72894349360466,0.6432376252511319,0.3725607169866562
P0069,2025-04-01,0.7662617654323578,0.5813662035725233,0.3602410637617111
P0069,2025-05-01,0.2332489518523216,0.1494023845903706,-0.1330016586370766
P0069,2025-06-01,0.1915847793936729,0.1385656238969239,-0.1544883876472711
P0069,2025-07-01,0.1526256479859352,0.1216112426500943,-0.1515672133296728
P0069,2025-08-01,0.1367502777814865,0.1040076118386678,-0.1676360861718654
P0069,2025-09-01,0.1266158969283104,0.0899525114031963,-0.2047074691176414
P0069,2025-10-01,0.1791261637687683,0.1245989875102584,-0.1882167769882828
P0069,2025-11-01,0.2090766209959983,0.1367256482597361,-0.1665505966134369
P0069,2025-12-01,0.2165153415083885,0.1326984001682291,-0.1537413371387869
P0070,2025-01-01,0.5867706606388092,0.3465920325737171,0.0454460572120267
P0070,2025-02-01,0.8430313675403595,0.6189723097527374,0.3546883085846901
P0070,2025-03-01,0.7853011577606201,0.6579320933527835,0.3651373707771301
P0070,2025-04-01,0.416636112499237,0.252288212653576,0.0041635022987844
P0070,2025-05-01,0.2887182420969009,0.147761064886833,-0.156677547134459
P0070,2025-06-01,0.2169205482959747,0.1349910240496645,-0.1727537202596664
P0070,2025-07-01,0.1562280157089233,0.1180839503614274,-0.1735334808349609
P0070,2025-08-01,0.1491215305805206,0.1142058505954531,-0.1647606377959251
P0070,2025-09-01,0.1449485050916671,0.1008403780497672,-0.2091832494735717
P0070,2025-10-01,0.1645631009101867,0.0898563464569226,-0.2780574277877807
P0070,2025-11-01,0.1867050744056701,0.0917822420588246,-0.2810130522251129
P0070,2025-12-01,0.1946347603321075,0.0856916545130071,-0.251226518201828
P0071,2025-01-01,0.3291784938335418,0.2117847587088263,-0.0142712761964648
P0071,2025-02-01,0.4737528596401215,0.3087206590264486,0.1262795908544045
P0071,2025-03-01,0.5382050847053528,0.4158706107869939,0.2237617508232593
P0071,2025-04-01,0.5147960538387298,0.3718471345815167,0.1671656055036001
P0071,2025-05-01,0.3788196751356125,0.2476822624943006,0.0290665598903782
P0071,2025-06-01,0.2222690301299095,0.1592014342279721,-0.0850237766436534
P0071,2025-07-01,0.1826684516072273,0.1310259164063117,-0.1064075153201818
P0071,2025-08-01,0.1801094081401825,0.1263548370957851,-0.1051008823312819
P0071,2025-09-01,0.1746673027396202,0.1181853692439815,-0.1200842331007123
P0071,2025-10-01,0.1818435460448265,0.1113980110025297,-0.127650382977724
P0071,2025-11-01,0.2175079829335212,0.1233710290841229,-0.0966008700622245
P0071,2025-12-01,0.2511054309010506,0.1413324436481605,-0.0819781851538457
P0072,2025-01-01,0.241492484331131,0.1776813300052245,-0.0421340899804723
P0072,2025-02-01,0.5300602760791778,0.4237324657094953,0.1681027916938715
P0072,2025-03-01,0.7480865414619445,0.6657715808396991,0.3631589096784591
P0072,2025-04-01,0.7371895378112793,0.5410739114395846,0.2796178618967533
P0072,2025-05-01,0.1957301576375961,0.124035037664516,-0.1875783489525318
P0072,2025-06-01,0.1489568953990936,0.122934453473783,-0.1823373228549957
P0072,2025-07-01,0.1289341590642929,0.111296838043629,-0.1753413337945938
P0072,2025-08-01,0.1320427694022655,0.112074435655674,-0.1728661848187446
P0072,2025-09-01,0.1169786655783653,0.1000245008549966,-0.1687098268985748
P0072,2025-10-01,0.1157611588358879,0.0884728952982986,-0.163565595036745
P0072,2025-11-01,0.1180451787114143,0.0863537937596561,-0.151484986294806
P0072,2025-12-01,0.1973443202495575,0.1340902306472195,-0.0384747974340338
P0073,2025-01-01,0.4099787358880043,0.2584473406845878,-0.0340864660223945
P0073,2025-02-01,0.6501751528024673,0.4520567921717155,0.223921658122912
P0073,2025-03-01,0.6663319975972175,0.5474501290381952,0.2765097730310634
P0073,2025-04-01,0.6672751361608505,0.531719572571356,0.2738404148143949
P0073,2025-05-01,0.457734440946579,0.2892046592529154,0.0691305790688842
P0073,2025-06-01,0.2420332077801227,0.1680867594815165,-0.1235643538782373
P0073,2025-07-01,0.1867156469270587,0.1377755854681653,-0.1397043365117162
P0073,2025-08-01,0.1786470436245203,0.1342778243456595,-0.138901611483097
P0073,2025-09-01,0.1763153604269027,0.1218254334028365,-0.1801961409300565
P0073,2025-10-01,0.2286104265451431,0.1328738829408753,-0.1765073549686931
P0073,2025-11-01,0.2688360262393951,0.1478868323849729,-0.1609259220935404
P0073,2025-12-01,0.36708968116045,0.200767359073461,-0.0844575859784847
P0074,2025-01-01,0.2625281500339508,0.1935694794494608,-0.085404793814104
P0074,2025-02-01,0.5755640389919281,0.4201942096926314,0.1767122821869328
P0074,2025-03-01,0.6285845618486404,0.5248520498479772,0.2652275511387735
P0074,2025-04-01,0.4698575830698013,0.3467219660346675,0.0864037322758231
P0074,2025-05-01,0.2405918827533722,0.1506514213046369,-0.1529395151011645
P0074,2025-06-01,0.1836998103737831,0.1358124351015246,-0.1730780189394951
P0074,2025-07-01,0.1533796420097351,0.1185295901673105,-0.1614809110760688
P0074,2025-08-01,0.1496209615111351,0.1153157676756364,-0.1582012035667896
P0074,2025-09-01,0.1421220204830169,0.1066875214994296,-0.1735070133984088
P0074,2025-10-01,0.1540344045639038,0.0983210945846379,-0.2060782304957509
P0074,2025-11-01,0.1673448039770126,0.1022132487181576,-0.1855733729873784
P0074,2025-12-01,0.2062050505757331,0.1193986510632554,-0.1675750005887821
P0075,2025-01-01,0.576917178440094,0.4159688298986656,0.0935246457907255
P0075,2025-02-01,0.8333722878456116,0.6604829432702177,0.3869585825830698
P0075,2025-03-01,0.7460213064193726,0.6523968490129857,0.3639374184608459
P0075,2025-04-01,0.7392869867324829,0.5171659360460543,0.2702565641215071
P0075,2025-05-01,0.1987426994442939,0.1376824009955452,-0.1488655579041689
P0075,2025-06-01,0.1691184988737106,0.1233353332285214,-0.1780638187408447
P0075,2025-07-01,0.1417254541873931,0.1093840231987086,-0.1829334297060966
P0075,2025-08-01,0.1411996429562568,0.1084918400305909,-0.1812669656395912
P0075,2025-09-01,0.1353197850346565,0.0925485830665155,-0.2082263978004455
P0075,2025-10-01,0.1403730875015258,0.0915583292311941,-0.2066393451690673
P0075,2025-11-01,0.1616952684521675,0.0928904707391452,-0.2207775818347931
P0075,2025-12-01,0.1652084828972816,0.0927117072533992,-0.2181002607107162
P0076,2025-01-01,0.2545396329045296,0.18379107647023,-0.1215980120951536
P0076,2025-02-01,0.5163859591960906,0.3519703410887767,0.0968448570847511
P0076,2025-03-01,0.6973030386447906,0.5829626384290388,0.3014118335962295
P0076,2025-04-01,0.700410571026802,0.5569387001175795,0.2911137615799903
P0076,2025-05-01,0.427117469382286,0.2609981736285286,0.0006366938166087493
P0076,2025-06-01,0.1868417792201042,0.1475569219129009,-0.1386211488127708
P0076,2025-07-01,0.1550422709226608,0.1283274200306046,-0.1360367858231067
P0076,2025-08-01,0.153318349301815,0.1247627939726254,-0.1318729740023613
P0076,2025-09-01,0.1422877856016159,0.1140020373137424,-0.1733548189997673
P0076,2025-10-01,0.1650564837694168,0.1191293819779669,-0.1899170611143112
P0076,2025-11-01,0.196089157962799,0.125176204197925,-0.1720490180000662
P0076,2025-12-01,0.2502968440532684,0.1588888759621507,-0.1307892242402769
P0077,2025-01-01,0.3196290407896042,0.2200897583693019,-0.1030425135242752
P0077,2025-02-01,0.7275576433897019,0.5888249899131159,0.2925999384667724
P0077,2025-03-01,0.7687299499988556,0.7215417896254114,0.4184445207776501
P0077,2025-04-01,0.7291554894447326,0.6018088982132519,0.4132504095822573
P0077,2025-05-01,0.2920080046534538,0.1876903885185095,-0.0911434328246861
P0077,2025-06-01,0.1616444393873214,0.1214677337816909,-0.1700242770850658
P0077,2025-07-01,0.1389122163295746,0.109005352016378,-0.1707409329295158
P0077,2025-08-01,0.1348424208879471,0.1064277176681712,-0.1727919818997383
P0077,2025-09-01,0.1320702613592148,0.100545288920384,-0.1969086103081703
P0077,2025-10-01,0.1225313219666481,0.0838305594239531,-0.2449259016156196
P0077,2025-11-01,0.1428689906716346,0.0859258092404111,-0.2280358077943325
P0077,2025-12-01,0.2043321381807327,0.1440577396727183,-0.1408425154179334
P0078,2025-01-01,0.3364032138109207,0.2209279624198263,-0.1317939441149083
P0078,2025-02-01,0.5174516112804413,0.3487637163304778,0.0735021409384906
P0078,2025-03-01,0.6230026455640792,0.4990203717401686,0.2293286222417024
P0078,2025-04-01,0.7659903606891633,0.6036090008317511,0.3739446736812591
P0078,2025-05-01,0.670535472536087,0.4717085047054534,0.2682273093558848
P0078,2025-06-01,0.3189452640771866,0.2326503010698357,-0.000721718322020024
P0078,2025-07-01,0.1699252295017242,0.1321476254916019,-0.1117052788481116
P0078,2025-08-01,0.1566801462531089,0.1149380466911303,-0.1584698052227497
P0078,2025-09-01,0.145485738480091,0.1017112871451374,-0.2126379649937153
P0078,2025-10-01,0.1826217222809791,0.1057293022319255,-0.2217788671266287
P0078,2025-11-01,0.1946035292983055,0.1214760830619735,-0.2004378849960863
P0078,2025-12-01,0.2346071870923042,0.1361229423720703,-0.1863206462195143
P0079,2025-01-01,0.5056050817251205,0.2961003885455884,0.0444014724588021
P0079,2025-02-01,0.8034583902835846,0.5983645196299886,0.3582409478873014
P0079,2025-03-01,0.8104721153736114,0.7214028513384433,0.4181462230205536
P0079,2025-04-01,0.6611716970443725,0.4569781435693072,0.2125023982223123
P0079,2025-05-01,0.2509661600470543,0.1499825093585978,-0.1653453054561279
P0079,2025-06-01,0.1913583687901497,0.1426612207520502,-0.162074539014697
P0079,2025-07-01,0.1619593369722366,0.1242423481100953,-0.1514199860394001
P0079,2025-08-01,0.1631770447969436,0.1224156285061704,-0.15155902993083
P0079,2025-09-01,0.16178617978096,0.1116110871702985,-0.1737907749295234
P0079,2025-10-01,0.1999968932151794,0.1219089499615493,-0.2082596114866435
P0079,2025-11-01,0.2088473772764205,0.1180393157781573,-0.2030607008401304
P0079,2025-12-01,0.3222976375579834,0.1674298297478542,-0.1333698265567422
P0080,2025-01-01,0.3636699533939361,0.1901392831154659,-0.1579798817694187
P0080,2025-02-01,0.7836785456418991,0.5568391994519493,0.355095100428909
P0080,2025-03-01,0.8600994082927704,0.691885955485647,0.4705338820470031
P0080,2025-04-01,0.8049426072045052,0.6549582177711033,0.443259936404749
P0080,2025-05-01,0.3351944433689117,0.2238875893180639,0.0196830596747808
P0080,2025-06-01,0.2085911246299743,0.144010543202195,-0.1349192912131548
P0080,2025-07-01,0.172124761223793,0.1351329745578827,-0.1377397092372179
P0080,2025-08-01,0.1897200385093689,0.1486968557653898,-0.1372314616799354
P0080,2025-09-01,0.1764477571487426,0.1143191544260408,-0.2206834092140197
P0080,2025-10-01,0.1682815151214599,0.0888836824795799,-0.2832174067735672
P0080,2025-11-01,0.1895118704080581,0.0891109518903563,-0.2504174707889557
P0080,2025-12-01,0.2210964686393737,0.0914022522146416,-0.2555399906933308
P0081,2025-01-01,0.2722760551214218,0.147777822045137,-0.1412651646604295
P0081,2025-02-01,0.6677856478929519,0.4168553321079283,0.2173586593836546
P0081,2025-03-01,0.8145212034225464,0.6490029998392316,0.4129331992790103
P0081,2025-04-01,0.7531537599563599,0.5506853002977217,0.3450225291434675
P0081,2025-05-01,0.3361705423355102,0.1641226930537024,-0.0720964284920133
P0081,2025-06-01,0.1973668361902237,0.1238109550088729,-0.1697063542842865
P0081,2025-07-01,0.1591989061832428,0.1207067692865276,-0.1496478503704071
P0081,2025-08-01,0.1504747053146362,0.1126797517651152,-0.1302164962649345
P0081,2025-09-01,0.1424263301610946,0.0961792736023223,-0.1913408414363861
P0081,2025-10-01,0.2042086045980453,0.1139324033268921,-0.2011610312992706
P0081,2025-11-01,0.1928777184844017,0.0934248545262574,-0.217107326285541
P0081,2025-12-01,0.2276294499516487,0.1138812114739308,-0.1985653559811413
P0082,2025-01-01,0.6006602444560141,0.4323087741217187,0.1369923941979446
P0082,2025-02-01,0.7861516786575318,0.5427256679394055,0.3605269368708134
P0082,2025-03-01,0.7834749408721924,0.6618976234708375,0.4074157159566879
P0082,2025-04-01,0.7896655290969647,0.6192029361172454,0.3974545497462713
P0082,2025-05-01,0.5903484333992004,0.4210295175594515,0.2028783533141017
P0082,2025-06-01,0.3031794216632843,0.2038059402121204,-0.0809611646391451
P0082,2025-07-01,0.2327727037668228,0.1616220175122676,-0.1289039442647248
P0082,2025-08-01,0.2078073306918144,0.1463838687274406,-0.1316285955881234
P0082,2025-09-01,0.1992760477423668,0.1331700188634869,-0.1543295851767063
P0082,2025-10-01,0.2070567089319229,0.0936388279522106,-0.2690956773975864
P0082,2025-11-01,0.2742065165281295,0.1248036054240225,-0.1696200902822194
P0082,2025-12-01,0.3403992147922516,0.1699430984905257,-0.1204427771164956
P0083,2025-01-01,0.303088206577301,0.207807827746022,-0.0690188098489772
P0083,2025-02-01,0.6848398135662079,0.5139856622115215,0.2540762723647058
P0083,2025-03-01,0.7202978252649307,0.6209014666123814,0.3349861806988716
P0083,2025-04-01,0.7295902792453766,0.5263128805623274,0.288879349398613
P0083,2025-05-01,0.2455224657177925,0.1440301247732829,-0.1716626940838992
P0083,2025-06-01,0.1685904117107391,0.1161431299957777,-0.1940935464262962
P0083,2025-07-01,0.1325500725150108,0.1076316291521095,-0.1623953384935856
P0083,2025-08-01,0.1299850975871086,0.1051689057728715,-0.1567358841478824
P0083,2025-09-01,0.1190256192862987,0.0946363069298298,-0.1827896429538726
P0083,2025-10-01,0.1820869827389717,0.1354099137065747,-0.1692232247326523
P0083,2025-11-01,0.1843171020269394,0.1312925415532791,-0.1582198145622853
P0083,2025-12-01,0.2381574536085128,0.149807386654441,-0.093435164163832
P0084,2025-01-01,0.396229522883892,0.2967180142116297,0.0307502332678064
P0084,2025-02-01,0.5193977337598801,0.4106426494450736,0.1617970239704474
P0084,2025-03-01,0.4434687316179275,0.3801826828710729,0.1392185952301137
P0084,2025-04-01,0.3826437607765198,0.3016817610124709,0.0624478954416699
P0084,2025-05-01,0.3468051065087318,0.2774980899312144,-0.0097123236957006
P0084,2025-06-01,0.336141479063034,0.2787906131381686,-0.0027195822239853
P0084,2025-07-01,0.2747449134349823,0.2280966450138833,-0.0409946460928302
P0084,2025-08-01,0.2033247772216797,0.1593366777963465,-0.1074379659227095
P0084,2025-09-01,0.1890197820663452,0.1405497949387329,-0.1279956110897473
P0084,2025-10-01,0.2460250600934028,0.1731236193797173,-0.1032836264761164
P0084,2025-11-01,0.3039894700050354,0.1983032794123229,-0.0575383982457203
P0084,2025-12-01,0.3735200933694839,0.2491078951854482,0.0219606540881097
P0085,2025-01-01,0.5868090075492859,0.4201634232060416,0.1178670515023637
P0085,2025-02-01,0.7681971940279007,0.6520131092422933,0.3523199884414673
P0085,2025-03-01,0.6591206398487091,0.5736351155442471,0.2792323086321354
P0085,2025-04-01,0.5974835900783538,0.4327973966142696,0.1581091569897718
P0085,2025-05-01,0.2728017609477043,0.1857272139283375,-0.135034539929498
P0085,2025-06-01,0.2327420707821846,0.172794955929053,-0.1439562245935201
P0085,2025-07-01,0.1979902434945106,0.1453223736251033,-0.1491960681736469
P0085,2025-08-01,0.2044878564476966,0.1389798745428888,-0.1658639417931437
P0085,2025-09-01,0.2018488288164139,0.1294825205869688,-0.1850918708443641
P0085,2025-10-01,0.4198808735609055,0.285306477668117,-0.0409432324685156
P0085,2025-11-01,0.6825397269487381,0.5422066078551573,0.2120238992266357
P0085,2025-12-01,0.7672500368356705,0.6408961014756981,0.3595750113845686
P0086,2025-01-01,0.3844799671173096,0.1395586431935795,-0.1466439766527619
P0086,2025-02-01,0.7651779522418976,0.516722220720855,0.2883238164305687
P0086,2025-03-01,0.7669863347530365,0.6517933854052254,0.3976288029048999
P0086,2025-04-01,0.6268733970046043,0.4998823068425089,0.2568918321402403
P0086,2025-05-01,0.4867604592561722,0.3479712282797925,0.1161548613755807
P0086,2025-06-01,0.1982413681268692,0.1333050793515847,-0.119150590206962
P0086,2025-07-01,0.151207477402687,0.1206658622469957,-0.128522032380104
P0086,2025-08-01,0.1486383660554885,0.1181456969914557,-0.1263157079935074
P0086,2025-09-01,0.1443314051508903,0.1004718128882804,-0.216863529920578
P0086,2025-10-01,0.1707381404757499,0.0826998437222578,-0.3173258672714233
P0086,2025-11-01,0.2009520668268203,0.0783448265841425,-0.3172899273633957
P0086,2025-12-01,0.2360534400701522,0.0691836942894746,-0.3387533014535904
P0087,2025-01-01,0.2635264162778854,0.1467970425213959,-0.1593824853768572
P0087,2025-02-01,0.6327075881242752,0.4180604722940285,0.1853137479940429
P0087,2025-03-01,0.7551848710775375,0.6639455590804503,0.3494194138448685
P0087,2025-04-01,0.5315678627848626,0.3341408208677049,0.1002618040191941
P0087,2025-05-01,0.255935531270504,0.1433553531554553,-0.1382638216868043
P0087,2025-06-01,0.1824108647346496,0.1205495175517261,-0.1838271692931652
P0087,2025-07-01,0.1461905622005462,0.1087447261766269,-0.1809004226326942
P0087,2025-08-01,0.144637917804718,0.1082391198266196,-0.1731709167361259
P0087,2025-09-01,0.1404944043517112,0.0995900387290549,-0.1976242925524711
P0087,2025-10-01,0.1380903951823711,0.085678057533878,-0.2223432857275009
P0087,2025-11-01,0.1695746178269386,0.0902738111253941,-0.2096917448878288
P0087,2025-12-01,0.1743903968691826,0.0939575676808875,-0.1934995396915823
P0088,2025-01-01,0.5169116910934448,0.3657006664572719,0.0955364486887352
P0088,2025-02-01,0.7761466515779495,0.6223635859728993,0.3449005849480629
P0088,2025-03-01,0.7665333624839783,0.6750942922184872,0.3968697656631469
P0088,2025-04-01,0.6815292626142502,0.5039827089297527,0.2631966445043683
P0088,2025-05-01,0.2540648561477661,0.1563586864778622,-0.1530636280424893
P0088,2025-06-01,0.1789383279681205,0.1379223118303737,-0.1650266898870468
P0088,2025-07-01,0.1419079863548278,0.1151840105814708,-0.150362026988808
P0088,2025-08-01,0.1466396186113357,0.1183020903842974,-0.1403952658653259
P0088,2025-09-01,0.1435766044139862,0.111185970002171,-0.1779444545984268
P0088,2025-10-01,0.1920475690722465,0.1283809254778865,-0.1885012296464294
P0088,2025-11-01,0.2091423617482185,0.1302965230575381,-0.1673082646787166
P0088,2025-12-01,0.3127029911279678,0.1837237702009488,-0.0297454822842861
P0089,2025-01-01,0.4668222512483597,0.2460063434166857,-0.0585620241794269
P0089,2025-02-01,0.6237409646749497,0.4386632364959514,0.2002710063422098
P0089,2025-03-01,0.7136432197570801,0.5491005410710086,0.3159574583575129
P0089,2025-04-01,0.6410034465551376,0.4228388358291817,0.224035308317095
P0089,2025-05-01,0.4637701607942581,0.2873862346555897,0.0471021746058424
P0089,2025-06-01,0.3051081583023071,0.2172898264299839,-0.0729012107353017
P0089,2025-07-01,0.2494962373256683,0.172529800665722,-0.1121426462574862
P0089,2025-08-01,0.2294133719444274,0.1560957596071244,-0.1303557447379455
P0089,2025-09-01,0.2256186890006065,0.1393632720046774,-0.1733250279702246
P0089,2025-10-01,0.2368789048790931,0.1303246150039326,-0.1955745849219151
P0089,2025-11-01,0.315492779636383,0.1466945098184566,-0.1632437692876905
P0089,2025-12-01,0.3293112195014953,0.1675553596169583,-0.1129954942841082
P0090,2025-01-01,0.4011347323894501,0.2456394120247013,-0.1240167498324997
P0090,2025-02-01,0.729371690940857,0.4900229402067041,0.1981939414078369
P0090,2025-03-01,0.8223501582145691,0.6938064238910547,0.4170527923822403
P0090,2025-04-01,0.8785787544250488,0.6908749811973658,0.4880920694351196
P0090,2025-05-01,0.6217631500244141,0.3399924486693626,0.1647013967311941
P0090,2025-06-01,0.2295254535675049,0.1547981735670142,-0.066663149528997
P0090,2025-07-01,0.1949071320533752,0.1525035442600813,-0.1051771536772837
P0090,2025-08-01,0.2082752237558364,0.1666408833990375,-0.0834798335811123
P0090,2025-09-01,0.1887083373904228,0.1186726542624771,-0.2355527084723115
P0090,2025-10-01,0.1738811499714851,0.0854411316700882,-0.2971858659923077
P0090,2025-11-01,0.2031313495635986,0.0950769712338788,-0.2890865012288093
P0090,2025-12-01,0.2219019113540649,0.1043291383307368,-0.2690512936204672
P0091,2025-01-01,0.2747638283729553,0.163478499605734,-0.0899034045043401
P0091,2025-02-01,0.5081912707805634,0.3563289389635919,0.0877807323593646
P0091,2025-03-01,0.6734485201358795,0.5663660434582043,0.2917809020161628
P0091,2025-04-01,0.694962912940979,0.5246243141305142,0.260999090179801
P0091,2025-05-01,0.2003964888572693,0.1303507303250766,-0.1720472960591316
P0091,2025-06-01,0.1455999519467354,0.1129884379427674,-0.1803520121335983
P0091,2025-07-01,0.1170311343908309,0.0972829593592914,-0.164413005900383
P0091,2025-08-01,0.1189841085076332,0.0986544438786976,-0.1570291498661041
P0091,2025-09-01,0.1145323149681091,0.0913194391582723,-0.183760707616806
P0091,2025-10-01,0.1285837305665016,0.0908323528688308,-0.1995116741895675
P0091,2025-11-01,0.1631828063488006,0.1089607140527984,-0.1708815944587811
P0091,2025-12-01,0.2308547863602638,0.1434039401435926,-0.1131841487021651
P0092,2025-01-01,0.5226795908451081,0.3659446068965409,0.0805818682193057
P0092,2025-02-01,0.758258406829834,0.5883306053488911,0.3174859508752823
P0092,2025-03-01,0.6670640444755555,0.5544745586475054,0.2657017165841535
P0092,2025-04-01,0.5543854318618774,0.3953700728415082,0.1192730795362033
P0092,2025-05-01,0.2579618871927261,0.1648770303679008,-0.1713846026327461
P0092,2025-06-01,0.186329815530777,0.1336233568908432,-0.1975606109142303
P0092,2025-07-01,0.15337253895998,0.112108733591168,-0.1994889992713928
P0092,2025-08-01,0.1440099809169769,0.1028863271488046,-0.2123514454364776
P0092,2025-09-01,0.1363144067883491,0.0981567920343896,-0.2247217145442962
P0092,2025-10-01,0.2044695321083068,0.1349537778755609,-0.2025590026915073
P0092,2025-11-01,0.2087026274919509,0.1269398849304297,-0.2127852506721392
P0092,2025-12-01,0.2402067486524582,0.1341662793420409,-0.1666361517466604
P0093,2025-01-01,0.3475013332247734,0.2655069328785226,-0.0498701835311708
P0093,2025-02-01,0.6324057855129241,0.500725011346243,0.2358035439331084
P0093,2025-03-01,0.6997640189170837,0.6245071646704279,0.3311429335057735
P0093,2025-04-01,0.6561320417404175,0.5429476723419066,0.2707710475489497
P0093,2025-05-01,0.408959543800354,0.2801047081933216,0.0128718921809457
P0093,2025-06-01,0.1965306862831115,0.1548028000764703,-0.1405385745584964
P0093,2025-07-01,0.1625242511987686,0.1334700765596371,-0.1350981158018112
P0093,2025-08-01,0.1586078836798667,0.130280810895298,-0.1340971044763922
P0093,2025-09-01,0.1503120906472206,0.1205255286572492,-0.1733853490233421
P0093,2025-10-01,0.1909174504756927,0.1331248634246926,-0.1705472049525007
P0093,2025-11-01,0.2299576795697212,0.1583727938507603,-0.1520409664971753
P0093,2025-12-01,0.2864448501944542,0.1975876137886952,-0.0962259912070119
P0094,2025-01-01,0.6415139751434327,0.4639789815438828,0.1499256143864244
P0094,2025-02-01,0.9165151226997376,0.7593444085123319,0.4925866434574127
P0094,2025-03-01,0.8638786396980286,0.7559258104236944,0.5165068788528442
P0094,2025-04-01,0.6880101533412933,0.5925683209563067,0.3376769990008557
P0094,2025-05-01,0.2656458793878555,0.1498824443640891,-0.1027745947207789
P0094,2025-06-01,0.1704270333528518,0.1141242202500465,-0.1684292150437832
P0094,2025-07-01,0.1537672924637794,0.1156557616257473,-0.1542133993387222
P0094,2025-08-01,0.1430881442904472,0.1127322002991732,-0.1547261881589889
P0094,2025-09-01,0.1433516826510429,0.0965280075061881,-0.244379792445898
P0094,2025-10-01,0.1542565689176321,0.0945394416588076,-0.2712184562504292
P0094,2025-11-01,0.1818704634547233,0.0987195721622402,-0.2651832667514682
P0094,2025-12-01,0.2821607804059982,0.1614454277698246,-0.1738410995393991
P0095,2025-01-01,0.4480225729703903,0.3396441650371682,0.0374186781799756
P0095,2025-02-01,0.7240277338027954,0.559023806980028,0.3061624197356403
P0095,2025-03-01,0.7932494523048401,0.7149017262301917,0.4182037328720093
P0095,2025-04-01,0.8236617640972137,0.7201886177972097,0.4639380376756191
P0095,2025-05-01,0.6793442573308944,0.4781499219680464,0.3071219153344631
P0095,2025-06-01,0.2603569200515747,0.1794288377175056,-0.057696595820412
P0095,2025-07-01,0.1904089103817939,0.1384628146727564,-0.10630537716588
P0095,2025-08-01,0.1531411441087722,0.1220219661566325,-0.1086079995155334
P0095,2025-09-01,0.1430124073505401,0.107444828128723,-0.176345643544197
P0095,2025-10-01,0.1736186565876007,0.1181159081404772,-0.1737508395075798
P0095,2025-11-01,0.1770901502490043,0.112183001923684,-0.1790071140114218
P0095,2025-12-01,0.2423847239613533,0.1661757332092018,-0.1260580285940319
P0096,2025-01-01,0.5620398184537888,0.3658286355651882,0.0903025278673507
P0096,2025-02-01,0.6938189009785652,0.4844795539757602,0.2511057592298835
P0096,2025-03-01,0.5866707499504089,0.4499798670423505,0.2314056505940854
P0096,2025-04-01,0.6357083495855331,0.4498150200400619,0.2239880409842357
P0096,2025-05-01,0.5133102024912835,0.335287288719329,0.1080183578561467
P0096,2025-06-01,0.2479029210567474,0.1801506234510129,-0.0914130937092471
P0096,2025-07-01,0.2041357629299164,0.1493681447883486,-0.1068988459754735
P0096,2025-08-01,0.1960890485167503,0.1420486530858296,-0.1073249066412448
P0096,2025-09-01,0.1937684814274311,0.1339713542294011,-0.1357470480620861
P0096,2025-10-01,0.2053427949666977,0.1323699029617778,-0.1689477092372253
P0096,2025-11-01,0.2570668685078621,0.1331266711250995,-0.1573629199261544
P0096,2025-12-01,0.3301682018756866,0.174161216204606,-0.1119966324669309
P0097,2025-01-01,0.3769699658632278,0.2335963801262149,-0.0757317248157225
P0097,2025-02-01,0.6914894905090332,0.4541576106387913,0.2215848477689549
P0097,2025-03-01,0.7885397899627685,0.6545610483179924,0.3932133336812258
P0097,2025-04-01,0.7645708838939667,0.6770719630911809,0.4084428120076656
P0097,2025-05-01,0.5275483671188355,0.3402438612632043,0.1257371872668154
P0097,2025-06-01,0.2877241982936859,0.1888032487714956,-0.109050656914711
P0097,2025-07-01,0.2251098848104477,0.1663705541682191,-0.1038393689844634
P0097,2025-08-01,0.2318549368023872,0.1659866802041973,-0.1016364218723028
P0097,2025-09-01,0.2224523569226265,0.1489469384653416,-0.1551532024826854
P0097,2025-10-01,0.2223704664111137,0.1366407704411186,-0.1990040889814496
P0097,2025-11-01,0.2544806281328201,0.1334048782007277,-0.170843597571738
P0097,2025-12-01,0.273595753455162,0.138946490361855,-0.1193585103757718
P0098,2025-01-01,0.6437017008781433,0.4127781897999455,0.20315584030169995
P0098,2025-02-01,0.7904972569465637,0.5296520156941118,0.3722464607536793
P0098,2025-03-01,0.8084695463180542,0.6044279979304678,0.4558240626811981
P0098,2025-04-01,0.8721848194599151,0.6536570007204942,0.5003720991611481
P0098,2025-05-01,0.6848033637046814,0.4817989616873476,0.2682474525312893
P0098,2025-06-01,0.3135037726163864,0.2060490494881683,-0.0960420288476394
P0098,2025-07-01,0.1905290552616119,0.1332302194829464,-0.1367453171532601
P0098,2025-08-01,0.1747353500604629,0.1230672569018592,-0.1477197798728942
P0098,2025-09-01,0.1595528558373451,0.1024971612127699,-0.1868188066363334
P0098,2025-10-01,0.1957950515449047,0.0710131403631142,-0.2936838222742081
P0098,2025-11-01,0.2143114528179168,0.0807980426325354,-0.2363258414953947
P0098,2025-12-01,0.2415781937122345,0.1006945866019632,-0.1897735472876578
P0099,2025-01-01,0.5319845016002656,0.3650440500790921,0.0691198251701338
P0099,2025-02-01,0.7232603188037873,0.5270061005130262,0.2957593535542488
P0099,2025-03-01,0.7071184724330902,0.5714523827622681,0.3309736410085112
P0099,2025-04-01,0.6857231223583221,0.5230715243002158,0.3085036956349155
P0099,2025-05-01,0.5305183830738067,0.3647459362807387,0.146001015169546
P0099,2025-06-01,0.2833836245059967,0.1990003364973741,-0.0793946624037809
P0099,2025-07-01,0.2283315881609916,0.1647642903611742,-0.1009289364315332
P0099,2025-08-01,0.210996748638153,0.1535372942693797,-0.1012863826656714
P0099,2025-09-01,0.2157053551077842,0.1491537638280178,-0.1285761099541559
P0099,2025-10-01,0.3355231185913085,0.2067320428619538,-0.0879201239629648
P0099,2025-11-01,0.4161129329919815,0.2600651677099286,-0.02766634932179
P0099,2025-12-01,0.5318234222650527,0.339450288150403,0.0821027747893007
P0100,2025-01-01,0.5478682580823991,0.065164607744381,-0.2336099585575307
P0100,2025-02-01,0.7996966851711274,0.5150164810380553,0.3062967337943613
P0100,2025-03-01,0.8200635023593903,0.7212071946137784,0.4403538236856461
P0100,2025-04-01,0.6750047092199325,0.5391344147323138,0.289670656147704
P0100,2025-05-01,0.5299459160804748,0.3570616348508494,0.1389874886097619
P0100,2025-06-01,0.2400348130464553,0.1687533351804709,-0.0884668399015441
P0100,2025-07-01,0.2071661163330078,0.1539872669279462,-0.0995247084610629
P0100,2025-08-01,0.2149624325513839,0.118097547747876,-0.2624174705654383
P0100,2025-09-01,0.2252176985263824,0.1125466141107846,-0.2748443399172276
P0100,2025-10-01,0.2611249187946319,0.1079364241597238,-0.3226926445607096
P0100,2025-11-01,0.2957436949729919,0.111532362202037,-0.2969021990615642
P0100,2025-12-01,0.3262376024484634,0.1146010868225399,-0.2986872820485383
P0101,2025-01-01,0.3865060079336166,0.1822254305917386,-0.1236142830135766
P0101,2025-02-01,0.5995831755638122,0.3600958105906982,0.1205674742795527
P0101,2025-03-01,0.6761974213123322,0.5314482485366879,0.3437614933133125
P0101,2025-04-01,0.8076841034889222,0.7133710955833767,0.530483313536644
P0101,2025-05-01,0.6385416829586029,0.4648843720881592,0.3386852230846882
P0101,2025-06-01,0.2327832521677017,0.1729127002539554,-0.0749182270440738
P0101,2025-07-01,0.1730490183472633,0.1221363046006029,-0.1461113100111484
P0101,2025-08-01,0.1640191470384597,0.1067205619211705,-0.184263149946928
P0101,2025-09-01,0.165705500793457,0.0952841846219562,-0.2128796933531761
P0101,2025-10-01,0.2454399969816207,0.0950678392646359,-0.3053501276420429
P0101,2025-11-01,0.2752912772655487,0.1015103501892568,-0.225652384475246
P0101,2025-12-01,0.2965058462142944,0.1295150022075881,-0.2037083414779976
P0102,2025-01-01,0.4075397224653335,0.2606258176252247,0.0785735962646348
P0102,2025-02-01,0.819670553970337,0.5806858325393874,0.4078801773309707
P0102,2025-03-01,0.850182992553711,0.7039693895688628,0.4587017488479614
P0102,2025-04-01,0.659180453262831,0.4845922525445702,0.3220759118858136
P0102,2025-05-01,0.6710091815471649,0.4811874136295884,0.2812286543739028
P0102,2025-06-01,0.394315608549118,0.2786865885834815,0.0348717932333238
P0102,2025-07-01,0.2546130313396454,0.1691781709956513,-0.1017780807554721
P0102,2025-08-01,0.2117827352046966,0.146131701855989,-0.118373706716299
P0102,2025-09-01,0.1945374110221862,0.1298174823202682,-0.1500046077609062
P0102,2025-10-01,0.1510822450578212,0.0658908368715153,-0.2655070268154144
P0102,2025-11-01,0.2115502307415008,0.0836858765800647,-0.2219193901419639
P0102,2025-12-01,0.2850665801763534,0.1315094070781183,-0.1571146679242141
P0103,2025-01-01,0.2686016375271531,0.2208223576516474,-0.0194226198795409
P0103,2025-02-01,0.6050648672103882,0.4749802543061718,0.2330802457027137
P0103,2025-03-01,0.7610727603912354,0.6690257099636403,0.4052845895642414
P0103,2025-04-01,0.8201931279966201,0.7175177106399719,0.4451600569491512
P0103,2025-05-01,0.7200251026630402,0.5275670182317955,0.3191862118557095
P0103,2025-06-01,0.2951989821434021,0.2124938318234376,-0.0290892076328629
P0103,2025-07-01,0.1898712497591972,0.1405999198804886,-0.1225607653915882
P0103,2025-08-01,0.1667610020279884,0.1303849811930524,-0.1364618902683258
P0103,2025-09-01,0.1456585502982139,0.1060384467745381,-0.1846424935340881
P0103,2025-10-01,0.1869790716171264,0.1212717339576796,-0.1802045078743249
P0103,2025-11-01,0.2065515880465507,0.1275100290893927,-0.0749886157465167
P0103,2025-12-01,0.2352944418549537,0.1564035075059342,-0.0891940671734046
P0104,2025-01-01,0.23429226937294,0.1510709685703522,-0.1391652301967144
P0104,2025-02-01,0.5189174026727676,0.3461293862369599,0.1001065849236212
P0104,2025-03-01,0.625746619439125,0.5052758347058909,0.2353500631881412
P0104,2025-04-01,0.7461088597774506,0.6709140825699186,0.3552446961402893
P0104,2025-05-01,0.3435839171886444,0.2335256290788035,-0.0263520854114321
P0104,2025-06-01,0.1939931063532829,0.1455915008805556,-0.1468102997422218
P0104,2025-07-01,0.1712066523313522,0.1301135144705469,-0.1485217472314834
P0104,2025-08-01,0.1638696291923523,0.1252327619592332,-0.1416280302941799
P0104,2025-09-01,0.1474914638400077,0.1067289867220446,-0.173593089389801
P0104,2025-10-01,0.1526520293712616,0.0940850700151213,-0.1976984663695097
P0104,2025-11-01,0.1764907101154327,0.1021478243235092,-0.1879726465180516
P0104,2025-12-01,0.1972427498579025,0.1203164781375423,-0.0607838619792833
P0105,2025-01-01,0.3755194762379539,0.2348662618052108,-0.0171877900105829
P0105,2025-02-01,0.6786394636154175,0.5111931468741061,0.2982853701144456
P0105,2025-03-01,0.673825447845459,0.5745569197190216,0.385556292167271
P0105,2025-04-01,0.8420936172485352,0.7684103533042211,0.5080362296581268
P0105,2025-05-01,0.7366895312786103,0.5792329546793915,0.349094088101387
P0105,2025-06-01,0.3535400030374527,0.264769891915904,0.0376171873859362
P0105,2025-07-01,0.2395035375833511,0.1696651899135527,-0.072350266108049
P0105,2025-08-01,0.1914934450149536,0.1258203550884029,-0.1259152986568165
P0105,2025-09-01,0.1504171043753624,0.0825100580060725,-0.2357599128901958
P0105,2025-10-01,0.1605069804668426,0.0644838698264024,-0.2679834332823753
P0105,2025-11-01,0.1968852207064628,0.0811901280693638,-0.2417169437646865
P0105,2025-12-01,0.3003538367986679,0.1421721368924101,-0.1537363960213959
P0106,2025-01-01,0.4946108040094376,0.3644383707105414,0.0926242269635549
P0106,2025-02-01,0.7159193495750428,0.5690943020874164,0.3130394218683243
P0106,2025-03-01,0.6237284293174744,0.5163711845965876,0.2270243477910757
P0106,2025-04-01,0.3331964876890183,0.2344224550598909,-0.0703489716517273
P0106,2025-05-01,0.2212027402043342,0.1563530943328731,-0.1673035115659236
P0106,2025-06-01,0.1833317269682884,0.145566806967349,-0.1713733345746994
P0106,2025-07-01,0.1510399842858314,0.1214332643812915,-0.1793947645425796
P0106,2025-08-01,0.1475786547064781,0.1175095617022111,-0.1820097630262374
P0106,2025-09-01,0.1339395310759544,0.1052627715495376,-0.1972877920269966
P0106,2025-10-01,0.1875188223004341,0.1370581707837092,-0.1796650228142738
P0106,2025-11-01,0.1834587513685226,0.1280430015690572,-0.1780756844937801
P0106,2025-12-01,0.2149834897756576,0.1304091277102761,-0.1416205320470966
P0107,2025-01-01,0.1192443269014358,0.1033229777882928,-0.1478917110741138
P0107,2025-02-01,0.2279777883529663,0.1793779628648482,-0.0705680529212579
P0107,2025-03-01,0.5894664134979248,0.5443940159882504,0.2391765415936708
P0107,2025-04-01,0.5055802426815033,0.4404554645531863,0.1501425958344713
P0107,2025-05-01,0.3880983507871627,0.3105386044146673,0.0510241337891202
P0107,2025-06-01,0.161380809533596,0.1313595404941908,-0.129109765958786
P0107,2025-07-01,0.1188242019057273,0.1032419745930347,-0.1309361803174019
P0107,2025-08-01,0.1137692810297012,0.0984374059896617,-0.1307405510663986
P0107,2025-09-01,0.1044968980312347,0.0898635966998771,-0.1648438248634338
P0107,2025-10-01,0.1092226956486702,0.08283623165834,-0.1899380772352218
P0107,2025-11-01,0.1181124731779098,0.090991700075789,-0.1632014099895954
P0107,2025-12-01,0.1178193582177162,0.0899526090976234,-0.1606985293030738
P0108,2025-01-01,0.447010465836525,0.2877093583964932,0.0157287864266894
P0108,2025-02-01,0.712668256020546,0.5106788010580988,0.2750592860054224
P0108,2025-03-01,0.7007616663455963,0.5656092893717672,0.3032557339429855
P0108,2025-04-01,0.4227538993120193,0.2717092743285907,0.0038178939753444
P0108,2025-05-01,0.2890861033082008,0.1761060994337435,-0.1187081135189626
P0108,2025-06-01,0.1854445031166076,0.1263266709546482,-0.1800597195625305
P0108,2025-07-01,0.150665080678463,0.1102951156820973,-0.1835258653283119
P0108,2025-08-01,0.1531627354621887,0.1116296990024115,-0.1810217226982116
P0108,2025-09-01,0.1445825835108757,0.1012784872052528,-0.2033349721431732
P0108,2025-10-01,0.1511932488799095,0.0938291088264925,-0.2328689799785614
P0108,2025-11-01,0.1662845555782318,0.0945853103925758,-0.2217840260416269
P0108,2025-12-01,0.1747310364365577,0.0899236479108503,-0.2123363142460584
P0109,2025-01-01,0.7087199064254761,0.4898140975269268,0.2267760032586753
P0109,2025-02-01,0.8239339214324951,0.6435406430356864,0.3945222305059433
P0109,2025-03-01,0.7364229426383972,0.5941999763378595,0.3749784069061279
P0109,2025-04-01,0.6318678427696228,0.4260652700116697,0.2450564839124679
P0109,2025-05-01,0.2349030184030532,0.1480846112679586,-0.1575640552937984
P0109,2025-06-01,0.1873713659524917,0.1447486277266611,-0.1767682994365692
P0109,2025-07-01,0.1733233348131179,0.1365989268581038,-0.1630947228074074
P0109,2025-08-01,0.1619217934846878,0.1068323413562485,-0.2218087672948837
P0109,2025-09-01,0.1536629694104194,0.1012872629916785,-0.2285324540376663
P0109,2025-10-01,0.1641957646489143,0.0968574279068835,-0.248473364174366
P0109,2025-11-01,0.1923475698471069,0.0956092302961804,-0.2628583101153374
P0109,2025-12-01,0.251331117939949,0.1094497760542683,-0.1765456787109375
P0110,2025-01-01,0.4089195401668548,0.2633581599438648,0.0139974040159955
P0110,2025-02-01,0.62981273458004,0.4448862009781202,0.2262875567775219
P0110,2025-03-01,0.6736799028873444,0.5261217446969163,0.285219805085659
P0110,2025-04-01,0.5470820962429047,0.3812745762840921,0.1305426382653881
P0110,2025-05-01,0.406856854557991,0.2654852131633362,-0.02330660411524
P0110,2025-06-01,0.272754176735878,0.1969560771984115,-0.1066906006160192
P0110,2025-07-01,0.2221432696104049,0.1592085999740894,-0.1362510059867054
P0110,2025-08-01,0.2161135783433914,0.1525927841570788,-0.1414530476871877
P0110,2025-09-01,0.2108149061322212,0.1424790898067168,-0.1605034634516206
P0110,2025-10-01,0.3005672050952911,0.1943774771317137,-0.0925111357448622
P0110,2025-11-01,0.3241014066934585,0.1959577495987633,-0.0704220194003079
P0110,2025-12-01,0.3491557497024536,0.2061081793515613,-0.0611168430143967
P0111,2025-01-01,0.5580508442163468,0.3256328985215005,-0.0165301854008575
P0111,2025-02-01,0.8093534994602203,0.5979940519780613,0.3651275632487144
P0111,2025-03-01,0.8084730706214904,0.664624875716383,0.4334768636465073
P0111,2025-04-01,0.7600568718910218,0.647404214451694,0.4200216217070818
P0111,2025-05-01,0.4628705870389938,0.3087529199882058,0.1089872685906477
P0111,2025-06-01,0.2217738581180572,0.1495050800513236,-0.0889118461646139
P0111,2025-07-01,0.1698361558198929,0.1320669598336252,-0.1036485349722206
P0111,2025-08-01,0.1645899639129638,0.1215266595809412,-0.1311337449692189
P0111,2025-09-01,0.1605773021101951,0.0923064246669265,-0.2501420689702034
P0111,2025-10-01,0.1770001265287399,0.079174934673117,-0.3165357244074344
P0111,2025-11-01,0.2204495106220245,0.0947633714517371,-0.2879378294870257
P0111,2025-12-01,0.235210635972023,0.1068502710814984,-0.2373565280970186
P0112,2025-01-01,0.5499207808971405,0.3627397648365586,0.1493161111569032
P0112,2025-02-01,0.839187854385376,0.8041749169024976,0.4329310140132904
P0112,2025-03-01,0.8072383489608764,0.7877074307525866,0.4666852034091949
P0112,2025-04-01,0.8421138248443604,0.6878743283062938,0.4224703734397888
P0112,2025-05-01,0.1955989795684814,0.1263497479138313,-0.1720482055664062
P0112,2025-06-01,0.1754476559877395,0.125980276169209,-0.1798632237672806
P0112,2025-07-01,0.1525423047184944,0.1192007054259112,-0.1619361593484878
P0112,2025-08-01,0.1509844258069992,0.1166837093784931,-0.1552796965837478
P0112,2025-09-01,0.1429793198227882,0.1032488885368446,-0.1634455077052116
P0112,2025-10-01,0.1366575276851654,0.0813420108806707,-0.1994045890927314
P0112,2025-11-01,0.143780322599411,0.0838412960959623,-0.1790019187381491
P0112,2025-12-01,0.2320539477705955,0.0947991232311177,-0.0763556295398157
P0113,2025-01-01,0.3491700532197952,0.2316735925071973,-0.0489094850530915
P0113,2025-02-01,0.5597003097057343,0.3984025985541177,0.1521660465750261
P0113,2025-03-01,0.6529750702381134,0.5115106459004164,0.2499376441091299
P0113,2025-04-01,0.5649110668420791,0.396917400947841,0.1328304153669625
P0113,2025-05-01,0.3785828886985778,0.2393752939393223,-0.0617843064709566
P0113,2025-06-01,0.2443160473823547,0.1851236967508071,-0.101775600859709
P0113,2025-07-01,0.2103900134801864,0.160258023503834,-0.1127057295315899
P0113,2025-08-01,0.212121484708786,0.161224463363048,-0.1080714193995576
P0113,2025-09-01,0.2074617873549461,0.1511145972392636,-0.134003629558306
P0113,2025-10-01,0.2344373154997825,0.1470815556395711,-0.148580620830506
P0113,2025-11-01,0.2388594635367393,0.1412994104439145,-0.1314625756848138
P0113,2025-12-01,0.2347042847394943,0.1362465799796752,-0.147549800292775
P0114,2025-01-01,0.325184143269062,0.1310049715429391,-0.3012871904958971
P0114,2025-02-01,0.5014285320997238,0.2671523849394802,-0.072733044379577
P0114,2025-03-01,0.6311164408922195,0.4316615423121684,0.157163251810614
P0114,2025-04-01,0.6365686971366405,0.44474874709115225,0.1916046785329468
P0114,2025-05-01,0.6420209533810616,0.4578359518701361,0.2260461052552796
P0114,2025-06-01,0.3436429580211639,0.2411513286983361,0.0293335661517106
P0114,2025-07-01,0.2467974451780319,0.1835920119541881,-0.0269620455627329
P0114,2025-08-01,0.1969318197548389,0.143585195076558,-0.0805019717154558
P0114,2025-09-01,0.184973589387536,0.1078125245663554,-0.2153373393394053
P0114,2025-10-01,0.2196502774655818,0.0894956940794075,-0.3111737877078354
P0114,2025-11-01,0.2528402078449726,0.0924249363013254,-0.3138495825394988
P0114,2025-12-01,0.2571155179023742,0.093095318655856,-0.3288116784211248
P0115,2025-01-01,0.3957773549318313,0.2290111017404031,-0.1432295271277427
P0115,2025-02-01,0.7478446021795273,0.5264929805908315,0.2359357575505972
P0115,2025-03-01,0.8003021426677703,0.6799860700952253,0.3952834257852286
P0115,2025-04-01,0.7971708654165268,0.6239414567211001,0.3867625375419855
P0115,2025-05-01,0.3037780194044113,0.1786884245021743,-0.0819080107699614
P0115,2025-06-01,0.1949615943670272,0.1374751393872715,-0.1603431621909141
P0115,2025-07-01,0.1635057907819748,0.1280338392256215,-0.151631892645359
P0115,2025-08-01,0.1582311503529548,0.1098418362690313,-0.1999162772417068
P0115,2025-09-01,0.1611037313938141,0.1056552748482079,-0.2454035761117935
P0115,2025-10-01,0.1895066945314407,0.0969720446718335,-0.2968570340871811
P0115,2025-11-01,0.2079755252122879,0.0987584944178255,-0.2775314404010772
P0115,2025-12-01,0.2779919357299805,0.1430820999915007,-0.2276576971257338
P0116,2025-01-01,0.4246324382305145,0.2422551904018868,-0.0354898302507586
P0116,2025-02-01,0.6579237526416779,0.4538282565875082,0.2217128972351551
P0116,2025-03-01,0.6283477231502533,0.5066124644975387,0.2669162788309157
P0116,2025-04-01,0.5312211997747421,0.3792032866882133,0.1190711090855766
P0116,2025-05-01,0.4861579463481903,0.3536115923200061,0.0247527710503149
P0116,2025-06-01,0.3721476885795593,0.2875801230958847,-0.0517151513167657
P0116,2025-07-01,0.3529154656887054,0.2701539374846419,-0.0482311494630761
P0116,2025-08-01,0.3861019428968429,0.2841707063492203,-0.0335741069023497
P0116,2025-09-01,0.3691025648117065,0.2420053365622265,-0.0593299612349132
P0116,2025-10-01,0.4193401890039444,0.2495413410849387,-0.0624325529489899
P0116,2025-11-01,0.4235043190479278,0.2322215686646175,-0.0564165834163065
P0116,2025-12-01,0.5904955636501312,0.3098580969420206,0.1220198923227944
P0117,2025-01-01,0.4182177162294986,0.3179368591651084,-0.0566564482463436
P0117,2025-02-01,0.6102032945156097,0.4333649624604641,0.1854195110060274
P0117,2025-03-01,0.6594864457130433,0.5637533358200741,0.3021952994056977
P0117,2025-04-01,0.6981617527484894,0.5660877176152697,0.3320674902029335
P0117,2025-05-01,0.4865016719579697,0.3681086651079721,0.0783239360621199
P0117,2025-06-01,0.2284688969612121,0.1684550745649209,-0.1126691053982824
P0117,2025-07-01,0.1889199610233307,0.144270658949857,-0.1312142962895333
P0117,2025-08-01,0.1900495123982429,0.1426974928488703,-0.1391784733858425
P0117,2025-09-01,0.183722858607769,0.1195596668499038,-0.2124255228362977
P0117,2025-10-01,0.1930772135615348,0.1212242045949627,-0.247915659955889
P0117,2025-11-01,0.2771300084352493,0.150525560108718,-0.2059013136330992
P0117,2025-12-01,0.3176202963590622,0.1666415748666495,-0.0799810450348071
P0118,2025-01-01,0.5191840084075928,0.3657250048589643,0.1065826693743467
P0118,2025-02-01,0.8201773185253143,0.6813143558454221,0.4072383102893829
P0118,2025-03-01,0.7471387203216553,0.6574593202942012,0.4256513469219208
P0118,2025-04-01,0.643138458108902,0.4407760655576782,0.2280884273931384
P0118,2025-05-01,0.2418973328590393,0.1418053248087796,-0.1981561144828796
P0118,2025-06-01,0.1775527526021003,0.1314291364218568,-0.1974440861940384
P0118,2025-07-01,0.1510613881826401,0.1179995063322106,-0.1851874480724334
P0118,2025-08-01,0.150227275788784,0.1153799905714977,-0.1765462673664093
P0118,2025-09-01,0.1432124521613121,0.1076075467144433,-0.1910080201148986
P0118,2025-10-01,0.1787776489138603,0.1228126820963443,-0.1984326229892671
P0118,2025-11-01,0.1756892262220382,0.1083061969923712,-0.1938576876997947
P0118,2025-12-01,0.2769086900711059,0.1402933543577689,-0.1049128810432274
P0119,2025-01-01,0.2711558790445327,0.2124522314656605,-0.00024115595589391887
P0119,2025-02-01,0.4176083311319351,0.35693110532262,0.1078100704195909
P0119,2025-03-01,0.4872715890407562,0.4281213848708626,0.1741711575187742
P0119,2025-04-01,0.4926635922908783,0.408730159242948,0.1518289498783648
P0119,2025-05-01,0.2370524747252464,0.1820081395182626,-0.0935099698019679
P0119,2025-06-01,0.1534895218253135,0.1217178093622743,-0.1720500091671943
P0119,2025-07-01,0.1222957692027092,0.1025688733653384,-0.1737027802944183
P0119,2025-08-01,0.1232985806465148,0.100594784675654,-0.1682325778961181
P0119,2025-09-01,0.120627311360836,0.0958643616213802,-0.174915046441555
P0119,2025-10-01,0.1615524641871452,0.1202549349499556,-0.1730065050182864
P0119,2025-11-01,0.1897742466330528,0.136018609355837,-0.1455934159249532
P0119,2025-12-01,0.2553974108099937,0.1722658475981093,-0.0666541022395948
P0120,2025-01-01,0.3669724624872207,0.1823979342144062,-0.2176101753592491
P0120,2025-02-01,0.7543824788570404,0.4761665184458862,0.1986760081343352
P0120,2025-03-01,0.853726620721817,0.7186505243698014,0.4713341566815972
P0120,2025-04-01,0.9098790977478028,0.7794582596092957,0.5445774919033051
P0120,2025-05-01,0.7609537968158722,0.5271020040299385,0.3365589657459408
P0120,2025-06-01,0.220175604057312,0.1480630814753968,-0.080415334931761
P0120,2025-07-01,0.1696475417852401,0.1307277075345574,-0.1033050267681479
P0120,2025-08-01,0.1603611594438553,0.121122633400144,-0.1259858128011226
P0120,2025-09-01,0.171064568901062,0.0930593802650847,-0.3162309537649154
P0120,2025-10-01,0.2117979974269866,0.0963366028129733,-0.3174593417406082
P0120,2025-11-01,0.2163857681512832,0.1038327182630826,-0.3055778780817985
P0120,2025-12-01,0.2869414219856262,0.1165369414115889,-0.2910497641447931
P0121,2025-01-01,0.5278823836803437,0.3777461651296811,0.068965896366164
P0121,2025-02-01,0.7990048605918885,0.6932014878210189,0.3611109139624983
P0121,2025-03-01,0.7532219680786133,0.6510421392032528,0.3596180857181549
P0121,2025-04-01,0.5858871018648147,0.4271807604820834,0.1630209389451891
P0121,2025-05-01,0.3829014832735061,0.2709666896590416,-0.0537293611068278
P0121,2025-06-01,0.2726581413269043,0.2096736954518676,-0.1069742841945029
P0121,2025-07-01,0.2626998594403267,0.2059604542170503,-0.0952568050485104
P0121,2025-08-01,0.2693166766166687,0.2156852548514894,-0.0916442213162335
P0121,2025-09-01,0.2681785938262939,0.1872866836870034,-0.1305071712256409
P0121,2025-10-01,0.290718521118164,0.1937947902662431,-0.1455311858498491
P0121,2025-11-01,0.34682024102211,0.2376253257076128,-0.0836229128630831
P0121,2025-12-01,0.3860467812776565,0.2344814740150077,-0.0767941148051992
P0122,2025-01-01,0.4494851584999989,0.1253789550994189,-0.1710288804086956
P0122,2025-02-01,0.7008347701072692,0.4393266199987218,0.1829430190194398
P0122,2025-03-01,0.7383194838047028,0.6463666723869786,0.3597551434196066
P0122,2025-04-01,0.7420814056462104,0.3409934591854566,0.5337865721741948
P0122,2025-05-01,0.5739707355976105,0.4259982870429048,0.182106947550713
P0122,2025-06-01,0.2564744164943695,0.1722590822857205,-0.0751743221708999
P0122,2025-07-01,0.2032661792039871,0.1512931609295929,-0.1061386523462832
P0122,2025-08-01,0.2138095606803894,0.1548143394690546,-0.1083727805729955
P0122,2025-09-01,0.2151541710853576,0.1348881599797022,-0.1980688728172332
P0122,2025-10-01,0.2469453531146049,0.1068804782231052,-0.3008817938394844
P0122,2025-11-01,0.2755297524213791,0.1085334347820869,-0.2806582605810836
P0122,2025-12-01,0.3268694210767746,0.1345353162881713,-0.2440722672091331
P0123,2025-01-01,0.4015965722560882,0.2558220735353983,-0.1051867800684645
P0123,2025-02-01,0.6859719912528992,0.4362401716910531,0.1881931478269398
P0123,2025-03-01,0.7481885422706605,0.5893353954884187,0.3498011574566364
P0123,2025-04-01,0.7822278177261353,0.3883575706197604,0.4695518386393785
P0123,2025-05-01,0.642520294713974,0.4437399415578296,0.2448126610217616
P0123,2025-06-01,0.2941459403991699,0.2102509916266268,-0.0380849844343028
P0123,2025-07-01,0.2117871637582778,0.1594224109489724,-0.0873961095906553
P0123,2025-08-01,0.195163830769062,0.1460748462572692,-0.1060344953091815
P0123,2025-09-01,0.1904008621335029,0.1292214880841723,-0.1750337627323344
P0123,2025-10-01,0.2250456642389297,0.1096796237553563,-0.2673176933951676
P0123,2025-11-01,0.2703984067678451,0.127637239482718,-0.2455261931181885
P0123,2025-12-01,0.2837090323925018,0.1339533176350683,-0.2386250589339993
P0124,2025-01-01,0.3655625903844833,0.2140791607479635,-0.0885228418183513
P0124,2025-02-01,0.6791302055120468,0.4357778072623175,0.2053420801542699
P0124,2025-03-01,0.8426861993789673,0.71655450271182,0.4632005079269409
P0124,2025-04-01,0.869274463891983,0.757309397197086,0.5071248062133789
P0124,2025-05-01,0.4172254618763923,0.236749552584911,0.0250461491906782
P0124,2025-06-01,0.1957105723023414,0.1268554453428877,-0.1137065063118934
P0124,2025-07-01,0.1510921859979629,0.1196798845401373,-0.111123885589838
P0124,2025-08-01,0.1477354397654533,0.1162100140620881,-0.1115879804044961
P0124,2025-09-01,0.1437244200229644,0.1015568783129716,-0.1910344237804412
P0124,2025-10-01,0.1427107299208641,0.0678789103949313,-0.2725614090204238
P0124,2025-11-01,0.1630139572978019,0.0801864623015684,-0.2421427738070488
P0124,2025-12-01,0.2426693827629089,0.1244021883566932,-0.197382009267807
P0125,2025-01-01,0.4580062894582748,0.3515155179630028,0.0115765808066353
P0125,2025-02-01,0.7236909083843232,0.5069909299118315,0.2889859567452222
P0125,2025-03-01,0.7730273545742035,0.6151367875567375,0.3673704625583719
P0125,2025-04-01,0.7566445883512497,0.6079605739872077,0.3719155249238014
P0125,2025-05-01,0.5775386990070343,0.4048434827470936,0.1796406138032674
P0125,2025-06-01,0.3309668319225311,0.2450080499639187,-0.0179435126408151
P0125,2025-07-01,0.1958373232841491,0.1497946825348826,-0.1058441590927541
P0125,2025-08-01,0.1618318329811096,0.1236281532520691,-0.1264326435388066
P0125,2025-09-01,0.1551939664125442,0.1131653301131992,-0.1432853179365396
P0125,2025-10-01,0.1668214727044105,0.0804594354240285,-0.2708370553970337
P0125,2025-11-01,0.2102606027603149,0.0937044909857544,-0.2490401789724826
P0125,2025-12-01,0.2194204756975174,0.100365040870345,-0.2443682358284131
P0126,2025-01-01,0.2793515616178512,0.2265297697145215,-0.0143569328779703
P0126,2025-02-01,0.6577267021894455,0.58495548102672,0.2757607940107584
P0126,2025-03-01,0.7702635990142822,0.7407059707901964,0.4027372092485428
P0126,2025-04-01,0.6577565633296967,0.5166648281912818,0.2293900593623519
P0126,2025-05-01,0.2049990783691406,0.1348019655468451,-0.1628939776062965
P0126,2025-06-01,0.1411885995626449,0.1153504271388441,-0.176543290245533
P0126,2025-07-01,0.1183418538987636,0.1032911000850809,-0.1700555773139
P0126,2025-08-01,0.1178310809671878,0.1021112466971565,-0.1627755806326866
P0126,2025-09-01,0.1110793150246143,0.0964455185117107,-0.1756277101635933
P0126,2025-10-01,0.1210350521445274,0.0944916065884307,-0.1908300529837608
P0126,2025-11-01,0.1224535800695419,0.0904664869869982,-0.1739568493336439
P0126,2025-12-01,0.190514110827446,0.1136265291018453,-0.0941557176577858
P0127,2025-01-01,0.3458195186864871,0.312937198686639,-0.0305712343309454
P0127,2025-02-01,0.7512808401107788,0.5302166499125627,0.3114593575093895
P0127,2025-03-01,0.8279820323944092,0.7056666415084004,0.4449064464211464
P0127,2025-04-01,0.8287872893333436,0.6996726657386089,0.4838384186029434
P0127,2025-05-01,0.5940861988067627,0.3966236957730628,0.1951050983488559
P0127,2025-06-01,0.2452857013702392,0.1759895987844555,-0.0796696188457077
P0127,2025-07-01,0.191028601360321,0.1472057890647812,-0.1033141029225662
P0127,2025-08-01,0.1810919714927673,0.13780640535663,-0.1159392571793869
P0127,2025-09-01,0.1689832466959953,0.1128067470501675,-0.2147520857613533
P0127,2025-10-01,0.1726481463193893,0.0908334058212765,-0.2776403861418366
P0127,2025-11-01,0.2078697610139847,0.0959867193816696,-0.2455635490894317
P0127,2025-12-01,0.2204208383321762,0.1001719288251941,-0.2291437496112659
P0128,2025-01-01,0.5333818373680115,0.3338108780365919,0.0581456991561572
P0128,2025-02-01,0.858290940618515,0.6695105604883808,0.4249776017665863
P0128,2025-03-01,0.8089805074691773,0.7038529299835329,0.4303743448972702
P0128,2025-04-01,0.7791379506111145,0.5403412555172677,0.3337625613093376
P0128,2025-05-01,0.2103904616117477,0.1182733313948352,-0.1949061874628067
P0128,2025-06-01,0.1966964312553406,0.1284794181077641,-0.1901572212815284
P0128,2025-07-01,0.1554050918340683,0.1200493242250355,-0.1652766648173332
P0128,2025-08-01,0.1468985512971878,0.1108480350045293,-0.1738627508997917
P0128,2025-09-01,0.1490923176884651,0.0953237712572628,-0.2318508363962173
P0128,2025-10-01,0.2410802339315414,0.1616413102822468,-0.1638520499043166
P0128,2025-11-01,0.2506497583270073,0.1577586754139483,-0.1682407367177307
P0128,2025-12-01,0.2563204923510551,0.1298092047204238,-0.1670705393016338
P0129,2025-01-01,0.1943179897964,0.1205062902021705,-0.0534852379467338
P0129,2025-02-01,0.8116816867351532,0.588244930551664,0.3793155948743224
P0129,2025-03-01,0.8247054152011871,0.7641175589643754,0.4593327709078789
P0129,2025-04-01,0.8761560573101044,0.7689004711023044,0.5169722748875618
P0129,2025-05-01,0.7008017166137696,0.5378704303085917,0.320678565178439
P0129,2025-06-01,0.2690850363731384,0.1979948466320012,-0.0105456965669756
P0129,2025-07-01,0.1734831604242324,0.1357224859914683,-0.0734986168578267
P0129,2025-08-01,0.1513281386375427,0.1177501819340141,-0.0927955055490136
P0129,2025-09-01,0.1366169738411903,0.0942577014459183,-0.154578456506133
P0129,2025-10-01,0.1324912917494773,0.0603474969707723,-0.2573552554726601
P0129,2025-11-01,0.1781860127091407,0.0743684827551244,-0.2120011740624904
P0129,2025-12-01,0.1896916352033615,0.0760035350818095,-0.2466534177698195
P0130,2025-01-01,0.2697841274738312,0.1901654102786248,-0.0684817386726848
P0130,2025-02-01,0.478452948474884,0.3568424391279256,0.1058176013136282
P0130,2025-03-01,0.5489433381557465,0.4776371047151279,0.1772628390155732
P0130,2025-04-01,0.5136226424694061,0.4160059309122569,0.1134040486024692
P0130,2025-05-01,0.2872432204484939,0.2155453330837556,-0.0774960916117748
P0130,2025-06-01,0.1982827929854393,0.1615160863915642,-0.1415466545939445
P0130,2025-07-01,0.1549059543609619,0.1274286117666634,-0.156723899102211
P0130,2025-08-01,0.1535421791791915,0.1254118788960891,-0.1581589177966118
P0130,2025-09-01,0.1352513319373131,0.108561081076911,-0.1800223356842994
P0130,2025-10-01,0.1331976411581039,0.1041769970378119,-0.1934129925489425
P0130,2025-11-01,0.1451790912628174,0.1081317898027528,-0.1827317896485328
P0130,2025-12-01,0.2037345428943634,0.1333280657719785,-0.149093701672554
P0131,2025-01-01,0.2906892714619636,0.1681194321779993,-0.17121167351529
P0131,2025-02-01,0.6412735752344132,0.4190196061349571,0.1822982798663899
P0131,2025-03-01,0.76167796459198,0.664341920186441,0.4001681655184366
P0131,2025-04-01,0.6166473532319069,0.4919277389691759,0.24488174404928675
P0131,2025-05-01,0.4716167418718338,0.3195135577519108,0.0895953225801369
P0131,2025-06-01,0.203421436882019,0.1347275906806579,-0.1189579950354993
P0131,2025-07-01,0.1598764985442161,0.1251582057173209,-0.1268969225525856
P0131,2025-08-01,0.1506250934839248,0.1176827120710705,-0.1384465098261833
P0131,2025-09-01,0.1313306185007095,0.0814837387235381,-0.2589847759962081
P0131,2025-10-01,0.1409705833911895,0.075934073252476,-0.2791876167654991
P0131,2025-11-01,0.1665166357398033,0.0820410088216143,-0.251668313896656
P0131,2025-12-01,0.2124002735853195,0.1409112710404756,-0.1980219080686569
P0132,2025-01-01,0.4248775974988937,0.2870985025883601,-0.0004424095088645117
P0132,2025-02-01,0.6290565270423889,0.4546489758336834,0.1789558646522462
P0132,2025-03-01,0.5971732902526855,0.49829253844982,0.2172222539782524
P0132,2025-04-01,0.5457939539194107,0.4008840317988241,0.1247665347643196
P0132,2025-05-01,0.2357061814308166,0.1609418880777602,-0.1647238991260528
P0132,2025-06-01,0.1787300670623779,0.1349911601797368,-0.1893803651571274
P0132,2025-07-01,0.1527217337727546,0.1184824658905273,-0.1837431579113006
P0132,2025-08-01,0.1541553602099418,0.1182223608599044,-0.1806960845708847
P0132,2025-09-01,0.1500381954193115,0.1085241408888038,-0.1994481149196624
P0132,2025-10-01,0.1902901240587234,0.1225280398349141,-0.2255477788925171
P0132,2025-11-01,0.1964145973205566,0.1216858930342081,-0.2003292033672332
P0132,2025-12-01,0.404176413989067,0.2282680710349735,-0.0191816524968948
P0133,2025-01-01,0.3448449993396507,0.1859554619233816,0.0917825604004867
P0133,2025-02-01,0.8061466634988784,0.5902423003748576,0.3966761977422982
P0133,2025-03-01,0.8259463618278503,0.7019025151290326,0.459021732827276
P0133,2025-04-01,0.8257481027663615,0.6130520169257344,0.4662392154981772
P0133,2025-05-01,0.6198505052089691,0.4253786960738719,0.2376737429594621
P0133,2025-06-01,0.308635804772377,0.2126739534894089,-0.0201881585014692
P0133,2025-07-01,0.2014526289582252,0.1460530978301939,-0.1076350100722163
P0133,2025-08-01,0.1633158118009567,0.1177554216151193,-0.1230515268713235
P0133,2025-09-01,0.1393655523538589,0.0864959280149496,-0.189397823035717
P0133,2025-10-01,0.1496793250441551,0.0583709255397148,-0.2347883550882339
P0133,2025-11-01,0.1868953069686889,0.0760513964279285,-0.1680139806684106
P0133,2025-12-01,0.1926622444748878,0.0854526250101214,-0.1691874683498405
P0134,2025-01-01,0.405270854973793,0.2938743045742095,0.0350767988887615
P0134,2025-02-01,0.533046522450447,0.4163051056440419,0.14471162953161
P0134,2025-03-01,0.6419271567821503,0.5338043357519563,0.2594438167624175
P0134,2025-04-01,0.3195527945280075,0.2360078265500176,-0.0418690765730497
P0134,2025-05-01,0.2025477553248405,0.1490952013046055,-0.1460585651397705
P0134,2025-06-01,0.1830099544763565,0.1431014138207127,-0.153963761126995
P0134,2025-07-01,0.1409225104212761,0.1144401652319663,-0.1578683244526386
P0134,2025-08-01,0.1411419780015945,0.1117759779642256,-0.1618237529933452
P0134,2025-09-01,0.1318956397533416,0.1009800027218871,-0.1818830431938171
P0134,2025-10-01,0.1595167012572288,0.114164283895161,-0.1876547593384981
P0134,2025-11-01,0.1611821692705154,0.1115001288231961,-0.1760965505998581
P0134,2025-12-01,0.3134558696746826,0.2002252243598543,-0.0554579419655725
P0135,2025-01-01,0.645618549668789,0.4251553771104184,0.2151041307508945
P0135,2025-02-01,0.8347475212097168,0.5983087056605915,0.4213158576250076
P0135,2025-03-01,0.8061173517227173,0.7160483461008629,0.4570543889999389
P0135,2025-04-01,0.8622439485549926,0.5693699926998165,0.493597394323349
P0135,2025-05-01,0.6424639761209487,0.4512865596804782,0.2628406835123896
P0135,2025-06-01,0.3459615835666657,0.2391167380095656,-0.0043489336127648
P0135,2025-07-01,0.2695620328664779,0.1813152866553846,-0.1046188914186554
P0135,2025-08-01,0.2020556049346923,0.1445691102648668,-0.1371741369437426
P0135,2025-09-01,0.1948254793405532,0.1274105546804563,-0.1776453120827675
P0135,2025-10-01,0.2047974307537078,0.0921284567416921,-0.2588549830436706
P0135,2025-11-01,0.2726839201688766,0.1063792134554874,-0.1847723304599523
P0135,2025-12-01,0.2625379928827285,0.1314502260386453,-0.1588553237010957
P0136,2025-01-01,0.3463045527696609,0.1964238333234977,-0.250148826508224
P0136,2025-02-01,0.6522551026582718,0.3791191389767255,0.0723832260749302
P0136,2025-03-01,0.8093689366340637,0.6419263678923673,0.35906542453859
P0136,2025-04-01,0.8355437973374733,0.8017478501107794,0.4977646270850533
P0136,2025-05-01,0.6280603379726409,0.417437257875399,0.2305800696715712
P0136,2025-06-01,0.2741705532073974,0.1865810592262181,-0.0735569740933366
P0136,2025-07-01,0.1999644054174423,0.1486963055618361,-0.128499130269885
P0136,2025-08-01,0.1840999453902244,0.1250522229861905,-0.195753762280941
P0136,2025-09-01,0.1757069141745567,0.1022206007218094,-0.2861337022066116
P0136,2025-10-01,0.1955350316047668,0.0686678256306633,-0.4244157443523407
P0136,2025-11-01,0.2411064557790756,0.0727676578117469,-0.4202949190855026
P0136,2025-12-01,0.2428757546901702,0.0684303181458422,-0.4311509917259216
P0137,2025-01-01,0.3614152868509293,0.2106748250727133,-0.0739948941245675
P0137,2025-02-01,0.6634455770492553,0.4601059992516144,0.2102985437252093
P0137,2025-03-01,0.675625085234642,0.5550527483991841,0.2691496217858046
P0137,2025-04-01,0.4004133270263671,0.2635960516878645,-0.002853369853273
P0137,2025-05-01,0.2809224934101105,0.1805536957879514,-0.1252143709560856
P0137,2025-06-01,0.2301733334183693,0.1697165550284211,-0.1419302082851529
P0137,2025-07-01,0.1740475260615348,0.1283415439380593,-0.1621422257763333
P0137,2025-08-01,0.1793222641587257,0.1242063747141663,-0.1785187474709004
P0137,2025-09-01,0.1760552790641784,0.1187219385897199,-0.1911498729000683
P0137,2025-10-01,0.1879203485965729,0.1143066199136134,-0.2156704133063554
P0137,2025-11-01,0.2071431607484817,0.1186384525275722,-0.1942310957904905
P0137,2025-12-01,0.2410301911830902,0.1173439775543024,-0.1784717496719211
P0138,2025-01-01,0.6008420372843742,0.3689831967723257,0.09786463161146966
P0138,2025-02-01,0.8134292248249054,0.5396143199591593,0.3271142896339297
P0138,2025-03-01,0.8018676956176758,0.660110712906235,0.4370608120203018
P0138,2025-04-01,0.8912430736541748,0.7413916710236724,0.5251199655890465
P0138,2025-05-01,0.7574016931533814,0.5910471920244162,0.378207592228055
P0138,2025-06-01,0.2584783691644668,0.1948577150407774,0.0151329090029117
P0138,2025-07-01,0.2086568709492683,0.1608362279063053,-0.0499997169870044
P0138,2025-08-01,0.1666173581123352,0.128145062951047,-0.1112674636781215
P0138,2025-09-01,0.1603451057076454,0.1100734158111233,-0.1852179072141647
P0138,2025-10-01,0.2024018341481685,0.0707965493834595,-0.3061035006463528
P0138,2025-11-01,0.2437468808889389,0.1067695825432542,-0.2725286927130073
P0138,2025-12-01,0.3587677719831467,0.1702896404319389,-0.1739102848215028
P0139,2025-01-01,0.3822355765104294,0.1781670759738835,-0.1341018678553402
P0139,2025-02-01,0.6169754736661911,0.3614980299450225,0.1756124125372618
P0139,2025-03-01,0.7012654114723206,0.5423137022585576,0.2949797111610416
P0139,2025-04-01,0.6919406517505646,0.4837026587333092,0.2873265588598558
P0139,2025-05-01,0.5257209556102753,0.3414550475846302,0.10839541654489
P0139,2025-06-01,0.294388746547699,0.188689569190647,-0.0859725036042742
P0139,2025-07-01,0.2290581606864929,0.1586017276450829,-0.1224941862046718
P0139,2025-08-01,0.2206494286060333,0.1445972054289411,-0.1352713771164417
P0139,2025-09-01,0.2258834441423416,0.1373695195661278,-0.1663574055671692
P0139,2025-10-01,0.2550751187205314,0.1246201133568214,-0.2032410689294338
P0139,2025-11-01,0.3059253946781158,0.1391903693561874,-0.1763226734947413
P0139,2025-12-01,0.360371765589714,0.1615040490264775,-0.0603600336961954
P0140,2025-01-01,0.4538937208175659,0.3029092147976653,0.0582099321802379
P0140,2025-02-01,0.7297077583789825,0.6095829721167842,0.3559659926243126
P0140,2025-03-01,0.7019152886867523,0.6477725051829344,0.3846792944272049
P0140,2025-04-01,0.6573681039571762,0.5433219276430867,0.2921895293749869
P0140,2025-05-01,0.2642269569039345,0.1900663042105022,-0.1120600623284932
P0140,2025-06-01,0.2472155456066131,0.1933350035004677,-0.1124822955120355
P0140,2025-07-01,0.1911738504528999,0.1549867450084757,-0.1388193405289202
P0140,2025-08-01,0.1819660324215889,0.1444566293707018,-0.1387509646743536
P0140,2025-09-01,0.1464507738232612,0.1096940408331382,-0.1780929293751716
P0140,2025-10-01,0.1818133268594741,0.1187296489324941,-0.1755260690584778
P0140,2025-11-01,0.2331914261937141,0.1547328011699728,-0.1268241803835146
P0140,2025-12-01,0.3834589860916138,0.2383027376267453,-0.003583308314707
P0141,2025-01-01,0.2317763551950454,0.1515479529578833,-0.1525831912717358
P0141,2025-02-01,0.568054736328125,0.4134258557512181,0.1491922084838152
P0141,2025-03-01,0.6654755761623382,0.5879840425441965,0.2919835877719335
P0141,2025-04-01,0.7252220262289047,0.601682655817876,0.3267878361644689
P0141,2025-05-01,0.299773687505722,0.2292661723673402,-0.0145041255147894
P0141,2025-06-01,0.1606395287752151,0.1154037859119276,-0.1489433552413247
P0141,2025-07-01,0.122170549583435,0.0934059552972894,-0.1568311771988868
P0141,2025-08-01,0.1215234918236732,0.0893712934197574,-0.1641290180206298
P0141,2025-09-01,0.1169878057837486,0.0833248790380658,-0.1956781184256076
P0141,2025-10-01,0.1275769101738929,0.0793503444140387,-0.2200244678020477
P0141,2025-11-01,0.1448471925854683,0.0875288905370352,-0.1945117743313312
P0141,2025-12-01,0.2019536405086517,0.1217361606205194,-0.1497401843816042
P0142,2025-01-01,0.4527457000732421,0.2778653871604937,-0.0375633276808934
P0142,2025-02-01,0.7562619726657868,0.5047692228083196,0.3202816908206791
P0142,2025-03-01,0.8144146364212036,0.6393287875565817,0.4597401286661625
P0142,2025-04-01,0.8543298221588135,0.6867154910788392,0.492534564474225
P0142,2025-05-01,0.7021296927452088,0.4417102549506418,0.225048415964283
P0142,2025-06-01,0.3498135835886001,0.2266769804860997,-0.0178372041960261
P0142,2025-07-01,0.2300469717979431,0.1607857860696601,-0.1092255611337721
P0142,2025-08-01,0.1944116680383682,0.138763313144054,-0.1212785496296361
P0142,2025-09-01,0.1672127454996109,0.1053441676963719,-0.1812898960649967
P0142,2025-10-01,0.1646586935400963,0.0614396299608381,-0.313947946691513
P0142,2025-11-01,0.1965571820735931,0.0623922357760251,-0.3029031987667083
P0142,2025-12-01,0.2224196976780891,0.0787421019630865,-0.2631533275604248
P0143,2025-01-01,0.4861321410179138,0.3155496778020266,0.0679777929309198
P0143,2025-02-01,0.7893736935138702,0.5983645699373026,0.3578017019115388
P0143,2025-03-01,0.7707995035171509,0.6601732662117462,0.4243675449740142
P0143,2025-04-01,0.5028253311157227,0.3087677244181932,0.0736452467642258
P0143,2025-05-01,0.1896128280162811,0.1099472646901055,-0.1950787663787603
P0143,2025-06-01,0.1691906937599182,0.114679310924139,-0.1924879333972931
P0143,2025-07-01,0.1322777570486068,0.1031907853031208,-0.1708747895359993
P0143,2025-08-01,0.1326509400010109,0.102373231542895,-0.1632915541410446
P0143,2025-09-01,0.130912967801094,0.0946298693985774,-0.1884168585062027
P0143,2025-10-01,0.2045305349826812,0.1345015988173962,-0.1761892496868968
P0143,2025-11-01,0.2095518860578537,0.1228976042809696,-0.1693225918672979
P0143,2025-12-01,0.264549158167839,0.1412277292664581,-0.1188819894717075
P0144,2025-01-01,0.4471834212779998,0.3124093922258663,0.0512111201322404
P0144,2025-02-01,0.669880402469635,0.5125591241394267,0.2493798848832026
P0144,2025-03-01,0.6498758670806885,0.530960385816907,0.2686490248680114
P0144,2025-04-01,0.5871902064800263,0.403735439101498,0.1513782053969525
P0144,2025-05-01,0.2385227267026901,0.1559121358985357,-0.1654470940858125
P0144,2025-06-01,0.1731605694651603,0.1354189416460656,-0.1835108060956001
P0144,2025-07-01,0.1375538393735885,0.1090406369485641,-0.179168370950222
P0144,2025-08-01,0.1318619482994079,0.1038070909106223,-0.176498495388031
P0144,2025-09-01,0.1313571488261223,0.098438380535476,-0.1946612738370895
P0144,2025-10-01,0.1456113263368606,0.0999709013187036,-0.2107088453531265
P0144,2025-11-01,0.1558378735184669,0.1033994206524541,-0.1980695059359073
P0144,2025-12-01,0.2137246677279472,0.1160295948748424,-0.1729302003487944
P0145,2025-01-01,0.517357201719284,0.3267831037753776,0.0522011922396719
P0145,2025-02-01,0.580941539812088,0.3998417642715275,0.1640691815392579
P0145,2025-03-01,0.492997213101387,0.3719910391683758,0.1302890508578159
P0145,2025-04-01,0.4402742704033852,0.3204969961610781,0.0355828066169749
P0145,2025-05-01,0.5353894202232361,0.397881695143,0.1167722481598146
P0145,2025-06-01,0.4544021772265434,0.3546325743267549,0.0574954262723913
P0145,2025-07-01,0.39955895986557,0.3036642461391755,0.0047163167922582
P0145,2025-08-01,0.3897836630940437,0.2903049415218848,-0.0031263393133413
P0145,2025-09-01,0.3737692875862121,0.2549976676484163,-0.0464058930684812
P0145,2025-10-01,0.4096858040213585,0.2488192675240915,-0.0525601453399984
P0145,2025-11-01,0.4482071802973747,0.2705688750796163,0.0054161762045639
P0145,2025-12-01,0.5171243588924408,0.3287883165655786,0.0656279336000327
P0146,2025-01-01,0.1968375751018524,0.1279328630168574,-0.1812684258818626
P0146,2025-02-01,0.5045884521961213,0.3207472232822429,0.0639262133263051
P0146,2025-03-01,0.7254811196804046,0.61830392138784,0.312021803855896
P0146,2025-04-01,0.6728996260166168,0.5122893589699146,0.2476572276175953
P0146,2025-05-01,0.253817060804367,0.1384210016582019,-0.1795965792775154
P0146,2025-06-01,0.1862756232500076,0.1358388972542064,-0.1852148165464401
P0146,2025-07-01,0.1537203661203384,0.1204601752902746,-0.1583946015357971
P0146,2025-08-01,0.142592359483242,0.1110223613015153,-0.1595860663056373
P0146,2025-09-01,0.1335779858589172,0.0990628273166173,-0.1910441949129104
P0146,2025-10-01,0.1374351162195205,0.0836294888578433,-0.2383052675008773
P0146,2025-11-01,0.1469733020663261,0.0847043133497054,-0.22351173787117
P0146,2025-12-01,0.1606485523939132,0.0896493871003963,-0.2206477550148964
P0147,2025-01-01,0.5242571297645569,0.358805611999581,0.0880867148628924
P0147,2025-02-01,0.8232659586429596,0.6348729384303539,0.3914432168245315
P0147,2025-03-01,0.8290397203445434,0.7545364146839266,0.4579690406560898
P0147,2025-04-01,0.657869310092926,0.4771952981326661,0.2227158845096826
P0147,2025-05-01,0.2090208608150482,0.116441224051718,-0.2054692909538746
P0147,2025-06-01,0.1529040599942207,0.1133290274720422,-0.1895943212270736
P0147,2025-07-01,0.1251251215100288,0.0996335080144508,-0.1681168256998062
P0147,2025-08-01,0.1230531047701835,0.0954301763485062,-0.1683213935017585
P0147,2025-09-01,0.1180968807220459,0.0814302685323306,-0.2066605992078781
P0147,2025-10-01,0.1323181547045707,0.0798029973314427,-0.2413699293971061
P0147,2025-11-01,0.1447825954198837,0.0844435304265186,-0.2136824272274971
P0147,2025-12-01,0.2603375209331512,0.1464153317801894,-0.0741347573399543
P0148,2025-01-01,0.3865912076234817,0.2207290089208333,-0.1867812571972608
P0148,2025-02-01,0.748456197309494,0.4649774457426827,0.2097384294666349
P0148,2025-03-01,0.7730179401874542,0.6203639167714705,0.3920942399509251
P0148,2025-04-01,0.8571154445648194,0.6706524260108383,0.4715072537958622
P0148,2025-05-01,0.42671660592556,0.2541612932275466,0.0090536653410759
P0148,2025-06-01,0.2096467359542846,0.1440460877272735,-0.1159638507070019
P0148,2025-07-01,0.1643707139730453,0.1318443849363051,-0.1290943662822246
P0148,2025-08-01,0.1608721315622329,0.1282223124054091,-0.1271507170796394
P0148,2025-09-01,0.1553973205447197,0.1012410027387198,-0.2585215431928634
P0148,2025-10-01,0.1912430624008178,0.0734148825831883,-0.3767510158061981
P0148,2025-11-01,0.2231164239645004,0.0791741109874119,-0.3660559143543243
P0148,2025-12-01,0.2235588944673538,0.0783616378556952,-0.2671985871791839
P0149,2025-01-01,0.4261493917162481,0.0922112248143237,-0.0369431460480856
P0149,2025-02-01,0.8104356015205383,0.5813096209310453,0.3532420910596847
P0149,2025-03-01,0.8781654501914978,0.6777967960649757,0.4906898951530457
P0149,2025-04-01,0.7803911050319672,0.5410307919880917,0.3989517276287079
P0149,2025-05-01,0.4148641830682754,0.2243842443052777,0.0460188519496927
P0149,2025-06-01,0.2319684764623642,0.1439836840832771,-0.107593821696937
P0149,2025-07-01,0.1608431476831436,0.1320017572647477,-0.1299433916687965
P0149,2025-08-01,0.18452342826128,0.1490624181011831,-0.1160606815248727
P0149,2025-09-01,0.1600359612703323,0.1186236572627428,-0.1792209293842315
P0149,2025-10-01,0.1687246448278427,0.0869132243211675,-0.2822752965927124
P0149,2025-11-01,0.1817192156553268,0.0995379006432888,-0.2074263005793094
P0149,2025-12-01,0.2452153195261955,0.1318009362278891,-0.1949464734598994
P0150,2025-01-01,0.2423637613654136,0.1372140813427667,-0.1757459243863821
P0150,2025-02-01,0.6357228917121888,0.4403326291883672,0.1907848088184371
P0150,2025-03-01,0.8003609355926513,0.7004069967464729,0.4491325473546982
P0150,2025-04-01,0.8059488806724548,0.6683643399771888,0.4510786824285984
P0150,2025-05-01,0.4650899220943451,0.2876712339810486,0.0778538537145126
P0150,2025-06-01,0.1971770825743675,0.1340266744378735,-0.1386782636806368
P0150,2025-07-01,0.1545983249783516,0.1138402908179224,-0.1443062312960624
P0150,2025-08-01,0.1461998665809631,0.1149620461550405,-0.1298216314971447
P0150,2025-09-01,0.1394907913208007,0.0983178837756609,-0.2015794099807739
P0150,2025-10-01,0.1677235367417335,0.0965294847958534,-0.2224810632586479
P0150,2025-11-01,0.1869060590744018,0.1039561533038619,-0.2141774406671524
P0150,2025-12-01,0.2398172170400619,0.1273656910679603,-0.196710625032708
P0151,2025-01-01,0.5117591718435287,0.3491209297493529,-0.00019378983251337945
P0151,2025-02-01,0.7877525784492493,0.5837666306397824,0.3028559357455
P0151,2025-03-01,0.8020411875724792,0.6768904763221528,0.4437689186768606
P0151,2025-04-01,0.8208923676490784,0.5974407944081569,0.4366296829223632
P0151,2025-05-01,0.5367020538330078,0.323027673882845,0.1457144137902185
P0151,2025-06-01,0.2549113562583923,0.1722994771968813,-0.0636856208441779
P0151,2025-07-01,0.1943690363168716,0.1432135339636402,-0.0968313867002725
P0151,2025-08-01,0.1659977926969528,0.1320194520359367,-0.0977590126422699
P0151,2025-09-01,0.1589474526524543,0.1038792850353937,-0.2634694637775421
P0151,2025-10-01,0.1958338962078094,0.1001878692185275,-0.2863892567873001
P0151,2025-11-01,0.2019384665608406,0.1179589702898263,-0.2384877514526248
P0151,2025-12-01,0.2474429645299911,0.1225262889822081,-0.2342894356828183
P0152,2025-01-01,0.3835015063285827,0.2058318833689636,-0.1249710632642731
P0152,2025-02-01,0.6297120755195618,0.4361758168798185,0.1865792948562651
P0152,2025-03-01,0.7599515370368958,0.6023795728463228,0.3828317940123379
P0152,2025-04-01,0.6285926239848136,0.4881446089906307,0.25029443020876496
P0152,2025-05-01,0.4972337109327316,0.3739096451349386,0.117757066405192
P0152,2025-06-01,0.2143604543209075,0.1540562552079645,-0.1151979428194928
P0152,2025-07-01,0.1857601490139961,0.1399206933010098,-0.1251075898293406
P0152,2025-08-01,0.1786248464226722,0.129095628530828,-0.1358119519218802
P0152,2025-09-01,0.1729488885521888,0.110622562836733,-0.1962464294537902
P0152,2025-10-01,0.1913433449745178,0.0966427872384714,-0.2590258629713207
P0152,2025-11-01,0.2164398583889007,0.0977999833685273,-0.2286215602882206
P0152,2025-12-01,0.2599896584510803,0.1629225553681597,-0.1696409627065062
P0153,2025-01-01,0.4438956372499466,0.3383609240631423,0.0913156127460184
P0153,2025-02-01,0.6076367702960968,0.4957011748031754,0.2421585668904707
P0153,2025-03-01,0.5344078157901764,0.4608323626295548,0.2072614154886454
P0153,2025-04-01,0.398993695306778,0.309158065870748,0.0739973638240713
P0153,2025-05-01,0.1889230567932129,0.1477535655421574,-0.1201127845253795
P0153,2025-06-01,0.1667826193809509,0.1398608945900418,-0.1374497911274433
P0153,2025-07-01,0.1405235591292381,0.1187403366310367,-0.1370218056857585
P0153,2025-08-01,0.1423018566250801,0.1179576450397138,-0.1356618884921074
P0153,2025-09-01,0.1430773138642311,0.1150819122135184,-0.1398000438392162
P0153,2025-10-01,0.2021151062607765,0.1565211935559587,-0.1159036246061325
P0153,2025-11-01,0.2200898941040039,0.1592816620569604,-0.0970514154440257
P0153,2025-12-01,0.3158974251747131,0.205983335040513,-0.009845832479652
P0154,2025-01-01,0.6969197438955307,0.5312894331537312,0.2069544496703892
P0154,2025-02-01,0.8422392842769623,0.75202186991382,0.4419709743008017
P0154,2025-03-01,0.8079951666355133,0.7375173224788039,0.4614684316396713
P0154,2025-04-01,0.7937384472370148,0.6610179070229295,0.4245408999800682
P0154,2025-05-01,0.3967246998786926,0.2679960544989405,0.0325485689949709
P0154,2025-06-01,0.1876208251714706,0.1448337082712045,-0.1242798324637115
P0154,2025-07-01,0.1857541130304336,0.1438271386712506,-0.1144896139025688
P0154,2025-08-01,0.166339502441883,0.1093247254743662,-0.1900990292340517
P0154,2025-09-01,0.16544755859375,0.0988708083784786,-0.2186146919071674
P0154,2025-10-01,0.1816318822145462,0.0945445038531653,-0.2450116177439689
P0154,2025-11-01,0.2591394394040108,0.127405074498979,-0.2033034425236284
P0154,2025-12-01,0.2803302127361297,0.1427253748341739,-0.1810860685437917
P0155,2025-01-01,0.387070314836502,0.1644907752826374,-0.074592978421878
P0155,2025-02-01,0.7739773038387299,0.5275745059051873,0.2607784042090643
P0155,2025-03-01,0.788403418636322,0.6522117931878492,0.3271447158336639
P0155,2025-04-01,0.4125461895942688,0.2644245222242976,-0.0215250548631855
P0155,2025-05-01,0.2608313200950622,0.1440035179634367,-0.1889379088759422
P0155,2025-06-01,0.1975854149580002,0.1251778870301598,-0.2002945289611816
P0155,2025-07-01,0.1556460088729858,0.1042930561067697,-0.2160645341515541
P0155,2025-08-01,0.1368829909324646,0.1060735975806766,-0.1830778200864792
P0155,2025-09-01,0.1291307897090912,0.0933191285775089,-0.2217603086709976
P0155,2025-10-01,0.1648741004228592,0.1112129418394696,-0.21873135792315
P0155,2025-11-01,0.2646584263563156,0.175406789944156,-0.1688637690640985
P0155,2025-12-01,0.3467252265453339,0.2419252498695362,-0.0865605520009994
P0156,2025-01-01,0.4849307935476303,0.4335414264864864,0.1159990875496529
P0156,2025-02-01,0.7399949021458626,0.4893527219787669,0.2883563603052869
P0156,2025-03-01,0.757956149533391,0.5596546072507607,0.3408649859451223
P0156,2025-04-01,0.6846733162547106,0.5496203635249347,0.3145703405505693
P0156,2025-05-01,0.5870343388438225,0.4153579688233301,0.214261606464535
P0156,2025-06-01,0.3820507025212049,0.2522505540844004,-0.0225191126522608
P0156,2025-07-01,0.2862793735355138,0.1989748213242801,-0.0785538077099481
P0156,2025-08-01,0.276319830776751,0.1831709248529086,-0.0929222659680061
P0156,2025-09-01,0.2631931001067161,0.1678549903578175,-0.1143944981206208
P0156,2025-10-01,0.294097501283139,0.1547167200370733,-0.1518866356775164
P0156,2025-11-01,0.3896404500365257,0.1930101239622055,-0.0758656421927735
P0156,2025-12-01,0.4301057167649269,0.2078384980036277,-0.0361954047849867
P0157,2025-01-01,0.2632362656116485,0.1445751644688096,-0.1956637748967856
P0157,2025-02-01,0.4999500180959702,0.3037282904804853,0.0560811393396928
P0157,2025-03-01,0.7301360936641693,0.5930009525360708,0.3271519403894432
P0157,2025-04-01,0.7676549567937851,0.6255719719008568,0.3643659424785525
P0157,2025-05-01,0.4598675315976143,0.2924151534366268,0.0810917715189047
P0157,2025-06-01,0.2135154681682586,0.1514662777802539,-0.1483489176779985
P0157,2025-07-01,0.1743513309121132,0.1359195544900924,-0.1335934684187174
P0157,2025-08-01,0.1749777165412903,0.1343538715230365,-0.1272446586757898
P0157,2025-09-01,0.1661517919063568,0.1181255260556072,-0.2050421321213245
P0157,2025-10-01,0.2024306874275207,0.1228757528473642,-0.209612362826243
P0157,2025-11-01,0.2243718685626983,0.1225587427748458,-0.2041494197724387
P0157,2025-12-01,0.2570408953666687,0.1482938099165631,-0.1650542044758796
P0158,2025-01-01,0.2859101784229279,0.1775319192366839,-0.1863815645656548
P0158,2025-02-01,0.5610017511844635,0.3938267169134164,0.0938152224835091
P0158,2025-03-01,0.6741915550231934,0.5572672830887292,0.2628746111614047
P0158,2025-04-01,0.7020742562532425,0.5645018903964673,0.3003880313456059
P0158,2025-05-01,0.4478618912220001,0.3356584230068327,0.100601011557132
P0158,2025-06-01,0.237796317076683,0.154274351557541,-0.1147652090565301
P0158,2025-07-01,0.1627726079940795,0.1217837538358079,-0.1448267710089683
P0158,2025-08-01,0.1563898148536682,0.1162841959493622,-0.1434421640992164
P0158,2025-09-01,0.1415273554444313,0.0790717214021074,-0.291818696641922
P0158,2025-10-01,0.1346544986486434,0.0727837640865291,-0.3108206240177154
P0158,2025-11-01,0.1496946759581565,0.0758721391383453,-0.2882206194162369
P0158,2025-12-01,0.1883780225038528,0.0854276583129219,-0.2896537905327975
P0159,2025-01-01,0.4907466603040695,0.3372349510161608,-0.0054145526777021
P0159,2025-02-01,0.7809199510097503,0.6073654094380677,0.3741294889748096
P0159,2025-03-01,0.7897243933677673,0.6777263991637201,0.4424651232004166
P0159,2025-04-01,0.8550079714775085,0.7464822406877746,0.4992698405981063
P0159,2025-05-01,0.6569074097633362,0.4605973854767482,0.2719416520416736
P0159,2025-06-01,0.2532123260259628,0.1861177943907985,-0.0258017044440566
P0159,2025-07-01,0.1658137563109397,0.1284876105626046,-0.1064453473195433
P0159,2025-08-01,0.1454475397586822,0.1085710794497786,-0.1379681368388235
P0159,2025-09-01,0.1428867436051368,0.0928201828522344,-0.1933104931928217
P0159,2025-10-01,0.187471647298336,0.0799710904408886,-0.2993793808579444
P0159,2025-11-01,0.2104254538655281,0.0898094473409302,-0.2746932846307754
P0159,2025-12-01,0.2249356865406036,0.1067148557686996,-0.2188579868435859
P0160,2025-01-01,0.5694091067314148,0.4054260978434082,0.111822712488845
P0160,2025-02-01,0.8698382851123809,0.7780565553400903,0.4755058905601501
P0160,2025-03-01,0.7494360495567322,0.6708703166382636,0.4904252466201782
P0160,2025-04-01,0.7857397116184235,0.6643007521238791,0.4678306201457977
P0160,2025-05-01,0.377605446100235,0.232742389314357,-0.0116330699818267
P0160,2025-06-01,0.2013266130685806,0.1520715105219548,-0.1313336452394723
P0160,2025-07-01,0.1739812644720077,0.1359280925387442,-0.1397140358179807
P0160,2025-08-01,0.1736540427088737,0.1370450178346559,-0.1328137896418571
P0160,2025-09-01,0.1611338313221931,0.1146421134812337,-0.1910192007124424
P0160,2025-10-01,0.1652335566878318,0.0982824807420399,-0.2317223787397146
P0160,2025-11-01,0.1863486311793327,0.1017156596736571,-0.2144341578142717
P0160,2025-12-01,0.246516037940979,0.1198956814708738,-0.1526593497926485
P0161,2025-01-01,0.2649954063415527,0.1724132157752948,-0.0950693449599668
P0161,2025-02-01,0.4250434795856476,0.2791278711587325,0.0331277330689132
P0161,2025-03-01,0.5661936703205108,0.4708018101671229,0.1702550188993165
P0161,2025-04-01,0.5326273573637008,0.3858114436962993,0.1028120701017556
P0161,2025-05-01,0.3361139533758163,0.2241045984254903,-0.0671405045385705
P0161,2025-06-01,0.2155163733720779,0.1552184667278659,-0.1517512825369835
P0161,2025-07-01,0.1724135846495628,0.1305084954677369,-0.1526848248124122
P0161,2025-08-01,0.1691830005407333,0.1278004287116855,-0.1487716205239296
P0161,2025-09-01,0.1584895480394363,0.1153454580035271,-0.1743444824934005
P0161,2025-10-01,0.1478422264575958,0.0995835944346321,-0.2101761549115181
P0161,2025-11-01,0.1567653297305107,0.1024767012522537,-0.1957775218963623
P0161,2025-12-01,0.1787270996451377,0.1073287645919849,-0.1865418670594692
P0162,2025-01-01,0.4818842365264892,0.2752359547233735,-0.1289163316799327
P0162,2025-02-01,0.8223728212833404,0.5849649629633565,0.3430520439557731
P0162,2025-03-01,0.8349382144451142,0.7452387327115246,0.4651896608114242
P0162,2025-04-01,0.7379246272629113,0.3556019732472537,0.5180348306894302
P0162,2025-05-01,0.395810806775093,0.2156489392951061,0.0033352024229709
P0162,2025-06-01,0.1813240741252899,0.1210933392153034,-0.1463622963899746
P0162,2025-07-01,0.1673840531229972,0.1376815198584409,-0.1187395423815585
P0162,2025-08-01,0.190200143456459,0.1562056264641186,-0.0968838368192315
P0162,2025-09-01,0.1797433578968048,0.1401423215184024,-0.1595102838509716
P0162,2025-10-01,0.1799595763683319,0.0902105737044444,-0.3093582200467586
P0162,2025-11-01,0.2078413634300231,0.0918274742353095,-0.3014948030084372
P0162,2025-12-01,0.2230725202560425,0.0915074251819953,-0.2798308071494102
P0163,2025-01-01,0.339067317488417,0.2105883710735318,-0.0430868853286374
P0163,2025-02-01,0.7218726994901895,0.5393767623297185,0.2845237404268235
P0163,2025-03-01,0.7748077584847808,0.6885449647123526,0.4133266207348555
P0163,2025-04-01,0.770583216612041,0.5807899338620236,0.3681157250970602
P0163,2025-05-01,0.1886109441109001,0.1065681710940817,-0.1955768386095762
P0163,2025-06-01,0.169747758205235,0.1133988397103157,-0.1955891659200191
P0163,2025-07-01,0.1198845473901834,0.0955512887526276,-0.1637919557675719
P0163,2025-08-01,0.1234865426898002,0.0966891862657317,-0.1551973985224962
P0163,2025-09-01,0.1140130041278898,0.0828921302299964,-0.1816964279219508
P0163,2025-10-01,0.1289668956570327,0.0816071345899971,-0.206707651746273
P0163,2025-11-01,0.1580430537067353,0.0927660776689819,-0.1851524341300129
P0163,2025-12-01,0.177378154695034,0.094761740347304,-0.1672096433933824
P0164,2025-01-01,0.2537711040139198,0.1613781558374049,-0.156522921946831
P0164,2025-02-01,0.6565100710391998,0.435909696320844,0.1963731488389894
P0164,2025-03-01,0.7988210903644561,0.6737239123964537,0.3911984973073005
P0164,2025-04-01,0.6279971780776977,0.4033879138852769,0.1786436441808939
P0164,2025-05-01,0.3236115255355835,0.1711381790995471,-0.1017419189702021
P0164,2025-06-01,0.2005126595497131,0.1368639467407898,-0.1698612872719764
P0164,2025-07-01,0.1591115349888801,0.1223324390532609,-0.1717251862764358
P0164,2025-08-01,0.1520931683540344,0.1194567661026837,-0.1683479100823402
P0164,2025-09-01,0.1468433911800384,0.1089477923941461,-0.1904760346412658
P0164,2025-10-01,0.1490141527771949,0.0933435003237806,-0.2361767403572797
P0164,2025-11-01,0.1685987586617469,0.0972447613407645,-0.2091487255513668
P0164,2025-12-01,0.1710725636363029,0.099876708307706,-0.1701783846665173
P0165,2025-01-01,0.6745073802053928,0.5492021100954728,0.1874349051055498
P0165,2025-02-01,0.7866220053434372,0.6993738452439766,0.3997080862250179
P0165,2025-03-01,0.7626450261831283,0.6864997196038949,0.4329346962280571
P0165,2025-04-01,0.7475577371001244,0.6151245433379471,0.4211121469821781
P0165,2025-05-01,0.2952284765183925,0.2457541834664111,-0.0561659132183529
P0165,2025-06-01,0.2078116356730461,0.1520899641978062,-0.1574072340719401
P0165,2025-07-01,0.1757150808811187,0.1201900304846128,-0.1996612677101618
P0165,2025-08-01,0.1744535667106509,0.1181005272331592,-0.2072109534159302
P0165,2025-09-01,0.1697211280900985,0.104443180588387,-0.2374914129674434
P0165,2025-10-01,0.1833451201915741,0.0977648011195398,-0.2898567788004875
P0165,2025-11-01,0.2269439645402133,0.0976459593906646,-0.2631512523517013
P0165,2025-12-01,0.2195332665681839,0.0882903663905535,-0.1802439502418041
P0166,2025-01-01,0.435524349451065,0.3532723998510647,0.0926471560757432
P0166,2025-02-01,0.6239437313199043,0.5274865557409992,0.2641397321425378
P0166,2025-03-01,0.5015506507635117,0.4293971666201119,0.1660295733116567
P0166,2025-04-01,0.3929044405937195,0.3039315464760577,0.0302625412309205
P0166,2025-05-01,0.1903832935750484,0.1569248186059521,-0.1211334223058074
P0166,2025-06-01,0.1646325594305992,0.1452571798275721,-0.1434246933639049
P0166,2025-07-01,0.129264479804039,0.1160779689154867,-0.1501803455248475
P0166,2025-08-01,0.1281797596037387,0.113709275169878,-0.1487261246830225
P0166,2025-09-01,0.122045376086235,0.1071300545804564,-0.1507822183072567
P0166,2025-10-01,0.1399381662368774,0.1156373094670843,-0.1514099523635581
P0166,2025-11-01,0.151089332562685,0.1174231061271667,-0.1336589160785079
P0166,2025-12-01,0.1968012484490871,0.1334476449425427,-0.0975709015406668
P0167,2025-01-01,0.5143796578168869,0.3653031247848596,0.0825725493257399
P0167,2025-02-01,0.7123523379921913,0.5000584776780798,0.3055812382288277
P0167,2025-03-01,0.7532047021150589,0.6045737897641307,0.3441460095211863
P0167,2025-04-01,0.7157459040164947,0.6068597151432207,0.3580415982030332
P0167,2025-05-01,0.5461314659833908,0.3913114698337493,0.1806430375020019
P0167,2025-06-01,0.2994087791442871,0.2084220739973817,-0.0977404065190348
P0167,2025-07-01,0.2446124889016151,0.1846432848000429,-0.1108227173943072
P0167,2025-08-01,0.2513126480460167,0.1906030395146946,-0.1037463948739692
P0167,2025-09-01,0.2414627447843551,0.171428439730076,-0.1357658680524677
P0167,2025-10-01,0.2392522709608078,0.1433819016980872,-0.2009511930339038
P0167,2025-11-01,0.3320582277536392,0.17570458706777,-0.1095478171844501
P0167,2025-12-01,0.3690960407376289,0.2126845421196443,-0.0571542176607064
P0168,2025-01-01,0.3228696751117706,0.2019285954243019,-0.1200001708023715
P0168,2025-02-01,0.674430316376686,0.4825937574941121,0.2448677448840812
P0168,2025-03-01,0.7745964900493622,0.643438457431303,0.4162343210577964
P0168,2025-04-01,0.6891290159786448,0.5504738616221002,0.295549741562675
P0168,2025-05-01,0.4297427640914917,0.2473434109429409,0.0616211067678406
P0168,2025-06-01,0.1987354647874832,0.1321020042216105,-0.12951767359972
P0168,2025-07-01,0.166984827876091,0.1305236556871624,-0.1197042124092578
P0168,2025-08-01,0.1598458531498909,0.1234376321613548,-0.1313428543627262
P0168,2025-09-01,0.1426087823033333,0.0875493780998277,-0.2383155550479889
P0168,2025-10-01,0.1539132424116134,0.0832554362539785,-0.2671525588631629
P0168,2025-11-01,0.1793521058320999,0.0909023277768942,-0.2409346363127231
P0168,2025-12-01,0.1864618651628494,0.0972664971073454,-0.2019873490154743
P0169,2025-01-01,0.3117850946426391,0.1735803595625213,-0.1788450257435441
P0169,2025-02-01,0.6757342241287232,0.4467694532001695,0.2466788328722119
P0169,2025-03-01,0.8229118830680847,0.6971029217248434,0.4631355363368988
P0169,2025-04-01,0.637659727191925,0.48502867984718234,0.2475779074782818
P0169,2025-05-01,0.4524075713157653,0.2729544379695213,0.0320202786196648
P0169,2025-06-01,0.1907627379179,0.1334559236228642,-0.1701024339437484
P0169,2025-07-01,0.1640693368792533,0.1251610933446043,-0.1477726478755474
P0169,2025-08-01,0.1493214564681053,0.1083951985991207,-0.1730702270328998
P0169,2025-09-01,0.1444353945493698,0.0830163108271233,-0.2538824722528457
P0169,2025-10-01,0.1455560147907585,0.069197698469476,-0.2960187761306763
P0169,2025-11-01,0.1780260647416114,0.0752102876109583,-0.2806879057884216
P0169,2025-12-01,0.2301322530984878,0.084255424427519,-0.1817798652587458
P0170,2025-01-01,0.3914207766056061,0.2602417429102842,-0.0926354951441288
P0170,2025-02-01,0.64949336810112,0.4780540727947848,0.2209607343778014
P0170,2025-03-01,0.7661527021408081,0.6433344440085736,0.3580005052382359
P0170,2025-04-01,0.8003809148788452,0.6306389291984515,0.4011650296211242
P0170,2025-05-01,0.4515675978422165,0.3043969316489338,0.0272085319133242
P0170,2025-06-01,0.2014423570990562,0.1399836142456756,-0.1640988266348838
P0170,2025-07-01,0.1559001773118973,0.1168617602639592,-0.168775507748127
P0170,2025-08-01,0.1564138272047043,0.1102032353045225,-0.1906351613521576
P0170,2025-09-01,0.1540183420658111,0.1004836412405636,-0.2376693700432777
P0170,2025-10-01,0.1663981404185295,0.0894471708653655,-0.2852897425413132
P0170,2025-11-01,0.1809911461949348,0.0939726260784722,-0.2584782666921615
P0170,2025-12-01,0.2851042835474014,0.1568988350792066,-0.1903813366711139
P0171,2025-01-01,0.5330168328523636,0.3463589737735736,0.0866469510415569
P0171,2025-02-01,0.6721306086063386,0.4876050948923005,0.2347218560855835
P0171,2025-03-01,0.5269789377450943,0.4030287195539893,0.1467633962269872
P0171,2025-04-01,0.392717685714364,0.2632319136181521,-0.0162766140306368
P0171,2025-05-01,0.2082646896243095,0.1372184468602432,-0.1872709458120167
P0171,2025-06-01,0.1765201505899429,0.128969123289349,-0.196255209004879
P0171,2025-07-01,0.1579830510497093,0.115849164637375,-0.1880624381303787
P0171,2025-08-01,0.1554975843191146,0.1119862343643655,-0.191235783457756
P0171,2025-09-01,0.1585776940584182,0.1103113239969059,-0.2069120062232017
P0171,2025-10-01,0.2297858243227005,0.1391470227886855,-0.2159196739475243
P0171,2025-11-01,0.2712261413574219,0.1649492241839126,-0.1620134789239615
P0171,2025-12-01,0.3180297282934189,0.1681488944878259,-0.0585560290136374
P0172,2025-01-01,0.3067106520652771,0.1509893278514213,-0.2143362182144075
P0172,2025-02-01,0.6360037370204925,0.4070788473372592,0.1259848405028693
P0172,2025-03-01,0.773967440032959,0.6306303863318826,0.3351391215205193
P0172,2025-04-01,0.6718263882637024,0.4675733743640169,0.1999536516274325
P0172,2025-05-01,0.4766513968229294,0.2891609106745374,0.0127486768449268
P0172,2025-06-01,0.4177189736127853,0.3149783141915423,-0.0139944294657558
P0172,2025-07-01,0.3844004998922348,0.3136790585854807,0.0077019656660966
P0172,2025-08-01,0.3762181564688682,0.2988717639660685,0.011840878207609
P0172,2025-09-01,0.330352115213871,0.2184863076815923,-0.0950151093213353
P0172,2025-10-01,0.2977500631809234,0.1575754183711207,-0.190551543384022
P0172,2025-11-01,0.2733824423193932,0.1319359991407579,-0.2240560811497271
P0172,2025-12-01,0.2959745928049087,0.1464818436229095,-0.209571590915136
P0173,2025-01-01,0.5533172918081284,0.3807319524120359,0.0547827439605258
P0173,2025-02-01,0.7800692742824554,0.5481547900949211,0.339956840236485
P0173,2025-03-01,0.7578160248279572,0.5969359555880297,0.3810350179800764
P0173,2025-04-01,0.7759317602157593,0.5818048053849652,0.4008036331281066
P0173,2025-05-01,0.5002375285625458,0.3520461651448074,0.1524497196029871
P0173,2025-06-01,0.2685455162763595,0.2102921237456578,-0.0175090093657374
P0173,2025-07-01,0.1973514625430107,0.1575088235420544,-0.0718097348833456
P0173,2025-08-01,0.1864676168084144,0.1461264887916642,-0.0921131842151284
P0173,2025-09-01,0.1759372735023498,0.1261105920694917,-0.1447446619033813
P0173,2025-10-01,0.1624786856770515,0.0713719067595358,-0.2861903057456016
P0173,2025-11-01,0.1908962547421455,0.081666269406846,-0.2732295822739601
P0173,2025-12-01,0.2094333603739738,0.0785132043463735,-0.2937160242386162
P0174,2025-01-01,0.4077063958168029,0.326607285329048,0.0419847476794384
P0174,2025-02-01,0.5942481327533722,0.4833791232649325,0.200246425290103
P0174,2025-03-01,0.6717964572429657,0.5762646575696886,0.2837358489990234
P0174,2025-04-01,0.4503856692075729,0.3297365556327566,0.0681155524591449
P0174,2025-05-01,0.258955992436409,0.179770870235736,-0.1170992595799267
P0174,2025-06-01,0.1749424480199813,0.1310068964170759,-0.1652928580760956
P0174,2025-07-01,0.1401867049217224,0.1117272575639972,-0.1736982994616031
P0174,2025-08-01,0.1363643267273903,0.1099075197751841,-0.166282951939106
P0174,2025-09-01,0.1258483802914619,0.0958690877143302,-0.1974785522103309
P0174,2025-10-01,0.1179616522431373,0.0851007147437018,-0.2117259850919246
P0174,2025-11-01,0.1329699076652526,0.0877196203021063,-0.2121590146690607
P0174,2025-12-01,0.1521248240470886,0.0845554327545201,-0.1934164816857315
P0175,2025-01-01,0.3553267615318298,0.1842155813193211,-0.1967452736166305
P0175,2025-02-01,0.6279843572854996,0.3844464810295366,0.108656206970755
P0175,2025-03-01,0.7629244278907776,0.6515925007265716,0.38664000325948
P0175,2025-04-01,0.8676690690517426,0.8021485018556812,0.5110764761328698
P0175,2025-05-01,0.5364798544406891,0.4028528197954903,0.1176081837536301
P0175,2025-06-01,0.2169828891038894,0.1604048585619143,-0.1287733804409392
P0175,2025-07-01,0.1903771845579147,0.1427750921817521,-0.1425618256986141
P0175,2025-08-01,0.1940542919158935,0.1278813140242072,-0.1900835112966597
P0175,2025-09-01,0.202005751645565,0.1140599239567,-0.2622916335508227
P0175,2025-10-01,0.2030909250378608,0.0830446488964343,-0.326762910747528
P0175,2025-11-01,0.2311022135019302,0.1030562641032985,-0.2917705491222441
P0175,2025-12-01,0.2693861911535263,0.1166882862454276,-0.2289164563048631
P0176,2025-01-01,0.5368836698293686,0.3400566713059519,0.1333172465253621
P0176,2025-02-01,0.7042042791068553,0.5390408587905174,0.3097111153647303
P0176,2025-03-01,0.6581819489002227,0.5481160917135947,0.2980083330860361
P0176,2025-04-01,0.6545550683856011,0.476255786065145,0.246093517875811
P0176,2025-05-01,0.3572782205224037,0.2385587880781332,-0.0294207379061728
P0176,2025-06-01,0.3154167468726635,0.2359490045746585,-0.0397812735355459
P0176,2025-07-01,0.2875036477684974,0.2113386351615782,-0.0462444584099575
P0176,2025-08-01,0.2815858383536339,0.1971291231591086,-0.0536977420919109
P0176,2025-09-01,0.2844487960457801,0.1884972954813835,-0.0667703621596098
P0176,2025-10-01,0.3268231098055839,0.2031377663210708,-0.0599596432970836
P0176,2025-11-01,0.3508909193754196,0.203672132223356,-0.0416385048704454
P0176,2025-12-01,0.4190214635014534,0.2406446757410908,0.0245496515983715
P0177,2025-01-01,0.5710273676633835,0.2961103559845657,0.0533220536134671
P0177,2025-02-01,0.797787397480011,0.5518546800918749,0.3362167422097176
P0177,2025-03-01,0.7483548677444458,0.5987990800845158,0.3622592114806175
P0177,2025-04-01,0.7000903797149658,0.4586480016391006,0.2716968566656113
P0177,2025-05-01,0.3627585684299469,0.1971218217249338,-0.0528600219479529
P0177,2025-06-01,0.2882197354078293,0.179573319854793,-0.0754578488039318
P0177,2025-07-01,0.2661999245524406,0.1792831157973306,-0.0758858649264249
P0177,2025-08-01,0.2779171203970909,0.1761172305386149,-0.0689210589748807
P0177,2025-09-01,0.2743505760073662,0.1662875939585942,-0.1016244487406685
P0177,2025-10-01,0.2661696882605552,0.160930846980785,-0.1197704637721995
P0177,2025-11-01,0.3353909807085991,0.1608890896253986,-0.0963357106054201
P0177,2025-12-01,0.3492579419612884,0.1632772072205683,-0.101103849074617
P0178,2025-01-01,0.5621674851536751,0.3531121697669899,0.1192283829276916
P0178,2025-02-01,0.7601302169799805,0.5287192596274338,0.3458879981047474
P0178,2025-03-01,0.7862314614772796,0.6430346900943816,0.423236380771175
P0178,2025-04-01,0.828060296535492,0.6678379841779647,0.4755533980369568
P0178,2025-05-01,0.6251378901481628,0.4513734575413334,0.2726578678116202
P0178,2025-06-01,0.2538384894609451,0.1715444663722941,-0.0682831771803088
P0178,2025-07-01,0.1705388855576515,0.1307019090610966,-0.1021831774652004
P0178,2025-08-01,0.1568897752642631,0.1199088131992355,-0.1040453607499599
P0178,2025-09-01,0.1426545792102813,0.0980615331217162,-0.1658041570544242
P0178,2025-10-01,0.165614961194992,0.06347010089627,-0.2819670888960361
P0178,2025-11-01,0.2116181580781936,0.0779789596384127,-0.2234367158457637
P0178,2025-12-01,0.2789728598833084,0.115696108680446,-0.1806490511680022
P0179,2025-01-01,0.4839732572317123,0.3473069721436962,0.0415520333048189
P0179,2025-02-01,0.6625880810976028,0.4982694722845535,0.2492495914371684
P0179,2025-03-01,0.7329438380718232,0.6178464752348597,0.3449538523465395
P0179,2025-04-01,0.7463287456989288,0.6273746599626315,0.3697049837328494
P0179,2025-05-01,0.649564580154419,0.51663421987585,0.2936060477569699
P0179,2025-06-01,0.334225537443161,0.2450786594159123,-0.0144396439759817
P0179,2025-07-01,0.2493175104856491,0.1834964738483583,-0.0818217725232243
P0179,2025-08-01,0.2303639996051788,0.1693591684690039,-0.0803007664796896
P0179,2025-09-01,0.2161852537631988,0.142647676302965,-0.1583813515752554
P0179,2025-10-01,0.2312319558739662,0.1333116095833637,-0.1877548609906807
P0179,2025-11-01,0.2770340100049973,0.1548879620471407,-0.1569374031826853
P0179,2025-12-01,0.3369787390708923,0.1922329805553899,-0.108995217770338
P0180,2025-01-01,0.2487433744072914,0.1352498087234019,-0.2015485617257654
P0180,2025-02-01,0.5401033446788788,0.3169796629940617,0.0727620697846461
P0180,2025-03-01,0.7346082466602325,0.6155598653936907,0.3408433007836342
P0180,2025-04-01,0.7959600035667419,0.6353747096686411,0.414586855995655
P0180,2025-05-01,0.5388506361484527,0.3707078485259947,0.1582660203636623
P0180,2025-06-01,0.2442885158300399,0.1643802481638527,-0.0979432227691635
P0180,2025-07-01,0.174840975177288,0.1310926359139859,-0.1277101791918277
P0180,2025-08-01,0.1440454959988594,0.1018863764677222,-0.1918199931800365
P0180,2025-09-01,0.1427309114694595,0.0989440811626585,-0.2039605848312378
P0180,2025-10-01,0.1432672547101974,0.0945867318560385,-0.2281376988708973
P0180,2025-11-01,0.1859243104100227,0.0995812550411618,-0.2265688562691211
P0180,2025-12-01,0.2051853447675705,0.1114005652357917,-0.1740091571943834
P0181,2025-01-01,0.2931990800142288,0.1127225406628941,-0.2948709175944328
P0181,2025-02-01,0.6595715870857238,0.3690516602598112,0.155809198587574
P0181,2025-03-01,0.8508560764312744,0.7465524844604076,0.4457212594032287
P0181,2025-04-01,0.8042827771663665,0.5374403155112703,0.3846097370028495
P0181,2025-05-01,0.4303855756282806,0.2156359523550014,0.0022289543045917
P0181,2025-06-01,0.1891086200952529,0.1337139158043762,-0.1683297178983688
P0181,2025-07-01,0.1891333950519561,0.1437356640959205,-0.1448692701339721
P0181,2025-08-01,0.1756861355066299,0.1308075254792705,-0.152971245598793
P0181,2025-09-01,0.1664970219612121,0.1065684760392126,-0.2389757917284965
P0181,2025-10-01,0.1721364426374435,0.0830835175197575,-0.31453555341959
P0181,2025-11-01,0.2095132580995559,0.0803565048531018,-0.3099157627388835
P0181,2025-12-01,0.272127779507637,0.0932551111786222,-0.3154876737035811
P0182,2025-01-01,0.4224332903504371,0.2688272683827454,-0.0249623118018146
P0182,2025-02-01,0.6566009116411209,0.4554123870590805,0.2300655610007234
P0182,2025-03-01,0.7177090418577194,0.5848845397569267,0.3217540756642818
P0182,2025-04-01,0.699461143875122,0.5863898145200586,0.3229678416132926
P0182,2025-05-01,0.4857060015439987,0.3348199587548411,0.1123748644737526
P0182,2025-06-01,0.2508865444302559,0.1737587300745205,-0.0974385581767186
P0182,2025-07-01,0.1915257442474365,0.1430651426431968,-0.1080493405036628
P0182,2025-08-01,0.1949612387239933,0.1415666717329042,-0.1110847152043134
P0182,2025-09-01,0.1819625692784786,0.1234389433400584,-0.1642187613964081
P0182,2025-10-01,0.2042394895970821,0.1080760272104614,-0.1865657436218112
P0182,2025-11-01,0.2383204180777073,0.124866067414686,-0.1867651852156035
P0182,2025-12-01,0.258411652469635,0.1394067486735238,-0.1584241275313077
P0183,2025-01-01,0.3815585576228539,0.3854734262816379,-0.0219183610108653
P0183,2025-02-01,0.7158033760786057,0.4581427855515642,0.2807969959275608
P0183,2025-03-01,0.7523797939777375,0.5719085969808115,0.3881028624686412
P0183,2025-04-01,0.7610039974212647,0.5669613392810817,0.3971090249653906
P0183,2025-05-01,0.4933844249248504,0.3011845547193448,0.157825427946262
P0183,2025-06-01,0.2935069053411483,0.191877583218703,-0.022441565211222
P0183,2025-07-01,0.2030498236536979,0.1466620458598271,-0.0903027404409833
P0183,2025-08-01,0.1922663670659065,0.1383924680053402,-0.1087800025769509
P0183,2025-09-01,0.1634464329957962,0.1009092428738104,-0.1924963352441787
P0183,2025-10-01,0.1695419284105301,0.0585875234759284,-0.3199582843065262
P0183,2025-11-01,0.1938742097020149,0.0672402741741249,-0.2868886652231216
P0183,2025-12-01,0.2039208741784095,0.0752704304019543,-0.2508556564562023
P0184,2025-01-01,0.6133422771930694,0.408675858969621,0.15583572997171433
P0184,2025-02-01,0.8190326263904572,0.5820631463676315,0.3696726975306869
P0184,2025-03-01,0.8847162400722504,0.7248298529209555,0.4607181138932705
P0184,2025-04-01,0.8280438183784485,0.6915703763765432,0.4669771136045456
P0184,2025-05-01,0.6363752750396728,0.4565744446484687,0.2797733160972595
P0184,2025-06-01,0.2546161972284317,0.1884971463704626,-0.0623616512773878
P0184,2025-07-01,0.1916941104412078,0.1412759156608244,-0.0891798068085685
P0184,2025-08-01,0.1673692042946815,0.1266993106475427,-0.1098274081371724
P0184,2025-09-01,0.1505828354716301,0.1077200138824353,-0.1414999947972595
P0184,2025-10-01,0.1729713983416557,0.0872603955051489,-0.2065695657715201
P0184,2025-11-01,0.2362384558200836,0.0949016308841055,-0.2335209655369632
P0184,2025-12-01,0.2456328898787498,0.0986773287751785,-0.229088100365363
P0185,2025-01-01,0.4803358084440231,0.2525952296802284,-0.0351264313550433
P0185,2025-02-01,0.8189583786010742,0.6201119548158305,0.3471509345717728
P0185,2025-03-01,0.8384804810523987,0.746415849909782,0.424301567864418
P0185,2025-04-01,0.5124439228057861,0.3341147779424075,0.0818987345668953
P0185,2025-05-01,0.1787993289947509,0.1045940172345504,-0.2290026038408279
P0185,2025-06-01,0.1603869207143783,0.1194638138506749,-0.1954252027869224
P0185,2025-07-01,0.1450426851391792,0.1167788880981479,-0.1702705841898918
P0185,2025-08-01,0.1511776551246643,0.1174020034995712,-0.1716131822109222
P0185,2025-09-01,0.147777841258049,0.0925629582780244,-0.244048252761364
P0185,2025-10-01,0.1701689108133316,0.0894867637879469,-0.2852975209712982
P0185,2025-11-01,0.1819586195111274,0.0895902260593926,-0.2780725670099258
P0185,2025-12-01,0.2654495653867721,0.116081968615087,-0.2419170955955982
P0186,2025-01-01,0.3224755193948745,0.1928224988310557,-0.0796930930539034
P0186,2025-02-01,0.6415787600994111,0.4267659796637615,0.2024423103556037
P0186,2025-03-01,0.7634156166553497,0.6083686520325179,0.3596563881754875
P0186,2025-04-01,0.707026050901413,0.518289272306256,0.2932893585681915
P0186,2025-05-01,0.4090840862989425,0.2482617411590808,0.003785221988277
P0186,2025-06-01,0.2238240261316299,0.1453045923993036,-0.1499860867768526
P0186,2025-07-01,0.1802363134622573,0.1279953084742409,-0.150454750110954
P0186,2025-08-01,0.1610169271826744,0.1237384820443366,-0.1390153476890176
P0186,2025-09-01,0.1430328562259674,0.1006427210738687,-0.1880866748094558
P0186,2025-10-01,0.1748716775715351,0.0965316913372051,-0.1953742429463192
P0186,2025-11-01,0.1894702960848808,0.1030098302865317,-0.1827216125052422
P0186,2025-12-01,0.2181750383257865,0.1214118969882991,-0.1586376865670085
P0187,2025-01-01,0.3930834473371505,0.2188773169184811,-0.1175488382132258
P0187,2025-02-01,0.7559550736427307,0.5392031497884763,0.3193504815302789
P0187,2025-03-01,0.8361878282546997,0.7031675412372554,0.464717520236969
P0187,2025-04-01,0.8042693019866943,0.6399662186522813,0.4638794671535492
P0187,2025-05-01,0.3316208043336868,0.1981246948433813,-0.0053787706107134
P0187,2025-06-01,0.2219128610372543,0.1436121938340727,-0.1287016525506973
P0187,2025-07-01,0.1438463701963424,0.1135544913296696,-0.1424748638033867
P0187,2025-08-01,0.142762596976757,0.1109631531379946,-0.1381103686094284
P0187,2025-09-01,0.1445799552559852,0.0995217639009878,-0.201114467048645
P0187,2025-10-01,0.1611227320194244,0.0764569041764686,-0.303921721124649
P0187,2025-11-01,0.1688182902097702,0.0806872090897979,-0.2741391642570495
P0187,2025-12-01,0.2126087368965148,0.1165061107365745,-0.2203539993599057
P0188,2025-01-01,0.3260711240768432,0.2351599321419087,-0.0607947225282434
P0188,2025-02-01,0.6601973806381226,0.5113491739488567,0.2245837584204972
P0188,2025-03-01,0.7160207654476166,0.6335092480617804,0.3286452018260956
P0188,2025-04-01,0.7493668567895889,0.5752456230079668,0.3017007600679993
P0188,2025-05-01,0.2406992634177208,0.1456393918789063,-0.1783463307708502
P0188,2025-06-01,0.178717239511013,0.1214231056259279,-0.2044698291122913
P0188,2025-07-01,0.1400397364020347,0.1130563993543502,-0.1691872802376747
P0188,2025-08-01,0.135218507695198,0.1115579469673914,-0.1600137174010276
P0188,2025-09-01,0.1160479266166687,0.0908530661730527,-0.1981925299048423
P0188,2025-10-01,0.1474994016289711,0.1039712379200854,-0.2064933529019355
P0188,2025-11-01,0.1600774067282676,0.1103009737615421,-0.1909301532357931
P0188,2025-12-01,0.1979879698395729,0.1223786622000386,-0.1415953150812536
P0189,2025-01-01,0.3677145259618759,0.1328211742022319,-0.1174978945425711
P0189,2025-02-01,0.8359149501800537,0.6457837728487766,0.4187386420249939
P0189,2025-03-01,0.7927548266410828,0.7021011589901459,0.5240575302124023
P0189,2025-04-01,0.8476796748161316,0.7614056065513874,0.5726985928058624
P0189,2025-05-01,0.3608971559286117,0.1708756146524858,-0.1062946327695409
P0189,2025-06-01,0.1641005445003509,0.1186017922033807,-0.1766566640615463
P0189,2025-07-01,0.1499467872262001,0.115673510039507,-0.1495178955316543
P0189,2025-08-01,0.1476698199868202,0.1072538341967435,-0.1543800231456756
P0189,2025-09-01,0.1498063052535057,0.1020444062036027,-0.1811048091053962
P0189,2025-10-01,0.1506702311515808,0.0783705989522984,-0.2974598935127258
P0189,2025-11-01,0.1680087126851082,0.0750699043013218,-0.2775659514665604
P0189,2025-12-01,0.1986667840719223,0.0817613254445843,-0.2507429243564605
P0190,2025-01-01,0.47825586810112,0.3337353335947385,0.0009591316094622016
P0190,2025-02-01,0.8330114899635315,0.6497628191830381,0.3951124338269233
P0190,2025-03-01,0.8126890251159667,0.7161019852875649,0.4431686488628387
P0190,2025-04-01,0.704600403547287,0.5055103545722006,0.3402796425819397
P0190,2025-05-01,0.4198479038953781,0.258533998593984,0.0790928329502348
P0190,2025-06-01,0.247846041059494,0.1611382461395387,-0.0934950627210229
P0190,2025-07-01,0.182019484436512,0.133056403110789,-0.1259226770281791
P0190,2025-08-01,0.1673076205611229,0.1276546886351553,-0.1191313407612964
P0190,2025-09-01,0.1606855601906776,0.1036991019772629,-0.2286256801918149
P0190,2025-10-01,0.2001322758197784,0.1079640346229105,-0.2300221217751503
P0190,2025-11-01,0.2259412955522537,0.12252215464009,-0.2345080605018883
P0190,2025-12-01,0.245169689142704,0.1463473487890929,-0.171116757803224
P0191,2025-01-01,0.1967257869958877,0.1398970691794918,-0.1585752194475382
P0191,2025-02-01,0.3529814928770065,0.2500769685581502,-0.0305486059351125
P0191,2025-03-01,0.5925612707138062,0.5537720120699713,0.2358527691728202
P0191,2025-04-01,0.4697609391450882,0.3864800041962706,0.0958857127276249
P0191,2025-05-01,0.2808633838057518,0.1948060071349796,-0.0848796714044641
P0191,2025-06-01,0.2036323022603988,0.1536144890541712,-0.1522564767315983
P0191,2025-07-01,0.1445896269798278,0.1159694259912986,-0.1650650966376066
P0191,2025-08-01,0.1499416157722473,0.1163146735190923,-0.1706702734203077
P0191,2025-09-01,0.1472039191365242,0.111158381030171,-0.1934138943552971
P0191,2025-10-01,0.1490968152046203,0.1002362239544864,-0.2260626572996378
P0191,2025-11-01,0.1664273355841636,0.1054291142164215,-0.211441965675354
P0191,2025-12-01,0.1961953929185867,0.1132830281133661,-0.1875903484895825
P0192,2025-01-01,0.7829083317875862,0.6402174296827339,0.3147102080468088
P0192,2025-02-01,0.8949416788578033,0.8610560145110787,0.5060146058559418
P0192,2025-03-01,0.7677765830516815,0.6482877152161447,0.4318698656201362
P0192,2025-04-01,0.4850052030563354,0.3388409094534558,0.1288054918253328
P0192,2025-05-01,0.1845662721037864,0.1326731345719776,-0.1592346303373575
P0192,2025-06-01,0.1975335467219352,0.1619970968419595,-0.1501908330604434
P0192,2025-07-01,0.1657610471010208,0.1347019762760174,-0.1605179277583956
P0192,2025-08-01,0.1290284938812256,0.0920987275829174,-0.1899057424329221
P0192,2025-09-01,0.1279559708833694,0.0845252864000152,-0.2044803825512528
P0192,2025-10-01,0.1566500623166561,0.0859444068452666,-0.2165084245570004
P0192,2025-11-01,0.1763971727371215,0.1017349516385969,-0.192924523056671
P0192,2025-12-01,0.2630669574618339,0.1598628327027335,-0.1506466224005445
P0193,2025-01-01,0.396275438451767,0.2218970347625644,-0.0154375698761394
P0193,2025-02-01,0.6909333830833435,0.460482241374361,0.2237835008324589
P0193,2025-03-01,0.7604839643478394,0.6164694435491249,0.3698955778479576
P0193,2025-04-01,0.8120809945583344,0.580272268984913,0.3674528875180753
P0193,2025-05-01,0.2500364576816559,0.144519923337622,-0.1499387724846601
P0193,2025-06-01,0.2124965955018997,0.1327288743816324,-0.1619457358598709
P0193,2025-07-01,0.1465712423563003,0.1123610741779968,-0.1532951331615448
P0193,2025-08-01,0.1348201179981231,0.1068706187769505,-0.1455554191231727
P0193,2025-09-01,0.1285621309876441,0.0882309687079469,-0.2079227118253707
P0193,2025-10-01,0.1630172273159027,0.0815642501265753,-0.2614272354483604
P0193,2025-11-01,0.1703704917907715,0.0837074343582106,-0.2408428052306175
P0193,2025-12-01,0.1973316258192062,0.0898491472509447,-0.2008640131771564
P0194,2025-01-01,0.2815515758514404,0.2044265646438235,-0.0923917951268943
P0194,2025-02-01,0.5690093993425369,0.3995332080695945,0.1387564940074924
P0194,2025-03-01,0.6587030997276306,0.5656391394379641,0.2596294279386774
P0194,2025-04-01,0.5136501934528351,0.3629676047609382,0.0807188248381018
P0194,2025-05-01,0.2352195079803467,0.1584036617639843,-0.1378144855026155
P0194,2025-06-01,0.1784957698106765,0.1450354728274774,-0.1533320248804986
P0194,2025-07-01,0.1546704248547554,0.126585748870322,-0.1495729802578687
P0194,2025-08-01,0.1558939274907112,0.1272493443583843,-0.146990194773674
P0194,2025-09-01,0.145718383860588,0.1145205979225473,-0.1786116362214088
P0194,2025-10-01,0.1552587687015533,0.1107554621823363,-0.2029558264315128
P0194,2025-11-01,0.1672499954938888,0.1141651202677671,-0.1876364285379648
P0194,2025-12-01,0.2283082008123398,0.1433373601799906,-0.1442706850596238
P0195,2025-01-01,0.4307784451961517,0.2690499122344976,-0.038763938519053
P0195,2025-02-01,0.813617068719864,0.649419042026529,0.3723703856542706
P0195,2025-03-01,0.8257837149143219,0.7492673337610252,0.4501339176177978
P0195,2025-04-01,0.6625084796667099,0.4773332572009018,0.2072246758058201
P0195,2025-05-01,0.1793339530944824,0.0984991849397304,-0.2309217353701591
P0195,2025-06-01,0.155615600991249,0.099992837912132,-0.2320038844466209
P0195,2025-07-01,0.1333703293085098,0.1124913931435865,-0.1655809100985527
P0195,2025-08-01,0.1379206367492675,0.1112219916833816,-0.171010102212429
P0195,2025-09-01,0.1412201780200004,0.09033209640895,-0.2374498332858085
P0195,2025-10-01,0.1639640836477279,0.0946382766333316,-0.2535446635246277
P0195,2025-11-01,0.1763056393980979,0.1028226372423393,-0.2311930857241153
P0195,2025-12-01,0.2807765379667282,0.1607648749879965,-0.1059353855971246
P0196,2025-01-01,0.2142606958866119,0.1959244297654569,-0.1190968715533614
P0196,2025-02-01,0.542082737493515,0.4169180076547695,0.1789508600487694
P0196,2025-03-01,0.7295263590097427,0.6464685740528485,0.3847652901893482
P0196,2025-04-01,0.7297268295010855,0.4186135775105501,0.5812322536353455
P0196,2025-05-01,0.4811386414527893,0.3447477660825244,0.1267717569053173
P0196,2025-06-01,0.2198286741733551,0.1573291769759683,-0.1407070102330763
P0196,2025-07-01,0.192213163626194,0.1459938272778675,-0.1370629328208975
P0196,2025-08-01,0.1940126957178115,0.1463487376974048,-0.1396908249054104
P0196,2025-09-01,0.1805416620254516,0.1207190674140649,-0.2077368479117751
P0196,2025-10-01,0.1738448252320289,0.1051519358437036,-0.2371441252619028
P0196,2025-11-01,0.2100854800462722,0.1103688655840732,-0.2220774104505777
P0196,2025-12-01,0.3306992608308792,0.1244515896993466,-0.073254542935631
P0197,2025-01-01,0.1742903665184974,0.0961528606863461,-0.1600467238306999
P0197,2025-02-01,0.4688129553079605,0.3247073173072157,0.0634020736339741
P0197,2025-03-01,0.6627235338687897,0.5429835575325884,0.2309767733454704
P0197,2025-04-01,0.433236350440979,0.3070462356424813,0.0679249150616116
P0197,2025-05-01,0.2481426520586014,0.1552369476871545,-0.1209506588842719
P0197,2025-06-01,0.1744544794082641,0.1239895167732421,-0.1593686017245054
P0197,2025-07-01,0.1298914017319679,0.1037736350729058,-0.1458236422777176
P0197,2025-08-01,0.1286468681335449,0.0967675528906755,-0.1570133511662483
P0197,2025-09-01,0.1114433759570121,0.0693963657695954,-0.2174179452896118
P0197,2025-10-01,0.1207979200363159,0.0762530693560726,-0.2171662752389908
P0197,2025-11-01,0.1325365415811538,0.0761244774231365,-0.2096425357103347
P0197,2025-12-01,0.1587683841705322,0.0735953816131373,-0.1908982174158096
P0198,2025-01-01,0.5314716024222287,0.4108024904230583,0.1604763530391933
P0198,2025-02-01,0.8531660344600678,0.6353604103351922,0.4153657944917678
P0198,2025-03-01,0.7968698401408605,0.7537338407460448,0.4299072712128514
P0198,2025-04-01,0.7878531808278475,0.7046365163379443,0.4024204037549249
P0198,2025-05-01,0.6151816885948181,0.4284001700976949,0.1870213833428919
P0198,2025-06-01,0.3416932539463043,0.2287028262355128,-0.0598414271605201
P0198,2025-07-01,0.2468992532491684,0.167991812157542,-0.1259500689744949
P0198,2025-08-01,0.2270057447552681,0.1538857137293382,-0.1375996636364609
P0198,2025-09-01,0.2146591343522071,0.1410317197156854,-0.1535098234705627
P0198,2025-10-01,0.22973644053936,0.1225713058436542,-0.2092652242606813
P0198,2025-11-01,0.3560059466838837,0.1680676456209324,-0.1151446465476416
P0198,2025-12-01,0.40914064412117,0.2090746786898414,-0.0654024599190801
P0199,2025-01-01,0.5928326331615448,0.4206096604298747,0.1248784772380022
P0199,2025-02-01,0.8068068063259125,0.6649599206787636,0.4051299658328294
P0199,2025-03-01,0.6654319527149201,0.5833830921356707,0.3029402943877969
P0199,2025-04-01,0.5779003328561783,0.3983625332277547,0.1762371276433579
P0199,2025-05-01,0.2560054405331611,0.1641963020890617,-0.1503500207811594
P0199,2025-06-01,0.2176136609792709,0.1518718240992878,-0.1713053268849849
P0199,2025-07-01,0.1672542538046836,0.135188867194245,-0.1532795509278774
P0199,2025-08-01,0.1647456741690635,0.1314622015423714,-0.1529353978455066
P0199,2025-09-01,0.1591988293170929,0.1177603044351603,-0.1930974059820175
P0199,2025-10-01,0.2212309275150299,0.1446551736228151,-0.1977476365208625
P0199,2025-11-01,0.2181893794417381,0.1408743540767323,-0.1844243596993386
P0199,2025-12-01,0.2720096504688263,0.1598869316135081,-0.1326015883480198
P0200,2025-01-01,0.5808307316303253,0.0717635080762136,-0.2042981328353285
P0200,2025-02-01,0.8690708300590515,0.5710184228693516,0.3679857680559158
P0200,2025-03-01,0.8258621735572815,0.6373796281173043,0.5153362308502197
P0200,2025-04-01,0.5851113511800766,0.41870740603659773,0.2622660700867069
P0200,2025-05-01,0.3443605288028717,0.2000351839558912,0.009195909323194
P0200,2025-06-01,0.1686396467924118,0.1236332396623344,-0.1370711617112159
P0200,2025-07-01,0.1436986945629119,0.1159538747134253,-0.1241962788581848
P0200,2025-08-01,0.144250011730194,0.106636648114114,-0.1753132638216018
P0200,2025-09-01,0.1501626903057098,0.0899477440898736,-0.2729538226366043
P0200,2025-10-01,0.19940607213974,0.0739012905675564,-0.4074650256633758
P0200,2025-11-01,0.2301788393259048,0.0688686335623927,-0.4087851107597351
P0200,2025-12-01,0.3365785021305084,0.0827979003122001,-0.2667101821705699
P0201,2025-01-01,0.2017316624522209,0.1220497282911428,-0.1404409570142626
P0201,2025-02-01,0.3582638296127319,0.2563953266191933,-0.0284225498089101
P0201,2025-03-01,0.6613227848291398,0.5853453727438909,0.2832689023666084
P0201,2025-04-01,0.5672571536660195,0.4492455697930159,0.1786627720425836
P0201,2025-05-01,0.2387484998464584,0.1604941690893131,-0.1370756904304027
P0201,2025-06-01,0.1447513713121414,0.1156545468761394,-0.1684152898550033
P0201,2025-07-01,0.1090949028849601,0.0903362291751623,-0.1797579514741897
P0201,2025-08-01,0.1117610313892364,0.0918162474561306,-0.1756368136882782
P0201,2025-09-01,0.1062717565178871,0.0828437678159871,-0.2075686086416244
P0201,2025-10-01,0.1345066151499748,0.0982466144316015,-0.2015407041072845
P0201,2025-11-01,0.1336235032916069,0.0816421732154125,-0.2320125566661358
P0201,2025-12-01,0.1533464140057563,0.0811208183310892,-0.2058450352251529
P0202,2025-01-01,0.6155862516403199,0.37747124181061636,0.10679173603170783
P0202,2025-02-01,0.820009196472168,0.573348174765526,0.3638642768357182
P0202,2025-03-01,0.8102503692626953,0.6036893824107583,0.4453204194068909
P0202,2025-04-01,0.8844605867385864,0.7614715902644578,0.5017789237260818
P0202,2025-05-01,0.7522124872684479,0.5455867607434741,0.3232110432401299
P0202,2025-06-01,0.3162906255960464,0.2200762841890878,-0.0255297747926786
P0202,2025-07-01,0.2157268039941787,0.1646661435775969,-0.0866331547487294
P0202,2025-08-01,0.202159439253807,0.1536126602100511,-0.1018817404272733
P0202,2025-09-01,0.1834748820781707,0.1276485492859256,-0.1658971754183992
P0202,2025-10-01,0.2136451525330543,0.0878808172357641,-0.3206193767189979
P0202,2025-11-01,0.2504510204792022,0.094223195255031,-0.3033551114005502
P0202,2025-12-01,0.2538204102039337,0.0910498461300467,-0.3046359860561788
P0203,2025-01-01,0.4156918143749237,0.2162094042971948,-0.0670184589318931
P0203,2025-02-01,0.7177888018608093,0.4908988115103981,0.2145234046459198
P0203,2025-03-01,0.8176147334098816,0.7492182133798712,0.4262631082653999
P0203,2025-04-01,0.7981817704439164,0.6258398967822942,0.3541196024179459
P0203,2025-05-01,0.2340743355154991,0.1423150024397923,-0.1217983747966587
P0203,2025-06-01,0.177082006752491,0.1253912366790208,-0.1665638480365276
P0203,2025-07-01,0.138213171172142,0.1115304636888303,-0.1633743325293064
P0203,2025-08-01,0.1379084782719612,0.1118645892241839,-0.1493797448813915
P0203,2025-09-01,0.1345081851243972,0.1048197679948232,-0.1801647833511233
P0203,2025-10-01,0.1692624965548515,0.0966465876590763,-0.2591682028770447
P0203,2025-11-01,0.1808881962418556,0.0974895069577158,-0.2434765825673937
P0203,2025-12-01,0.2821227706193924,0.1407881268880846,-0.097981071672216
P0204,2025-01-01,0.2883950112342834,0.1870799003291273,-0.1231791439764201
P0204,2025-02-01,0.6837946666955947,0.5356603413705632,0.2609486177258193
P0204,2025-03-01,0.7848866790771485,0.6771296734196331,0.4095753582715988
P0204,2025-04-01,0.8215305026054383,0.6555874809474498,0.4458648380279541
P0204,2025-05-01,0.2916471480131149,0.1701227955565693,-0.0797987541524693
P0204,2025-06-01,0.2074075610399246,0.1392552412288128,-0.148583400952816
P0204,2025-07-01,0.1567872249126434,0.1204921620508105,-0.146262615263462
P0204,2025-08-01,0.1399458117485046,0.1160144727541179,-0.1289623425722122
P0204,2025-09-01,0.1313964651823043,0.1029601081955166,-0.1877541144251823
P0204,2025-10-01,0.1388797881960868,0.0783280580627066,-0.2479223445534706
P0204,2025-11-01,0.1697585024237632,0.0916555894242312,-0.2482741066455841
P0204,2025-12-01,0.1976015118598938,0.118047356709559,-0.1106855164238529
P0205,2025-01-01,0.4805253938436508,0.2591975106929605,-0.1030431183723732
P0205,2025-02-01,0.8001051300048828,0.6040118623737405,0.3525251362934709
P0205,2025-03-01,0.8187001917362213,0.715766227323612,0.4201796868786215
P0205,2025-04-01,0.6797255802631378,0.4416210820578634,0.2483930535066872
P0205,2025-05-01,0.3268071149110794,0.1959637504421666,-0.0504882986404467
P0205,2025-06-01,0.230308815574646,0.1579325452119701,-0.1497660033285617
P0205,2025-07-01,0.1929036226511001,0.145504296149664,-0.1450900446295738
P0205,2025-08-01,0.1767795181274414,0.1309518396914278,-0.1527781061887741
P0205,2025-09-01,0.171668236541748,0.1200143919439997,-0.2090280796587467
P0205,2025-10-01,0.1999033282041549,0.0988076030101984,-0.2973549180202186
P0205,2025-11-01,0.2353131363868713,0.1086625157325075,-0.2702944876201451
P0205,2025-12-01,0.2864959581375122,0.1312383307402014,-0.1875953826353813
P0206,2025-01-01,0.3969251871585846,0.2127512935704309,-0.1135700546856038
P0206,2025-02-01,0.6918329027175903,0.4808971675819907,0.24833526566301
P0206,2025-03-01,0.7770244885444642,0.638861075805614,0.3780010474443435
P0206,2025-04-01,0.6923682441234589,0.4566732960558424,0.2723202707022428
P0206,2025-05-01,0.4127828790426254,0.2344734654494503,-0.0011978746455861
P0206,2025-06-01,0.2326792683124542,0.161212276733986,-0.138739601888135
P0206,2025-07-01,0.2092399160146713,0.1552734754466379,-0.128173746818304
P0206,2025-08-01,0.20250233669281,0.1480867069852793,-0.1342330426782369
P0206,2025-09-01,0.1946864545106887,0.1315912796427921,-0.1822598014593124
P0206,2025-10-01,0.195965364742279,0.1136356470953673,-0.2304695039778947
P0206,2025-11-01,0.2363012419223785,0.1187150591305206,-0.2008878004107624
P0206,2025-12-01,0.2821316900730133,0.1361599060495161,-0.075374464464141
P0207,2025-01-01,0.4904806825298797,0.4291396367053574,0.1320053944977217
P0207,2025-02-01,0.7704738666534424,0.6250828484360098,0.4157257255077362
P0207,2025-03-01,0.7729084568977356,0.7188269613500681,0.4646329944610595
P0207,2025-04-01,0.8253119304656983,0.7141780476952923,0.4755352393306792
P0207,2025-05-01,0.6807151273727416,0.4599505341441289,0.2498266820009798
P0207,2025-06-01,0.2559935695171356,0.1893014954851699,-0.0930225436721928
P0207,2025-07-01,0.1890703966379165,0.1457635217784126,-0.121312548289448
P0207,2025-08-01,0.1778783224105835,0.1391937182374014,-0.1261909920904785
P0207,2025-09-01,0.1666731527924537,0.123485025469832,-0.1604127166360616
P0207,2025-10-01,0.166370482969284,0.0998861368858235,-0.2024677764564752
P0207,2025-11-01,0.1957340059399605,0.1100727629718387,-0.175550970873516
P0207,2025-12-01,0.2316963210821152,0.136669768400257,-0.1326452907137572
P0208,2025-01-01,0.3467313166856766,0.1654893761129363,-0.2274774024546146
P0208,2025-02-01,0.767980966925621,0.497517687308409,0.2633461340362206
P0208,2025-03-01,0.8656684400081635,0.6943847456004864,0.4486308499490842
P0208,2025-04-01,0.8803609412980615,0.7503335886373566,0.5445947974714385
P0208,2025-05-01,0.5091838973999023,0.3176816016562874,0.1546043552709542
P0208,2025-06-01,0.22762427008152,0.1557199078621888,-0.0539316264756023
P0208,2025-07-01,0.1568469079375267,0.1232528967745865,-0.1005121458416804
P0208,2025-08-01,0.1615053323745727,0.1108162396430894,-0.1644113774329424
P0208,2025-09-01,0.1561168846726417,0.0793621808784123,-0.2956205431938171
P0208,2025-10-01,0.1731202237010002,0.06328788807599,-0.3567676589488983
P0208,2025-11-01,0.2040174411535263,0.0723793570171836,-0.3333103586196899
P0208,2025-12-01,0.2274399812221527,0.0991092013333964,-0.2952479231119156
P0209,2025-01-01,0.4856634834051132,0.3359635669881805,0.0062692285506171
P0209,2025-02-01,0.7741675935268402,0.5669093560525995,0.3486302497029304
P0209,2025-03-01,0.8343643655776978,0.7119486339628358,0.4492428268909454
P0209,2025-04-01,0.5968434140324592,0.4549226439473594,0.2146836775944838
P0209,2025-05-01,0.3593224624872208,0.1978966539318829,-0.0198754717019778
P0209,2025-06-01,0.2110361448764801,0.1323510405923357,-0.1588965270519256
P0209,2025-07-01,0.1745989394426345,0.1395743182160565,-0.1310076771974563
P0209,2025-08-01,0.1751381247043609,0.1423987284967333,-0.1216457674622535
P0209,2025-09-01,0.1502084032654762,0.0968607035205698,-0.2276088948488235
P0209,2025-10-01,0.155703700774908,0.0769073319141474,-0.2580783046245575
P0209,2025-11-01,0.197188833618164,0.1030569852885199,-0.2310733761668205
P0209,2025-12-01,0.2274327145338058,0.122440971976149,-0.1855123409584164
P0210,2025-01-01,0.5196751438379288,0.3702670532191303,0.0885107762414496
P0210,2025-02-01,0.7642092736721039,0.626235029496515,0.3432292513787746
P0210,2025-03-01,0.7386663922071457,0.6547746014897194,0.3760265466466546
P0210,2025-04-01,0.6847955072164535,0.4980673245087634,0.2617858638294507
P0210,2025-05-01,0.2258106527268886,0.1396024881121966,-0.17318987365067
P0210,2025-06-01,0.1774858972072601,0.133660428226906,-0.1795558216571808
P0210,2025-07-01,0.1494795748054981,0.1223649528649918,-0.1581699934840202
P0210,2025-08-01,0.1489345138549804,0.1193450923767839,-0.1529236323595047
P0210,2025-09-01,0.1442012587547302,0.1085534017693458,-0.1808606564164161
P0210,2025-10-01,0.1722058381795883,0.1121987625652368,-0.2075378448605537
P0210,2025-11-01,0.1778350671172142,0.1082536519097433,-0.2003717037118971
P0210,2025-12-01,0.2180816179275512,0.1183561422923568,-0.1685654861846938
P0211,2025-01-01,0.4631508576393127,0.2844946492811515,-0.0935133353707147
P0211,2025-02-01,0.7313436143159866,0.528984715993037,0.2580357513066381
P0211,2025-03-01,0.7678465396881103,0.6399594550683702,0.3837059177398682
P0211,2025-04-01,0.7705523760318757,0.5710378509025832,0.3609275223748758
P0211,2025-05-01,0.4704896236181259,0.2856486883163088,0.0586352149795802
P0211,2025-06-01,0.252499290895462,0.1699685690102564,-0.1214570733650354
P0211,2025-07-01,0.1874165871620178,0.1424416796154222,-0.1538944316353649
P0211,2025-08-01,0.1849545877695083,0.1388725863082348,-0.1460308213111013
P0211,2025-09-01,0.1845382390737533,0.1187389438171852,-0.2421865800440311
P0211,2025-10-01,0.2147526764392852,0.1115759646260207,-0.2960265082836151
P0211,2025-11-01,0.2571177062749862,0.1115268512941459,-0.2974039365440607
P0211,2025-12-01,0.2915624967336654,0.1283147465441049,-0.2686244482270907
P0212,2025-01-01,0.2925798670768738,0.1829279968845839,-0.1281006905533839
P0212,2025-02-01,0.6152148360490799,0.4241966425776312,0.1746222723596636
P0212,2025-03-01,0.7513138278007507,0.6585483773054402,0.3723573416784406
P0212,2025-04-01,0.5866242081165314,0.4149704850131687,0.1816227079359814
P0212,2025-05-01,0.3105104108810425,0.185037146557283,-0.0850790513988584
P0212,2025-06-01,0.1904877618789673,0.1316346424645889,-0.1653866306006908
P0212,2025-07-01,0.1544306271672249,0.1161003201359277,-0.1696624599337577
P0212,2025-08-01,0.1485011135458946,0.1133500078098477,-0.165713855433464
P0212,2025-09-01,0.1454252755284309,0.1059822518654877,-0.192508287847042
P0212,2025-10-01,0.1603997695207595,0.0989163237308606,-0.2343719541966915
P0212,2025-11-01,0.1799645814061165,0.1001238047890503,-0.2083918248534202
P0212,2025-12-01,0.1873930053710937,0.1044381478429395,-0.1873177353039384
P0213,2025-01-01,0.3199003497719764,0.1909153720958302,-0.1210583716938737
P0213,2025-02-01,0.5445359741926193,0.3690589404364413,0.1083921145211905
P0213,2025-03-01,0.7108298629522324,0.5853565802652602,0.3197577339440351
P0213,2025-04-01,0.7699620227575302,0.643869770739747,0.3859022544090636
P0213,2025-05-01,0.5335680361032485,0.3506881583220415,0.1241257431156001
P0213,2025-06-01,0.2282979954957962,0.1616062828122385,-0.1198348695789231
P0213,2025-07-01,0.1762368723154068,0.1379296050705025,-0.1342071834623813
P0213,2025-08-01,0.1778601344347,0.1331010921652798,-0.1458627699196338
P0213,2025-09-01,0.1740634332895279,0.1207670064742613,-0.1938215685248375
P0213,2025-10-01,0.1956769073724746,0.1132044704856775,-0.2277215294599533
P0213,2025-11-01,0.2180636813998222,0.1215792656568696,-0.2023471273137256
P0213,2025-12-01,0.361503851532936,0.2014196779397448,-0.0815453328295203
P0214,2025-01-01,0.5474782682199409,0.4304716908068309,0.1168041047555785
P0214,2025-02-01,0.8518026824951171,0.6747090199585771,0.4450349329721648
P0214,2025-03-01,0.8523405618667602,0.760893707346453,0.4793091845527291
P0214,2025-04-01,0.8118288196563721,0.5588817713897891,0.4982207402467727
P0214,2025-05-01,0.5042969321966171,0.3435161138849168,0.1399675438493955
P0214,2025-06-01,0.2094749562501907,0.1571357603657588,-0.1180163400158286
P0214,2025-07-01,0.1944712729930877,0.1509040016100176,-0.1083070667266845
P0214,2025-08-01,0.1993740188121795,0.1512548028801627,-0.1202423643916845
P0214,2025-09-01,0.1848177925109863,0.1253306196247499,-0.2015484908103942
P0214,2025-10-01,0.1880786084115505,0.095700431440143,-0.2784313879370689
P0214,2025-11-01,0.2239976037740707,0.1048678394175858,-0.2456008660659194
P0214,2025-12-01,0.2625986919999122,0.1321832199850101,-0.1772984219752252
P0215,2025-01-01,0.5802957781791687,0.4011681480836124,0.1198219205597881
P0215,2025-02-01,0.7022526679992676,0.5310495689074051,0.264857690115273
P0215,2025-03-01,0.7013096314907074,0.6066358970595055,0.3257816648960113
P0215,2025-04-01,0.6176036509275437,0.4517700291706745,0.1899630296342075
P0215,2025-05-01,0.227708341550827,0.150504408587718,-0.1758296052090823
P0215,2025-06-01,0.1784707379937171,0.1308272906313761,-0.19423243445158
P0215,2025-07-01,0.15321610455513,0.119423508832749,-0.1784781503915786
P0215,2025-08-01,0.1538775397419929,0.1199326182986468,-0.1729383011877537
P0215,2025-09-01,0.150652651309967,0.1045179128062529,-0.2115453624010086
P0215,2025-10-01,0.2045316303014755,0.1246493242156772,-0.2145803858380764
P0215,2025-11-01,0.2566395610570907,0.1516547149138026,-0.171233894573777
P0215,2025-12-01,0.4665563565969467,0.2549864932692229,0.0173245588158536
P0216,2025-01-01,0.3701659142255783,0.2448285416064596,0.0215935473994904
P0216,2025-02-01,0.6077080390930176,0.4909393966264763,0.1973837726086378
P0216,2025-03-01,0.7226414963722229,0.6292162889158988,0.3286576059818268
P0216,2025-04-01,0.6368715856075287,0.4710573390708774,0.1887698815199546
P0216,2025-05-01,0.2817410171508789,0.173325172558051,-0.1421658729940652
P0216,2025-06-01,0.1789533890724182,0.1433847280697925,-0.1710771355032921
P0216,2025-07-01,0.1492712677001953,0.1230469563827344,-0.1599655654668808
P0216,2025-08-01,0.1407926082849502,0.1098364414784429,-0.1769961204886436
P0216,2025-09-01,0.134388354575634,0.1031734207068211,-0.1751113617420196
P0216,2025-10-01,0.1547128489613533,0.1215662847648365,-0.1581554407358169
P0216,2025-11-01,0.1601045954346656,0.1178088047511365,-0.1497843145191669
P0216,2025-12-01,0.2024553078889847,0.1140903060621977,-0.143661011223495
P0217,2025-01-01,0.2004205755451146,0.3574235253531378,-0.0025101393497179
P0217,2025-02-01,0.6580592412471771,0.4330639145544296,0.2026609370067715
P0217,2025-03-01,0.6982117759227753,0.5813114775104936,0.3021351285554469
P0217,2025-04-01,0.5552634954452514,0.4549380319302289,0.2247094854479655
P0217,2025-05-01,0.6731342429637909,0.5167206064288021,0.2656275716500357
P0217,2025-06-01,0.3280571181058884,0.2421543034212972,-0.002025744113163
P0217,2025-07-01,0.1939041702032089,0.1493910606483228,-0.0862345316157676
P0217,2025-08-01,0.1860419067859649,0.1375907618475821,-0.1142463137083686
P0217,2025-09-01,0.1729132457256317,0.1177099484691045,-0.1664985312996432
P0217,2025-10-01,0.1974785725414753,0.0786025890610262,-0.2949596629111096
P0217,2025-11-01,0.23677237803936,0.1070632278789695,-0.2507608842100017
P0217,2025-12-01,0.2897988493561744,0.1270967439276272,-0.1961093457920942
P0218,2025-01-01,0.4324188961982727,0.2679746591464321,-0.1093346622256562
P0218,2025-02-01,0.7834641836166382,0.5032741459038965,0.2893494526543654
P0218,2025-03-01,0.8144389806747436,0.6363290607196643,0.4188181255817413
P0218,2025-04-01,0.8271833954811096,0.6475720868539235,0.4358332716107368
P0218,2025-05-01,0.5661413253307342,0.3585296391297402,0.1778710608754307
P0218,2025-06-01,0.2544275212526321,0.1797611756403589,-0.0585726500196382
P0218,2025-07-01,0.1596988394379615,0.1272863053248562,-0.1157082776367664
P0218,2025-08-01,0.1468103502750396,0.1153345703571592,-0.1238977882742881
P0218,2025-09-01,0.1454370046377182,0.1092090821623408,-0.1498710982441902
P0218,2025-10-01,0.1881627567648887,0.0664238980932489,-0.3647989985227585
P0218,2025-11-01,0.2137401135444641,0.0744942666629464,-0.3452598481178284
P0218,2025-12-01,0.2108949164509773,0.0747607137088126,-0.3405526193141937
P0219,2025-01-01,0.4579401436805725,0.29400935810555,0.0111773907357361
P0219,2025-02-01,0.6704203085422515,0.489635956355861,0.216541768604517
P0219,2025-03-01,0.6847639310359955,0.5799352358217045,0.3005223651409149
P0219,2025-04-01,0.6182875486850739,0.4419803233468382,0.2148894031047821
P0219,2025-05-01,0.2777326213359832,0.1800405218198006,-0.1357319386541843
P0219,2025-06-01,0.2131200131893157,0.1591114466637829,-0.1673022433042526
P0219,2025-07-01,0.1746723710298538,0.1357209046657252,-0.1670361642241478
P0219,2025-08-01,0.1664676947712898,0.1305383855237091,-0.163222882437706
P0219,2025-09-01,0.156802443575859,0.1180067052658667,-0.1899549289703369
P0219,2025-10-01,0.1745743907690048,0.1131828048799849,-0.2264262853145599
P0219,2025-11-01,0.1864660246253013,0.1173495440606482,-0.2060784252107143
P0219,2025-12-01,0.2857865267992019,0.1509911534499677,-0.1006992865383625
P0220,2025-01-01,0.4607741579055786,0.2731819927698703,-0.1057351154669188
P0220,2025-02-01,0.791004782485962,0.5464544655644337,0.2735055641070008
P0220,2025-03-01,0.8492306093215942,0.7147122605902145,0.4565156937405467
P0220,2025-04-01,0.8554112997531891,0.669001665565223,0.4812924852609634
P0220,2025-05-01,0.5747917400836945,0.3251700100921272,0.1450437626472066
P0220,2025-06-01,0.2175998585700988,0.1459585504279246,-0.10351642241925
P0220,2025-07-01,0.1646651646375656,0.1305190630439125,-0.1263880359768867
P0220,2025-08-01,0.1579772115349769,0.1211995076370317,-0.1510468680914491
P0220,2025-09-01,0.1651863226890564,0.1084240936106662,-0.2667101080477237
P0220,2025-10-01,0.2038105272054672,0.1049453120775109,-0.2864647965997458
P0220,2025-11-01,0.2239584626197815,0.1160944426914452,-0.2608480452686548
P0220,2025-12-01,0.3343135097980499,0.1655204444612871,-0.2062074307149276
P0221,2025-01-01,0.5063445645928383,0.2922025824581695,0.039920634690206486
P0221,2025-02-01,0.6899054013729096,0.435991217327116,0.2484554049251601
P0221,2025-03-01,0.8010558812141418,0.6229483887938965,0.3897924045298248
P0221,2025-04-01,0.8379796281337738,0.6853266365068219,0.4575424041867256
P0221,2025-05-01,0.6584699665784836,0.47960972755039,0.289171625957638
P0221,2025-06-01,0.2729883382558822,0.191499262944944,-0.0501898558036657
P0221,2025-07-01,0.1824916976213455,0.1384584318516249,-0.1046783744394779
P0221,2025-08-01,0.1533902114987373,0.1152796443749378,-0.1249996672570705
P0221,2025-09-01,0.140260289132595,0.0991422005037124,-0.154283214187622
P0221,2025-10-01,0.1433438831925392,0.0714682633000106,-0.2704447713136673
P0221,2025-11-01,0.1774975714206695,0.0635155573725295,-0.2823273338377475
P0221,2025-12-01,0.1913623818397522,0.0703663652209968,-0.266481689825654
P0222,2025-01-01,0.2067276401162147,0.1396510863756352,-0.1470628306224942
P0222,2025-02-01,0.4711812077283859,0.3393339974092065,0.0871971529574133
P0222,2025-03-01,0.5608300918102265,0.4933305362888737,0.2169535805381792
P0222,2025-04-01,0.469190241920948,0.3523827313911312,0.0935144636090146
P0222,2025-05-01,0.299140766274929,0.1986168205881403,-0.0869804995913524
P0222,2025-06-01,0.1671900008201599,0.1284115820256859,-0.154189929985255
P0222,2025-07-01,0.1369845688104629,0.108531936824503,-0.1711438888669014
P0222,2025-08-01,0.1367372523903846,0.1070553275740014,-0.1714776158928871
P0222,2025-09-01,0.1281886637210846,0.0967564282069155,-0.1897536377638578
P0222,2025-10-01,0.1309150520563125,0.0856935407631187,-0.2085896876119077
P0222,2025-11-01,0.1496804282426834,0.0977279268899652,-0.1835691919231787
P0222,2025-12-01,0.1612725719571113,0.1013139587718558,-0.1850807930767536
P0223,2025-01-01,0.4241984140396118,0.2208543613305069,-0.1428178296200931
P0223,2025-02-01,0.7947079337120057,0.5094025929651317,0.2792666418425739
P0223,2025-03-01,0.8454580471992492,0.7017857946989214,0.4867904021978378
P0223,2025-04-01,0.8488588502883911,0.5999380678571671,0.4491971244573593
P0223,2025-05-01,0.4776730244636535,0.2616793698121918,0.0766445124221965
P0223,2025-06-01,0.264013468503952,0.1689431824918214,-0.1062721337284892
P0223,2025-07-01,0.19607330224514,0.1483999821764556,-0.1221590637333691
P0223,2025-08-01,0.180430017375946,0.1413504500499661,-0.1114864604465663
P0223,2025-09-01,0.174676684808731,0.1172345563983381,-0.2194091015332844
P0223,2025-10-01,0.2158593218326568,0.1047658759009906,-0.296441751121357
P0223,2025-11-01,0.2482687055587768,0.1089773394621642,-0.2595021246520802
P0223,2025-12-01,0.2527956537485122,0.1183058644018397,-0.2586665193110704
P0224,2025-01-01,0.334706358218193,0.187860150585523,-0.1108187396992463
P0224,2025-02-01,0.5982851496696472,0.3554647524096007,0.1626945129867643
P0224,2025-03-01,0.693399042892456,0.5173891312720436,0.3269793516814708
P0224,2025-04-01,0.8490060601711273,0.7143952805286681,0.4868252442099154
P0224,2025-05-01,0.7206383163928985,0.5293039367290526,0.3008620392099023
P0224,2025-06-01,0.3748186017513275,0.2787713250495187,0.0594891865364974
P0224,2025-07-01,0.2174663309574127,0.1574840623769625,-0.0902864649472758
P0224,2025-08-01,0.1721500375270843,0.1176839750354324,-0.1439468783691525
P0224,2025-09-01,0.1534119233608246,0.0897205358374735,-0.2203852392196655
P0224,2025-10-01,0.1667587745308876,0.0641500978333952,-0.3104400802135467
P0224,2025-11-01,0.2066045689940452,0.0798689945796966,-0.2866503945708274
P0224,2025-12-01,0.2939194829940796,0.1237476455634201,-0.2104046985968947
P0225,2025-01-01,0.296044353055954,0.142687588180992,-0.1885144027799367
P0225,2025-02-01,0.599483766746521,0.3662402360260899,0.1007268200125079
P0225,2025-03-01,0.7956055320739747,0.6508886188420586,0.4143777846336364
P0225,2025-04-01,0.909246390914917,0.8130085656700284,0.5411366144657135
P0225,2025-05-01,0.7282539247035981,0.4998746403537013,0.3282030318498611
P0225,2025-06-01,0.2204173327684402,0.1468830529835047,-0.0511493405895307
P0225,2025-07-01,0.1466372311115265,0.1177544873510717,-0.0905688993416726
P0225,2025-08-01,0.1430987131595611,0.1155680941611879,-0.0964301991790533
P0225,2025-09-01,0.1412726739645004,0.1029155055920732,-0.1780496177792549
P0225,2025-10-01,0.171614932000637,0.0809210129295391,-0.2871673749804497
P0225,2025-11-01,0.1972034787893295,0.0946441376317251,-0.2584912715435028
P0225,2025-12-01,0.2838799866914749,0.1420897680238348,-0.1882469279821962
P0226,2025-01-01,0.5379423017978668,0.3295167077963266,0.08406355286569892
P0226,2025-02-01,0.7666183067798614,0.5170065994494443,0.3132220728352666
P0226,2025-03-01,0.8002241667747497,0.6764979455527544,0.4241112126111984
P0226,2025-04-01,0.8563752931594849,0.7564584945911973,0.50532546043396
P0226,2025-05-01,0.6464278483152389,0.4630611720761583,0.276818689495325
P0226,2025-06-01,0.2519793131589889,0.1824924754581176,-0.0390555992062669
P0226,2025-07-01,0.1966081532239914,0.1445042547165684,-0.0848943918082863
P0226,2025-08-01,0.1478400090575218,0.114479266359665,-0.1074447579681873
P0226,2025-09-01,0.1369551353216171,0.1007897154752512,-0.1380883191049099
P0226,2025-10-01,0.1437507886409759,0.083567223456314,-0.2540296275615692
P0226,2025-11-01,0.1774096695542335,0.0725939813517036,-0.2557565790832042
P0226,2025-12-01,0.2006008586645126,0.0792233708755167,-0.248857081714645
P0227,2025-01-01,0.3933389886379242,0.1717474338017366,-0.24720299109146
P0227,2025-02-01,0.6184957666158676,0.3940293791645164,0.078615944930911
P0227,2025-03-01,0.6868505508899688,0.574377566976965,0.2690473856855184
P0227,2025-04-01,0.8248350845336914,0.7069991399310499,0.409876271802932
P0227,2025-05-01,0.6438863109111785,0.6100253447648768,0.2983760331988335
P0227,2025-06-01,0.2693849089384079,0.2049079967638027,-0.0111993841494258
P0227,2025-07-01,0.1711344118595123,0.1346393174695017,-0.0939916683167219
P0227,2025-08-01,0.1661016713142395,0.1236224566574094,-0.1133929695188999
P0227,2025-09-01,0.1765554617404937,0.0821744581988473,-0.3058896613121032
P0227,2025-10-01,0.2022072935938835,0.0723787934859249,-0.3625172651529312
P0227,2025-11-01,0.2279774461984634,0.0773470709489169,-0.358592600774765
P0227,2025-12-01,0.2984826977014541,0.0925220500874219,-0.3579558140516281
P0228,2025-01-01,0.3004130209207535,0.1655031044766582,-0.1764132302404847
P0228,2025-02-01,0.4472317981719971,0.2818657936991579,0.0163771150372922
P0228,2025-03-01,0.5881881346225738,0.4372596423415211,0.1567782509265467
P0228,2025-04-01,0.6900237852334976,0.5840594239523429,0.3139464182594791
P0228,2025-05-01,0.5308332819223404,0.3448017282019796,0.1057455433685332
P0228,2025-06-01,0.2866802923202514,0.1839665254582227,-0.1196464507780969
P0228,2025-07-01,0.2705502568244934,0.1854714929988946,-0.1190556668873876
P0228,2025-08-01,0.2458595278024673,0.1826342685287318,-0.1180080211061984
P0228,2025-09-01,0.2485104948759079,0.1759762069386957,-0.173760857258737
P0228,2025-10-01,0.2579905061483383,0.1611882601058177,-0.1942938456393778
P0228,2025-11-01,0.281457577753067,0.1666237247581625,-0.1602788953144103
P0228,2025-12-01,0.3158665129899978,0.1739726271445745,-0.1327131593883037
P0229,2025-01-01,0.3168881443738937,0.1563551133176716,-0.1857055512338876
P0229,2025-02-01,0.8043393913269044,0.6343586965381373,0.3567868265088648
P0229,2025-03-01,0.7959589008331299,0.7059311726475399,0.4012585872001946
P0229,2025-04-01,0.7162734658241272,0.5250883936190084,0.2759976164846215
P0229,2025-05-01,0.4107232450485229,0.2198560014740965,-0.0287668744163354
P0229,2025-06-01,0.2738381442308426,0.1737571067108065,-0.1377528766969218
P0229,2025-07-01,0.244906813955307,0.179605694252454,-0.1160108876653015
P0229,2025-08-01,0.2496503899574279,0.1789192318625949,-0.1091453795805573
P0229,2025-09-01,0.2294005766272545,0.151621729492608,-0.1760255131911486
P0229,2025-10-01,0.26487635358572,0.1303528625146159,-0.2243040482930839
P0229,2025-11-01,0.2651117094755172,0.1166542084564296,-0.239031175359711
P0229,2025-12-01,0.2675665968894958,0.1144981461974492,-0.251215711842518
P0230,2025-01-01,0.4034504581603311,0.3020182570228104,0.0468821257339685
P0230,2025-02-01,0.6574391478061676,0.5259856341505309,0.2629138197403401
P0230,2025-03-01,0.7829086356639862,0.7008463766675671,0.4166625125944614
P0230,2025-04-01,0.7970246361732483,0.6679600905044594,0.4529511601105332
P0230,2025-05-01,0.6426279815912247,0.4047533159998059,0.2277261011987924
P0230,2025-06-01,0.2305629677057266,0.170401034232615,-0.0875390017352998
P0230,2025-07-01,0.1775321272850036,0.139568653395274,-0.1128725308105349
P0230,2025-08-01,0.1385510389089584,0.1159161266474505,-0.1233698553398251
P0230,2025-09-01,0.1417565488219261,0.1168109754464914,-0.1478874864220619
P0230,2025-10-01,0.2251458190917968,0.1652967819603075,-0.1187396653382107
P0230,2025-11-01,0.2933739816308021,0.2191629048652163,-0.0731666494442395
P0230,2025-12-01,0.4036030122995376,0.2904133382692463,0.0099888352435087
P0231,2025-01-01,0.3167414355516433,0.1993619600684503,-0.0545530353750102
P0231,2025-02-01,0.6162968692064286,0.427627237659719,0.1650806782039813
P0231,2025-03-01,0.6854581379413605,0.5648501571812411,0.2909530619166325
P0231,2025-04-01,0.4268264193058014,0.3032711314750896,0.0352332342393929
P0231,2025-05-01,0.2172402584552765,0.1409673452251563,-0.1393532269973308
P0231,2025-06-01,0.1790165947437286,0.1316756634327242,-0.154036690467596
P0231,2025-07-01,0.1458176857948303,0.1093999070719985,-0.1731452189564704
P0231,2025-08-01,0.1327445332765579,0.1088848141966187,-0.1547445216417312
P0231,2025-09-01,0.1220924979329109,0.0946836115672828,-0.1944028198122978
P0231,2025-10-01,0.1271097964763641,0.0854504522120194,-0.2236358454108238
P0231,2025-11-01,0.1393290976285934,0.0905328329185461,-0.2032494825303554
P0231,2025-12-01,0.1458426410198211,0.0860593639931646,-0.2044308654904365
P0232,2025-01-01,0.4815218142271041,0.3385769669595486,0.0702114395416341
P0232,2025-02-01,0.5233383190631866,0.3574903931902192,0.092904725562036
P0232,2025-03-01,0.4661560391426086,0.3700486068951612,0.1069017313580261
P0232,2025-04-01,0.4077101939916611,0.2912438264325376,-0.0151705979101709
P0232,2025-05-01,0.1927212004184723,0.1326257311019441,-0.2034995519638061
P0232,2025-06-01,0.1657042110562324,0.1173802545324929,-0.2183249120116233
P0232,2025-07-01,0.1669255774617195,0.1162608711863382,-0.2073628576278686
P0232,2025-08-01,0.1862440992832184,0.1311347459235693,-0.1944469680666923
P0232,2025-09-01,0.1676321955680847,0.113042376171458,-0.2150386762142181
P0232,2025-10-01,0.2460708452939987,0.1718508791853038,-0.1447275951590389
P0232,2025-11-01,0.3322969660043716,0.2287996381948125,-0.0747446475542383
P0232,2025-12-01,0.4341314711809158,0.2721303051705077,0.0358739464857615
P0233,2025-01-01,0.321223756802082,0.1942277909089759,-0.1051738856115046
P0233,2025-02-01,0.5692973890304566,0.3811388333254192,0.1292031031952356
P0233,2025-03-01,0.6392061667203903,0.5218180576197097,0.2377841245315037
P0233,2025-04-01,0.6397786229729653,0.4711578033121757,0.2112877393377945
P0233,2025-05-01,0.2622221981287002,0.1496416456395169,-0.1725937428727746
P0233,2025-06-01,0.1796080685377121,0.1265774432535261,-0.1934250701129436
P0233,2025-07-01,0.1531192549109458,0.1112486657089574,-0.185357547879219
P0233,2025-08-01,0.1537700305998325,0.1084392153862841,-0.1899263045787811
P0233,2025-09-01,0.1381649843454361,0.0855840394057396,-0.2354776156187057
P0233,2025-10-01,0.1452966450333595,0.075831533481927,-0.2632594827651977
P0233,2025-11-01,0.158821934390068,0.0777051605811469,-0.241092422902584
P0233,2025-12-01,0.2399834367156028,0.1298952130712041,-0.1689828259140253
P0234,2025-01-01,0.4269849838018417,0.2105670684168753,-0.1397054064309224
P0234,2025-02-01,0.818549343585968,0.5586721187660125,0.3341698982812464
P0234,2025-03-01,0.8754895199775696,0.7313907985436164,0.4781291631817818
P0234,2025-04-01,0.8657817935943604,0.7395154904928691,0.4996637202620506
P0234,2025-05-01,0.4223695462226867,0.242743880450131,0.0444930618245217
P0234,2025-06-01,0.2017251818656921,0.1268939243247539,-0.1464057144023478
P0234,2025-07-01,0.1476723026275634,0.1171599263131131,-0.1348802006751299
P0234,2025-08-01,0.1447093501687049,0.113225815603732,-0.1334103196650743
P0234,2025-09-01,0.1399467347383499,0.0938536539202635,-0.2487017155647277
P0234,2025-10-01,0.1646046817183494,0.0732227042842866,-0.3368911147356033
P0234,2025-11-01,0.1901608030676841,0.0747815098869824,-0.318721499478817
P0234,2025-12-01,0.2018402126789093,0.083350659229962,-0.309229861831665
P0235,2025-01-01,0.3934989203691482,0.2554755500958646,-0.12486653770525
P0235,2025-02-01,0.6679366196155548,0.450275856427426,0.1891845191372558
P0235,2025-03-01,0.6954225708484649,0.6390985402101306,0.3477000758215785
P0235,2025-04-01,0.6320314785838127,0.5219327745985344,0.25185900936603467
P0235,2025-05-01,0.5686403863191605,0.4047670089869382,0.1560179429104908
P0235,2025-06-01,0.2625771388530731,0.1937336957660162,-0.0848255095448344
P0235,2025-07-01,0.2029242061853408,0.1533471956353006,-0.1182941503253765
P0235,2025-08-01,0.1869799101114273,0.1406379056412965,-0.1307776801496744
P0235,2025-09-01,0.1708839234292507,0.1126499519787432,-0.2137413268461823
P0235,2025-10-01,0.1750400340974331,0.0818210459154571,-0.302095940078795
P0235,2025-11-01,0.2259328491210937,0.1026829232541392,-0.2768874627471436
P0235,2025-12-01,0.2421512690067291,0.1113842689985925,-0.2794021104174666
P0236,2025-01-01,0.4098503714561462,0.2415861974496137,-0.0364193550950847
P0236,2025-02-01,0.7683163632392883,0.5626708588721366,0.291931908284314
P0236,2025-03-01,0.7545540082931519,0.6628934831574567,0.3350756254434585
P0236,2025-04-01,0.7582215416908265,0.5665821565908353,0.3128377753406763
P0236,2025-05-01,0.2688568202495575,0.1526416487882189,-0.1640844047695398
P0236,2025-06-01,0.1801798944234848,0.1193531344767485,-0.1978046162247657
P0236,2025-07-01,0.1386719461083412,0.1106566351295269,-0.1608455303311348
P0236,2025-08-01,0.1384366408228874,0.1115493867380699,-0.1604569653987884
P0236,2025-09-01,0.1305056910395622,0.0997875694902722,-0.1977852969408035
P0236,2025-10-01,0.1500708946585655,0.0867372168175324,-0.253633214533329
P0236,2025-11-01,0.1613318770885467,0.0891816476907299,-0.2407748995065689
P0236,2025-12-01,0.1727868689656257,0.0896506031065456,-0.1898082643322646
P0237,2025-01-01,0.2869872960090637,0.1745079603155651,-0.1566080576114356
P0237,2025-02-01,0.651256753373146,0.4118526916578274,0.1813185292571783
P0237,2025-03-01,0.8268150505542755,0.6363845243739387,0.3807583760857582
P0237,2025-04-01,0.6128993498835158,0.4823028930741539,0.2189074544011489
P0237,2025-05-01,0.3059608116626739,0.1655913002118965,-0.086924498253074
P0237,2025-06-01,0.1971446304798126,0.1474117118852391,-0.1492991838216781
P0237,2025-07-01,0.1968286660432815,0.1529926078886329,-0.124746311455965
P0237,2025-08-01,0.1918437695860862,0.1449722139888308,-0.1370549571871757
P0237,2025-09-01,0.1723498323798179,0.1189341945155543,-0.1995490971803665
P0237,2025-10-01,0.1647554301023483,0.086477862193122,-0.2700130220890045
P0237,2025-11-01,0.1827034553050995,0.0923498080645483,-0.2302304518938064
P0237,2025-12-01,0.1926224788188934,0.0986895099838307,-0.203202154648304
P0238,2025-01-01,0.3515907022476196,0.2432707087874827,-0.0969738496362231
P0238,2025-02-01,0.5982617035865784,0.4140821728310151,0.1336564213231205
P0238,2025-03-01,0.7421236119747162,0.6078287618889852,0.3395609661027789
P0238,2025-04-01,0.8434995315551758,0.6971528100409459,0.4559635938644409
P0238,2025-05-01,0.6676478018760681,0.4742957572492269,0.2599980135873176
P0238,2025-06-01,0.2933817451000213,0.2119748393774296,-0.0096909737084293
P0238,2025-07-01,0.1809667260289192,0.1399316940560193,-0.0959273582652211
P0238,2025-08-01,0.1634837821125984,0.1270094870724609,-0.1162180959284305
P0238,2025-09-01,0.1463777644515037,0.1034138490412048,-0.2163007422924041
P0238,2025-10-01,0.1881403256893158,0.1076681765965843,-0.2251408318459987
P0238,2025-11-01,0.1931939230442047,0.1086917025326802,-0.2133858975574374
P0238,2025-12-01,0.2301464369535446,0.1316207178205984,-0.1984883067335933
P0239,2025-01-01,0.3389771505117416,0.21455921279632,-0.1314422120613511
P0239,2025-02-01,0.6361448435306549,0.4404875684402182,0.1333360891303381
P0239,2025-03-01,0.8136917286872863,0.7187477727001064,0.4106219119310379
P0239,2025-04-01,0.8879010514259338,0.7517469786925249,0.5079048853874206
P0239,2025-05-01,0.710016508436203,0.4889792303613266,0.3095293589234352
P0239,2025-06-01,0.2604498342037201,0.1846653674467709,-0.0205139408327289
P0239,2025-07-01,0.2006379546880722,0.1501562226827102,-0.083597804137133
P0239,2025-08-01,0.1771235196828842,0.1403170778518163,-0.0841158344442024
P0239,2025-09-01,0.169903833246231,0.1217572433926958,-0.1754667330861091
P0239,2025-10-01,0.1668657375454902,0.0919972462487208,-0.2693136815950274
P0239,2025-11-01,0.213221967625618,0.1066033962868706,-0.2466334701150655
P0239,2025-12-01,0.3015655618429184,0.1693870531624886,-0.1714883735023439
P0240,2025-01-01,0.2966126503666382,0.154562645744675,0.0468530842825414
P0240,2025-02-01,0.6996781754016876,0.5068172696608533,0.2838753984085866
P0240,2025-03-01,0.7193597193241119,0.5991629925132756,0.3428694948434829
P0240,2025-04-01,0.8207486834324581,0.8216416748594063,0.4754858042152834
P0240,2025-05-01,0.6968933366060257,0.4881093495376778,0.2517470197739079
P0240,2025-06-01,0.3765890986204147,0.2645188572611429,-0.0038197841446846
P0240,2025-07-01,0.2303451723098755,0.1587616009951485,-0.1423536184996366
P0240,2025-08-01,0.2016826659321784,0.1430832740727622,-0.1598008017659187
P0240,2025-09-01,0.1888018888115883,0.124052717951017,-0.2118080710530281
P0240,2025-10-01,0.2093121400356292,0.1019326943739345,-0.2798348393678665
P0240,2025-11-01,0.2682358902215958,0.1320536739407727,-0.192773379911296
P0240,2025-12-01,0.3118451431632042,0.1701835268735929,-0.1432119418054802
P0241,2025-01-01,0.3533411533594131,0.2957941632916606,0.0163898303649504
P0241,2025-02-01,0.6545005729436875,0.609146163971589,0.2595310422830283
P0241,2025-03-01,0.6676091137886048,0.595788930573464,0.2902391030192375
P0241,2025-04-01,0.4734826957941055,0.36185566205552,0.0718594197471858
P0241,2025-05-01,0.2385904721736908,0.1621633270779764,-0.1500178996369242
P0241,2025-06-01,0.1792024166822433,0.1446814561756268,-0.1720715370416641
P0241,2025-07-01,0.1481084119439125,0.1291736003191093,-0.1527753455519676
P0241,2025-08-01,0.1479541856646537,0.1293442060948805,-0.1459354110121727
P0241,2025-09-01,0.1368738194108009,0.1180083825034828,-0.1666605104684829
P0241,2025-10-01,0.1606956726312637,0.1290032226240593,-0.1753551276922225
P0241,2025-11-01,0.1539299540638923,0.1172682173467718,-0.1684085653066635
P0241,2025-12-01,0.171535235273838,0.1161327412049551,-0.1405364711880684
P0242,2025-01-01,0.2780524132370949,0.1942022231770941,-0.1506647215761244
P0242,2025-02-01,0.6496222830533981,0.4718119578556264,0.1834946194807067
P0242,2025-03-01,0.795393019771576,0.7226902802234015,0.4082237398512661
P0242,2025-04-01,0.8613062293529511,0.7204430854176594,0.4827663024663925
P0242,2025-05-01,0.5754506593704224,0.3556776107452865,0.1882601571224164
P0242,2025-06-01,0.216013877415657,0.1504475336546528,-0.0991243337608873
P0242,2025-07-01,0.1662944159269332,0.135449473718692,-0.1202816848540678
P0242,2025-08-01,0.1597080758333206,0.126425902285135,-0.1220430472552776
P0242,2025-09-01,0.148774892103672,0.1103409075120734,-0.1979563792109489
P0242,2025-10-01,0.1844714766025543,0.1096180532846384,-0.2249920828193426
P0242,2025-11-01,0.1842748222112655,0.1226098624058087,-0.2039456265391782
P0242,2025-12-01,0.2123465002894401,0.1222239461962932,-0.2099653990469873
P0243,2025-01-01,0.3683500989794731,0.2764257461220473,0.0377441139167778
P0243,2025-02-01,0.5208450177073479,0.4149291020934144,0.1643156980497413
P0243,2025-03-01,0.476383678984642,0.4027153854596841,0.1317322123294696
P0243,2025-04-01,0.281794888484478,0.2188790656013575,-0.0615560305897146
P0243,2025-05-01,0.1924739510178566,0.1498791123628897,-0.1264341285783797
P0243,2025-06-01,0.1455195146441459,0.1203069273245093,-0.158238747523725
P0243,2025-07-01,0.1212563217997551,0.1001116367205482,-0.1640462793767452
P0243,2025-08-01,0.1231963028848171,0.099848088777872,-0.1672014079034328
P0243,2025-09-01,0.1185785800695419,0.0941421563345323,-0.1707738534480333
P0243,2025-10-01,0.1415349614143371,0.1057174515524604,-0.1768162164270877
P0243,2025-11-01,0.1505026355743408,0.1024825206680688,-0.1793302674491218
P0243,2025-12-01,0.1725365083098411,0.1038993073876779,-0.1443270498650148
P0244,2025-01-01,0.491816881275177,0.4127737922781055,0.080094678892102
P0244,2025-02-01,0.8207004273414612,0.5854613107953285,0.3658950991868973
P0244,2025-03-01,0.8478839547157287,0.7034543582283707,0.4229340887546539
P0244,2025-04-01,0.7585546448707581,0.6035830175691764,0.3638731080532074
P0244,2025-05-01,0.4984217289209365,0.3361303239171006,0.1337449749510066
P0244,2025-06-01,0.256452325797081,0.1661397258715802,-0.1215123090185225
P0244,2025-07-01,0.1595775162935257,0.1276340005971414,-0.1358211584061384
P0244,2025-08-01,0.149503353190422,0.1189470945821971,-0.1360349559992552
P0244,2025-09-01,0.1402562837719917,0.1069134623604092,-0.1682569487810135
P0244,2025-10-01,0.156233894264698,0.0751276780564208,-0.2809380953401327
P0244,2025-11-01,0.2001271735429763,0.0920284514729934,-0.2430446974873542
P0244,2025-12-01,0.2138984253764152,0.0898052816414162,-0.2080173345118761
P0245,2025-01-01,0.4158593147039413,0.2578656853842153,-0.0085442958712577
P0245,2025-02-01,0.7767040070533753,0.6146311166681763,0.3146982192873955
P0245,2025-03-01,0.8475281773567199,0.7675722512037977,0.433315749168396
P0245,2025-04-01,0.8316847605705261,0.6605762916251392,0.376106264936924
P0245,2025-05-01,0.2485077031850814,0.137159347678559,-0.1754412514328956
P0245,2025-06-01,0.1699954690933227,0.1251946762721398,-0.1764312623381614
P0245,2025-07-01,0.1454695216417312,0.1159508277994071,-0.1533220096707344
P0245,2025-08-01,0.1495120025277137,0.1156509581257344,-0.1478734651684761
P0245,2025-09-01,0.1399890521526336,0.1040414721450981,-0.1693822897911071
P0245,2025-10-01,0.1521234665751457,0.0852720205753877,-0.2353855131149292
P0245,2025-11-01,0.1579527086019516,0.0875307953637394,-0.2165080618500709
P0245,2025-12-01,0.2120114200115203,0.1094661014547475,-0.161382702249987
P0246,2025-01-01,0.2792566921234131,0.2027938324580173,-0.048699669073522
P0246,2025-02-01,0.5203047882318497,0.3569991293755192,0.1204353008315898
P0246,2025-03-01,0.4557225753307342,0.3502654516220827,0.0859323925074189
P0246,2025-04-01,0.3634969071388245,0.2597104743029124,-0.0153568495853338
P0246,2025-05-01,0.3165333546519279,0.2348106895631341,-0.046926378679031
P0246,2025-06-01,0.2407606256484985,0.1831271969717037,-0.1046906772015616
P0246,2025-07-01,0.1849050222039222,0.1339747179509929,-0.1432986422605675
P0246,2025-08-01,0.187086372578144,0.1337373674819368,-0.1463990784025751
P0246,2025-09-01,0.180749669611454,0.1240626481950393,-0.1553477765960619
P0246,2025-10-01,0.2026233854949474,0.1289983737467459,-0.1533706245583715
P0246,2025-11-01,0.2306925419449806,0.1389666739603873,-0.1284205813762731
P0246,2025-12-01,0.2644185929536819,0.1426638209013041,-0.1138754641091451
P0247,2025-01-01,0.3255890270471573,0.1992517205523997,-0.0127581608323846
P0247,2025-02-01,0.6285763879776001,0.4875804229449391,0.2653632369384169
P0247,2025-03-01,0.7591347797870636,0.6705378328918203,0.4318492325544357
P0247,2025-04-01,0.5090023254394531,0.3723751246146558,0.1444529290033737
P0247,2025-05-01,0.3151740839600563,0.2412285631957725,-0.0367637188513412
P0247,2025-06-01,0.1806863398790359,0.1507103254494105,-0.1188974859029054
P0247,2025-07-01,0.1472652956485748,0.1213857518922383,-0.1293239561676979
P0247,2025-08-01,0.1491863822460174,0.1200699138682101,-0.1268865757107734
P0247,2025-09-01,0.1464818545222282,0.1114645601320502,-0.1356636360228061
P0247,2025-10-01,0.175639657485485,0.1107511338728425,-0.1514157643526792
P0247,2025-11-01,0.1928516906499862,0.1183633540349996,-0.1276411161367781
P0247,2025-12-01,0.2929580811500549,0.1585217691387451,-0.0511073654959385
P0248,2025-01-01,0.5136569010972977,0.3741308955289196,0.1243256312018376
P0248,2025-02-01,0.6284989439487457,0.4900123028450976,0.2355763914078474
P0248,2025-03-01,0.5831419856071473,0.4772891040857349,0.2126617515683174
P0248,2025-04-01,0.4039603958368301,0.2926367693404261,-0.005419039337817
P0248,2025-05-01,0.3064781366348266,0.2156398062101003,-0.0748314725690987
P0248,2025-06-01,0.2108151295900344,0.1588693445283029,-0.1398640549444011
P0248,2025-07-01,0.1645919716715812,0.1206574583868915,-0.1580692960046231
P0248,2025-08-01,0.1667771519780159,0.1202114339677126,-0.1587722388654947
P0248,2025-09-01,0.1629278350353241,0.1125758447324889,-0.169232278303802
P0248,2025-10-01,0.1693730970621109,0.0987056346641293,-0.2124043362565338
P0248,2025-11-01,0.1817630516886711,0.1002258266455706,-0.1886130179747008
P0248,2025-12-01,0.1983990876197815,0.1026338049050505,-0.1899409688998945
P0249,2025-01-01,0.2807219673752785,0.2161459052780817,-0.066161179554183
P0249,2025-02-01,0.4678759870171547,0.3580185266705726,0.0934071753259282
P0249,2025-03-01,0.5368519681453705,0.4395347903846183,0.1746966878585517
P0249,2025-04-01,0.3329453839182854,0.2574202965449977,-0.0348673759384546
P0249,2025-05-01,0.2040664748787879,0.1601226597021241,-0.1126968270663637
P0249,2025-06-01,0.145676518368721,0.1232883630292012,-0.1426702551454305
P0249,2025-07-01,0.1214845712542533,0.1019710311105889,-0.1442937995910644
P0249,2025-08-01,0.1260355280578136,0.1041891602245127,-0.1476981775164604
P0249,2025-09-01,0.1230064549803733,0.0951495290781327,-0.1746761089652776
P0249,2025-10-01,0.1231805156588554,0.0916842911478327,-0.184744699582085
P0249,2025-11-01,0.1480608492016792,0.0982166321995048,-0.1847652345046401
P0249,2025-12-01,0.1829386743426323,0.1193093957009214,-0.1486353450149297
P0250,2025-01-01,0.25613898438785,0.4917617438540129,0.0341969149376382
P0250,2025-02-01,0.7192768706798554,0.5517270575544884,0.2669281593779102
P0250,2025-03-01,0.7190791440486908,0.6670342062837356,0.3699385986030102
P0250,2025-04-01,0.794173817396164,0.6921035873325257,0.4231593557210639
P0250,2025-05-01,0.7178219055175781,0.5764842787810591,0.3280218947738409
P0250,2025-06-01,0.275828351354599,0.2082677478204434,-0.0481956005677115
P0250,2025-07-01,0.1952450055122375,0.1447699889056473,-0.1192885709717869
P0250,2025-08-01,0.1866963670969009,0.1382191027505937,-0.1258050390452146
P0250,2025-09-01,0.1765670308589935,0.1181420896110702,-0.2030377137333154
P0250,2025-10-01,0.2378322082400322,0.1389163328304088,-0.2288413273215294
P0250,2025-11-01,0.3360196293115616,0.1858103590107938,-0.1686312358906492
P0250,2025-12-01,0.4229198081731796,0.2273336024771031,-0.1123455866523087
P0251,2025-01-01,0.3211702960968017,0.2156376110969896,-0.1342335836932063
P0251,2025-02-01,0.623322566318512,0.4234485465804174,0.1446397838331759
P0251,2025-03-01,0.7620160614490509,0.6304838231946817,0.3518824796915054
P0251,2025-04-01,0.7368881181240082,0.5739736730239021,0.3267528492260724
P0251,2025-05-01,0.5427312626838684,0.3448569558596466,0.1306239571884274
P0251,2025-06-01,0.2917487777948379,0.1989559200941674,-0.0949604777392
P0251,2025-07-01,0.1984106173753738,0.1499710037677605,-0.1266099506151862
P0251,2025-08-01,0.1882728009700775,0.1422156204575054,-0.120129325376451
P0251,2025-09-01,0.17461815533638,0.1214014429730941,-0.2088784523429349
P0251,2025-10-01,0.2324560616254806,0.1376180671119251,-0.2166699211865663
P0251,2025-11-01,0.2871178205013275,0.1746979294564075,-0.1527991946969181
P0251,2025-12-01,0.3024654514312744,0.1748597934260744,-0.1804177683133632
P0252,2025-01-01,0.3210790637969971,0.1939745739401565,-0.1005632798518985
P0252,2025-02-01,0.5524962630033493,0.3985098356707955,0.1068348794929925
P0252,2025-03-01,0.684939365530014,0.6195063220471759,0.3550024631023407
P0252,2025-04-01,0.7518467081069946,0.6377533605471822,0.3991308032155037
P0252,2025-05-01,0.2929778650045395,0.1954602807009092,-0.1389508343661204
P0252,2025-06-01,0.19085988676548,0.1324387427061152,-0.2002673591375351
P0252,2025-07-01,0.1626806445837021,0.1166211266932233,-0.197459133374691
P0252,2025-08-01,0.1509868636369705,0.1108968393955103,-0.1943667678952217
P0252,2025-09-01,0.15068840405941,0.1027913309245811,-0.2170855297088623
P0252,2025-10-01,0.1730919535994529,0.0983432128600004,-0.2733621024206281
P0252,2025-11-01,0.1828305032968521,0.1006492024897763,-0.2404600035287439
P0252,2025-12-01,0.370152540397644,0.2464517724416557,0.000953795505594462
P0253,2025-01-01,0.2691388687849045,0.1446989420607783,-0.226717828631401
P0253,2025-02-01,0.6111969345092774,0.3809651145363613,0.1031853426266463
P0253,2025-03-01,0.8323771540641784,0.6453405467971521,0.4120669631719589
P0253,2025-04-01,0.9049124325752258,0.6966476723917145,0.4857063419818878
P0253,2025-05-01,0.3575638216495514,0.1775126598560989,-0.0657181758349761
P0253,2025-06-01,0.2028419952630996,0.1275915753175156,-0.1465759301185608
P0253,2025-07-01,0.1480342532634735,0.1113799335678156,-0.1457629577636718
P0253,2025-08-01,0.1355008329629898,0.1062442360485608,-0.1515242806434631
P0253,2025-09-01,0.1313439366817474,0.0931527158287096,-0.2344911057710647
P0253,2025-10-01,0.1419486073613166,0.0753368850756715,-0.3121388169288635
P0253,2025-11-01,0.1654734795331955,0.0783826998628014,-0.285080288028717
P0253,2025-12-01,0.1945511324167251,0.0961647503253872,-0.2813635598897934
P0254,2025-01-01,0.3135740509986877,0.1933672211618125,-0.1221342030538246
P0254,2025-02-01,0.7613569823741912,0.5353262985483247,0.3156359496891499
P0254,2025-03-01,0.8208696427345276,0.6603939808590144,0.4316186070203781
P0254,2025-04-01,0.8284764423370361,0.673204339078166,0.4368633393283933
P0254,2025-05-01,0.5149562092781067,0.3073675274263417,0.1013230115380603
P0254,2025-06-01,0.2252481786012649,0.1549959687359109,-0.1030041914821602
P0254,2025-07-01,0.1548647956132889,0.1271085310493668,-0.1048719181776046
P0254,2025-08-01,0.1472977934479713,0.1213701845327296,-0.1118931465506553
P0254,2025-09-01,0.1427006036043167,0.1066707904462284,-0.1901416492342948
P0254,2025-10-01,0.1337118803858757,0.0638274238923116,-0.2520910414934158
P0254,2025-11-01,0.1737241628170013,0.0860353934370669,-0.2457532653093338
P0254,2025-12-01,0.1773648628234863,0.0981942751319363,-0.173066651058197
P0255,2025-01-01,0.3567324890851974,0.2322617561913004,-0.0529715700456714
P0255,2025-02-01,0.7254941333293915,0.513352971981286,0.2632096262693405
P0255,2025-03-01,0.7590027482509613,0.6277187294426796,0.34436766872406
P0255,2025-04-01,0.4559706361889839,0.3040826213744174,0.0551003356510665
P0255,2025-05-01,0.2209075329661369,0.1319108495283412,-0.1586593430101871
P0255,2025-06-01,0.1750098912835121,0.1293432113096652,-0.1669901883602142
P0255,2025-07-01,0.1500737730741501,0.1159129487103298,-0.1704036431074142
P0255,2025-08-01,0.1415396524310112,0.1133209071236664,-0.1601677604198455
P0255,2025-09-01,0.1318718348503113,0.1001509872486322,-0.1994763110637664
P0255,2025-10-01,0.1432387789726257,0.0989896232170889,-0.2178314684152603
P0255,2025-11-01,0.1618427837014198,0.108154663820498,-0.1977397380232811
P0255,2025-12-01,0.1782526060223579,0.1120698090059357,-0.1870190603554248
P0256,2025-01-01,0.2958939608216285,0.1592886169963236,-0.2264885895483195
P0256,2025-02-01,0.6450852911949158,0.3983934634844196,0.1299820446392579
P0256,2025-03-01,0.7549373880624771,0.622529302665848,0.345614285617508
P0256,2025-04-01,0.7054398905614326,0.6386432928412984,0.4170037785866137
P0256,2025-05-01,0.6597703017473221,0.4721669310541687,0.2576276211879216
P0256,2025-06-01,0.2418616739749908,0.1756102549712713,-0.0468143063801573
P0256,2025-07-01,0.1614469081401825,0.1261511044593496,-0.1197191855248063
P0256,2025-08-01,0.1524033253550529,0.114371681208071,-0.1421107614099979
P0256,2025-09-01,0.1527457024216651,0.0988693476178955,-0.2225395730793476
P0256,2025-10-01,0.181385737657547,0.0767743690963962,-0.3371904387146234
P0256,2025-11-01,0.2237680775165557,0.0870638322539714,-0.321347061627265
P0256,2025-12-01,0.2282667493581771,0.0858535303409916,-0.3380991216018796
P0257,2025-01-01,0.5209287427186966,0.34611948163365447,0.09040743252709513
P0257,2025-02-01,0.7680154836893082,0.5401361300099293,0.3252471243999898
P0257,2025-03-01,0.7981721179485322,0.6781801128020916,0.4321337166786194
P0257,2025-04-01,0.8561856624603271,0.7047193765960181,0.4705156758904457
P0257,2025-05-01,0.6000116971969605,0.4115016736704781,0.2088839063603663
P0257,2025-06-01,0.272325924539566,0.190978988360896,-0.0334652974290773
P0257,2025-07-01,0.1860195049762726,0.144520487870538,-0.0894134301577694
P0257,2025-08-01,0.1722515524625778,0.1336946063948514,-0.0906043591776862
P0257,2025-09-01,0.1683526179432869,0.1182361372493609,-0.1424422327630221
P0257,2025-10-01,0.1725078419685363,0.0851347049001274,-0.2343269284561276
P0257,2025-11-01,0.1931659943699836,0.0920945030397375,-0.2146487331658601
P0257,2025-12-01,0.2129890033245086,0.1062504379414588,-0.1915821407698094
P0258,2025-01-01,0.4985823323011398,0.408651422776019,0.13818321320798713
P0258,2025-02-01,0.6374894631624222,0.5125375550997558,0.257433794881776
P0258,2025-03-01,0.7224966243982315,0.5702762117974239,0.3630109157986939
P0258,2025-04-01,0.7413168814529976,0.634928211716092,0.3818709217671615
P0258,2025-05-01,0.6366934788703918,0.501774802904879,0.2653281148800626
P0258,2025-06-01,0.2635764463424682,0.2113791557565263,-0.0261414663503295
P0258,2025-07-01,0.1884762957572937,0.1547051969071351,-0.08834874626823
P0258,2025-08-01,0.1643257776856422,0.1374856389985141,-0.1171652264073491
P0258,2025-09-01,0.1531466087818145,0.1260606686941395,-0.1605147501856088
P0258,2025-10-01,0.1822499410510063,0.1302228415372821,-0.2027531154289841
P0258,2025-11-01,0.2303394661903381,0.1545844670322025,-0.1424448056608438
P0258,2025-12-01,0.2892603111743927,0.1891231116351944,-0.1115303044699132
P0259,2025-01-01,0.234460493671894,0.1453124946907668,-0.0982746572606265
P0259,2025-02-01,0.4548893593549728,0.319990782511837,0.0593778126016957
P0259,2025-03-01,0.6512768585920334,0.5602516398483516,0.2636299497634172
P0259,2025-04-01,0.3981124375104904,0.2780228393373696,0.0027666235899319
P0259,2025-05-01,0.1827119458794593,0.118918713566535,-0.1732064474530518
P0259,2025-06-01,0.1307579520463943,0.095470316016298,-0.1871522748231887
P0259,2025-07-01,0.0888285360693931,0.0707836654627339,-0.1866245592951774
P0259,2025-08-01,0.0949835883378982,0.0747073468944548,-0.185461187171936
P0259,2025-09-01,0.0944134903907776,0.07307148922195,-0.1972007379770279
P0259,2025-10-01,0.1080789934277534,0.0774974748926443,-0.2113888746380806
P0259,2025-11-01,0.1236809071660041,0.0751330763755278,-0.2075144876480102
P0259,2025-12-01,0.1405722109913826,0.0754299235489529,-0.1984945890828967
P0260,2025-01-01,0.3038144099473953,0.1854859263199237,-0.0554390994920395
P0260,2025-02-01,0.6554557920217514,0.4873805264033827,0.2127394288166426
P0260,2025-03-01,0.7066104207992554,0.5908726888373489,0.2782132256865501
P0260,2025-04-01,0.4607800418376923,0.3240615049043568,0.0280154039637651
P0260,2025-05-01,0.3205810180664062,0.2036880358379585,-0.1018554198389872
P0260,2025-06-01,0.2227127006053924,0.1596464525210962,-0.1542807163476943
P0260,2025-07-01,0.1493632448792457,0.1238944438653447,-0.1567770228803157
P0260,2025-08-01,0.1423785033464431,0.1159248271044207,-0.15164932218194
P0260,2025-09-01,0.1289725960612297,0.1006285965932761,-0.1777679662704467
P0260,2025-10-01,0.1323862538456917,0.0946945143350041,-0.1976391184076666
P0260,2025-11-01,0.1436723487496376,0.0977863056404494,-0.183332867501676
P0260,2025-12-01,0.1726734313249588,0.1027018005124646,-0.1835916319578886
P0261,2025-01-01,0.2907535373568535,0.1871990934938398,-0.0746462966475053
P0261,2025-02-01,0.5419165068864822,0.4337203449318171,0.1476119895432144
P0261,2025-03-01,0.7229163958072662,0.6451068987447528,0.3353654950618744
P0261,2025-04-01,0.7139675610303878,0.5452966023822845,0.2563936378642916
P0261,2025-05-01,0.2278161913394928,0.134989803981434,-0.1986562338948249
P0261,2025-06-01,0.1821941166639328,0.1247331285893151,-0.2124852297067642
P0261,2025-07-01,0.1447933228015899,0.1171161735287091,-0.1889856576561927
P0261,2025-08-01,0.1365932901382446,0.1070908401795781,-0.1822461992621422
P0261,2025-09-01,0.1281420839548111,0.0999363519077253,-0.1908405901193618
P0261,2025-10-01,0.1393327968001365,0.0910491293306537,-0.21285554677248
P0261,2025-11-01,0.1496263786673546,0.093909177208177,-0.2001916729211807
P0261,2025-12-01,0.2350223997592926,0.1311987776575183,-0.083722308202504
P0262,2025-01-01,0.2456699780225753,0.169014908250055,-0.0722280358414864
P0262,2025-02-01,0.4634777390956878,0.3546854469552708,0.088609715187666
P0262,2025-03-01,0.65581143450737,0.5796991021547204,0.2863773686148226
P0262,2025-04-01,0.6930474029302597,0.5437858945303178,0.2784295012242164
P0262,2025-05-01,0.2135617115020752,0.1401833829777104,-0.1582603464007377
P0262,2025-06-01,0.1636534309625625,0.1244761217334878,-0.1841632494688034
P0262,2025-07-01,0.1358075005769729,0.1105870742295877,-0.1716793646335601
P0262,2025-08-01,0.1267562126398086,0.1045269411234902,-0.1683388134956359
P0262,2025-09-01,0.1153738488316536,0.0912713722949706,-0.1735278647541999
P0262,2025-10-01,0.1341505071997642,0.1045277167844697,-0.1725267598330974
P0262,2025-11-01,0.143775464951992,0.1001462358344664,-0.1675676777124405
P0262,2025-12-01,0.2410782336473464,0.1412496925340328,-0.0775102685911827
P0263,2025-01-01,0.3835308977603912,0.2897620313048787,-0.0452136463888455
P0263,2025-02-01,0.7093450277805329,0.5305505397817781,0.2395919449152425
P0263,2025-03-01,0.8323689699172974,0.7517510653367233,0.4440667300462723
P0263,2025-04-01,0.8386115332126618,0.6556301981629484,0.4622969030737877
P0263,2025-05-01,0.5854149559020996,0.3490337845231141,0.1789678358277306
P0263,2025-06-01,0.2126626722574234,0.1481472264201572,-0.0807375073921401
P0263,2025-07-01,0.1559353008151054,0.1269215838523146,-0.1031182333260774
P0263,2025-08-01,0.1436557040929794,0.1199697427829922,-0.1077959865391254
P0263,2025-09-01,0.137489261162281,0.1051753481298386,-0.1911351887047291
P0263,2025-10-01,0.1821296467661857,0.1197397668211262,-0.1978172287106514
P0263,2025-11-01,0.2073165309548378,0.1302102572709295,-0.1916752593848854
P0263,2025-12-01,0.2424701270937919,0.1449433614798529,-0.188154634159062
P0264,2025-01-01,0.4966255971193313,0.237747394593235,-0.0213872734348289
P0264,2025-02-01,0.7754221180438995,0.5089218619169478,0.3016400265928358
P0264,2025-03-01,0.7649665144920349,0.6231219014858107,0.3697298431135714
P0264,2025-04-01,0.7221493782520294,0.4886600113781649,0.2902920622667297
P0264,2025-05-01,0.3601382878065109,0.1977109584017909,-0.0543443191494792
P0264,2025-06-01,0.2663893924236297,0.1724997436684424,-0.0963170238644117
P0264,2025-07-01,0.2459649648785591,0.1666280470209643,-0.0983117197856307
P0264,2025-08-01,0.2471473687529564,0.1631185958543638,-0.0926020126043818
P0264,2025-09-01,0.246923499405384,0.1496876127393496,-0.1380126730746822
P0264,2025-10-01,0.2870489550948143,0.1401617841137858,-0.1635840773242991
P0264,2025-11-01,0.3073315397262573,0.1406409979128901,-0.1468811944497749
P0264,2025-12-01,0.3226077638626098,0.1436986743137048,-0.15309466503812
P0265,2025-01-01,0.5651105329275131,0.3480966771091153,0.0402122442912194
P0265,2025-02-01,0.8401713609457016,0.6977609609331967,0.3925572332218289
P0265,2025-03-01,0.7656555943012238,0.6544587167719055,0.3571301404505968
P0265,2025-04-01,0.5570850516796112,0.3706795347081627,0.1194705392176227
P0265,2025-05-01,0.244741697871685,0.1292509437305466,-0.2238161258101463
P0265,2025-06-01,0.1996749971628189,0.1409312441279025,-0.1932228452563285
P0265,2025-07-01,0.1537873959064483,0.118755794624423,-0.1960611307024955
P0265,2025-08-01,0.1544519362330436,0.1121937220530166,-0.2225868566036224
P0265,2025-09-01,0.1590449242591858,0.1113334566177202,-0.2541351195812225
P0265,2025-10-01,0.1948537511587142,0.1085453218968082,-0.3064696202158928
P0265,2025-11-01,0.2163312844157219,0.104824564724177,-0.3136118562340736
P0265,2025-12-01,0.2395826714873314,0.1035834530096297,-0.2630666468128562
P0266,2025-01-01,0.3051982506990432,0.1714327524219049,-0.1171384018650278
P0266,2025-02-01,0.5578813632488251,0.3823090033354454,0.1014156705008819
P0266,2025-03-01,0.6740465820789338,0.5525961001317299,0.2668161077273078
P0266,2025-04-01,0.4883726833820343,0.3212455081886375,0.0138477669176645
P0266,2025-05-01,0.3175021339654922,0.1982625843862412,-0.0890951614817604
P0266,2025-06-01,0.2178190806865692,0.1481672017002231,-0.1575749818146228
P0266,2025-07-01,0.1701995853424072,0.1233636336810831,-0.147081136238575
P0266,2025-08-01,0.1661403301954269,0.1229194083173272,-0.1450974585711956
P0266,2025-09-01,0.1553322249770164,0.1073282851194456,-0.1799091585755348
P0266,2025-10-01,0.1569782112240791,0.0926835158141704,-0.2350132842898369
P0266,2025-11-01,0.1739580961942672,0.0938629393823221,-0.2241019377589225
P0266,2025-12-01,0.2331863003969192,0.1229156575042759,-0.1833856214061379
P0267,2025-01-01,0.3147410438299179,0.1909360166702876,-0.0782800780110061
P0267,2025-02-01,0.6396191230773925,0.4483340478358141,0.2036568623168394
P0267,2025-03-01,0.8292809238433838,0.7881517084862786,0.4365912954330444
P0267,2025-04-01,0.7616035887241364,0.6134945146707776,0.341078588104248
P0267,2025-05-01,0.2219975709438324,0.124286629258136,-0.1716468358516693
P0267,2025-06-01,0.1276256411433219,0.0946303977233938,-0.1880176707506179
P0267,2025-07-01,0.1096272737264633,0.0819627731208265,-0.1784318859457969
P0267,2025-08-01,0.1154429669618606,0.0848360075490654,-0.1792189049720764
P0267,2025-09-01,0.117710862481594,0.0833256723933715,-0.1869578696012497
P0267,2025-10-01,0.1328817950367927,0.0758493717203438,-0.2416997241258621
P0267,2025-11-01,0.1433059077620506,0.0778823982052304,-0.2198523415327072
P0267,2025-12-01,0.2759355450391769,0.1640120826673599,-0.0703146520772017
P0268,2025-01-01,0.4868281060934066,0.3138782298202348,0.0206804602766875
P0268,2025-02-01,0.7255041980028153,0.5780625724273667,0.3328133564583957
P0268,2025-03-01,0.7520832217216492,0.6322110275740978,0.3926866860359907
P0268,2025-04-01,0.66295964782238,0.475890823377039,0.2721894317326136
P0268,2025-05-01,0.4188401016950607,0.2696404622310622,0.0287433674472384
P0268,2025-06-01,0.2455201235055923,0.1745574931733245,-0.1098771662875195
P0268,2025-07-01,0.2265719875693321,0.1746280354994801,-0.0927292421087622
P0268,2025-08-01,0.2104089092969894,0.1560776298836155,-0.1202024726213887
P0268,2025-09-01,0.1889723643183708,0.1287154456774637,-0.1735371519491076
P0268,2025-10-01,0.1906981489062309,0.1071059171442396,-0.2143648777909577
P0268,2025-11-01,0.305995441854,0.1783967078258352,-0.1144509685406228
P0268,2025-12-01,0.3603002295613289,0.209641624416587,-0.0689566841326654
P0269,2025-01-01,0.2300029628038406,0.156912570458483,-0.1401813321493566
P0269,2025-02-01,0.5707180543422699,0.409691866389676,0.1707393862796947
P0269,2025-03-01,0.7031029033660888,0.5919038295653498,0.3443489448308944
P0269,2025-04-01,0.6823142920970917,0.5374677014279127,0.3090089370846748
P0269,2025-05-01,0.2791048977136612,0.1792994567876246,-0.1140030735068954
P0269,2025-06-01,0.1940380686044693,0.1463638504430295,-0.1572412829875946
P0269,2025-07-01,0.169044386935234,0.1336134091029934,-0.1378178233742714
P0269,2025-08-01,0.1663690261602401,0.1296325902985441,-0.1375486514091491
P0269,2025-09-01,0.1586402840852737,0.1184858715976696,-0.1590468462228775
P0269,2025-10-01,0.1514913502216339,0.0895383967904361,-0.2277665312767028
P0269,2025-11-01,0.1754113588809967,0.0953363316042757,-0.2278808228731155
P0269,2025-12-01,0.2339106218099594,0.1391890657472268,-0.1475482806174084
P0270,2025-01-01,0.3665201465368271,0.2437071111680882,-0.1192802769766887
P0270,2025-02-01,0.7193522429466248,0.4863871754468704,0.2083784729808569
P0270,2025-03-01,0.8103271159172059,0.741084611817742,0.4392544826984405
P0270,2025-04-01,0.8883026430130004,0.7645756059259422,0.5174546140432358
P0270,2025-05-01,0.704870351934433,0.4664907588735822,0.2837545955773443
P0270,2025-06-01,0.2098977334618568,0.1460498543535372,-0.0742836044912692
P0270,2025-07-01,0.1590782342076301,0.1258708259922787,-0.1207826158843934
P0270,2025-08-01,0.1540557219862938,0.1207690165328462,-0.113482747426629
P0270,2025-09-01,0.1530700299501419,0.1106872081990446,-0.1952253937005996
P0270,2025-10-01,0.1816120944499969,0.1040214214977687,-0.2301171270251274
P0270,2025-11-01,0.2055662861347198,0.1065919637236925,-0.2224981463730335
P0270,2025-12-01,0.212925063419342,0.1094744637562202,-0.2384211717531085
P0271,2025-01-01,0.3594390952883802,0.2341195941914479,0.1481884500634414
P0271,2025-02-01,0.7660300095558167,0.5020428116872203,0.3387385281085968
P0271,2025-03-01,0.7832784623146057,0.6464396294059361,0.4016733067371882
P0271,2025-04-01,0.834843425989151,0.6997700560852578,0.4530156704798341
P0271,2025-05-01,0.6780749778747559,0.4871426748082265,0.3070871480196714
P0271,2025-06-01,0.3450587079048157,0.2369226036256982,0.0115200816933996
P0271,2025-07-01,0.2718380916595459,0.1840274658933357,-0.0744371940597891
P0271,2025-08-01,0.2004183686256408,0.1426682697022421,-0.1104252569414675
P0271,2025-09-01,0.1773906506419182,0.1162619747129547,-0.1611677134394645
P0271,2025-10-01,0.2048656768023967,0.0920652712372892,-0.2339664706081152
P0271,2025-11-01,0.2640560774803162,0.0960482632318457,-0.1763540454789996
P0271,2025-12-01,0.2874308104276657,0.1368849977482588,-0.0952578388281166
P0272,2025-01-01,0.3137944355836281,0.1833106014619427,0.0177064264843312
P0272,2025-02-01,0.6572590193748474,0.5216462826699836,0.2597094771215692
P0272,2025-03-01,0.7488717300891876,0.6561334794576276,0.3954226985692978
P0272,2025-04-01,0.7783660172700883,0.6425026857812968,0.418703035235405
P0272,2025-05-01,0.2940395624160766,0.1717606330323843,-0.1252613074114546
P0272,2025-06-01,0.1510087281703949,0.1150672976932345,-0.1829828884959221
P0272,2025-07-01,0.1328398844122886,0.1062981898371388,-0.1682173280715942
P0272,2025-08-01,0.129083888888359,0.1012982946394741,-0.1671786009311676
P0272,2025-09-01,0.1223701004385948,0.0892383744276347,-0.2058051772236824
P0272,2025-10-01,0.1249435210227966,0.083338723072636,-0.2278047194719314
P0272,2025-11-01,0.1391127034783363,0.0889339275545948,-0.2004777176856994
P0272,2025-12-01,0.1661513002157211,0.100486498768346,-0.1074951548814773
P0273,2025-01-01,0.3572233874559402,0.2360125910844245,-0.0457661393929272
P0273,2025-02-01,0.5427985869884491,0.4086391388487529,0.1494393757987767
P0273,2025-03-01,0.4239753660917282,0.2964733926643119,0.0240956793822813
P0273,2025-04-01,0.4089206508159637,0.2748866329639952,-0.0050370673826429
P0273,2025-05-01,0.2180736559271812,0.1393977722104349,-0.1479956067139282
P0273,2025-06-01,0.164943809223175,0.1150945870418834,-0.1770121868014335
P0273,2025-07-01,0.1216486021757125,0.0854975498953436,-0.1926877904772758
P0273,2025-08-01,0.1161719751894474,0.0793284356532649,-0.2018221314549446
P0273,2025-09-01,0.1081110839068889,0.0704460548166315,-0.2199042076826095
P0273,2025-10-01,0.1371611250281333,0.0848778077825894,-0.2209187824964523
P0273,2025-11-01,0.1524374639630317,0.0914026051022078,-0.198653901296854
P0273,2025-12-01,0.2287385168433189,0.1339644851995744,-0.1548816353114321
P0274,2025-01-01,0.6196586955547333,0.3954013393793731,0.1378742610968416
P0274,2025-02-01,0.807695327758789,0.6121196441226631,0.3930337182879448
P0274,2025-03-01,0.7103092406749726,0.5944226563300956,0.3270006965637207
P0274,2025-04-01,0.5876517904758454,0.3999540427647459,0.1402462566392496
P0274,2025-05-01,0.2097520305633544,0.1256893592324632,-0.2031147766366601
P0274,2025-06-01,0.2171567563533783,0.1401358749051287,-0.1791848062416538
P0274,2025-07-01,0.4396426323413849,0.3124358845202987,0.0094406475596129
P0274,2025-08-01,0.4839539833068847,0.4023111740221305,0.0839211687467992
P0274,2025-09-01,0.1791449331283569,0.1122375880457769,-0.2205047709226608
P0274,2025-10-01,0.238918156003952,0.1413691188298457,-0.1977641151309013
P0274,2025-11-01,0.3293876333236694,0.1982494951828537,-0.1318997738160193
P0274,2025-12-01,0.3577637036323547,0.1833239806846748,-0.0755882650228217
P0275,2025-01-01,0.4268198106527328,0.237668987314526,-0.0875219929566606
P0275,2025-02-01,0.5567517604827881,0.37021285474285,0.0757418415907537
P0275,2025-03-01,0.5696782366275788,0.4264586410281952,0.1448963192411698
P0275,2025-04-01,0.6460362430095673,0.4628026186141984,0.1751805727275787
P0275,2025-05-01,0.4670095130681991,0.3079084302326503,-0.001941954440749
P0275,2025-06-01,0.3079867449879646,0.1985618406146988,-0.1222605361893656
P0275,2025-07-01,0.2569037710428238,0.1669829556390757,-0.1327104411949636
P0275,2025-08-01,0.2522320511102676,0.1623696151806978,-0.1347421963926404
P0275,2025-09-01,0.2470262816548347,0.1403945005840534,-0.1904450565814971
P0275,2025-10-01,0.3893051225185394,0.2057236111787659,-0.1312819179874844
P0275,2025-11-01,0.404532954120636,0.2312740206958943,-0.0936711648907512
P0275,2025-12-01,0.4930785940647125,0.2455361883418171,0.010070946712885
P0276,2025-01-01,0.2949541574478149,0.1602510631357451,-0.184571560678631
P0276,2025-02-01,0.7292251961231232,0.4772878598257722,0.2271453120024874
P0276,2025-03-01,0.8792464253425598,0.7589382836853298,0.496979000711441
P0276,2025-04-01,0.8734474813461304,0.7096843809207408,0.4965197779178619
P0276,2025-05-01,0.4904871746063232,0.2637090755234837,0.0476903821630869
P0276,2025-06-01,0.184624541068077,0.1233584300697625,-0.1554185572615126
P0276,2025-07-01,0.1409928236126899,0.1016833676210079,-0.1981646002054214
P0276,2025-08-01,0.1365145115733146,0.0997963364787471,-0.19853985465765
P0276,2025-09-01,0.1374318173885345,0.0939919112276649,-0.2376140074014663
P0276,2025-10-01,0.1647945899963379,0.0866661768614425,-0.2780076367139816
P0276,2025-11-01,0.1843518762111664,0.0982008435729689,-0.2600753150582313
P0276,2025-12-01,0.198986632657051,0.0997287551749876,-0.2649237443873659
P0277,2025-01-01,0.2424120279550552,0.1671178277925021,-0.1618046546879224
P0277,2025-02-01,0.5064127520561218,0.2996649202298639,0.074535271485243
P0277,2025-03-01,0.7404062267303467,0.6038516907251863,0.3207663766622543
P0277,2025-04-01,0.6450668557167054,0.48207714745722624,0.22701579886749385
P0277,2025-05-01,0.549727484703064,0.3603026041892662,0.1332652210727334
P0277,2025-06-01,0.2990511985063553,0.1944816925444368,-0.1007560790836811
P0277,2025-07-01,0.201268755030632,0.1508067563634701,-0.1336420985221862
P0277,2025-08-01,0.1796322291374206,0.1375523295837702,-0.1388771269679069
P0277,2025-09-01,0.148932246518135,0.1020173427178029,-0.2253580222606659
P0277,2025-10-01,0.1550763186335563,0.0894711223051325,-0.2692670387983322
P0277,2025-11-01,0.166176406776905,0.0887610257421649,-0.2338086585521698
P0277,2025-12-01,0.1871811744689941,0.0941689587760868,-0.1697680514931678
P0278,2025-01-01,0.3220738888027206,0.1864223810471528,-0.1667931935749948
P0278,2025-02-01,0.722539777135849,0.5114869116272436,0.2294687386082485
P0278,2025-03-01,0.8382861837387084,0.7713691854864118,0.4481307277739048
P0278,2025-04-01,0.8567344880819321,0.725132775636954,0.4550330894470215
P0278,2025-05-01,0.5231585382938385,0.3389172763489993,0.1172232842531231
P0278,2025-06-01,0.1731067676663398,0.1290207117317871,-0.1262776235327124
P0278,2025-07-01,0.1379922420620918,0.1134477866269882,-0.1251037724286317
P0278,2025-08-01,0.1373905816793441,0.1091644746286439,-0.1228830660328269
P0278,2025-09-01,0.1423519181728363,0.1050871248265371,-0.1981692630827426
P0278,2025-10-01,0.2029285364747047,0.1171558989566505,-0.2310967332227854
P0278,2025-11-01,0.2404035209655761,0.132100938236131,-0.2166258712735027
P0278,2025-12-01,0.3036295613765716,0.1722256168867875,-0.1836956824524328
P0279,2025-01-01,0.1608885264992714,0.1273536018989386,-0.1238328792067244
P0279,2025-02-01,0.2933348510026932,0.2261543599263671,-0.0121221945407101
P0279,2025-03-01,0.5011942487716675,0.4458607174234639,0.1796783413140568
P0279,2025-04-01,0.2537368790388107,0.204417837669068,-0.0826076943694613
P0279,2025-05-01,0.1362257520616054,0.1178108758738575,-0.1323424869352951
P0279,2025-06-01,0.1327855710446834,0.1207046826996371,-0.1358389738230034
P0279,2025-07-01,0.1226016316235065,0.1085042761182753,-0.147375396323204
P0279,2025-08-01,0.1237820298671722,0.1065990455548978,-0.149302102085948
P0279,2025-09-01,0.1175506181001663,0.0988361639134969,-0.1554347944140434
P0279,2025-10-01,0.1277563008964061,0.0938193494506569,-0.1897683231770992
P0279,2025-11-01,0.1394792638242244,0.0989364075726539,-0.1674656078033149
P0279,2025-12-01,0.1548162624716758,0.1010372070871308,-0.160463310595043
P0280,2025-01-01,0.3584069266796112,0.2596017512387389,-0.0682667730970975
P0280,2025-02-01,0.741579461145401,0.5989795391356156,0.3157297096937895
P0280,2025-03-01,0.7993012878894806,0.7083216655669172,0.3795105926156044
P0280,2025-04-01,0.8057098567962646,0.651924742621322,0.3628648714840412
P0280,2025-05-01,0.234271478331089,0.1474940284143003,-0.1307224532848224
P0280,2025-06-01,0.1581061328530311,0.1137550982731497,-0.1973162676215172
P0280,2025-07-01,0.1362396559000015,0.1090542274688875,-0.1755346167325973
P0280,2025-08-01,0.1394106299638748,0.109152919488299,-0.1744984414100647
P0280,2025-09-01,0.1340554411888122,0.09984701447055,-0.2048581543445587
P0280,2025-10-01,0.1555091387152671,0.092911475432693,-0.2572553047895431
P0280,2025-11-01,0.1662612566471099,0.0992845609692132,-0.2203620583176612
P0280,2025-12-01,0.1984794002413749,0.1102969945729662,-0.2026284368395805
P0281,2025-01-01,0.4032651983499527,0.2818456254517901,0.0211579582071048
P0281,2025-02-01,0.7816024245738983,0.6537243774132776,0.3508387191444635
P0281,2025-03-01,0.79888327293396,0.7304758710681658,0.4257941321611404
P0281,2025-04-01,0.7400505840063095,0.5569508136251418,0.3132279629342258
P0281,2025-05-01,0.2251076639771461,0.1313995683166329,-0.2030244780600071
P0281,2025-06-01,0.1931503629565239,0.1297912384999857,-0.2071215918064117
P0281,2025-07-01,0.1436126523017883,0.1181251709014634,-0.1728850883245468
P0281,2025-08-01,0.1417263088226318,0.117319962584018,-0.1587619248747825
P0281,2025-09-01,0.1309703117370605,0.1047555889067362,-0.1809868325591087
P0281,2025-10-01,0.1400891260623931,0.0936827666125065,-0.2024119118869304
P0281,2025-11-01,0.1526048808097839,0.0932582637766,-0.1962926720110699
P0281,2025-12-01,0.1844829380273819,0.1247825945230459,-0.0961262756367214
P0282,2025-01-01,0.3852031538963318,0.2696449638716538,-0.0757723263528663
P0282,2025-02-01,0.7646009088039398,0.5575444590656814,0.3164391506958753
P0282,2025-03-01,0.7681319142818451,0.7163015196603215,0.4220077730357647
P0282,2025-04-01,0.8068158809129182,0.5530880573563114,0.456006154344157
P0282,2025-05-01,0.5336439032554626,0.3259200859391633,0.0979570443397387
P0282,2025-06-01,0.2487299889564514,0.1681288039249511,-0.1150893367385491
P0282,2025-07-01,0.1844860357999801,0.1447165782526049,-0.1289249079883098
P0282,2025-08-01,0.183251441013813,0.1450517795208626,-0.1231912578824907
P0282,2025-09-01,0.1632423786759376,0.1220737163643418,-0.166848737847805
P0282,2025-10-01,0.1564247217774391,0.0847599616225955,-0.2742397491335869
P0282,2025-11-01,0.1879770155191421,0.0899294017661102,-0.2636233646869659
P0282,2025-12-01,0.2058087446093559,0.0867123822113983,-0.2622533554494381
P0283,2025-01-01,0.3598702587366104,0.1948499411081749,-0.1755556508347569
P0283,2025-02-01,0.5514342565536499,0.3429604280971938,0.0375747348816134
P0283,2025-03-01,0.7233643465518952,0.6136207240868925,0.3021239135452546
P0283,2025-04-01,0.8141120507240296,0.7425301855435351,0.4805556083202362
P0283,2025-05-01,0.7505770259380341,0.6180920638718564,0.3973732992947101
P0283,2025-06-01,0.3400979411840439,0.223802823793418,-0.0446978810911998
P0283,2025-07-01,0.2149847581386566,0.1534366498362793,-0.1061103582637384
P0283,2025-08-01,0.1906321162223816,0.1390841774768448,-0.1153827644803095
P0283,2025-09-01,0.1865824451565742,0.1168901558085656,-0.2245954100906849
P0283,2025-10-01,0.2250246032476425,0.1083750616653318,-0.2665350007269531
P0283,2025-11-01,0.2762026873111725,0.1471527407770047,-0.2243684330269694
P0283,2025-12-01,0.354224209523201,0.1870189037687646,-0.1720713204702828
P0284,2025-01-01,0.2150955935835838,0.1350681828294417,-0.1259453820586204
P0284,2025-02-01,0.5833819681167602,0.4490325785571569,0.1533134572290815
P0284,2025-03-01,0.6419075682640075,0.5347890078434219,0.2402968412466347
P0284,2025-04-01,0.41229863063097,0.2847794854100031,0.0152235678788274
P0284,2025-05-01,0.1919046615839004,0.1235607027947204,-0.1847809260619804
P0284,2025-06-01,0.1624908610105514,0.1169358332604325,-0.1982593154132366
P0284,2025-07-01,0.1281536731004715,0.1048075607786583,-0.1849238814115524
P0284,2025-08-01,0.1273503820896148,0.1042429005162616,-0.1728476674437523
P0284,2025-09-01,0.1137108791470527,0.0896642682046465,-0.1897214625835418
P0284,2025-10-01,0.1179668105602264,0.0864535254438833,-0.203778224158287
P0284,2025-11-01,0.1279316067337989,0.0756286259828473,-0.2120937823534011
P0284,2025-12-01,0.1479117932200432,0.0819885140616741,-0.1702568839311599
P0285,2025-01-01,0.7170902942657471,0.5193390637069822,0.3552145838115364
P0285,2025-02-01,0.7930818903923035,0.6498440863066081,0.4676970894575119
P0285,2025-03-01,0.4212151525497437,0.3298866663694395,0.0769596752825156
P0285,2025-04-01,0.3469237695693969,0.2614389746399266,-0.0094465585492551
P0285,2025-05-01,0.2234910703420639,0.1706849687586203,-0.1079711173474788
P0285,2025-06-01,0.2065471947669983,0.160290032097763,-0.1279783219337463
P0285,2025-07-01,0.1667337221741676,0.1312854185450139,-0.140530819439888
P0285,2025-08-01,0.1673139367580413,0.1265883740084931,-0.1401449270248413
P0285,2025-09-01,0.1726576524376869,0.1254866066814551,-0.1453032460331916
P0285,2025-10-01,0.2995318380832672,0.2204089745229546,-0.0767734622571617
P0285,2025-11-01,0.3204717893004417,0.224457708699834,-0.0621169044876471
P0285,2025-12-01,0.5613485399961472,0.3758464101757288,0.1686849164552986
P0286,2025-01-01,0.2332198510408401,0.1304297693219153,-0.2344060292810201
P0286,2025-02-01,0.5720731097221374,0.3647335805925678,0.0864102058296164
P0286,2025-03-01,0.7729695579528809,0.5848890022413491,0.3235140757381916
P0286,2025-04-01,0.8678342607021332,0.6786675990677716,0.4119060646057129
P0286,2025-05-01,0.4370832442998886,0.2539103935218536,0.0355929603262658
P0286,2025-06-01,0.2249179720878601,0.1416933977284473,-0.134548013985157
P0286,2025-07-01,0.1708757314920425,0.1123631398771489,-0.1607430914402008
P0286,2025-08-01,0.131664579963684,0.1076207120173094,-0.1365480783462524
P0286,2025-09-01,0.1289813070058822,0.0828774897816852,-0.2561045964479446
P0286,2025-10-01,0.1470496657848358,0.0771171605905816,-0.3016606390953064
P0286,2025-11-01,0.1622753452301025,0.079326642533585,-0.2850418952703476
P0286,2025-12-01,0.2056746161937713,0.1343495105121716,-0.2017988804399967
P0287,2025-01-01,0.4711990061044693,0.3324921859631948,0.0544044505747035
P0287,2025-02-01,0.6991006005525588,0.5229667581424499,0.2826415011927485
P0287,2025-03-01,0.6365105443000794,0.5177444276657719,0.2627893646597862
P0287,2025-04-01,0.375225577545166,0.2577547434253326,-0.0014079983141774
P0287,2025-05-01,0.2629001161813736,0.1778023481615544,-0.1172477479956112
P0287,2025-06-01,0.1879057539463043,0.1454410653701356,-0.1538457233607769
P0287,2025-07-01,0.1543434986472129,0.1232533076019671,-0.1513167559623718
P0287,2025-08-01,0.1585520364522934,0.1249176703704579,-0.1501269100308418
P0287,2025-09-01,0.1457651868224144,0.1103446446131182,-0.1754275946140289
P0287,2025-10-01,0.1473758580684661,0.0986648013460039,-0.2199565031528473
P0287,2025-11-01,0.1519598782539367,0.0931879344946856,-0.2064610112547874
P0287,2025-12-01,0.1601821951627731,0.0913096498644824,-0.1994365749776363
P0288,2025-01-01,0.3411750838994979,0.1719961078525497,-0.2079619341731071
P0288,2025-02-01,0.6811745385169983,0.4536105693827378,0.2036329276799224
P0288,2025-03-01,0.7674418876171112,0.6698323181000907,0.4011133335006656
P0288,2025-04-01,0.8135995750033528,0.834974027288139,0.4510997733733523
P0288,2025-05-01,0.4772956498861312,0.3658551088229972,0.0869829776528291
P0288,2025-06-01,0.1982468610525131,0.1355863011384475,-0.1024805718822754
P0288,2025-07-01,0.1553949760079384,0.1278257764069787,-0.1153113287389278
P0288,2025-08-01,0.1529453202962875,0.1213375330292836,-0.1328724099874496
P0288,2025-09-01,0.1490486280560493,0.1006833539893516,-0.241026518368721
P0288,2025-10-01,0.1624364809155464,0.0726068084625091,-0.3273081909418106
P0288,2025-11-01,0.1856218003988266,0.0762911034337175,-0.3067475719451904
P0288,2025-12-01,0.2322509320259094,0.1012552479494883,-0.2808145251750946
P0289,2025-01-01,0.3733197374105453,0.2408517779085018,-0.0751339978410862
P0289,2025-02-01,0.523574367594719,0.3752740400101946,0.1151954111316707
P0289,2025-03-01,0.6152500408649445,0.5049559787915815,0.2365369958225637
P0289,2025-04-01,0.7041728637695313,0.5655810478209762,0.3090023258531466
P0289,2025-05-01,0.5699775718688965,0.4071947024558566,0.148001869133464
P0289,2025-06-01,0.2487911889076232,0.1674104559017864,-0.127018905249238
P0289,2025-07-01,0.1913063182711601,0.1384737170221069,-0.1437396457791328
P0289,2025-08-01,0.184285192155838,0.1320373456627124,-0.1534601952075958
P0289,2025-09-01,0.1798665734529495,0.1213821095360142,-0.178125643646717
P0289,2025-10-01,0.1971397076964378,0.1194792072771963,-0.2051663734197616
P0289,2025-11-01,0.2272234756350517,0.1214782110493566,-0.1965921428859234
P0289,2025-12-01,0.290520185303688,0.1625178681583343,-0.137217178787291
P0290,2025-01-01,0.4910580191612244,0.2770923746131686,-0.04422895117404407
P0290,2025-02-01,0.743212672996521,0.4639066008078552,0.2345213718294631
P0290,2025-03-01,0.7769759268283843,0.6452950145246481,0.4373360943913459
P0290,2025-04-01,0.8706551913738251,0.7474300043466962,0.5351501008689403
P0290,2025-05-01,0.4467360326051712,0.2820856397744007,0.0740147055855486
P0290,2025-06-01,0.1922035081863403,0.1383970611988383,-0.1128902663962915
P0290,2025-07-01,0.1553368422508239,0.1226422165528839,-0.1179761787712574
P0290,2025-08-01,0.1560890542507171,0.122076469555478,-0.1256270301461219
P0290,2025-09-01,0.1556060574889183,0.098879513809807,-0.2203325981020927
P0290,2025-10-01,0.1750499140620231,0.0917669593854569,-0.2974992124795914
P0290,2025-11-01,0.2363986984729766,0.0906000819152353,-0.3148638311862946
P0290,2025-12-01,0.2360329060077667,0.0806856426202518,-0.2838374267399311
P0291,2025-01-01,0.2937368195533752,0.207847277914482,-0.1349684451721608
P0291,2025-02-01,0.6972667891025544,0.4693914079943312,0.2176468853399157
P0291,2025-03-01,0.8137061260223388,0.7393958627253623,0.4543063452720642
P0291,2025-04-01,0.8357695159435272,0.6060863779356601,0.4393664865255355
P0291,2025-05-01,0.546200429391861,0.2908193596687379,0.0904820756683708
P0291,2025-06-01,0.2172621949195861,0.1436246177082912,-0.1431208061814308
P0291,2025-07-01,0.1571129336118698,0.1295320436824896,-0.1392356748342514
P0291,2025-08-01,0.1574946787595749,0.1316574976792811,-0.132422480893135
P0291,2025-09-01,0.1540007733821869,0.1152382279059509,-0.2181869051218032
P0291,2025-10-01,0.2215671729326248,0.1419845275747584,-0.1937824131992645
P0291,2025-11-01,0.2384541912794113,0.1520398714434172,-0.1592702943075448
P0291,2025-12-01,0.2848678504228591,0.1793718210274274,-0.1549286461833864
P0292,2025-01-01,0.7510347531795502,0.5925350334962168,0.3611749838665127
P0292,2025-02-01,0.7747157011508942,0.637609680098496,0.4143201806902885
P0292,2025-03-01,0.4952685794353485,0.3673004777121152,0.1228627755575832
P0292,2025-04-01,0.4068670903921127,0.2827450552890562,0.0038912499180063
P0292,2025-05-01,0.3137123064994812,0.224707969799394,-0.0702202909737359
P0292,2025-06-01,0.2893685280799866,0.2068278434855838,-0.1026429669834673
P0292,2025-07-01,0.2362003752470016,0.1680664992246206,-0.1408155112147331
P0292,2025-08-01,0.2384507128715515,0.1666918674729465,-0.1259126996278763
P0292,2025-09-01,0.2408061861515045,0.1604662492580028,-0.1372090112507343
P0292,2025-10-01,0.2929611227750778,0.1857431108765233,-0.1072788713102694
P0292,2025-11-01,0.3334246394634247,0.206816522215804,-0.075291412366135
P0292,2025-12-01,0.4366666265010834,0.2352780284193135,0.0143593111808978
P0293,2025-01-01,0.4531738967595997,0.2734128141488194,-0.1549967744028561
P0293,2025-02-01,0.7823807107448578,0.5508513028115919,0.2850071690164506
P0293,2025-03-01,0.8386574522018433,0.7314611951318589,0.4359209588267375
P0293,2025-04-01,0.8783903221130371,0.3845284533778111,0.6158743688583374
P0293,2025-05-01,0.574639857006073,0.4564111359949247,0.2243128343364027
P0293,2025-06-01,0.2654773675441741,0.1891490111903803,-0.0713702918127179
P0293,2025-07-01,0.2046727821350097,0.1568217939894347,-0.1074218650490045
P0293,2025-08-01,0.2006508321046829,0.1507258027486242,-0.1261511362096294
P0293,2025-09-01,0.1943063687562942,0.1108485226472294,-0.2687083074592054
P0293,2025-10-01,0.2160188952684402,0.078198408104849,-0.3821853109240531
P0293,2025-11-01,0.2812011239051818,0.0946892003180245,-0.3659720202505588
P0293,2025-12-01,0.2990664556980133,0.097470006628179,-0.3748653556123376
P0294,2025-01-01,0.4872643698805144,0.3391743320195958,0.0838041004452471
P0294,2025-02-01,0.7928339237689972,0.5819751107598912,0.4120144815824926
P0294,2025-03-01,0.7802244151115417,0.7025728732300855,0.4560097878098488
P0294,2025-04-01,0.7671740912081544,0.5271148194955514,0.4116921635082831
P0294,2025-05-01,0.5506238484859467,0.3566135479493639,0.169862680821307
P0294,2025-06-01,0.2513842523813248,0.1807942020770361,-0.0638004116348922
P0294,2025-07-01,0.1642729085326194,0.1339068532215469,-0.1038094825495034
P0294,2025-08-01,0.1475265723586082,0.1192614417643407,-0.1103741279173642
P0294,2025-09-01,0.1437184610009193,0.1100465766280873,-0.1556994192659855
P0294,2025-10-01,0.188717016673088,0.1043730354634184,-0.2089003476560116
P0294,2025-11-01,0.2156000600934028,0.1187104739058227,-0.1659950884656049
P0294,2025-12-01,0.261586031961441,0.1474355342565602,-0.1079380411491729
P0295,2025-01-01,0.1805891456604003,0.1008300587899179,-0.1861870170086622
P0295,2025-02-01,0.6692672257423401,0.4328899353773749,0.2049708188235759
P0295,2025-03-01,0.8622867975234986,0.7491142642559947,0.472102332508564
P0295,2025-04-01,0.765609167933464,0.5818731971734206,0.3556123107075691
P0295,2025-05-01,0.3238308221817016,0.1534361671765692,-0.0948047026663661
P0295,2025-06-01,0.1864251163005829,0.107437479824488,-0.2036899763464927
P0295,2025-07-01,0.1405855480313301,0.1096918848304731,-0.1642505162119865
P0295,2025-08-01,0.132810427236557,0.0996828670257984,-0.1556092788219452
P0295,2025-09-01,0.1231415741443634,0.0792707353292006,-0.2116944976449012
P0295,2025-10-01,0.1763058267712593,0.0874717356918631,-0.1912770088896155
P0295,2025-11-01,0.1577576484680175,0.0734733056446954,-0.2385913359295576
P0295,2025-12-01,0.1609471923351287,0.0725143980368498,-0.2456476254820823
P0296,2025-01-01,0.2971809141039848,0.1659757607242244,-0.0940082875436637
P0296,2025-02-01,0.4189639899492264,0.2466702474343348,0.0280230107650266
P0296,2025-03-01,0.5245761453390122,0.399285071464383,0.1492768861751537
P0296,2025-04-01,0.4917201944828033,0.3566411712988381,0.1047393301012925
P0296,2025-05-01,0.3670813125371933,0.2426947149915665,-0.0030440661628963
P0296,2025-06-01,0.2544735973358154,0.1808042510075153,-0.0897765946701169
P0296,2025-07-01,0.2196319872498512,0.15571954242757,-0.105484915818274
P0296,2025-08-01,0.1713195011556148,0.1202399265738782,-0.1539376344881951
P0296,2025-09-01,0.169793895471096,0.115876426025497,-0.1756763627849519
P0296,2025-10-01,0.1935186833143234,0.114676945736917,-0.192920953014493
P0296,2025-11-01,0.2381314156293869,0.1337847839830652,-0.1658988215707708
P0296,2025-12-01,0.2541946048736572,0.1441121670708488,-0.1385316269622184
P0297,2025-01-01,0.4883255357503891,0.2970277298550328,-0.0691542498927796
P0297,2025-02-01,0.8232821454048157,0.5833996645390094,0.336645705871284
P0297,2025-03-01,0.8269774243354797,0.661643817076705,0.4346139469861984
P0297,2025-04-01,0.8205421106815338,0.612560680740277,0.4181082503557205
P0297,2025-05-01,0.3133388436079025,0.1821462057881789,-0.0341100806417176
P0297,2025-06-01,0.1681824765443801,0.117602890619107,-0.146690606033802
P0297,2025-07-01,0.1365899578213691,0.1073607728467458,-0.1434290434479713
P0297,2025-08-01,0.1398159429073333,0.1116107389398032,-0.136084518957138
P0297,2025-09-01,0.1442908467650413,0.0996098050610776,-0.2200017523169517
P0297,2025-10-01,0.1680688142776489,0.0754659357743733,-0.3470146223545075
P0297,2025-11-01,0.1876763924837112,0.0812489937858453,-0.3304643350839615
P0297,2025-12-01,0.2079342499971389,0.0944999187557109,-0.31054494972229
P0298,2025-01-01,0.4061885993242264,0.2976462862073036,0.032168371589994
P0298,2025-02-01,0.6380784575223922,0.515997800079284,0.2419134683873504
P0298,2025-03-01,0.6633924139976501,0.5732206608039557,0.2796445316314697
P0298,2025-04-01,0.4497559352874756,0.3041702174053526,0.0508752591350115
P0298,2025-05-01,0.2324766734838485,0.1474125382054198,-0.1453678875297308
P0298,2025-06-01,0.1946748722434043,0.1411769921921708,-0.1586642857134342
P0298,2025-07-01,0.1467583184480667,0.1183838082834708,-0.1541550523400306
P0298,2025-08-01,0.1406708434700966,0.1135240301539398,-0.1552989119648933
P0298,2025-09-01,0.1260489993929863,0.101343034086135,-0.1745642900943756
P0298,2025-10-01,0.1706136525630951,0.1264825755088112,-0.1753858815670013
P0298,2025-11-01,0.1871319692969322,0.1371094771946183,-0.1553843793213367
P0298,2025-12-01,0.2207496969461441,0.147172515856955,-0.1085685564238578
P0299,2025-01-01,0.304609619474411,0.1820258853889922,-0.1525501788429916
P0299,2025-02-01,0.4684522497653961,0.2900665007661555,0.0096618167455773
P0299,2025-03-01,0.5035885365962982,0.4348409108004146,0.1574331800373271
P0299,2025-04-01,0.6702859773635864,0.5414219191713022,0.2696632034398848
P0299,2025-05-01,0.6676946093082428,0.5351527480978353,0.2734285822249949
P0299,2025-06-01,0.4227133306264877,0.3222120362254024,0.0904498723470402
P0299,2025-07-01,0.242664445066452,0.175938572992842,-0.0669061441444791
P0299,2025-08-01,0.1895182045340538,0.140507633177932,-0.110626846990548
P0299,2025-09-01,0.1710930145382881,0.1155995737437301,-0.175718616515398
P0299,2025-10-01,0.2100464852452278,0.106537249415088,-0.2502682446449995
P0299,2025-11-01,0.2414387198805809,0.111889177054596,-0.2011076121943185
P0299,2025-12-01,0.2617028592824936,0.1254230616293871,-0.1866402582781389
P0300,2025-01-01,0.7033234780192376,0.4964561164007599,0.2485221739150583
P0300,2025-02-01,0.8359245994091034,0.614964232525967,0.4576369311735034
P0300,2025-03-01,0.8306431735515595,0.6760844678809907,0.4804790019605309
P0300,2025-04-01,0.7142550161361695,0.5253536734598754,0.3521022903263568
P0300,2025-05-01,0.2517670670747757,0.1817001219523301,-0.0620984132939949
P0300,2025-06-01,0.160886834692955,0.1267456622848028,-0.1445589067965746
P0300,2025-07-01,0.1430898108363151,0.1125912187498602,-0.144259707775712
P0300,2025-08-01,0.1434467442274093,0.1063117881335991,-0.1549231959223747
P0300,2025-09-01,0.1432264225840568,0.0978385061685427,-0.1952109829425811
P0300,2025-10-01,0.1348018205702305,0.0824095593503644,-0.2324992094755172
P0300,2025-11-01,0.1756150373935699,0.0879112900173872,-0.2350240759834647
P0300,2025-12-01,0.2565705341339111,0.1342032525240871,-0.196512161168456
P0301,2025-01-01,0.2661030825376511,0.1733736744718496,-0.1411984979948028
P0301,2025-02-01,0.730552446937561,0.5464083662112417,0.2925656881154282
P0301,2025-03-01,0.8248135708332062,0.7409051889458141,0.460441980779171
P0301,2025-04-01,0.8945957009792328,0.803534974856474,0.531926808989048
P0301,2025-05-01,0.6042419447422027,0.4089467698477625,0.2110384611874702
P0301,2025-06-01,0.2242671693563461,0.1446558510004393,-0.1277824191927909
P0301,2025-07-01,0.1645413921833038,0.1327403430119346,-0.1255208358168602
P0301,2025-08-01,0.16157690461874,0.1314725079562965,-0.1179611177384853
P0301,2025-09-01,0.1364144528746605,0.0951659902931638,-0.2168643982291221
P0301,2025-10-01,0.1347783835157752,0.068541107702064,-0.2575694146811962
P0301,2025-11-01,0.1554056248664856,0.0826511982500676,-0.240564385420084
P0301,2025-12-01,0.1618694361567497,0.073693883057999,-0.1594859588295221
P0302,2025-01-01,0.4437704371333122,0.3194782006146001,0.0139147394554689
P0302,2025-02-01,0.6522131637573242,0.493748485791167,0.2696756393365562
P0302,2025-03-01,0.6535575897693634,0.5425267797120092,0.3397854363599792
P0302,2025-04-01,0.8542159838676453,0.7791487050105026,0.5156750086307526
P0302,2025-05-01,0.7101687027454376,0.5711923231922862,0.3388621088549495
P0302,2025-06-01,0.3939241682529449,0.3115308606965202,0.0739472080667503
P0302,2025-07-01,0.2708871873140335,0.2027748423038052,-0.0483286647515371
P0302,2025-08-01,0.2283435407400131,0.1651204355349787,-0.0880285029392689
P0302,2025-09-01,0.1732443932294845,0.1029950873807035,-0.1986046120285987
P0302,2025-10-01,0.1630595455765724,0.0656961453959791,-0.2643747545003891
P0302,2025-11-01,0.194619933605194,0.0831716100448555,-0.2339797480165958
P0302,2025-12-01,0.3091952973604202,0.1485325320635884,-0.1555758655592799
P0303,2025-01-01,0.6040157985925675,0.406472221946676,0.0952051582773681
P0303,2025-02-01,0.8190540529727935,0.5820373138515995,0.3816347084641456
P0303,2025-03-01,0.7887230846405029,0.6282864187865049,0.4200759048700332
P0303,2025-04-01,0.6996779745101929,0.528072829137899,0.3372572410047054
P0303,2025-05-01,0.4815928450345993,0.3367239885602271,0.1496415449404448
P0303,2025-06-01,0.3008414427042007,0.2010420191266605,-0.0694721038889139
P0303,2025-07-01,0.2144226404428482,0.158081899275458,-0.1155931916899979
P0303,2025-08-01,0.2511604813218117,0.1870005966442114,-0.0735608592126518
P0303,2025-09-01,0.2301491626858711,0.162901516877491,-0.1299819354854989
P0303,2025-10-01,0.1863373139372095,0.0927676980900225,-0.2724053077597171
P0303,2025-11-01,0.2634042262434959,0.1136699794609413,-0.2227469973161816
P0303,2025-12-01,0.3195854370832443,0.1389799115603351,-0.1755188196443021
P0304,2025-01-01,0.487998161804676,0.0777235602958904,0.1942909357478292
P0304,2025-02-01,0.7130209395885467,0.5109539892771657,0.2328633970862254
P0304,2025-03-01,0.7756340611457825,0.698692354520058,0.4020349005758762
P0304,2025-04-01,0.8582313260555268,0.7266204734944675,0.4931667256653309
P0304,2025-05-01,0.7444453200340271,0.5583799179848272,0.3577145427446812
P0304,2025-06-01,0.273085467171669,0.2026350968049128,-0.0260572400760371
P0304,2025-07-01,0.2060671411991119,0.152136843379618,-0.0792034831691119
P0304,2025-08-01,0.1794308397173881,0.1388810218686486,-0.0808469668736448
P0304,2025-09-01,0.1754011763334274,0.1227975082365416,-0.1802438302703201
P0304,2025-10-01,0.2069991300106048,0.1136366843128113,-0.24298531242311
P0304,2025-11-01,0.2443702281951904,0.136681415046749,-0.2053097940444946
P0304,2025-12-01,0.3551652956008911,0.1989952185316985,-0.1382857200000004
P0305,2025-01-01,0.6147664683818818,0.4680772477071607,0.1548605054021347
P0305,2025-02-01,0.7605962735176086,0.6217346164045214,0.3512028798404615
P0305,2025-03-01,0.6581846366882325,0.521615827357298,0.2657971613135189
P0305,2025-04-01,0.5438486971378327,0.3563413342979162,0.1176806358715985
P0305,2025-05-01,0.2847850992441177,0.1841625850663073,-0.1057364274984225
P0305,2025-06-01,0.1848760951280594,0.1364195243100639,-0.1699726820945739
P0305,2025-07-01,0.1590029560446739,0.1197185794659044,-0.1642871606469154
P0305,2025-08-01,0.15831405980587,0.1172055237910563,-0.1680834342241287
P0305,2025-09-01,0.1534283251166343,0.1088069750340066,-0.1927224499821662
P0305,2025-10-01,0.1770502485632896,0.1127842102312569,-0.2120680263161659
P0305,2025-11-01,0.1888744255542755,0.1176751875725261,-0.1888008337318897
P0305,2025-12-01,0.2507518717527389,0.1503603576936239,-0.1542425031378399
P0306,2025-01-01,0.3484124612569809,0.2327754699773302,-0.025823052613555
P0306,2025-02-01,0.6033173900365829,0.4504323382320017,0.1926909103152342
P0306,2025-03-01,0.6420518840789795,0.5346330712424178,0.2634353035122156
P0306,2025-04-01,0.413840067076683,0.298681647166391,0.029221425154655
P0306,2025-05-01,0.2357828263878822,0.1548773710635752,-0.1454598928294144
P0306,2025-06-01,0.2058262290358543,0.1570936061338705,-0.1470177284259349
P0306,2025-07-01,0.1793812221050262,0.1402079451524193,-0.1397483082931488
P0306,2025-08-01,0.1626684682965278,0.1239270719812265,-0.1613296586658805
P0306,2025-09-01,0.1607449839353561,0.1147847836140709,-0.1794578120108693
P0306,2025-10-01,0.2123492855787277,0.1448475968734634,-0.1605614171155728
P0306,2025-11-01,0.256854216659069,0.1671904927267165,-0.1310527602756395
P0306,2025-12-01,0.3014226041316986,0.1883727312169796,-0.0714231812650337
P0307,2025-01-01,0.4014266841888427,0.2179034390341235,-0.1706619040603749
P0307,2025-02-01,0.633453325676918,0.4059551807534524,0.1126620332959573
P0307,2025-03-01,0.7522011731624604,0.6080124427415926,0.3435948629438877
P0307,2025-04-01,0.8267682454109192,0.6852348770614767,0.4345123126268387
P0307,2025-05-01,0.6621980753421783,0.4689191617566769,0.262601765996078
P0307,2025-06-01,0.2601336256623268,0.1709277780344353,-0.0996810107834637
P0307,2025-07-01,0.1928501871943473,0.1427764464466148,-0.1288844591811299
P0307,2025-08-01,0.1801302064538002,0.1241778560962819,-0.181524400402233
P0307,2025-09-01,0.1817993889570236,0.1096071399751785,-0.2570784550905227
P0307,2025-10-01,0.1961065331131219,0.0970319604920284,-0.2887937746882438
P0307,2025-11-01,0.2266164646625519,0.1107121884431855,-0.2825238357543945
P0307,2025-12-01,0.2581575370311737,0.1175227910749066,-0.2766734650969505
P0308,2025-01-01,0.1941629272699356,0.1252328199327234,-0.1378884499207139
P0308,2025-02-01,0.5143491635560989,0.3250153965875271,0.1250811636696336
P0308,2025-03-01,0.6764666741371155,0.5610329002955411,0.3008905680060386
P0308,2025-04-01,0.6751597738742828,0.4931340834949851,0.265663276708126
P0308,2025-05-01,0.3809461511611938,0.1902051911217794,-0.0183256443916819
P0308,2025-06-01,0.1998495681285858,0.1357585242287245,-0.1603664994060993
P0308,2025-07-01,0.1786556052923202,0.1279368261835928,-0.1498138493061065
P0308,2025-08-01,0.1556768112540245,0.1208200316046417,-0.132283344990015
P0308,2025-09-01,0.1378759508371353,0.1019273595424409,-0.1739387907385826
P0308,2025-10-01,0.1725276111781597,0.1152439879610632,-0.1684479301534593
P0308,2025-11-01,0.2181062975525856,0.1486637315798948,-0.1299817829799222
P0308,2025-12-01,0.236672026503086,0.1495509418231809,-0.131757419578731
P0309,2025-01-01,0.2350615634083747,0.1386782512144684,-0.1809973871205002
P0309,2025-02-01,0.5537542345046997,0.3472025290142447,0.1110926423940807
P0309,2025-03-01,0.7159665662288666,0.626886782401555,0.3325143307492137
P0309,2025-04-01,0.6134247066915035,0.4793834336279211,0.2216889379072934
P0309,2025-05-01,0.5108828471541405,0.3318800848542871,0.1108635450653731
P0309,2025-06-01,0.2300609747052192,0.1599681575158873,-0.1056795901584904
P0309,2025-07-01,0.1667347277700901,0.1312733026383167,-0.1159935970433056
P0309,2025-08-01,0.1611390331029892,0.1262484421174865,-0.1175745062947273
P0309,2025-09-01,0.1474383470237255,0.1031178832125295,-0.1861174188021104
P0309,2025-10-01,0.1314913554131984,0.0799524123992093,-0.2339862102985382
P0309,2025-11-01,0.1597773479044437,0.0799235439386867,-0.2324839361492544
P0309,2025-12-01,0.1918876695871353,0.0971300566037378,-0.1988604525845498
P0310,2025-01-01,0.3048710210318387,0.4225745872168814,0.0612425222013269
P0310,2025-02-01,0.7192122980594635,0.5369137629456522,0.2870225738121196
P0310,2025-03-01,0.5733962190432811,0.4698243398720946,0.2934338277367156
P0310,2025-04-01,0.7931615315914154,0.6557632698845851,0.3948649123907089
P0310,2025-05-01,0.5982799213886261,0.403286367369841,0.1869857864379882
P0310,2025-06-01,0.2479820075511932,0.1579871381399918,-0.1526403455436229
P0310,2025-07-01,0.1915930839776992,0.1266912903477964,-0.1965857701897621
P0310,2025-08-01,0.1649007252812385,0.117826720677558,-0.1946790579915046
P0310,2025-09-01,0.1539756647825241,0.1055038522140138,-0.2204028851509094
P0310,2025-10-01,0.2261828320145607,0.128683189771467,-0.2321117756009101
P0310,2025-11-01,0.3110874442577362,0.18185032380443,-0.1254074147915002
P0310,2025-12-01,0.3376997292280197,0.1977176131911032,-0.1204966861868277
P0311,2025-01-01,0.2177488508939743,0.1175873321571866,-0.2164429406076669
P0311,2025-02-01,0.4176337781906128,0.2412933122065036,-0.0604454539278522
P0311,2025-03-01,0.7154443085670471,0.6113392253914358,0.2525817059993744
P0311,2025-04-01,0.5342932457685471,0.3614652627688774,0.0557380947342671
P0311,2025-05-01,0.2471530185699463,0.1434944122732182,-0.1922259143471718
P0311,2025-06-01,0.1827341413021087,0.1277360631767658,-0.1965323248386383
P0311,2025-07-01,0.1362687600374222,0.1066765538451514,-0.1772194328546524
P0311,2025-08-01,0.1289605930447578,0.0998113747987254,-0.1753773276805877
P0311,2025-09-01,0.1229579332470893,0.0931224022321077,-0.2000150459051132
P0311,2025-10-01,0.1298966202378273,0.0835096554686761,-0.2464193706750869
P0311,2025-11-01,0.1563171246290207,0.0782889485803182,-0.2833586927890777
P0311,2025-12-01,0.1812194155454635,0.0777224566031961,-0.2504530273020267
P0312,2025-01-01,0.5670612216562851,0.5492771395858089,0.0774990713507038
P0312,2025-02-01,0.9314676689624788,0.7804538531795203,0.5042167402148247
P0312,2025-03-01,0.8097420129299164,0.6271809684906695,0.5061393599867821
P0312,2025-04-01,0.8745189628124237,0.7286104793136365,0.526312148693204
P0312,2025-05-01,0.5777955377578735,0.393673411053564,0.2292246563669759
P0312,2025-06-01,0.2055377286672592,0.1496753928268326,-0.0565937499783001
P0312,2025-07-01,0.1620761762619018,0.1329659520035838,-0.076473891475331
P0312,2025-08-01,0.1600526170730591,0.1310622140775851,-0.089499449943006
P0312,2025-09-01,0.1644628491878509,0.0956306246941889,-0.2668284504979848
P0312,2025-10-01,0.1951210585594177,0.0884821406467646,-0.3334906102059409
P0312,2025-11-01,0.2332122837781906,0.0915711645291302,-0.331229833664
P0312,2025-12-01,0.2807907876729965,0.0995083544939259,-0.3241718898721039
P0313,2025-01-01,0.3482850140094757,0.196441731793886,-0.1329898442494683
P0313,2025-02-01,0.5834304204702377,0.363615327287536,0.1108868060995359
P0313,2025-03-01,0.6601186480760575,0.5126451167116364,0.2543928394883871
P0313,2025-04-01,0.6892995000839234,0.5697338542632708,0.2789119924649596
P0313,2025-05-01,0.4952065947294235,0.3460450770362452,0.1040664865580387
P0313,2025-06-01,0.2794252922296524,0.1965124305695025,-0.0935484536549076
P0313,2025-07-01,0.2237870535135269,0.1594677512590761,-0.1235329639464616
P0313,2025-08-01,0.2102967532157898,0.1502072192198549,-0.1271139225470368
P0313,2025-09-01,0.2091951750040054,0.1401981368385722,-0.1581979467604309
P0313,2025-10-01,0.2145285914897918,0.1175430700621559,-0.2028469820320606
P0313,2025-11-01,0.2717729148864746,0.1353488698550417,-0.180547972641699
P0313,2025-12-01,0.2893576231718063,0.1478083755299801,-0.156489692617394
P0314,2025-01-01,0.4311178337171006,0.5019454551215294,0.1344518392110493
P0314,2025-02-01,0.8174027445793152,0.5898603035216768,0.3661937189817428
P0314,2025-03-01,0.8254081239700317,0.6842913633524408,0.4106695827007294
P0314,2025-04-01,0.752675972318739,0.5930101623854678,0.3977176520021114
P0314,2025-05-01,0.5728737247943878,0.4186448086640642,0.2147425575278699
P0314,2025-06-01,0.2679294732570648,0.1819606884167467,-0.0978816491443663
P0314,2025-07-01,0.2004606780052185,0.1470716880363209,-0.1187075756686739
P0314,2025-08-01,0.1938145111441612,0.1402916632995402,-0.1211238060802221
P0314,2025-09-01,0.1878811283588409,0.1273970819404437,-0.1425544953033328
P0314,2025-10-01,0.203148726260662,0.0971199819235952,-0.2065228811107576
P0314,2025-11-01,0.2956346168041229,0.1324756664215107,-0.1502668985031545
P0314,2025-12-01,0.3463726491689682,0.1520397001351817,-0.0813138533379882
P0315,2025-01-01,0.6612278703689575,0.4508213578351908,0.1316426984092686
P0315,2025-02-01,0.8315239674568177,0.6029560831293669,0.3825432030558586
P0315,2025-03-01,0.8428867883682251,0.6801095432325649,0.4031912962675094
P0315,2025-04-01,0.7246620158672332,0.5408705673445013,0.3254831588745117
P0315,2025-05-01,0.4942080971717834,0.3432289082431999,0.141069137968379
P0315,2025-06-01,0.2927590363264084,0.1977685447972537,-0.0465653494670987
P0315,2025-07-01,0.1910416005134582,0.135400296967248,-0.1340125480286777
P0315,2025-08-01,0.1948813601255417,0.1349894961473156,-0.1316375291272997
P0315,2025-09-01,0.1975288451910019,0.1293553101157125,-0.1762205259340815
P0315,2025-10-01,0.2097051830053329,0.0931791623842543,-0.3037100751969963
P0315,2025-11-01,0.2970888702154159,0.1144600132595332,-0.2459300134470686
P0315,2025-12-01,0.3232746495485306,0.1228150013297294,-0.2204558712419122
P0316,2025-01-01,0.3861473103523254,0.2065580231567503,-0.0119946951668243
P0316,2025-02-01,0.6999355802059174,0.4848179071862691,0.2369848020190373
P0316,2025-03-01,0.7768392777919769,0.6618612467702467,0.3647979636669159
P0316,2025-04-01,0.5035889396190644,0.3333081910184246,0.086147518625576
P0316,2025-05-01,0.2625967176437378,0.1506648276972922,-0.1447415310554206
P0316,2025-06-01,0.1608016426801681,0.1274195823645053,-0.1664072025299072
P0316,2025-07-01,0.1276661082744598,0.1025174530322949,-0.1805770483613014
P0316,2025-08-01,0.12940574157238,0.0999068497704115,-0.1800216426134109
P0316,2025-09-01,0.1286067666172981,0.090929345317691,-0.2122700009822845
P0316,2025-10-01,0.1390415726065635,0.0869943640634492,-0.2438376677155494
P0316,2025-11-01,0.1614371728658676,0.0933619713150828,-0.2374628639936447
P0316,2025-12-01,0.1938848515748977,0.1028504410578766,-0.2168598073095083
P0317,2025-01-01,0.4843227523791639,0.6146257480491535,0.1109127445394008
P0317,2025-02-01,0.6708010749340058,0.520731488319498,0.2804296392321586
P0317,2025-03-01,0.726026078748703,0.5357200821613245,0.376003109049797
P0317,2025-04-01,0.6552926159381867,0.5329128642134838,0.2922626047837548
P0317,2025-05-01,0.4488252969264984,0.340135614698974,0.1209540029861498
P0317,2025-06-01,0.2208191357731819,0.16708570864294,-0.1190710577189922
P0317,2025-07-01,0.1702984891414642,0.1370385751427023,-0.1490743213653564
P0317,2025-08-01,0.1632649241924285,0.130516829594961,-0.1676383575201034
P0317,2025-09-01,0.1515066072702408,0.1158299926488584,-0.192954102396965
P0317,2025-10-01,0.1477517555836588,0.094619538290604,-0.2173677716732025
P0317,2025-11-01,0.1951010276913642,0.1310814620253242,-0.1564686088796705
P0317,2025-12-01,0.2568825749158859,0.1674462657419611,-0.1113979091335088
P0318,2025-01-01,0.3276623352250671,0.3211340400741682,-0.0379717137742702
P0318,2025-02-01,0.7505037046432496,0.5109003135138758,0.2887472397588193
P0318,2025-03-01,0.7915418078184128,0.6596305942267212,0.4036496694110334
P0318,2025-04-01,0.7988019696712494,0.6464532842776334,0.4179400902211666
P0318,2025-05-01,0.545194702577591,0.3354224681335871,0.1339943479874171
P0318,2025-06-01,0.2467280528068542,0.1615813939212444,-0.0893081164211034
P0318,2025-07-01,0.1720964576125145,0.1331169622276301,-0.1059198503599502
P0318,2025-08-01,0.163820197725296,0.1253664165179332,-0.1172608383961021
P0318,2025-09-01,0.1572568814158439,0.0936961069175231,-0.2278043916523456
P0318,2025-10-01,0.1574385679841041,0.0813188448442176,-0.2629913651466369
P0318,2025-11-01,0.1950440515875816,0.0926017751427401,-0.2520577552240342
P0318,2025-12-01,0.1470668816924095,0.0826954770440425,-0.1192056874547968
P0319,2025-01-01,0.3354760983705521,0.214693131542533,-0.129209630459547
P0319,2025-02-01,0.8534516312599182,0.64632960490015,0.3998018947124481
P0319,2025-03-01,0.8631440706253052,0.7456663607795082,0.4988439355373382
P0319,2025-04-01,0.8600171633720398,0.6233825811326297,0.4730394083499908
P0319,2025-05-01,0.4400745714664459,0.2169814323236563,0.0129494102723896
P0319,2025-06-01,0.2159106641292572,0.1340492005346218,-0.1311240014135837
P0319,2025-07-01,0.1364059642195701,0.1059129988807644,-0.1745935729980468
P0319,2025-08-01,0.1388351240396499,0.1070367534521411,-0.1668988932728767
P0319,2025-09-01,0.138519679737091,0.0993949220949187,-0.217375511431694
P0319,2025-10-01,0.1764013699293136,0.0945858288008239,-0.2594948069095611
P0319,2025-11-01,0.1749203845262527,0.098604877337577,-0.2405022638082504
P0319,2025-12-01,0.201615070104599,0.1162548097593491,-0.2234377850055694
P0320,2025-01-01,0.3510028879642486,0.2252747264262817,-0.1559441041722893
P0320,2025-02-01,0.5901882035970688,0.3786490780810663,0.0951485794566571
P0320,2025-03-01,0.6690442330360412,0.526320008502026,0.2787977285222459
P0320,2025-04-01,0.8326697296619415,0.7270377429793102,0.4418879804849625
P0320,2025-05-01,0.6379694496393203,0.5483972816823033,0.2674134549557231
P0320,2025-06-01,0.2759450241088867,0.2032156037717028,-0.0035700262803584
P0320,2025-07-01,0.194014181804657,0.1492430930442314,-0.0665550617554535
P0320,2025-08-01,0.1760880496740341,0.1366902967400336,-0.0912683940328657
P0320,2025-09-01,0.1689048691391945,0.1091207752238221,-0.2065211929768323
P0320,2025-10-01,0.189924710804224,0.0765401846133516,-0.3156247161626815
P0320,2025-11-01,0.2217421252965927,0.0884337913709288,-0.2919180513054132
P0320,2025-12-01,0.2227465787410736,0.0881724713078646,-0.2581259185090661
P0321,2025-01-01,0.3531276629209518,0.2012947370007178,-0.1238536241721361
P0321,2025-02-01,0.6860787115573883,0.5397740375342837,0.2391651849312707
P0321,2025-03-01,0.7285529196262359,0.6719504804876653,0.350236639803648
P0321,2025-04-01,0.804136079454422,0.6780285999781684,0.3961470364287495
P0321,2025-05-01,0.2530596707820892,0.1550609296895599,-0.1408312142685055
P0321,2025-06-01,0.1902667566776275,0.132359511087339,-0.1788243416070938
P0321,2025-07-01,0.1605830045461654,0.1219040392615999,-0.1614973724603653
P0321,2025-08-01,0.1510547761797905,0.1175747982384158,-0.1474330775380134
P0321,2025-09-01,0.1485213981509208,0.1064375452301764,-0.190829137969017
P0321,2025-10-01,0.1914091077327728,0.1073882587183809,-0.2521902626872063
P0321,2025-11-01,0.2055071519136428,0.1061466229221469,-0.2372573267459869
P0321,2025-12-01,0.2531487543821334,0.1254352602594188,-0.1665617088664323
P0322,2025-01-01,0.47590367603302,0.300558996313879,0.0500599013251485
P0322,2025-02-01,0.8511301972389221,0.6955315739405575,0.4098007319450378
P0322,2025-03-01,0.7972083353996277,0.7327544163880986,0.4138938876152038
P0322,2025-04-01,0.6035842936515808,0.4113161504985646,0.1838972565004602
P0322,2025-05-01,0.2428018409967422,0.1456165476096287,-0.1791478565502911
P0322,2025-06-01,0.2007091396331787,0.1521158517840183,-0.1652799596892669
P0322,2025-07-01,0.1880527271270752,0.1439118363376751,-0.1440503120815381
P0322,2025-08-01,0.1857534632563591,0.1398113775097758,-0.1491423747884575
P0322,2025-09-01,0.1803106444716453,0.1294517198719102,-0.186158953370247
P0322,2025-10-01,0.2077194912195205,0.1170567305929106,-0.2204194509640336
P0322,2025-11-01,0.2180846739530563,0.1070686999445073,-0.220181152382493
P0322,2025-12-01,0.2285845325708389,0.1125832928384215,-0.1758361588624306
P0323,2025-01-01,0.411836226606369,0.2420366936253729,-0.0891860965483822
P0323,2025-02-01,0.6854246334075927,0.4506199507068819,0.2351037784835008
P0323,2025-03-01,0.7647981216430664,0.6712939521876975,0.4335786447048187
P0323,2025-04-01,0.8420558097839356,0.6599415701183406,0.5097339756250382
P0323,2025-05-01,0.6083675724983215,0.3933474100333539,0.2551130040355027
P0323,2025-06-01,0.2479022253990173,0.1676299370446317,-0.0778873039175989
P0323,2025-07-01,0.2049270236492157,0.1578854462740047,-0.0824006493221968
P0323,2025-08-01,0.1979657750725746,0.1458066670738246,-0.0953115161168621
P0323,2025-09-01,0.1707642348527908,0.0913233412819864,-0.2272290174365043
P0323,2025-10-01,0.1731468383312225,0.062366535523453,-0.3270794894218445
P0323,2025-11-01,0.2035910512685775,0.0675918758637195,-0.3243173265457153
P0323,2025-12-01,0.2352785368680954,0.0803083305537883,-0.2810394899606704
P0324,2025-01-01,0.4663312536478042,0.3761799937916879,0.0707696854016743
P0324,2025-02-01,0.8152111665725708,0.696186712212527,0.4001748122908174
P0324,2025-03-01,0.7532129863739013,0.6928809368652865,0.4261009742021561
P0324,2025-04-01,0.6526038390636444,0.4573737150016913,0.2526060059636831
P0324,2025-05-01,0.2040634929776191,0.141061191933341,-0.1837415718674659
P0324,2025-06-01,0.1805365280628204,0.1428074496620953,-0.1926306489706039
P0324,2025-07-01,0.1604846295714378,0.1322790604080712,-0.1883735884904861
P0324,2025-08-01,0.1609704376101494,0.1290738508558608,-0.1786301923036575
P0324,2025-09-01,0.1506535744547844,0.1169460411389201,-0.1932727603197097
P0324,2025-10-01,0.1584099695920944,0.1084895322082907,-0.2181375977516174
P0324,2025-11-01,0.1578814596414566,0.1060227350716709,-0.2091175468802452
P0324,2025-12-01,0.1968973690032959,0.1248606941716031,-0.1217491227775812
P0325,2025-01-01,0.5079436557531357,0.2968080304690365,0.0102313138820696
P0325,2025-02-01,0.7711427824258804,0.5675972719345961,0.3326092085970565
P0325,2025-03-01,0.7700454658985137,0.6739968743272914,0.4059842193961143
P0325,2025-04-01,0.733412838101387,0.5843917560360044,0.3510207339478656
P0325,2025-05-01,0.384712572979927,0.2446843187491928,0.0103870315021835
P0325,2025-06-01,0.2195932592153549,0.1495696662041067,-0.1361944272138178
P0325,2025-07-01,0.1844145609855652,0.1343394586226204,-0.1350409534405917
P0325,2025-08-01,0.1845498713493347,0.1316187922044701,-0.131801688576769
P0325,2025-09-01,0.1701290473103523,0.1052583856202419,-0.2148177041113376
P0325,2025-10-01,0.185261578798294,0.0962408565931984,-0.2664074809610843
P0325,2025-11-01,0.2210117763280868,0.1050000961557907,-0.2387274416618049
P0325,2025-12-01,0.2711238823771477,0.12648888413384,-0.1244578565523535
P0326,2025-01-01,0.1814695623636245,0.1302165068538385,-0.1456557861208915
P0326,2025-02-01,0.3788579277038574,0.2702305374023249,-0.0034493292510043
P0326,2025-03-01,0.5087627551317215,0.420276454740931,0.1353175889932317
P0326,2025-04-01,0.3997254114151001,0.3004314955269156,0.0246834877298213
P0326,2025-05-01,0.2287531436920166,0.1664899587675991,-0.1169731983776204
P0326,2025-06-01,0.172364791059494,0.1374016473745716,-0.1533458091378212
P0326,2025-07-01,0.1351025117874145,0.1079041762511322,-0.1649707995176315
P0326,2025-08-01,0.1289941541433334,0.1036303180546995,-0.1617853818535804
P0326,2025-09-01,0.1205738711357116,0.0957809323898349,-0.1774748563528061
P0326,2025-10-01,0.1217455849528312,0.0814980489559565,-0.1984078944444656
P0326,2025-11-01,0.1434242428898811,0.097981272028577,-0.1716936140298843
P0326,2025-12-01,0.1554546044945716,0.1019116618736341,-0.1740764487862587
P0327,2025-01-01,0.3320138129949569,0.1541840565582838,-0.2256709324266761
P0327,2025-02-01,0.6270888680219651,0.3499810579586845,0.0795473772501573
P0327,2025-03-01,0.7580676072120667,0.6492064185663295,0.3545907339168712
P0327,2025-04-01,0.708284041261673,0.5681490457137204,0.3137395764113403
P0327,2025-05-01,0.6585004753112793,0.4870916728611112,0.2728884189058095
P0327,2025-06-01,0.2586785889387131,0.1746011917146106,-0.0788571010372135
P0327,2025-07-01,0.1551788163900375,0.116676897750102,-0.1510776242226362
P0327,2025-08-01,0.1510653332710266,0.1121398640493221,-0.1564544550567865
P0327,2025-09-01,0.1528945349454879,0.0995766442545834,-0.2321139851570129
P0327,2025-10-01,0.1869112185001373,0.0851991498871717,-0.3432146516323089
P0327,2025-11-01,0.2295478756666183,0.091032705977326,-0.3226199276447296
P0327,2025-12-01,0.2903187860965728,0.0840390674757165,-0.3145427535772324
P0328,2025-01-01,0.4164716173171997,0.303700742868253,0.0311973482549656
P0328,2025-02-01,0.7322071745872497,0.6095800682928899,0.3398864539146423
P0328,2025-03-01,0.72558318567276,0.6392297042679992,0.4047594910740852
P0328,2025-04-01,0.7881934575557709,0.6752853038498248,0.4575756065607071
P0328,2025-05-01,0.4382807646989822,0.2823229396898626,0.0443995893510058
P0328,2025-06-01,0.2043962433457374,0.1415485536392383,-0.1300637507557868
P0328,2025-07-01,0.1476946051597595,0.1120067788140666,-0.1335691607356071
P0328,2025-08-01,0.1375461795032024,0.1032066958050516,-0.1373548082649708
P0328,2025-09-01,0.140218165910244,0.1010201065570178,-0.149051346924901
P0328,2025-10-01,0.1654483156144619,0.1020971772846951,-0.189234728719294
P0328,2025-11-01,0.1877217539787292,0.1137136547970127,-0.1614300762049853
P0328,2025-12-01,0.3466306352853775,0.2128134045443817,-0.0531899540115671
P0329,2025-01-01,0.4541287299036979,0.3067480466725352,0.03498976079374555
P0329,2025-02-01,0.6606831528425217,0.4748675362716406,0.2493454885073006
P0329,2025-03-01,0.731262610578537,0.5767610408235309,0.3892119434371358
P0329,2025-04-01,0.862275380098704,0.686605202331332,0.4967473689105036
P0329,2025-05-01,0.6585893160820008,0.440123389946871,0.1888973987810313
P0329,2025-06-01,0.2792583288431167,0.1974685427123548,-0.0573725858991965
P0329,2025-07-01,0.1881077261567116,0.1317269786161842,-0.1216150486320373
P0329,2025-08-01,0.1524264296293258,0.1165512389245208,-0.1388635741844773
P0329,2025-09-01,0.1445381972193718,0.099571692252607,-0.1783030363023281
P0329,2025-10-01,0.1532700563430786,0.0747725133775327,-0.2713612354189157
P0329,2025-11-01,0.1856831109166145,0.0853063099928055,-0.2272402477949857
P0329,2025-12-01,0.187044693505764,0.0839972104678581,-0.2602083266345784
P0330,2025-01-01,0.2912113185644149,0.1938562702822139,-0.1231696130981668
P0330,2025-02-01,0.5302051660060882,0.4301092163849076,0.1708271825121715
P0330,2025-03-01,0.7359900819301606,0.6522157403770166,0.3530498822450638
P0330,2025-04-01,0.6697854709386826,0.4928038435127525,0.2784601982845924
P0330,2025-05-01,0.3941764860391616,0.2606030213508353,0.0206997770811663
P0330,2025-06-01,0.2026762776374817,0.1545934212940482,-0.1338577541440725
P0330,2025-07-01,0.1713322506189346,0.1329111941860405,-0.1417034627020359
P0330,2025-08-01,0.1613565082073211,0.1249708323991999,-0.139281046462059
P0330,2025-09-01,0.1536991206765174,0.1139281355407001,-0.1694788933038711
P0330,2025-10-01,0.1484633275985717,0.0968732125542713,-0.2232736119866371
P0330,2025-11-01,0.1753134936571121,0.1044189718286009,-0.1969382175505161
P0330,2025-12-01,0.1772462512850761,0.1017918345783306,-0.1880780470266938
P0331,2025-01-01,0.3465516078710556,0.2129461740454166,-0.1036310518914368
P0331,2025-02-01,0.6649671751022339,0.443146093694822,0.2080547001560857
P0331,2025-03-01,0.7863018515110016,0.611736059043341,0.3812716801166534
P0331,2025-04-01,0.5842430411934852,0.41966521318295313,0.1851351139401202
P0331,2025-05-01,0.3821842308759689,0.2275943673225652,-0.011001452236413
P0331,2025-06-01,0.216457471203804,0.1532025956660934,-0.1440641831040382
P0331,2025-07-01,0.1772952744722366,0.1327171693676513,-0.1357184050559997
P0331,2025-08-01,0.1694649756669998,0.1277844737086438,-0.1328938907504081
P0331,2025-09-01,0.1566900628924369,0.1108123769819003,-0.1860039473056793
P0331,2025-10-01,0.15718694845438,0.091304885638168,-0.249187954545021
P0331,2025-11-01,0.1932346004486084,0.101470831310691,-0.2345797038078308
P0331,2025-12-01,0.3143332987070084,0.1425301350635323,-0.0822011742254743
P0332,2025-01-01,0.3560067735910415,0.2129458026323875,-0.0357576736065326
P0332,2025-02-01,0.59765347635746,0.4256975724920658,0.1606993588684126
P0332,2025-03-01,0.6606812569379806,0.5471369252333705,0.2453112347887829
P0332,2025-04-01,0.4411721241950989,0.3071100958518086,0.0154250996007584
P0332,2025-05-01,0.2407323075413704,0.1552467429669134,-0.1552593705140054
P0332,2025-06-01,0.1727553083062172,0.1283646209635957,-0.1780998149037361
P0332,2025-07-01,0.1313717245578765,0.1053857019429732,-0.1763732421517372
P0332,2025-08-01,0.1299572021842003,0.1036242208646119,-0.1754261567115783
P0332,2025-09-01,0.1220831347703933,0.0898287574694967,-0.1999932151556015
P0332,2025-10-01,0.1328118240773677,0.0921987105083459,-0.2209939083218574
P0332,2025-11-01,0.147775687110424,0.0912558697157243,-0.2242525336205959
P0332,2025-12-01,0.1643901519298553,0.0916045012708548,-0.1950680241048336
P0333,2025-01-01,0.4078547848939896,0.2610037941090185,-0.086684344916732
P0333,2025-02-01,0.5474916275024414,0.4369399776124597,0.1830547105668112
P0333,2025-03-01,0.6627298441410064,0.5656107630162096,0.3003457243675366
P0333,2025-04-01,0.5878093942165374,0.4879829685375004,0.22816836572438476
P0333,2025-05-01,0.5128889442920684,0.4103551740587912,0.1559910070812329
P0333,2025-06-01,0.1988692290186882,0.1543799893051221,-0.0895318017838522
P0333,2025-07-01,0.1583981048464775,0.1260798988777263,-0.132757162484806
P0333,2025-08-01,0.1482702332019806,0.1116638503579501,-0.1686493731848895
P0333,2025-09-01,0.1372079202294349,0.0934100882593082,-0.2002311355493962
P0333,2025-10-01,0.1625464445233345,0.0661064982472801,-0.2389823663264513
P0333,2025-11-01,0.189851559305191,0.1019538960194235,-0.2075400090494193
P0333,2025-12-01,0.2911760360002517,0.1544181647716484,-0.0301813098969413
P0334,2025-01-01,0.2778405750036239,0.2027187255802471,-0.1049693782422691
P0334,2025-02-01,0.7196147630691528,0.5128771459257493,0.2814003326206468
P0334,2025-03-01,0.8324848106861115,0.7273755581329212,0.3997365554332733
P0334,2025-04-01,0.3690474252700805,0.2189928083868441,-0.078334385347343
P0334,2025-05-01,0.2225502694606781,0.1247501382638074,-0.2121497783899307
P0334,2025-06-01,0.2041635728478431,0.1301417114943313,-0.2177472761988639
P0334,2025-07-01,0.1454813467025756,0.1175620536690116,-0.1843655321121216
P0334,2025-08-01,0.1399493980884552,0.1114052680716061,-0.1810701667785644
P0334,2025-09-01,0.128496225464344,0.0970978434102105,-0.1943695072650909
P0334,2025-10-01,0.1264091116428375,0.0816718001699194,-0.2375894643306732
P0334,2025-11-01,0.1340231666326523,0.0850393880588648,-0.2182731223464012
P0334,2025-12-01,0.1540180021047592,0.0930239510768355,-0.2051394630610943
P0335,2025-01-01,0.3329653901338577,0.2184886571444255,-0.042699369749031
P0335,2025-02-01,0.6337937848567963,0.4959172758271072,0.2151097666233312
P0335,2025-03-01,0.6750466979980468,0.5719581364923713,0.290774863576889
P0335,2025-04-01,0.4591878584861755,0.3128259588130287,0.0474293568157069
P0335,2025-05-01,0.2249272049546241,0.1513149391767853,-0.1412186090910807
P0335,2025-06-01,0.1906975125789642,0.1488900466344039,-0.1523986047118902
P0335,2025-07-01,0.1680530303239822,0.1389809935479702,-0.1348174524068832
P0335,2025-08-01,0.1687047587990761,0.1362049030385321,-0.1371397045284509
P0335,2025-09-01,0.1538324730277061,0.1179437743803288,-0.1676676845550537
P0335,2025-10-01,0.1759047551989555,0.1232304124925837,-0.1916064131334424
P0335,2025-11-01,0.1798872688412666,0.1178003100111471,-0.1786479558330029
P0335,2025-12-01,0.2425372213602066,0.1423873688396075,-0.1326742751406971
P0336,2025-01-01,0.379683988904953,0.2042883046903618,-0.1702676576591096
P0336,2025-02-01,0.741793215227127,0.4992016511407683,0.2188835887096822
P0336,2025-03-01,0.8267002524375916,0.7021052502385583,0.4359300204511732
P0336,2025-04-01,0.8793019023418427,0.759435315629285,0.4941113327860832
P0336,2025-05-01,0.703283149766922,0.4754844163014847,0.2792448377564549
P0336,2025-06-01,0.2259933312654495,0.1583037539598662,-0.0697496610293164
P0336,2025-07-01,0.1632936205148697,0.1311971354448899,-0.1118586776413023
P0336,2025-08-01,0.1504468764662742,0.1194651091505014,-0.1165286325573921
P0336,2025-09-01,0.1516748174786567,0.1018866914597847,-0.2567424878716469
P0336,2025-10-01,0.1925286039590835,0.1037142639789626,-0.2632393877983093
P0336,2025-11-01,0.2178760913372039,0.1125044424722669,-0.264599010002613
P0336,2025-12-01,0.2502933432102203,0.1193460864633093,-0.2802357089340687
P0337,2025-01-01,0.4697787533521652,0.3533145103819338,0.0188732435064855
P0337,2025-02-01,0.7825836958885193,0.5804823614529195,0.3657403208415024
P0337,2025-03-01,0.7686533597946167,0.6093547787125827,0.4297390819311142
P0337,2025-04-01,0.7849389223575592,0.6292504970040831,0.4171433161411667
P0337,2025-05-01,0.5700013348102569,0.3672254168173363,0.1829624131144024
P0337,2025-06-01,0.2465518089532852,0.1762218298303493,-0.0526216584397479
P0337,2025-07-01,0.1669147030234337,0.1377158966776069,-0.090097943393886
P0337,2025-08-01,0.1589602010965347,0.1250071859101968,-0.1099958376943599
P0337,2025-09-01,0.1584748745560646,0.1117070828196163,-0.1697253971140831
P0337,2025-10-01,0.2228505825281143,0.1121128114206435,-0.2590220625951886
P0337,2025-11-01,0.2459282101631164,0.1164001059932725,-0.241941536010988
P0337,2025-12-01,0.2463591175317764,0.1366007723037448,-0.1476190174570074
P0338,2025-01-01,0.5052646279811859,0.3088466276682843,-0.0125846133750164
P0338,2025-02-01,0.8949458592414856,0.7530518113186735,0.4634913631916046
P0338,2025-03-01,0.8623363592147827,0.8072344689813947,0.4718868330478668
P0338,2025-04-01,0.6793487856864929,0.4610061408195507,0.2007733040452003
P0338,2025-05-01,0.1718080872297287,0.0861764894767952,-0.2517448444366455
P0338,2025-06-01,0.1574011704206466,0.0956638773124438,-0.2429432211637497
P0338,2025-07-01,0.1440086060285568,0.1161467105515838,-0.1810297408819198
P0338,2025-08-01,0.1475453909873962,0.1133639476500311,-0.1947718681812286
P0338,2025-09-01,0.1506231598854065,0.0939427580336599,-0.2676160847306251
P0338,2025-10-01,0.1741200666666031,0.0883939960641443,-0.2940747857689857
P0338,2025-11-01,0.1881769544363022,0.0969248270687347,-0.2703306763648986
P0338,2025-12-01,0.2871813232183456,0.1502665537223236,-0.1659392733484506
P0339,2025-01-01,0.6662915641903877,0.5121719156522169,0.25298918665554365
P0339,2025-02-01,0.7894892076492309,0.6318632157645802,0.3914675704240798
P0339,2025-03-01,0.7552854791641236,0.5583561541681766,0.4040321705818176
P0339,2025-04-01,0.7607424784898758,0.654742011924111,0.3678501517795026
P0339,2025-05-01,0.6539441881179809,0.4938799637808648,0.2393187664661323
P0339,2025-06-01,0.2450164349079132,0.186029045445377,-0.0786281581002287
P0339,2025-07-01,0.194924546957016,0.1556272949504721,-0.1042500272341538
P0339,2025-08-01,0.19261965239048,0.1500048651015735,-0.112195918020606
P0339,2025-09-01,0.1907502869486808,0.141658679692974,-0.135650457822904
P0339,2025-10-01,0.2207916818261146,0.1360374204462175,-0.1995694022065028
P0339,2025-11-01,0.2864598842620849,0.1625655604933615,-0.1218125632391776
P0339,2025-12-01,0.328486302781105,0.1949603491401415,-0.0768538776033558
P0340,2025-01-01,0.2874369783319901,0.1168067666599673,-0.1649555611059409
P0340,2025-02-01,0.8222080952644348,0.5350018848198344,0.3308425086915493
P0340,2025-03-01,0.8269688521385193,0.7341862320811428,0.4827267635822296
P0340,2025-04-01,0.6504401922702789,0.4995386284606865,0.2754533515339717
P0340,2025-05-01,0.4739115324020386,0.2648910248402302,0.0681799394857138
P0340,2025-06-01,0.2389257784128189,0.1512125399917392,-0.1072072667768457
P0340,2025-07-01,0.2190957698583603,0.1644250744876446,-0.1015174730505794
P0340,2025-08-01,0.2308368325471878,0.1724105114802064,-0.0900186701214639
P0340,2025-09-01,0.2229488540649414,0.1568241425943235,-0.1460111722620437
P0340,2025-10-01,0.2634502996087074,0.1041779595579949,-0.2741234025388956
P0340,2025-11-01,0.2819513753652573,0.1204009611511812,-0.235116321382299
P0340,2025-12-01,0.3477587100505829,0.1319789326473676,-0.1836123604716733
P0341,2025-01-01,0.3992230824947357,0.2706615876142972,-0.0238742857574485
P0341,2025-02-01,0.4902116691827774,0.3465591546139593,0.0709092223901301
P0341,2025-03-01,0.5302602089881897,0.4213188869668841,0.1674633173503913
P0341,2025-04-01,0.4539498349428177,0.3214469236785829,0.0348631924622925
P0341,2025-05-01,0.275992878985405,0.1903756700629381,-0.1394941748607903
P0341,2025-06-01,0.2199768618226051,0.1575809251359918,-0.176902091974765
P0341,2025-07-01,0.186843561553955,0.1316928846717389,-0.1869993952691555
P0341,2025-08-01,0.1751883969187736,0.1184605193152834,-0.2043219502210617
P0341,2025-09-01,0.169633216869831,0.1074937728848165,-0.2237798440575599
P0341,2025-10-01,0.2327568267464637,0.1481877100797878,-0.1926684874892234
P0341,2025-11-01,0.2221854639291763,0.1212333856317401,-0.2176385049223899
P0341,2025-12-01,0.3599526266813278,0.1868960899730035,-0.0444266902270726
P0342,2025-01-01,0.2237001413702964,0.1508049423522501,-0.1460086458873003
P0342,2025-02-01,0.4407652748823166,0.2947300879133269,0.0415763144765514
P0342,2025-03-01,0.7190506249427795,0.5976844503238649,0.3114826548576355
P0342,2025-04-01,0.7975759521007538,0.6262840862708939,0.3720026487588882
P0342,2025-05-01,0.4831644071102142,0.2746098572811064,0.0460818883741536
P0342,2025-06-01,0.1652523624300956,0.1316079035396828,-0.1371765277385711
P0342,2025-07-01,0.1355214224100113,0.1129380151859014,-0.1261702675461769
P0342,2025-08-01,0.1309983274459839,0.1086193168250025,-0.1230142808258533
P0342,2025-09-01,0.1259569873571396,0.1011396510946852,-0.1777220031499862
P0342,2025-10-01,0.1456218595981598,0.0869440962002919,-0.2139352256864309
P0342,2025-11-01,0.168614149236679,0.1092569842177515,-0.1872292348630726
P0342,2025-12-01,0.1969537448644638,0.1241776823001548,-0.1768300081148743
P0343,2025-01-01,0.2783637161254882,0.182928008589485,-0.083699331684364
P0343,2025-02-01,0.4360329637050629,0.2740391158612609,0.0504592606599576
P0343,2025-03-01,0.5238214570045471,0.4090400131014642,0.1500408694904297
P0343,2025-04-01,0.5079709815263748,0.3729187315729593,0.1225311740149976
P0343,2025-05-01,0.2482669576883316,0.165328137448041,-0.095118350556909
P0343,2025-06-01,0.1998939044475555,0.1534210725955902,-0.1276190487645566
P0343,2025-07-01,0.175646370100975,0.1347650330839061,-0.130878063827753
P0343,2025-08-01,0.1765412572979927,0.1315331510495741,-0.1346932306617498
P0343,2025-09-01,0.1779963138580322,0.1288376350040616,-0.1435318016454577
P0343,2025-10-01,0.216084902870655,0.1374340970022465,-0.1585434103507548
P0343,2025-11-01,0.2309766933202743,0.1420898802826605,-0.1301966719668358
P0343,2025-12-01,0.2944565301656723,0.1684096706058865,-0.0836978855303178
P0344,2025-01-01,0.359181465280056,0.1908203716859637,-0.0678164553511887
P0344,2025-02-01,0.5432952435493469,0.314999212530808,0.0774388581998413
P0344,2025-03-01,0.5828896314144134,0.438903760319347,0.1810078368690463
P0344,2025-04-01,0.5989176363945007,0.4176505514074094,0.150984187289467
P0344,2025-05-01,0.3572257303237915,0.2308717605995225,-0.0286032800343353
P0344,2025-06-01,0.2626634658098221,0.1874968854340069,-0.0783702380081871
P0344,2025-07-01,0.2216618672132492,0.1630349972454786,-0.0857069215228315
P0344,2025-08-01,0.2282522751927375,0.1623385068088262,-0.0856500124076381
P0344,2025-09-01,0.2325915591716766,0.155476066717655,-0.1317501455213409
P0344,2025-10-01,0.2524716397643089,0.1450233908111437,-0.1516017845882102
P0344,2025-11-01,0.2834479731440544,0.1505993418494983,-0.1276904232697561
P0344,2025-12-01,0.3494959934473037,0.1697257328590857,-0.0965792409802787
P0345,2025-01-01,0.5318544168233872,0.3443202890367721,0.0179180424405029
P0345,2025-02-01,0.7276627808094025,0.5034901431507165,0.279186075287452
P0345,2025-03-01,0.7102256319522857,0.5733734558606308,0.313794238358736
P0345,2025-04-01,0.6841997413635253,0.4911246080840468,0.2586292933593504
P0345,2025-05-01,0.4472881028175354,0.2646225190993079,0.0170596908953972
P0345,2025-06-01,0.2066355295658111,0.135900267989178,-0.1717694575667381
P0345,2025-07-01,0.1774820425033569,0.1193212259620703,-0.183274117386341
P0345,2025-08-01,0.1813055025458335,0.1173497511400017,-0.1831915385365486
P0345,2025-09-01,0.1805273318529129,0.1079184660153877,-0.241483258831501
P0345,2025-10-01,0.2314716818928718,0.0892753711811347,-0.293370092215389
P0345,2025-11-01,0.2464730711698532,0.0952653737520675,-0.2762122973196208
P0345,2025-12-01,0.2820251919746399,0.1069965697983807,-0.2697917987870052
P0346,2025-01-01,0.2987873774766922,0.1671320450458481,-0.1474827647160738
P0346,2025-02-01,0.6545819969177246,0.4358716603073506,0.227721789127402
P0346,2025-03-01,0.7837602040767669,0.6545995456929445,0.3993435283221304
P0346,2025-04-01,0.7844229785323144,0.5481575189374551,0.3842037104789167
P0346,2025-05-01,0.4495771939754486,0.2429028898275694,0.0257404312868602
P0346,2025-06-01,0.2226457218647003,0.1479012230766825,-0.1395710282191634
P0346,2025-07-01,0.1833732251405715,0.1433982137919541,-0.1196646804675459
P0346,2025-08-01,0.1653489914655685,0.1307440920329302,-0.1207743407413363
P0346,2025-09-01,0.1545803093075752,0.1126420828905321,-0.17866456823349
P0346,2025-10-01,0.1570941589593887,0.0931768517406807,-0.2363376616239547
P0346,2025-11-01,0.1859419471383094,0.0977523900099563,-0.207073057770729
P0346,2025-12-01,0.2454340557813644,0.1222983033889844,-0.1677254905894398
P0347,2025-01-01,0.6040317711591721,0.3732249927369834,0.15134487770500124
P0347,2025-02-01,0.8334044230937958,0.5838440465799335,0.3815594634532928
P0347,2025-03-01,0.8754714179039002,0.7271097799158648,0.4638710367679596
P0347,2025-04-01,0.8336883469581604,0.6193478527524691,0.4461093093395233
P0347,2025-05-01,0.4823876592636108,0.3152542519816107,0.1553363757950719
P0347,2025-06-01,0.2473478172302246,0.1654559284220009,-0.0519906931823585
P0347,2025-07-01,0.1831944861412048,0.1251351126012968,-0.1003541934773326
P0347,2025-08-01,0.1377287355780601,0.1022618922539001,-0.1166730001449585
P0347,2025-09-01,0.1309118172764778,0.0921621198837439,-0.1360645248889923
P0347,2025-10-01,0.1457890871405601,0.0773370238338514,-0.2521860501408577
P0347,2025-11-01,0.1800325773596763,0.0760528848292403,-0.2452880264028906
P0347,2025-12-01,0.1851838148474693,0.0777299024909172,-0.2367849994704127
P0348,2025-01-01,0.7228911272525788,0.5172535443756184,0.2210193253399804
P0348,2025-02-01,0.8219349683761596,0.5625459349835235,0.3779046880709473
P0348,2025-03-01,0.8231680121898651,0.6485897677200556,0.398288989084959
P0348,2025-04-01,0.6905670627117158,0.6017980443815578,0.3333539368033409
P0348,2025-05-01,0.5678494546890259,0.3790637264794363,0.1652470416451804
P0348,2025-06-01,0.3397041445493698,0.2271626215697463,-0.0700804511485621
P0348,2025-07-01,0.2804709715604782,0.2016604252623458,-0.0812726606396431
P0348,2025-08-01,0.2794729959964752,0.1974801325379115,-0.0905111004204427
P0348,2025-09-01,0.272257726252079,0.172713223705256,-0.1465791264172643
P0348,2025-10-01,0.3000941573619842,0.1472645027423967,-0.2087142570789903
P0348,2025-11-01,0.4304540257716551,0.2075737870506835,-0.0638108156013186
P0348,2025-12-01,0.4935250517368316,0.2379789905278926,-0.0354648034315556
P0349,2025-01-01,0.3553273589134216,0.1033597540677921,-0.2120411573022604
P0349,2025-02-01,0.6516659489154816,0.3526880424770406,0.0607725970115978
P0349,2025-03-01,0.8231515973091126,0.7012229334464279,0.4315011777132749
P0349,2025-04-01,0.6010022464036942,0.4581188313268686,0.2183557463449447
P0349,2025-05-01,0.3788528954982758,0.2150147292073092,0.0052103149766145
P0349,2025-06-01,0.1856507331609726,0.1233136234197953,-0.1426749448478222
P0349,2025-07-01,0.1404727478265762,0.1146948146782367,-0.1279776485919952
P0349,2025-08-01,0.1419488710284233,0.1140684126385255,-0.1238281919717788
P0349,2025-09-01,0.1428590316772461,0.0969519386515781,-0.2256593563318252
P0349,2025-10-01,0.1799364233016968,0.0715849419371849,-0.3746009156227112
P0349,2025-11-01,0.1978066990613937,0.0739939546990805,-0.3454305756092071
P0349,2025-12-01,0.2184610892057419,0.0693217962215531,-0.3572787367343902
P0350,2025-01-01,0.3657332785487175,0.2092538945104299,-0.0815768827427178
P0350,2025-02-01,0.4842915723085403,0.30246459881316,0.0598579791009426
P0350,2025-03-01,0.6124689357757568,0.4352870088007555,0.2191501339502632
P0350,2025-04-01,0.661734989643097,0.4735662397617015,0.2722521975896665
P0350,2025-05-01,0.448999711060524,0.2685424416206466,0.0167319388149306
P0350,2025-06-01,0.3095957878232002,0.2075736417592332,-0.0963300279237329
P0350,2025-07-01,0.2693640921354294,0.1818475058281433,-0.1223257573456503
P0350,2025-08-01,0.21216047321558,0.142707318403992,-0.1441113752641482
P0350,2025-09-01,0.2033988135039806,0.1295095795299684,-0.1852032775059342
P0350,2025-10-01,0.2095141457080841,0.1170433318323849,-0.2181007867380976
P0350,2025-11-01,0.28111467628479,0.1448018895742422,-0.1696198475312441
P0350,2025-12-01,0.3592859090685844,0.1930526491946938,-0.0953473290953785
P0351,2025-01-01,0.5255340204715728,0.3887014377316745,0.0964125733903143
P0351,2025-02-01,0.7369002597808838,0.606991328942546,0.3129058128088712
P0351,2025-03-01,0.6863269506454468,0.5983616266621994,0.3142747623875737
P0351,2025-04-01,0.6021762252092362,0.4314962125160255,0.1686709087749943
P0351,2025-05-01,0.2366800334215164,0.1501248598722971,-0.1726510709863156
P0351,2025-06-01,0.1699550290703773,0.1305496789013623,-0.1767173742473125
P0351,2025-07-01,0.1412865499019623,0.1135928312240876,-0.1598536516487598
P0351,2025-08-01,0.144648210465908,0.1151523248231133,-0.1547920939862728
P0351,2025-09-01,0.1436833427906036,0.1102622854003165,-0.1877264390140771
P0351,2025-10-01,0.1919633802056312,0.1274766496482665,-0.2023316570222377
P0351,2025-11-01,0.2060517001271248,0.1289556417843713,-0.1823455055974424
P0351,2025-12-01,0.2819067992925644,0.1788075146139508,-0.0484539021556207
P0352,2025-01-01,0.2313694664597511,0.1491006748819477,-0.12663741746312
P0352,2025-02-01,0.5377744972705841,0.3634649850543368,0.1429758940595202
P0352,2025-03-01,0.760478990316391,0.6645615589664686,0.3754760277774185
P0352,2025-04-01,0.8023167356014251,0.695355523724573,0.4317715058742091
P0352,2025-05-01,0.4572242121219635,0.2934755324123881,0.0959826451370143
P0352,2025-06-01,0.2219948223471641,0.1481394937340235,-0.1008684321395121
P0352,2025-07-01,0.140129145848751,0.1147727235053912,-0.1173921389222145
P0352,2025-08-01,0.1332364121675491,0.106494922731657,-0.1231365651190281
P0352,2025-09-01,0.1244132042050361,0.0916826841523512,-0.1770581758260727
P0352,2025-10-01,0.1266654521226883,0.0723855748566283,-0.2235611722528934
P0352,2025-11-01,0.1444629034876823,0.0830632671038743,-0.1988208068042993
P0352,2025-12-01,0.210208158481121,0.1212121170054064,-0.1698518038146197
P0353,2025-01-01,0.5354141809940338,0.3843877803501161,0.0617500282939523
P0353,2025-02-01,0.7707685665607452,0.5970917759903768,0.3511214810729027
P0353,2025-03-01,0.7485966963291169,0.6271205876895095,0.3818837579473853
P0353,2025-04-01,0.7283881091218072,0.6493402943310042,0.3890072033856457
P0353,2025-05-01,0.5190920299053192,0.3485776593966561,0.1002722931093769
P0353,2025-06-01,0.264663805437088,0.1905497263699573,-0.0932588984609581
P0353,2025-07-01,0.2208623867034912,0.1735682651080148,-0.0920573176430538
P0353,2025-08-01,0.2144638059616088,0.1680922900212397,-0.093444854154624
P0353,2025-09-01,0.2096382167577743,0.1507759545890079,-0.1558509610863402
P0353,2025-10-01,0.2279968129634857,0.1298727367230563,-0.2327295508820563
P0353,2025-11-01,0.2799740949273109,0.1461609958943618,-0.2182080887928605
P0353,2025-12-01,0.4086058944106102,0.2365645217136477,-0.0883047935792943
P0354,2025-01-01,0.4374229351282119,0.2665610739266056,-0.0333818649745895
P0354,2025-02-01,0.8111145761966705,0.6158521778547511,0.3495324072539806
P0354,2025-03-01,0.8195196300983429,0.7330563133740151,0.4360001581192017
P0354,2025-04-01,0.6381260523319244,0.4419669959749263,0.1750127589255571
P0354,2025-05-01,0.283777611207962,0.1620108083842992,-0.1350707862565293
P0354,2025-06-01,0.2282218205928802,0.1513308122216264,-0.1623541432201862
P0354,2025-07-01,0.1626757365465164,0.1321193319672892,-0.1481036381244659
P0354,2025-08-01,0.1539070086479187,0.1252404133469165,-0.1453687252402305
P0354,2025-09-01,0.1393833665013313,0.1038728060687175,-0.1996763536691665
P0354,2025-10-01,0.1757733476996421,0.1123256601032486,-0.2270081261515617
P0354,2025-11-01,0.1792372005939483,0.1069019732277428,-0.2196696691870689
P0354,2025-12-01,0.225430856847763,0.1059799289135402,-0.2147181264661252
P0355,2025-01-01,0.4747466962814331,0.2653109804991639,-0.1217796668291091
P0355,2025-02-01,0.849117219543457,0.5802607508403669,0.3652941893428564
P0355,2025-03-01,0.8668962504386902,0.7295192582109836,0.5004596911787986
P0355,2025-04-01,0.8802153435707092,0.7716797947335476,0.5462688648223877
P0355,2025-05-01,0.55087804646492,0.3419460938196063,0.1706441253011522
P0355,2025-06-01,0.2278392463445663,0.1525642017624538,-0.0728442570851417
P0355,2025-07-01,0.1621000615835189,0.1321516175572613,-0.1055813860297203
P0355,2025-08-01,0.1636434672236442,0.1334817993135743,-0.1080564627578482
P0355,2025-09-01,0.1482243405461311,0.1032013938436537,-0.1989114378333091
P0355,2025-10-01,0.1964245075941086,0.0640575799854335,-0.3945268265008926
P0355,2025-11-01,0.2330158234119415,0.0726043999149165,-0.3841457864522934
P0355,2025-12-01,0.229644940829277,0.0692475585362024,-0.4035813605189323
P0356,2025-01-01,0.2756785140752792,0.164074413709447,-0.1623192482534796
P0356,2025-02-01,0.5815384398937226,0.3676285033236265,0.1382143208891153
P0356,2025-03-01,0.7602098289489746,0.6464154960712374,0.3689432525873184
P0356,2025-04-01,0.6932690448847859,0.5162410775326454,0.2961678416864109
P0356,2025-05-01,0.3028609876155853,0.1713059709305217,-0.0989984005085192
P0356,2025-06-01,0.1946775929331779,0.1372891442546474,-0.1646014471918344
P0356,2025-07-01,0.1710580528497696,0.1298610487556879,-0.152887606203556
P0356,2025-08-01,0.1755394163131713,0.1301033026167152,-0.15456294683218
P0356,2025-09-01,0.1615416151881218,0.1096178690727252,-0.2088505180120468
P0356,2025-10-01,0.1519659477710724,0.0626619219635159,-0.2609449308753013
P0356,2025-11-01,0.1821204805850982,0.0905900273406866,-0.2420856831640005
P0356,2025-12-01,0.1937847435355186,0.0952872418373124,-0.225693444224447
P0357,2025-01-01,0.4311691135883331,0.2563706132099557,-0.0770702177327126
P0357,2025-02-01,0.7685764223098754,0.5414047765983784,0.3037101971419993
P0357,2025-03-01,0.7245469880580903,0.7125295567540176,0.3990651865959167
P0357,2025-04-01,0.7856221499681473,0.5710610205531782,0.3890181975573301
P0357,2025-05-01,0.47791837413311,0.2784862706075784,0.0671181405607843
P0357,2025-06-01,0.2540939691781997,0.1720648549357876,-0.1089600324227241
P0357,2025-07-01,0.1998630089044571,0.1484815225715945,-0.1254424436837434
P0357,2025-08-01,0.1870372076511383,0.1423683880947475,-0.1181684904211666
P0357,2025-09-01,0.1847093787789344,0.1289632103378165,-0.1793665142346173
P0357,2025-10-01,0.2011981811523437,0.1136520980571333,-0.2417056796763092
P0357,2025-11-01,0.2313199939012527,0.1139737912451295,-0.2293524027429521
P0357,2025-12-01,0.2710417963504791,0.1366479262910473,-0.2150777418509125
P0358,2025-01-01,0.1782288025379181,0.085747483747494,-0.2362989540994167
P0358,2025-02-01,0.3318366719722748,0.168579244445394,-0.0687405780426958
P0358,2025-03-01,0.5430785072803497,0.3645382319633017,0.1229330114592332
P0358,2025-04-01,0.4724295528888702,0.3147115258670296,0.0735661633134936
P0358,2025-05-01,0.2010836537718772,0.1065507271847338,-0.1591059854935854
P0358,2025-06-01,0.1484995643734931,0.0860544859042482,-0.2240691299140453
P0358,2025-07-01,0.1307785773158073,0.0803485239610625,-0.2259092970609665
P0358,2025-08-01,0.1254103204250335,0.0756851116156612,-0.2191354907751083
P0358,2025-09-01,0.1291278002262115,0.0734865375997051,-0.250010997903347
P0358,2025-10-01,0.1360446159303188,0.0726607567109125,-0.2344089159578085
P0358,2025-11-01,0.1717282927274704,0.0707648641310564,-0.2736153049133718
P0358,2025-12-01,0.1711564638853073,0.0725078723841687,-0.2735054076582193
P0359,2025-01-01,0.354150694656372,0.157345067430311,-0.2195506595730781
P0359,2025-02-01,0.7273831065654754,0.4064095813884957,0.1821581515452824
P0359,2025-03-01,0.7914630632400512,0.6605898425422094,0.4084523468732834
P0359,2025-04-01,0.8808078598022461,0.7225252067291712,0.4966864174365997
P0359,2025-05-01,0.471039062333107,0.2863462624202352,0.1208518824294209
P0359,2025-06-01,0.1738114242553711,0.122416014474201,-0.1053959058042615
P0359,2025-07-01,0.1378551160931587,0.1121435053295651,-0.09099304808788
P0359,2025-08-01,0.1383644096970558,0.1099154387870933,-0.0858748434911482
P0359,2025-09-01,0.1491027721881866,0.0820700113837979,-0.2562610274672508
P0359,2025-10-01,0.1885784449577331,0.0732445817539289,-0.3341337810754776
P0359,2025-11-01,0.2186825999498367,0.0718724739635694,-0.3330375810742378
P0359,2025-12-01,0.2592153395175934,0.0819373194753217,-0.3327535624742508
P0360,2025-01-01,0.4849930476427078,0.28185236644297823,-0.02817059327224264
P0360,2025-02-01,0.6229600177764892,0.379076995391569,0.1365264209875837
P0360,2025-03-01,0.6137282352924347,0.4775571078498692,0.2431757510970579
P0360,2025-04-01,0.7050700894355774,0.5236134613405204,0.271901823285222
P0360,2025-05-01,0.7037876870632171,0.5340936699461498,0.2507925100155175
P0360,2025-06-01,0.3764603627681732,0.2717272118839581,0.0423961441764608
P0360,2025-07-01,0.215958728647232,0.1498716660012484,-0.1003236932734609
P0360,2025-08-01,0.1711300363540649,0.1210349951608389,-0.1518546085476875
P0360,2025-09-01,0.1672484095335006,0.0986108438962535,-0.2361316440105438
P0360,2025-10-01,0.1829877245008945,0.0766494166709872,-0.3272550065159798
P0360,2025-11-01,0.2178044007062912,0.0820603323119808,-0.3225328317046165
P0360,2025-12-01,0.2297531072854995,0.0813803992782559,-0.33944925833866
P0361,2025-01-01,0.7011462440013886,0.4971506205205206,0.2512740604542195
P0361,2025-02-01,0.8125158923625946,0.6785963022493557,0.4301279758524615
P0361,2025-03-01,0.5827674451828003,0.4504176618205451,0.2024826808847487
P0361,2025-04-01,0.4778166237354279,0.3032806511432819,0.0375358234010636
P0361,2025-05-01,0.2937454342603683,0.1726432711237326,-0.1306763836741447
P0361,2025-06-01,0.2621839166879653,0.1618558595568415,-0.1569694679021835
P0361,2025-07-01,0.2268922854661941,0.1449729509363122,-0.177946064221859
P0361,2025-08-01,0.2257215885400772,0.1439506903857641,-0.1697141040802001
P0361,2025-09-01,0.2392116279840469,0.1399251188818398,-0.1848469761013984
P0361,2025-10-01,0.3338981774568558,0.1982805962879431,-0.117726439532265
P0361,2025-11-01,0.3396656334638596,0.1662903531720692,-0.1334804967438802
P0361,2025-12-01,0.5355691967010499,0.255769280485464,0.0631753312134649
P0362,2025-01-01,0.4362310250282287,0.2688274240845089,-0.1088417679927777
P0362,2025-02-01,0.6406450350522995,0.4561272188089354,0.1294713940665126
P0362,2025-03-01,0.5777205059301671,0.4599225296371961,0.1925472714709938
P0362,2025-04-01,0.6285989607810974,0.4532215056184995,0.1761453305426519
P0362,2025-05-01,0.554446597146988,0.3893035303522605,0.1336867097283713
P0362,2025-06-01,0.3628168885707855,0.2643790349839078,0.0113277175792492
P0362,2025-07-01,0.2590378613948822,0.1769938858549112,-0.1038251115739345
P0362,2025-08-01,0.1863780367016792,0.1278826385620654,-0.1754186931252479
P0362,2025-09-01,0.177246513056755,0.1104353856608587,-0.217699348115921
P0362,2025-10-01,0.2318499417364597,0.1061356889943592,-0.336125186252594
P0362,2025-11-01,0.2647181852817535,0.1144855823385448,-0.285979235945642
P0362,2025-12-01,0.3038193311214447,0.1245753552234305,-0.2749981473610736
P0363,2025-01-01,0.3256127219438552,0.1952841154636324,-0.1587988305868115
P0363,2025-02-01,0.4242101151704788,0.3534712679662996,0.0599531273071654
P0363,2025-03-01,0.6906640973091126,0.5593951678348821,0.3001878274679184
P0363,2025-04-01,0.8788148464546317,0.7670651122527629,0.4473035754192443
P0363,2025-05-01,0.6073689422607422,0.4359107151921979,0.216561007586484
P0363,2025-06-01,0.2592513706445694,0.1700492570814666,-0.0943600349329877
P0363,2025-07-01,0.1852498844623565,0.1368436862910915,-0.1125119009435176
P0363,2025-08-01,0.1453041136741638,0.1014177894246378,-0.1868765355765819
P0363,2025-09-01,0.1481610161066055,0.0937262804724771,-0.2405087622404098
P0363,2025-10-01,0.1685169180750846,0.0958463424286508,-0.2556556544303894
P0363,2025-11-01,0.2640523777008056,0.1515322948516979,-0.1880327645598928
P0363,2025-12-01,0.3344164138555526,0.1793352994132772,-0.1441415298545733
P0364,2025-01-01,0.368952538728714,0.2096259683396927,-0.0828422991286497
P0364,2025-02-01,0.8286435470581055,0.6348623438519188,0.3720400480031967
P0364,2025-03-01,0.9084432207107545,0.8371205851287207,0.5113122959613801
P0364,2025-04-01,0.7762428006172181,0.5793907759191328,0.3533339336156845
P0364,2025-05-01,0.3000227912068367,0.1648487161250733,-0.1045396877125836
P0364,2025-06-01,0.1785354468107223,0.1157068707561995,-0.1879947936177253
P0364,2025-07-01,0.1444471964478492,0.1075655941070985,-0.1765425186634063
P0364,2025-08-01,0.1417531249761581,0.1031156072535041,-0.1658776868462562
P0364,2025-09-01,0.1335094737172126,0.0864365316309941,-0.2217718001365661
P0364,2025-10-01,0.1577358147978782,0.0578831525278491,-0.2507177848100662
P0364,2025-11-01,0.1658507234811783,0.0648846917655779,-0.2843592301368713
P0364,2025-12-01,0.1663565681219101,0.0659262614424172,-0.2856828434944153
P0365,2025-01-01,0.3434437220811844,0.1899858717861576,-0.1650579360006842
P0365,2025-02-01,0.6922545380592346,0.4696680116397234,0.2107720089379698
P0365,2025-03-01,0.777995000743866,0.6380640908794503,0.4102055483460426
P0365,2025-04-01,0.8802428645133972,0.7230712841344186,0.5341385147571563
P0365,2025-05-01,0.6778484817504883,0.458775216050058,0.2971021269204328
P0365,2025-06-01,0.2672749163389206,0.1693939949306174,-0.0799101901121903
P0365,2025-07-01,0.2019133817195892,0.1414929081848616,-0.1137605045672506
P0365,2025-08-01,0.168663055896759,0.1295963932142312,-0.1215731343504041
P0365,2025-09-01,0.1718924799680709,0.1133712796040267,-0.221980879900977
P0365,2025-10-01,0.2090142519950866,0.1034405364611001,-0.2896456643775105
P0365,2025-11-01,0.2244102822303772,0.1161747573871295,-0.2547427566498518
P0365,2025-12-01,0.2393557674884796,0.1197835400719722,-0.2488280367752537
P0366,2025-01-01,0.4327388359308243,0.2039005419922859,-0.2086851465238258
P0366,2025-02-01,0.849278513097763,0.5982425376712914,0.3389301325917244
P0366,2025-03-01,0.8481998327732087,0.728145067967707,0.5081256786108017
P0366,2025-04-01,0.8642717218875885,0.7159299454527068,0.5312788489580155
P0366,2025-05-01,0.4226347036123276,0.245774628756034,0.1113119492843826
P0366,2025-06-01,0.1935675371408462,0.1307370699175688,-0.063031007870147
P0366,2025-07-01,0.1482938452005386,0.1263409880491736,-0.0619591493464075
P0366,2025-08-01,0.1535653269052505,0.1148003810777743,-0.106050145809073
P0366,2025-09-01,0.1879951690196991,0.0787042856988794,-0.3573009953081608
P0366,2025-10-01,0.2114584019213914,0.0652966192935893,-0.4200432373702526
P0366,2025-11-01,0.2428192639231682,0.0774414662065003,-0.3803281235657632
P0366,2025-12-01,0.2863782633543014,0.1057876638847526,-0.3214136363366618
P0367,2025-01-01,0.2568031423389911,0.1473625807642494,-0.1723349760010838
P0367,2025-02-01,0.5434932433366776,0.3538873570717007,0.0863360272884601
P0367,2025-03-01,0.7105540419101715,0.6218788132497796,0.3181699813317507
P0367,2025-04-01,0.7000755408883095,0.5481821566743182,0.2894129016296472
P0367,2025-05-01,0.3737651701927185,0.219799037533083,-0.0210184492517286
P0367,2025-06-01,0.1596658329963684,0.1178995188395179,-0.1478926846504211
P0367,2025-07-01,0.1344602503895759,0.102867887026841,-0.1519458075523376
P0367,2025-08-01,0.1301577028930187,0.1012388705063236,-0.1449642887949943
P0367,2025-09-01,0.1268298304915428,0.0939671637839389,-0.1756032618403434
P0367,2025-10-01,0.138061027008295,0.0795386116269748,-0.2423736323401331
P0367,2025-11-01,0.1552902183771133,0.0844994506830199,-0.2267110588371753
P0367,2025-12-01,0.1718650728464126,0.0912295244396549,-0.2221074924767017
P0368,2025-01-01,0.3222211589097977,0.1687304934733481,-0.2074873338640667
P0368,2025-02-01,0.6130892799377441,0.3873642821465007,0.104594275947567
P0368,2025-03-01,0.7586131679534912,0.6208205191764845,0.3400137942042202
P0368,2025-04-01,0.8222560510158539,0.60338535645103,0.4120994271033509
P0368,2025-05-01,0.5203444347381592,0.3117044339885603,0.0990640558837447
P0368,2025-06-01,0.2132117303371429,0.1446444060479644,-0.1330846631675958
P0368,2025-07-01,0.1675975894451141,0.1228313042180157,-0.1557217400491237
P0368,2025-08-01,0.1646781678557396,0.1175979453637735,-0.1728976180911064
P0368,2025-09-01,0.1703591047525406,0.1047373154577245,-0.2489849350452423
P0368,2025-10-01,0.241711196732521,0.1240043319119588,-0.2799899187378585
P0368,2025-11-01,0.2610696094274521,0.1315303811085732,-0.2554124018490314
P0368,2025-12-01,0.353812952208519,0.1819991436152354,-0.1889125715248286
P0369,2025-01-01,0.2822247070908546,0.1572793758427179,-0.0971991248864214
P0369,2025-02-01,0.4508022058486938,0.2968070887817125,0.0088718874365091
P0369,2025-03-01,0.4898127760887146,0.3957052576536631,0.1284948195813223
P0369,2025-04-01,0.4843072162866592,0.3794366910314391,0.1255372919909656
P0369,2025-05-01,0.3395867512822151,0.2480936296460585,-0.0538733743415912
P0369,2025-06-01,0.4266787839531898,0.3502267967144975,0.0459357068376033
P0369,2025-07-01,0.4038417107820511,0.352951926254818,0.0797148161257151
P0369,2025-08-01,0.2895556460142136,0.2260160771819747,-0.0522244041167199
P0369,2025-09-01,0.2280676566720008,0.1612703780360506,-0.1445107916490174
P0369,2025-10-01,0.1686258854866028,0.1133863026231578,-0.1836989511478692
P0369,2025-11-01,0.1731882925391197,0.1026327471075991,-0.1999700932741165
P0369,2025-12-01,0.2735887071847915,0.1433537449707528,-0.1120493050030432
P0370,2025-01-01,0.5167422558426857,0.3717128039605002,0.08639286171503038
P0370,2025-02-01,0.7374418660640717,0.560056594289647,0.3070392332082176
P0370,2025-03-01,0.7784121864080429,0.6431185595359074,0.4059290487801656
P0370,2025-04-01,0.8048392909049987,0.7267528127343801,0.4435479258410633
P0370,2025-05-01,0.6800451930046082,0.5345785238674278,0.3254523904919624
P0370,2025-06-01,0.2484200275421142,0.1902760182072619,-0.0270720803557196
P0370,2025-07-01,0.1903762289881706,0.1484285449690532,-0.0742403326684376
P0370,2025-08-01,0.1807737733125686,0.1419997435833704,-0.0899965762279927
P0370,2025-09-01,0.1671484904766082,0.1242890217892517,-0.1393410796828568
P0370,2025-10-01,0.1680816726922989,0.0919733621238553,-0.2554419137395918
P0370,2025-11-01,0.209598779964447,0.1064052211384545,-0.2096070417791605
P0370,2025-12-01,0.2424882875323295,0.1239177629377484,-0.2159217382572591
P0371,2025-01-01,0.3869234199523926,0.2158515348382864,-0.1142927161716924
P0371,2025-02-01,0.5984585840225219,0.4098491767639732,0.1825627845618873
P0371,2025-03-01,0.6160323828220368,0.4767645623606431,0.2311986188441515
P0371,2025-04-01,0.5340375263214111,0.3759920532100431,0.1442410278148017
P0371,2025-05-01,0.4331722390413284,0.2731474129433219,0.028226856418245
P0371,2025-06-01,0.3842687120914459,0.2974389022035959,0.0137896422583609
P0371,2025-07-01,0.3432108298182487,0.2788635321911837,0.010310075060185
P0371,2025-08-01,0.206560525214672,0.1406886360259258,-0.1601342509131878
P0371,2025-09-01,0.1910140178918838,0.118034692228673,-0.2069190548183396
P0371,2025-10-01,0.2028159697532653,0.1090492307888318,-0.2328012618435546
P0371,2025-11-01,0.2621486037492752,0.1323839942946221,-0.1946440017353743
P0371,2025-12-01,0.3228121471881866,0.1620530280397596,-0.133616019019857
P0372,2025-01-01,0.2014133062124252,0.1335222652292853,-0.162447588048689
P0372,2025-02-01,0.307030323934555,0.2153711903668496,-0.0712201309487223
P0372,2025-03-01,0.6496324928283691,0.5708792795075688,0.2295715944945812
P0372,2025-04-01,0.4848103860139847,0.3471995984347578,0.03277186826393
P0372,2025-05-01,0.2596752501487732,0.165665534363413,-0.1668443574897944
P0372,2025-06-01,0.2056051200509071,0.1478842707949114,-0.1837694488644599
P0372,2025-07-01,0.1435056027770042,0.1152691922975268,-0.1743428769469261
P0372,2025-08-01,0.1364699702978134,0.1064408591335069,-0.1792438593745231
P0372,2025-09-01,0.1242674348831176,0.0968770133437438,-0.1895100532770157
P0372,2025-10-01,0.1242243021965026,0.0899785842179349,-0.2010751823663711
P0372,2025-11-01,0.1447103220582008,0.0902036306925567,-0.2283056622877717
P0372,2025-12-01,0.2022089504957199,0.1199974255341808,-0.147359296439588
P0373,2025-01-01,0.4334517981022082,0.1726686283024002,0.0492107215398171
P0373,2025-02-01,0.7227220407485961,0.479033634474151,0.2700824019551277
P0373,2025-03-01,0.8066112788200378,0.6164189300968321,0.3650442596673965
P0373,2025-04-01,0.7912044668674469,0.5969537186142222,0.3844747987627983
P0373,2025-05-01,0.4741480519533157,0.3197543019832921,0.1130054808203326
P0373,2025-06-01,0.2647889868021011,0.1790204320328906,-0.0997483359344303
P0373,2025-07-01,0.2023800537228584,0.147293036731137,-0.1255605877174064
P0373,2025-08-01,0.1905593220591545,0.1408229583999221,-0.1040232822941616
P0373,2025-09-01,0.1836583302855491,0.1281802108852828,-0.1329215145178139
P0373,2025-10-01,0.1926948951005935,0.1052971817177464,-0.2246766957730054
P0373,2025-11-01,0.2586431760311127,0.1275081015972967,-0.1542568642284255
P0373,2025-12-01,0.2789879506707191,0.1439033231892062,-0.1364205625691625
P0374,2025-01-01,0.406865043258667,0.2973390683137317,-0.0167585021882085
P0374,2025-02-01,0.7576588637113572,0.5921968851971744,0.3256053383380174
P0374,2025-03-01,0.8275210958480835,0.7359667120876535,0.4347646119832992
P0374,2025-04-01,0.8068547590255737,0.6620547626079133,0.4102818045139312
P0374,2025-05-01,0.334865604186058,0.2078185119026983,-0.0304558705551549
P0374,2025-06-01,0.1924384823799133,0.132149008434312,-0.1292207553476095
P0374,2025-07-01,0.1671722298979759,0.1254074222079905,-0.1204358534991741
P0374,2025-08-01,0.154648638677597,0.1262054523283243,-0.1147732669949531
P0374,2025-09-01,0.1499108369708061,0.1165793650909951,-0.1503158847808837
P0374,2025-10-01,0.1858380685687065,0.1192702613936898,-0.1972608500272035
P0374,2025-11-01,0.204038232576847,0.1271918553564527,-0.1732164487719535
P0374,2025-12-01,0.2647270057201386,0.1645142230467211,-0.1373173587891273
P0375,2025-01-01,0.5812998826980591,0.4248496572321399,0.0819663680516753
P0375,2025-02-01,0.8241020105361938,0.6436512967984737,0.4174200909972191
P0375,2025-03-01,0.8200059454917907,0.680429106511568,0.5130086425006389
P0375,2025-04-01,0.9003858012812478,0.7454666661789274,0.5674511528840023
P0375,2025-05-01,0.3728552012443542,0.218702373551056,0.0506905987286717
P0375,2025-06-01,0.2106660975337028,0.1493308491188461,-0.0746291840286226
P0375,2025-07-01,0.1580541190743446,0.1286407565940182,-0.1008081320136785
P0375,2025-08-01,0.1505478314042091,0.1144873876789768,-0.1405344813227653
P0375,2025-09-01,0.1452909411787986,0.1026423346587806,-0.2049875550031662
P0375,2025-10-01,0.1663274331629276,0.0919874218026295,-0.2507281679555774
P0375,2025-11-01,0.1948933015823364,0.1061985264145752,-0.2353868630172684
P0375,2025-12-01,0.2197847875833511,0.146627695115911,-0.0719121692292392
P0376,2025-01-01,0.3228513607025146,0.2306753922499975,-0.0342493208023927
P0376,2025-02-01,0.5968765764713287,0.4518055320153573,0.2283885736942291
P0376,2025-03-01,0.7430824805736542,0.6569325396443645,0.3906853365421295
P0376,2025-04-01,0.6040754003047943,0.4663153111956843,0.232214089166373
P0376,2025-05-01,0.2898005129098892,0.1926564188196655,-0.0707090216027572
P0376,2025-06-01,0.2049941066741943,0.162172547029592,-0.1136129676163196
P0376,2025-07-01,0.1677580790638923,0.1376877327562874,-0.1214162317350506
P0376,2025-08-01,0.1619137787938118,0.1348767079282736,-0.1156133962541818
P0376,2025-09-01,0.1559457838535309,0.1243342546523788,-0.1442490549504756
P0376,2025-10-01,0.2188196830511093,0.1619081042767553,-0.1321543438104912
P0376,2025-11-01,0.1987789438843727,0.1380427763089085,-0.1207841062176972
P0376,2025-12-01,0.2303764381885528,0.1533978969077829,-0.1018040759031195
P0377,2025-01-01,0.5259541363477707,0.3193935099676771,0.0504375522645889
P0377,2025-02-01,0.7240383205413818,0.4910962656721915,0.2710892352020368
P0377,2025-03-01,0.7776925537586212,0.6175046166971028,0.373557183616329
P0377,2025-04-01,0.7821996953964233,0.5734928467868827,0.4324592881798744
P0377,2025-05-01,0.5451122575521469,0.3569051372095125,0.1438495407174341
P0377,2025-06-01,0.2785247863054275,0.2002467535420162,-0.0546988876371644
P0377,2025-07-01,0.2145441795349121,0.161632127004271,-0.0843053869229741
P0377,2025-08-01,0.1950314584851264,0.1444206640705393,-0.1034328115910757
P0377,2025-09-01,0.1757306685328483,0.1158495855965955,-0.1584774643748998
P0377,2025-10-01,0.1730372268080711,0.0686018799409674,-0.303516152690351
P0377,2025-11-01,0.213683683347702,0.0767371967728338,-0.2804637412071228
P0377,2025-12-01,0.2132594222307205,0.0794616436358697,-0.2729025817550718
P0378,2025-01-01,0.2906780288934708,0.164635618014085,-0.1626331063062651
P0378,2025-02-01,0.6486841958045959,0.424375458382382,0.181548008388374
P0378,2025-03-01,0.8480968908309936,0.7480999369081267,0.4674211159706116
P0378,2025-04-01,0.8550964121818543,0.6642560662982432,0.4747591959476471
P0378,2025-05-01,0.6005465635299683,0.4237453093751819,0.2406228877862915
P0378,2025-06-01,0.1669037722706794,0.1221564558246764,-0.1201435264229774
P0378,2025-07-01,0.1337877993226051,0.1025445343415247,-0.1579056097865104
P0378,2025-08-01,0.1342950452446937,0.1038592687158341,-0.1514280093491077
P0378,2025-09-01,0.1325149950385093,0.0952340936273879,-0.2070506053328514
P0378,2025-10-01,0.1791557355046272,0.0962272023339924,-0.2464683285832405
P0378,2025-11-01,0.1922993365883827,0.0970718060238334,-0.2403955219775438
P0378,2025-12-01,0.2082542866826057,0.0996344212542394,-0.2467525924578309
P0379,2025-01-01,0.6603489214897156,0.5010315827295108,0.1771605534620583
P0379,2025-02-01,0.8576920915603637,0.6898934088632698,0.4284636526465415
P0379,2025-03-01,0.7785611403942108,0.6162089112042671,0.3614705969423055
P0379,2025-04-01,0.6287088362216949,0.4021090460581572,0.1719468483725562
P0379,2025-05-01,0.2505684502124786,0.1322366302676085,-0.1613972878828631
P0379,2025-06-01,0.1811000109553337,0.127790120143821,-0.1910938450813293
P0379,2025-07-01,0.1601718013763427,0.1224155255276943,-0.1627129614830017
P0379,2025-08-01,0.1547714677214622,0.119465363637264,-0.1625765388607978
P0379,2025-09-01,0.1454705329179763,0.1052693324341601,-0.1981225418806076
P0379,2025-10-01,0.1496061157464981,0.0920203365238486,-0.2442154794454574
P0379,2025-11-01,0.1632083181619644,0.0928800891053019,-0.2268929650187492
P0379,2025-12-01,0.1720978530049324,0.099078706096083,-0.2192086670428514
P0380,2025-01-01,0.2636605318903923,0.1911677329821457,-0.0780636924889534
P0380,2025-02-01,0.5392696092605591,0.3982951092935582,0.1622253711406258
P0380,2025-03-01,0.6584739162445068,0.5516163105053632,0.2864047282624989
P0380,2025-04-01,0.4823645134925842,0.3665873032574395,0.1171384702512819
P0380,2025-05-01,0.2322079696893692,0.1641596027415927,-0.1052245236232644
P0380,2025-06-01,0.1526594512343406,0.1141044476497088,-0.157979601585865
P0380,2025-07-01,0.1145438941955566,0.0959876398940373,-0.1468521741747856
P0380,2025-08-01,0.1125853437900543,0.092570897193048,-0.1496326135039329
P0380,2025-09-01,0.1048321919679641,0.0840410486384122,-0.1682779947400093
P0380,2025-10-01,0.1168846589684486,0.0873912283568572,-0.170365533876419
P0380,2025-11-01,0.1321595246315002,0.0983880773689072,-0.143269402873516
P0380,2025-12-01,0.1686255482196808,0.1177072215222061,-0.1369133280016481
P0381,2025-01-01,0.4869711050510406,0.2456004348253593,-0.145255798233673
P0381,2025-02-01,0.900787783908844,0.681255620948937,0.4344952299237251
P0381,2025-03-01,0.8751042440414428,0.788706761988857,0.5398925792217255
P0381,2025-04-01,0.89394844789505,0.7600491532361522,0.5688274008274078
P0381,2025-05-01,0.479327426981926,0.2562564363017675,0.1275591953339055
P0381,2025-06-01,0.1970944755077362,0.1324838378376406,-0.0795205730560701
P0381,2025-07-01,0.1507808664441108,0.1294771187662168,-0.0605555600997991
P0381,2025-08-01,0.1714348787665367,0.0913457305926591,-0.2252246194215957
P0381,2025-09-01,0.1606897555589675,0.0794391833056582,-0.2941476680994034
P0381,2025-10-01,0.2063055812597274,0.0563405524116706,-0.4192024442195892
P0381,2025-11-01,0.2277063211560249,0.0632967847836963,-0.3953064450263977
P0381,2025-12-01,0.2265333947658538,0.0687335322802828,-0.3697860727608204
P0382,2025-01-01,0.1729247225999832,0.1081970063892291,-0.1818219686225056
P0382,2025-02-01,0.3060449688911438,0.2105301662727089,-0.0281459636713378
P0382,2025-03-01,0.370893889272213,0.290385108544778,0.0719642228959128
P0382,2025-04-01,0.3462579616308212,0.2746073734387185,0.0421403634613147
P0382,2025-05-01,0.376852300298214,0.2907424561750567,0.0325521114725359
P0382,2025-06-01,0.4137991126775741,0.3808014110036415,0.0711693020874634
P0382,2025-07-01,0.1984974438250064,0.1606756181805302,-0.1148717654205858
P0382,2025-08-01,0.1337107935488224,0.1024577851107737,-0.1498508944392204
P0382,2025-09-01,0.1057461443126201,0.0750961014208268,-0.1758370804071426
P0382,2025-10-01,0.1370517815291881,0.0830173204155738,-0.1997940322756767
P0382,2025-11-01,0.1376984692454338,0.0794577951673271,-0.1800294083952903
P0382,2025-12-01,0.1437680081486702,0.0891830139806009,-0.1769291080653667
P0383,2025-01-01,0.4444194084626302,0.3169665658068881,0.0164108076650807
P0383,2025-02-01,0.7770089213371277,0.5994771109062738,0.3199407508144155
P0383,2025-03-01,0.8129600963592529,0.7890441880974595,0.4467496168375015
P0383,2025-04-01,0.8560629222128127,0.8035948808633163,0.5190532051267163
P0383,2025-05-01,0.8064424242019653,0.6333927968464009,0.3846372433423995
P0383,2025-06-01,0.2962159442901611,0.2086914251659341,-0.0603668852842529
P0383,2025-07-01,0.1981454414606094,0.1461820464915245,-0.1136285306496545
P0383,2025-08-01,0.1529325460433959,0.0969265173657505,-0.2097927689939737
P0383,2025-09-01,0.1516492424845695,0.0876024509078466,-0.2287012944430113
P0383,2025-10-01,0.1917157637119293,0.0890629260309976,-0.2697610259413719
P0383,2025-11-01,0.2501014677047729,0.1168648184433919,-0.2299472138307988
P0383,2025-12-01,0.2822194846153259,0.1325065757168088,-0.2191137267129262
P0384,2025-01-01,0.3981907497167587,0.269292038854962,-0.0762805794227169
P0384,2025-02-01,0.703700710105896,0.5246086456372676,0.2630101809371263
P0384,2025-03-01,0.7592074341297149,0.6905847772206257,0.4043698362350464
P0384,2025-04-01,0.8032636581420899,0.6707028243717509,0.4396368305683136
P0384,2025-05-01,0.6078963703632355,0.4028250503502363,0.1901929507082328
P0384,2025-06-01,0.2594939675092697,0.1765242935358182,-0.1115323230881244
P0384,2025-07-01,0.1969143287658691,0.1504294138667785,-0.1350946835055947
P0384,2025-08-01,0.1910483108997345,0.1475786379869497,-0.1206187146373558
P0384,2025-09-01,0.1876143498778343,0.1315205133288642,-0.2033413915976882
P0384,2025-10-01,0.2304571686029434,0.1258625158379704,-0.251901823144406
P0384,2025-11-01,0.2557470551013946,0.1435326553665535,-0.2196561691325158
P0384,2025-12-01,0.3468704529523849,0.1970341898409066,-0.1512866853382671
P0385,2025-01-01,0.3499659675836563,0.231318634557833,-0.0769732344090062
P0385,2025-02-01,0.6184837453365326,0.5445160849890434,0.2586960400320589
P0385,2025-03-01,0.7982707674980164,0.7203759874175126,0.4171501651465892
P0385,2025-04-01,0.7157013381004333,0.515471333111249,0.3130136935301125
P0385,2025-05-01,0.4095771177768707,0.2535543057256983,0.0233916102994669
P0385,2025-06-01,0.1895724352121353,0.1405837950094501,-0.1518688975453376
P0385,2025-07-01,0.1700263891100883,0.1280739180916768,-0.1490101009368896
P0385,2025-08-01,0.1620557375788688,0.1221197455521982,-0.1468242092609405
P0385,2025-09-01,0.1538506338596344,0.1116474209728149,-0.1743451213240623
P0385,2025-10-01,0.1543890640258789,0.0980671077967397,-0.225937762582302
P0385,2025-11-01,0.1832308218955993,0.1026863242227672,-0.1964385214567184
P0385,2025-12-01,0.1975439640283584,0.112591980243651,-0.142050228627026
P0386,2025-01-01,0.5067934820175171,0.3254803065803059,0.0561173101833555
P0386,2025-02-01,0.7860463172912597,0.5335580458933898,0.33707081387043
P0386,2025-03-01,0.8634330440521241,0.7625758148099998,0.4536616596221924
P0386,2025-04-01,0.8516213192939758,0.788870016197511,0.496914798116684
P0386,2025-05-01,0.737430181646347,0.5562053715235112,0.3538097746491432
P0386,2025-06-01,0.3054584475040436,0.2239424217116884,-0.031138322315365
P0386,2025-07-01,0.2238243418693542,0.1584757944372874,-0.09809978503827
P0386,2025-08-01,0.212903160405159,0.1459311477192822,-0.1059291219964623
P0386,2025-09-01,0.2035688964366913,0.1292858534297389,-0.1371159710913896
P0386,2025-10-01,0.1777881460666656,0.082639522504727,-0.2516747203499079
P0386,2025-11-01,0.2303126386642456,0.0930073045077403,-0.2080196288913488
P0386,2025-12-01,0.2506221922755241,0.1044939972660507,-0.1873663597024977
P0387,2025-01-01,0.4855761840820312,0.3337951844589978,0.0705021643691929
P0387,2025-02-01,0.7134005235671997,0.5597143596726493,0.2814159340603277
P0387,2025-03-01,0.7011455000162125,0.5912075238820229,0.2984125396132469
P0387,2025-04-01,0.6174463802933693,0.4426605213340381,0.1719329218341037
P0387,2025-05-01,0.2692666441202164,0.1658266685792733,-0.1711801184594631
P0387,2025-06-01,0.1760541632950306,0.131882299614266,-0.1860911507725715
P0387,2025-07-01,0.1449975907891988,0.1110215381305298,-0.1759200229048729
P0387,2025-08-01,0.1445628635168075,0.1081299605164237,-0.1816414060235023
P0387,2025-09-01,0.1403590719938278,0.0990520779524711,-0.209977019894123
P0387,2025-10-01,0.2215855727791786,0.1515625578537818,-0.1827567619591951
P0387,2025-11-01,0.2082841253757476,0.1242888733924048,-0.1939804160624742
P0387,2025-12-01,0.2304096151590347,0.1236917781100613,-0.1587101602748967
P0388,2025-01-01,0.3920502966403961,0.2288480136494116,-0.1607108260762877
P0388,2025-02-01,0.7472954327106476,0.4453668100458551,0.2156963684033602
P0388,2025-03-01,0.7727319588661193,0.5901258400176332,0.4011903328239918
P0388,2025-04-01,0.8211314158439637,0.6772558605671255,0.4567020090579987
P0388,2025-05-01,0.4472205303192139,0.349379783115966,0.1473535308717517
P0388,2025-06-01,0.2413476593017578,0.1676330915319141,-0.0378787508714944
P0388,2025-07-01,0.156563492166996,0.1239617828149845,-0.0876688716238364
P0388,2025-08-01,0.1560048012256622,0.1224195066687426,-0.1005305323645472
P0388,2025-09-01,0.1618819554209709,0.0975702007908228,-0.2545663276076317
P0388,2025-10-01,0.1980413278579711,0.0845147761495016,-0.3325781365573406
P0388,2025-11-01,0.2277619064569473,0.088080803883138,-0.3087364607915282
P0388,2025-12-01,0.2235708041429519,0.073528353340764,-0.2435457183083519
P0389,2025-01-01,0.5864253130674362,0.3765671166643614,0.1263417434498667
P0389,2025-02-01,0.7870982861995697,0.6032504446653887,0.3397834855210036
P0389,2025-03-01,0.7571681277275085,0.6569700584429892,0.3976238910257816
P0389,2025-04-01,0.8095918121337891,0.6133234700864039,0.402865042524226
P0389,2025-05-01,0.2938372819662094,0.1613079345625268,-0.1533350428848061
P0389,2025-06-01,0.1778027705907821,0.1264242133371159,-0.1696763917803764
P0389,2025-07-01,0.1446751318335533,0.1045191894275464,-0.1757337441205978
P0389,2025-08-01,0.1482421694517135,0.1066136373849005,-0.167168589925766
P0389,2025-09-01,0.146498270201683,0.0975710372080404,-0.2020719088077545
P0389,2025-10-01,0.1671175541400909,0.1042981190384841,-0.2197319567680359
P0389,2025-11-01,0.1621203839540481,0.0783928962606204,-0.2434333027601242
P0389,2025-12-01,0.1671001057982444,0.0755916892601345,-0.2064687047839164
P0390,2025-01-01,0.3504640411138534,0.2111665099979195,-0.095437853037985
P0390,2025-02-01,0.6762659412860871,0.4493502046992647,0.213008650160511
P0390,2025-03-01,0.7717635943412781,0.6907738179134955,0.3998437747359276
P0390,2025-04-01,0.8282308515548706,0.6792952207953263,0.4456494702339172
P0390,2025-05-01,0.5967032571315766,0.390777818046839,0.2105025910274125
P0390,2025-06-01,0.2282025768280029,0.1522132498338313,-0.088017555473838
P0390,2025-07-01,0.1789716471910476,0.1287576269483418,-0.0899813581436872
P0390,2025-08-01,0.1621050333619117,0.1255716837315277,-0.0927562253117561
P0390,2025-09-01,0.1612217202425003,0.1076571646390179,-0.1771091302394866
P0390,2025-10-01,0.1642847573876381,0.0913105655909373,-0.2215404695510864
P0390,2025-11-01,0.1815000678420066,0.0949268138241872,-0.2148933335661888
P0390,2025-12-01,0.2320870565414428,0.1243034697737412,-0.2023071972608566
P0391,2025-01-01,0.4573545988321304,0.2562403029879691,-0.1442080459216344
P0391,2025-02-01,0.7155300826311112,0.4811645327294876,0.2194209208384156
P0391,2025-03-01,0.7669858273983001,0.6245650163324824,0.3541558199300896
P0391,2025-04-01,0.8321162067974607,0.725534698259763,0.4594387012184597
P0391,2025-05-01,0.5273016520500183,0.4213062304972231,0.1676196417910047
P0391,2025-06-01,0.264800351023674,0.1868543194861179,-0.0617699708884581
P0391,2025-07-01,0.201127596783638,0.1518375021750472,-0.1078191898420453
P0391,2025-08-01,0.202868730354309,0.1528250254623861,-0.11383734292984
P0391,2025-09-01,0.1847104841947555,0.1120382572010841,-0.2415326325178146
P0391,2025-10-01,0.1900676498889923,0.0792658999430246,-0.3425797978162765
P0391,2025-11-01,0.2415110371828079,0.0938228309601646,-0.331255248761177
P0391,2025-12-01,0.2428813761949539,0.0963863386896252,-0.3244992570400238
P0392,2025-01-01,0.4805988602399826,0.2427542503960901,-0.124570305430796
P0392,2025-02-01,0.7960549101829529,0.5670851576568211,0.32855432966277
P0392,2025-03-01,0.8717328953742981,0.6895458797866042,0.4499834238767624
P0392,2025-04-01,0.7402508761882782,0.5229052279598747,0.3281454974293709
P0392,2025-05-01,0.3640472269296646,0.2277362979678414,-0.0355455505001125
P0392,2025-06-01,0.2336858952522277,0.1539241423319563,-0.1556549383025616
P0392,2025-07-01,0.1857346022009849,0.1285054442296061,-0.182081149943918
P0392,2025-08-01,0.1656589222073555,0.1127711742219678,-0.1942655414581298
P0392,2025-09-01,0.1620613485097885,0.1005067718090777,-0.2502137134879827
P0392,2025-10-01,0.179735956120491,0.077920258665174,-0.3351826469898223
P0392,2025-11-01,0.2147591934204101,0.0815817367621521,-0.3175889560997486
P0392,2025-12-01,0.266312122797966,0.0963812644896996,-0.2944268113106489
P0393,2025-01-01,0.5882038094997406,0.4516730739449387,0.134847649987787
P0393,2025-02-01,0.6936030856847764,0.5607652366387033,0.2947721472159028
P0393,2025-03-01,0.6212712315559388,0.4818075826031031,0.2520989494192414
P0393,2025-04-01,0.5193199605464935,0.3772354170412036,0.127759964966316
P0393,2025-05-01,0.2249341016173362,0.1549690475186757,-0.1598969129174947
P0393,2025-06-01,0.2195562022328376,0.1618948279598146,-0.1564304636791348
P0393,2025-07-01,0.1588537459254264,0.12771549107738,-0.1604775774955749
P0393,2025-08-01,0.1589129245996475,0.1237779578060943,-0.1633645951807499
P0393,2025-09-01,0.1586462881088257,0.1163924494692874,-0.1864906650185585
P0393,2025-10-01,0.2439730930328369,0.1740123818781984,-0.1541010255007073
P0393,2025-11-01,0.2501579793334007,0.1747453029727582,-0.1376858694471419
P0393,2025-12-01,0.4065121035099029,0.2877951609813287,-0.0077120828430013
P0394,2025-01-01,0.3318982882738113,0.2320573769781426,-0.0717131215942092
P0394,2025-02-01,0.5266617916345596,0.3400149622418205,0.0599907716783694
P0394,2025-03-01,0.6161590670585633,0.5071087777442973,0.1892318922258913
P0394,2025-04-01,0.5410588436603546,0.4090962023929017,0.1079372168110218
P0394,2025-05-01,0.2665520432829857,0.1793626342024528,-0.1154829652555286
P0394,2025-06-01,0.2122933971047401,0.1616690852962664,-0.1331002542376518
P0394,2025-07-01,0.1893255131244659,0.1499003219570956,-0.1355606014385819
P0394,2025-08-01,0.2031614441514015,0.1553274104724323,-0.1287782863467
P0394,2025-09-01,0.2025682582020759,0.143919368511279,-0.1665041704464703
P0394,2025-10-01,0.2212571352958679,0.1444994044757352,-0.1663711181301623
P0394,2025-11-01,0.2515820075154305,0.1498722302468749,-0.1480076910505071
P0394,2025-12-01,0.3009652652263641,0.1708859260693592,-0.1158732619389426
P0395,2025-01-01,0.3253805371250957,0.2013699302303572,-0.0724652755557559
P0395,2025-02-01,0.6255314886331558,0.4650256870604958,0.1948677076425403
P0395,2025-03-01,0.7494639508485794,0.6809955055539454,0.3731113412439823
P0395,2025-04-01,0.6108090065836906,0.4555993588234418,0.1941865727651864
P0395,2025-05-01,0.2436900260806083,0.1498206058852177,-0.1565388301350176
P0395,2025-06-01,0.170406968152523,0.1251813887411804,-0.1787042712377384
P0395,2025-07-01,0.1403174468338489,0.1140956942550031,-0.1646242679260671
P0395,2025-08-01,0.1439061211466789,0.1139468458836522,-0.1651811633408069
P0395,2025-09-01,0.1359173713982105,0.1045528040778772,-0.1885305168635444
P0395,2025-10-01,0.1457731959819793,0.1036263486727128,-0.199895925139077
P0395,2025-11-01,0.1675608888804912,0.1041044109224959,-0.1949541890449821
P0395,2025-12-01,0.1931275523584336,0.1018764831680751,-0.1834894928246736
P0396,2025-01-01,0.2674489913463592,0.1879330179830295,-0.0954688200646662
P0396,2025-02-01,0.645617265367508,0.4601607530079856,0.1973552074447274
P0396,2025-03-01,0.8234641491889954,0.7198194823764748,0.4063471311569214
P0396,2025-04-01,0.7272819179534912,0.5166267251869628,0.2723686826683778
P0396,2025-05-01,0.4276015198469162,0.2521451665605423,0.009206297410943
P0396,2025-06-01,0.209984278678894,0.1458105088908634,-0.1071386516720056
P0396,2025-07-01,0.132596913421154,0.1117671335605854,-0.1187859200596809
P0396,2025-08-01,0.1320648209571838,0.1105415526637812,-0.1127115456044673
P0396,2025-09-01,0.1260597792267799,0.0978337007572135,-0.1655706509470939
P0396,2025-10-01,0.1235792425394058,0.0818889680961005,-0.2105947357416153
P0396,2025-11-01,0.1441342815637588,0.0882273055430389,-0.2017999966986477
P0396,2025-12-01,0.207838593173027,0.125586356139605,-0.154188843640685
P0397,2025-01-01,0.5897321839332581,0.46870441403827,0.0490370471000327
P0397,2025-02-01,0.911707832813263,0.7803356101684282,0.479640864443779
P0397,2025-03-01,0.7811182725906372,0.6126475158233762,0.4933955735683441
P0397,2025-04-01,0.8919458080291748,0.7695333159528817,0.5589009469270706
P0397,2025-05-01,0.5512417539596558,0.3338108436703178,0.1807799760978669
P0397,2025-06-01,0.2118244102239608,0.1441205984912404,-0.074885365641443
P0397,2025-07-01,0.1722914669752121,0.1389326656003215,-0.071906651739031
P0397,2025-08-01,0.1676173483133316,0.1430067717617562,-0.0695052681883331
P0397,2025-09-01,0.1541277290344238,0.1018536976714032,-0.237023017501831
P0397,2025-10-01,0.1831911136865615,0.0906125762570111,-0.3234298044681549
P0397,2025-11-01,0.2059509082317352,0.1009391930549849,-0.2913213819056749
P0397,2025-12-01,0.2412875966548919,0.1002232935108342,-0.3002735977344214
P0398,2025-01-01,0.6375846078753471,0.4864382049991803,0.2441266657549888
P0398,2025-02-01,0.7479784410119057,0.5790704213494349,0.3599688266381621
P0398,2025-03-01,0.7022161491036415,0.5886663918910969,0.3591085434138775
P0398,2025-04-01,0.6164682784438134,0.4235745423219635,0.2140837684846483
P0398,2025-05-01,0.2070083236277103,0.1406511886097148,-0.1562414496988058
P0398,2025-06-01,0.1622556136131286,0.1251557373067167,-0.170677966800332
P0398,2025-07-01,0.138623220449686,0.1149110003073145,-0.1638322553992271
P0398,2025-08-01,0.1360348992347717,0.113248499848274,-0.1613587162256241
P0398,2025-09-01,0.1266640374481678,0.0976815525215058,-0.1999143016725778
P0398,2025-10-01,0.1965461394667625,0.1371321591680539,-0.1866563440203899
P0398,2025-11-01,0.2189165821075439,0.1514624258015374,-0.1647915008092299
P0398,2025-12-01,0.2790162442088127,0.1788017963669923,-0.0914143102056463
P0399,2025-01-01,0.3459338913083076,0.1920422728693667,-0.1485935215840116
P0399,2025-02-01,0.6890293029785156,0.470494387878392,0.2311866417124867
P0399,2025-03-01,0.7974952729225159,0.680944436983708,0.402485304915905
P0399,2025-04-01,0.8138373223304749,0.690459038338401,0.4387672569751739
P0399,2025-05-01,0.4455487026453018,0.2759565861585056,0.0810188946189591
P0399,2025-06-01,0.2069385859310627,0.134633297929484,-0.1377468466162681
P0399,2025-07-01,0.1624118015170097,0.1240321906774683,-0.1318424787580966
P0399,2025-08-01,0.1628004654407501,0.1227671550086732,-0.1322467853307724
P0399,2025-09-01,0.1449514607578516,0.0903857752748344,-0.2538015765190125
P0399,2025-10-01,0.1512342375516891,0.0712076298813299,-0.3127939438343048
P0399,2025-11-01,0.1701225284487009,0.0694548216660818,-0.296768637239933
P0399,2025-12-01,0.1924765726089477,0.079371175975988,-0.3084041944384575
P0400,2025-01-01,0.8035825261116027,0.6578656436118202,0.3603670074068476
P0400,2025-02-01,0.8717707628250122,0.7559443871643661,0.4803127896308899
P0400,2025-03-01,0.7067406033992767,0.5950272930525259,0.3438328510284424
P0400,2025-04-01,0.5634382150173187,0.4319690656219173,0.1720096008570864
P0400,2025-05-01,0.3191888434410095,0.2022020723729907,-0.1183259538792073
P0400,2025-06-01,0.1984160584211349,0.1350744966636526,-0.2045659244090318
P0400,2025-07-01,0.2043463664293289,0.1457624569879771,-0.1808533916354179
P0400,2025-08-01,0.2112557969808578,0.1517038186207623,-0.1765281320989132
P0400,2025-09-01,0.1970542411804199,0.1345641920466432,-0.2075552802562713
P0400,2025-10-01,0.2182247484207153,0.1315660062067211,-0.2332776219539344
P0400,2025-11-01,0.2632465918302536,0.1432981468247556,-0.2314032435812056
P0400,2025-12-01,0.3938014309644699,0.2437488011385808,-0.0992330710314214
P0401,2025-01-01,0.4026155832529068,0.2524767291694821,-0.0525538385003223
P0401,2025-02-01,0.7187954768657684,0.5278019131754441,0.243665930686891
P0401,2025-03-01,0.6642539419651031,0.5580958494541023,0.2588398840248584
P0401,2025-04-01,0.5513390488862991,0.3878820882871608,0.0910886582018807
P0401,2025-05-01,0.2680078947305679,0.1617319357808597,-0.1619885705947876
P0401,2025-06-01,0.1717647437930107,0.1254614077066617,-0.1825319395422935
P0401,2025-07-01,0.1423761454105377,0.1110919183097785,-0.1699713534116745
P0401,2025-08-01,0.1449480367779732,0.112096351903224,-0.1738529269099235
P0401,2025-09-01,0.1418870648860931,0.1061977841831917,-0.2156444516777992
P0401,2025-10-01,0.1812331918239593,0.1198532873056986,-0.2399336478948593
P0401,2025-11-01,0.1952743529319763,0.1127235899161427,-0.2355351735413074
P0401,2025-12-01,0.2291659209370613,0.124511521758181,-0.1826582667693495
P0402,2025-01-01,0.8062146842956543,0.5897203846732211,0.3220360923081636
P0402,2025-02-01,0.9185806733131407,0.8001260498345434,0.5374541184663773
P0402,2025-03-01,0.7937353807449341,0.6547323937531965,0.4702972418308258
P0402,2025-04-01,0.7470026963233948,0.5478489465721323,0.4207903919458389
P0402,2025-05-01,0.3107205707550048,0.1695768726064974,-0.1109597441345453
P0402,2025-06-01,0.2116471416711807,0.1494979380468371,-0.1542553564310073
P0402,2025-07-01,0.1774603538751602,0.1378160429087065,-0.127872687391378
P0402,2025-08-01,0.1774818617105484,0.1405105882005876,-0.1197757918253541
P0402,2025-09-01,0.1706885537862777,0.1260774218252483,-0.1709696288399398
P0402,2025-10-01,0.1598210590064525,0.0747789909287389,-0.2814480797350406
P0402,2025-11-01,0.1741572252869606,0.078006992967279,-0.2589952582094818
P0402,2025-12-01,0.1955135784506798,0.0863961644430501,-0.1141784477311652
P0403,2025-01-01,0.3041406857252121,0.1304598683977358,-0.252614461998269
P0403,2025-02-01,0.5979716026067734,0.3396106338246172,0.0633439204388298
P0403,2025-03-01,0.7592268550395965,0.6461416755675256,0.3754033224552869
P0403,2025-04-01,0.8786730822563171,0.8330465441873536,0.4958802041053772
P0403,2025-05-01,0.7264757667541504,0.5867143092337782,0.3752316443385323
P0403,2025-06-01,0.2470043703317642,0.1680106522160477,-0.0492459480605088
P0403,2025-07-01,0.1511857798933983,0.1141075584030094,-0.1368578351880423
P0403,2025-08-01,0.1503330043673515,0.1048935296686722,-0.1681461659304797
P0403,2025-09-01,0.1590792665600776,0.0900628252015053,-0.2833128925025463
P0403,2025-10-01,0.1900174795031547,0.0772558048823954,-0.3429298381417989
P0403,2025-11-01,0.2208043426990509,0.0818039212453398,-0.3199459193661809
P0403,2025-12-01,0.2317973291873931,0.0765470456273242,-0.2387235349059105
P0404,2025-01-01,0.3613970459461212,0.1776406638820633,-0.1858769539308268
P0404,2025-02-01,0.7564186781406402,0.49137832878761,0.2754537914674729
P0404,2025-03-01,0.8361386202812194,0.6905655233076468,0.4555101391434669
P0404,2025-04-01,0.860361999797821,0.7417469348264639,0.5106344370126724
P0404,2025-05-01,0.4639832788944244,0.2929628036272511,0.1166257882983057
P0404,2025-06-01,0.1994375136375427,0.137105796735897,-0.1024725244553759
P0404,2025-07-01,0.1524707002878189,0.1191751244807294,-0.1097142745882272
P0404,2025-08-01,0.1454876141905784,0.112127653265886,-0.1128438280582427
P0404,2025-09-01,0.145871776163578,0.0829333360070217,-0.2491862393260002
P0404,2025-10-01,0.161674658358097,0.0587721880450646,-0.3416396633148193
P0404,2025-11-01,0.2048200033903122,0.0710823671224297,-0.327332120168209
P0404,2025-12-01,0.2075070595264435,0.0807106045007038,-0.2980172473847866
P0405,2025-01-01,0.4697241323947906,0.3116936282491067,-0.0089791863051243
P0405,2025-02-01,0.7882399253368377,0.6070519467108155,0.3456146654963493
P0405,2025-03-01,0.8289484601974487,0.7314897240272722,0.4236030245065689
P0405,2025-04-01,0.7325725052833557,0.6182315636127381,0.3510592888414859
P0405,2025-05-01,0.3556291173934937,0.2568288630456056,0.0141532874853292
P0405,2025-06-01,0.2016959956884384,0.1471239958932995,-0.1387291534185409
P0405,2025-07-01,0.1577541091322898,0.1263479743104282,-0.1216972332119941
P0405,2025-08-01,0.1575663691401481,0.1234982836917241,-0.1249950472295284
P0405,2025-09-01,0.1537577180027961,0.1146739846536288,-0.1693723829507827
P0405,2025-10-01,0.1721854826331138,0.1037749565771683,-0.2351515092074623
P0405,2025-11-01,0.1827714218139648,0.0953029317930369,-0.2349090952550992
P0405,2025-12-01,0.202740121114254,0.0994110474486819,-0.1825856476947234
P0406,2025-01-01,0.4569588565230369,0.2450136709613296,-0.0240719122922979
P0406,2025-02-01,0.5995114799022675,0.3583802511705427,0.0984681195415556
P0406,2025-03-01,0.6900357100963592,0.5197714670822233,0.2702398486822843
P0406,2025-04-01,0.7130542781829834,0.4879203320703982,0.27881939227283
P0406,2025-05-01,0.5752348669052124,0.3870410029663669,0.1672034793956205
P0406,2025-06-01,0.3604110221624374,0.2344202268097472,-0.0522606627234607
P0406,2025-07-01,0.2654026944160461,0.1764221694502551,-0.1171249840423464
P0406,2025-08-01,0.2440201485276222,0.1596392965425223,-0.1176683952830731
P0406,2025-09-01,0.2321916556119918,0.1369294370651052,-0.1844609410688281
P0406,2025-10-01,0.2297825649738311,0.1319159243123547,-0.2012301217578351
P0406,2025-11-01,0.2918883164882659,0.1455810694885614,-0.1728489604235626
P0406,2025-12-01,0.3285327761054039,0.1658357220655547,-0.1429344756627455
P0407,2025-01-01,0.3489067026019096,0.2135976888051725,-0.1545012795291841
P0407,2025-02-01,0.5992705208301544,0.4641229938170187,0.1995544777981936
P0407,2025-03-01,0.6558559776067734,0.5416757847242181,0.3113107446342706
P0407,2025-04-01,0.8191662789322436,0.7219471842240166,0.4373984351240767
P0407,2025-05-01,0.6045823804795742,0.4950959902458349,0.2455723171742167
P0407,2025-06-01,0.2353829697608948,0.165903129970901,-0.0815669840376052
P0407,2025-07-01,0.1701624845266342,0.1328426223397805,-0.125233688634634
P0407,2025-08-01,0.1657054279148578,0.1232972394042711,-0.1487225473359227
P0407,2025-09-01,0.1628824658930301,0.1053187232004913,-0.2442226601541042
P0407,2025-10-01,0.1858754358291626,0.104033280016591,-0.2474804267019033
P0407,2025-11-01,0.2931282694816589,0.1676318399248787,-0.204942266731197
P0407,2025-12-01,0.315237817120552,0.2035845910050957,-0.1319903024755418
P0408,2025-01-01,0.2953523679256439,0.2028840331436655,-0.0527064035829156
P0408,2025-02-01,0.4238332153320313,0.2882966641620325,0.0628414213029551
P0408,2025-03-01,0.4558515118598938,0.3686599127446351,0.1058446622526286
P0408,2025-04-01,0.3464576250791549,0.2634178689017817,-0.0064400181698612
P0408,2025-05-01,0.2887408938646316,0.2174659595334596,-0.0567151828539557
P0408,2025-06-01,0.2238088607788086,0.1756760774636639,-0.1110910057008266
P0408,2025-07-01,0.1807868483543396,0.1413012512357078,-0.1303235776960849
P0408,2025-08-01,0.1823380834579467,0.1404462866857856,-0.1275010100245475
P0408,2025-09-01,0.1772027274012565,0.133296625063226,-0.138911604494974
P0408,2025-10-01,0.1850819966554641,0.1294959319697169,-0.1458611673187464
P0408,2025-11-01,0.2119132917106151,0.1404501499174134,-0.1223493671044707
P0408,2025-12-01,0.2488812289237976,0.1556286010996956,-0.0825757516667246
P0409,2025-01-01,0.3043108955144882,0.1692790829172504,-0.1635436732295855
P0409,2025-02-01,0.6264367334365845,0.4025962862228582,0.1304754250514786
P0409,2025-03-01,0.6748996552467346,0.5217930280226809,0.2321131660396233
P0409,2025-04-01,0.4717851355075836,0.2975460768290676,0.0001620265572797507
P0409,2025-05-01,0.2498700276374817,0.1424427541782924,-0.1714847465135157
P0409,2025-06-01,0.1849358559131622,0.1252016869437815,-0.1812421506881714
P0409,2025-07-01,0.148546362042427,0.1085704867485605,-0.1777585345268249
P0409,2025-08-01,0.1546084612250328,0.1099875905739793,-0.1857538077831268
P0409,2025-09-01,0.1521367361664772,0.1015555916499024,-0.2258494475364685
P0409,2025-10-01,0.1675921249985694,0.1012803058040801,-0.260600885939598
P0409,2025-11-01,0.17590462038517,0.1016788851953868,-0.2469366995453834
P0409,2025-12-01,0.1996385176897049,0.1044078462018301,-0.2322051198124885
P0410,2025-01-01,0.6314040876507759,0.41600131747254954,0.20137494762644634
P0410,2025-02-01,0.7515818399906159,0.5196610744927032,0.3366889182150364
P0410,2025-03-01,0.7876381172180176,0.6068541975380044,0.3877164374828338
P0410,2025-04-01,0.788373740720749,0.6321626419444366,0.4302767965078354
P0410,2025-05-01,0.6161131814718247,0.447281127180138,0.2418792972892988
P0410,2025-06-01,0.3328774301052093,0.2343410189372636,-0.0167047153349209
P0410,2025-07-01,0.2484730886220932,0.1718403566597045,-0.0831367607171647
P0410,2025-08-01,0.2346390717029571,0.1585994594406697,-0.0931289120979607
P0410,2025-09-01,0.222783419072628,0.141527100473864,-0.1187605179003905
P0410,2025-10-01,0.2242967477798461,0.1166926696405418,-0.1889041130041703
P0410,2025-11-01,0.264066573381424,0.1209491187400653,-0.1591099811464548
P0410,2025-12-01,0.2939754309415817,0.1360753178123091,-0.131872614907287
P0411,2025-01-01,0.3841335032939911,0.2691432156898543,0.0055207947264756
P0411,2025-02-01,0.6354457170724869,0.5024963224142664,0.2318950383029878
P0411,2025-03-01,0.6720677653551101,0.591235450294908,0.310162789952755
P0411,2025-04-01,0.6161396935224533,0.4498037337228154,0.2018851640980108
P0411,2025-05-01,0.2252867705106735,0.1504065355721441,-0.1587619717508554
P0411,2025-06-01,0.164933264362812,0.126572998813178,-0.1835089261591434
P0411,2025-07-01,0.1316180593967438,0.1072862526955798,-0.1686910395503044
P0411,2025-08-01,0.1355041604816913,0.1100031018638144,-0.1628678706049919
P0411,2025-09-01,0.1317448600947857,0.1028202667366963,-0.1861578960895538
P0411,2025-10-01,0.147681551849842,0.1102487269786256,-0.19843863645792
P0411,2025-11-01,0.1616154035985469,0.1157319527085625,-0.1825232415556907
P0411,2025-12-01,0.2059895956635475,0.126350045586005,-0.1504889941997826
P0412,2025-01-01,0.416354074382782,0.2627941487055039,-0.0895576961830258
P0412,2025-02-01,0.7425755398511886,0.5659239945973276,0.2991842161316425
P0412,2025-03-01,0.8213723188877106,0.7011709137095614,0.4608837544411421
P0412,2025-04-01,0.8171639998912811,0.6565244110498264,0.4557263242080808
P0412,2025-05-01,0.5538183359622956,0.3314178223057917,0.1099230036819353
P0412,2025-06-01,0.2350803306341171,0.1581268961449156,-0.1220858168281614
P0412,2025-07-01,0.1768419830918312,0.1383445452533578,-0.1325935980827547
P0412,2025-08-01,0.1674174317479133,0.1290223161320502,-0.1311891965480521
P0412,2025-09-01,0.1655123933672904,0.1193987223985134,-0.1866835622161626
P0412,2025-10-01,0.2432309273719787,0.1461270028114665,-0.2120935273045674
P0412,2025-11-01,0.2841347573041916,0.1575480545863447,-0.1903323628027923
P0412,2025-12-01,0.3294283384561539,0.1892641914402205,-0.143129586709477
P0413,2025-01-01,0.43823655173778536,0.27306002548212915,0.0019943829840863986
P0413,2025-02-01,0.5282996569156647,0.3501398984517222,0.1219535225958563
P0413,2025-03-01,0.6914948212146759,0.5957478962148295,0.3637848268374801
P0413,2025-04-01,0.796888570022583,0.6930144211293929,0.5013823875427246
P0413,2025-05-01,0.6683125190258026,0.5066562051133077,0.3245969533937052
P0413,2025-06-01,0.2848590913534164,0.2149552346649225,-0.0200231368128617
P0413,2025-07-01,0.2108502052783966,0.1586500622770536,-0.0690649690519458
P0413,2025-08-01,0.1942897153258323,0.1431654980522258,-0.0905165776416659
P0413,2025-09-01,0.1549704466342926,0.094417944523009,-0.2139805585384369
P0413,2025-10-01,0.1506919008731842,0.0620887108850914,-0.3050447966337204
P0413,2025-11-01,0.1923855856180191,0.0766686304373923,-0.253220763361454
P0413,2025-12-01,0.1628095964074135,0.0840921384009553,-0.2569240943431854
P0414,2025-01-01,0.3776120274543762,0.232708851083899,-0.0356810553423245
P0414,2025-02-01,0.8249011363983154,0.6871492503164851,0.4013589649733156
P0414,2025-03-01,0.7919289785861969,0.7176696279783896,0.4178104780554771
P0414,2025-04-01,0.7280484941244125,0.5543186346205246,0.3142155054152012
P0414,2025-05-01,0.256465310382843,0.1636287094000807,-0.1358367594609037
P0414,2025-06-01,0.2083136262416839,0.1651485553561884,-0.1290286906506866
P0414,2025-07-01,0.1654930073976516,0.1397063960157808,-0.1226357795910909
P0414,2025-08-01,0.1502512050747871,0.1268826333581526,-0.1300448709432035
P0414,2025-09-01,0.1518594595789909,0.1228233311317723,-0.1597975704729557
P0414,2025-10-01,0.1742725792407989,0.110262505767399,-0.1997727662943303
P0414,2025-11-01,0.1834391112446785,0.1141289466461543,-0.1827064074787311
P0414,2025-12-01,0.2998344290733337,0.1577101830113365,-0.0949004541808739
P0415,2025-01-01,0.3673486270904541,0.1845804551128551,-0.0986614600941538
P0415,2025-02-01,0.6312396426916123,0.4103180583063221,0.2058343252275139
P0415,2025-03-01,0.6007612770795823,0.4476627680144203,0.2196986190982163
P0415,2025-04-01,0.5141337277650833,0.3518759472662695,0.1268471441910602
P0415,2025-05-01,0.3400338050842285,0.1995585742691971,-0.0326093831067904
P0415,2025-06-01,0.2635149815797806,0.1684432411200577,-0.120499641815992
P0415,2025-07-01,0.217550219476223,0.1428426846835501,-0.1452090167276561
P0415,2025-08-01,0.2083582255601883,0.1281942719443838,-0.1614582638613879
P0415,2025-09-01,0.2133952050566673,0.121118693841356,-0.1963984251670539
P0415,2025-10-01,0.274379419529438,0.1332754920032656,-0.1803285629764199
P0415,2025-11-01,0.294669234919548,0.1401769486891865,-0.1627271494666114
P0415,2025-12-01,0.3314190480947494,0.1482889578160079,-0.1594022739974549
P0416,2025-01-01,0.4176026205956936,0.2524964766592446,-0.0041653389111626
P0416,2025-02-01,0.4463302040576934,0.294930740848936,0.0531933307898463
P0416,2025-03-01,0.3997666855692863,0.3169440304655319,0.0611363366645295
P0416,2025-04-01,0.3238130641877651,0.2417719800715825,-0.0091721920366864
P0416,2025-05-01,0.2084291172623634,0.1507443104148515,-0.1021399094009772
P0416,2025-06-01,0.1431202842116355,0.114578597998367,-0.1256575764805078
P0416,2025-07-01,0.1304562377333641,0.1042381217166765,-0.1304422065521939
P0416,2025-08-01,0.1318700116515159,0.1042681032232275,-0.1270891309518367
P0416,2025-09-01,0.1292152859330177,0.0976340836142421,-0.1489016669296194
P0416,2025-10-01,0.1566360445022583,0.1067230500024041,-0.1388742440316826
P0416,2025-11-01,0.1803852090477943,0.1172542087117703,-0.1172341320803389
P0416,2025-12-01,0.1950550043225288,0.1239654785063905,-0.1187048903018178
P0417,2025-01-01,0.4305656116008758,0.2885939149377437,-0.0509203208874911
P0417,2025-02-01,0.6752715153217316,0.4983041781191618,0.2521321163356304
P0417,2025-03-01,0.804395615196228,0.6960512430660604,0.4659547736644744
P0417,2025-04-01,0.6219987831592559,0.48223285080262546,0.2647598101069918
P0417,2025-05-01,0.4396019511222839,0.2684144585391905,0.0635648465495091
P0417,2025-06-01,0.2067791268110275,0.1483134907946922,-0.1350792003810405
P0417,2025-07-01,0.1858552103281021,0.1408523955075018,-0.1237724488258361
P0417,2025-08-01,0.1810548914909363,0.1355879891005189,-0.1309851295351982
P0417,2025-09-01,0.1531480047702789,0.0986677768054167,-0.2347643408298492
P0417,2025-10-01,0.1546865128159523,0.0845407746105807,-0.2804470430135727
P0417,2025-11-01,0.1784935170650482,0.0901251389597833,-0.2543916378974915
P0417,2025-12-01,0.203505788552761,0.0888130972486399,-0.2671821098923683
P0418,2025-01-01,0.2351975208640098,0.1269218347107825,-0.1860923164530191
P0418,2025-02-01,0.5020600555539131,0.3233579444929281,0.0671353311404935
P0418,2025-03-01,0.6590912587404251,0.5426187168419134,0.2803195663344813
P0418,2025-04-01,0.7074644831418991,0.5545442325469476,0.3152865751687437
P0418,2025-05-01,0.3995576576828956,0.2258523607643937,-0.0119760955965146
P0418,2025-06-01,0.2087374472856521,0.1371513725908785,-0.1581684610006399
P0418,2025-07-01,0.1663812985539436,0.1191383234603079,-0.1554548654810525
P0418,2025-08-01,0.1557941231369972,0.1067085612650348,-0.1739904830131679
P0418,2025-09-01,0.1269308481067419,0.081356149588326,-0.2161353737397119
P0418,2025-10-01,0.124758524487802,0.0581249539918607,-0.2666335376672447
P0418,2025-11-01,0.1478792334616184,0.0707717619970829,-0.2307745596408844
P0418,2025-12-01,0.1930548485398292,0.089923439956957,-0.1391436034252168
P0419,2025-01-01,0.1766920717477798,0.1299684167190164,-0.1479192895054817
P0419,2025-02-01,0.4354881498336792,0.3258562427905082,0.0340978143972461
P0419,2025-03-01,0.829445295715332,0.8144382269481787,0.4239076030254364
P0419,2025-04-01,0.6907255461692811,0.49957362807797,0.2429357942342758
P0419,2025-05-01,0.4555469351291656,0.2507225252214484,-0.0076757585101295
P0419,2025-06-01,0.1727992636680603,0.1321978016550404,-0.1342268143057823
P0419,2025-07-01,0.1344377393364906,0.1113095256103215,-0.1436660682201385
P0419,2025-08-01,0.1375537409305572,0.1137332517228881,-0.136676471543312
P0419,2025-09-01,0.1253416683554649,0.1050264246860217,-0.1622683763980865
P0419,2025-10-01,0.1116927291512489,0.0774967084109856,-0.2234726511478424
P0419,2025-11-01,0.1208069811224937,0.0791018858692264,-0.2060862422943115
P0419,2025-12-01,0.1287547941207885,0.0783938132365625,-0.1971520808219909
P0420,2025-01-01,0.4557688890695572,0.2831615714506313,-0.0698634957058355
P0420,2025-02-01,0.8565291821956634,0.6870164543448521,0.4349896852374076
P0420,2025-03-01,0.8080945090293884,0.6906980785063526,0.4531401996850967
P0420,2025-04-01,0.8215589341640472,0.7072991672459636,0.4739936440110207
P0420,2025-05-01,0.4483530077457427,0.3011744053394252,0.1023516203065402
P0420,2025-06-01,0.207876545548439,0.1444916991889795,-0.0931348334863781
P0420,2025-07-01,0.162448796737194,0.1283798887633113,-0.1036301437184214
P0420,2025-08-01,0.1612266781568527,0.126597471046103,-0.1061184105366468
P0420,2025-09-01,0.1556629836678505,0.1027715799390892,-0.2144741622328758
P0420,2025-10-01,0.1832448013663292,0.0814232572252482,-0.3320257403373718
P0420,2025-11-01,0.2466874787807464,0.0965956047681369,-0.310582858864963
P0420,2025-12-01,0.2884140083789825,0.1290024944725854,-0.1165982553305435
P0421,2025-01-01,0.3000649141788483,0.1772937390250414,-0.0547381542804301
P0421,2025-02-01,0.8093404469490051,0.6760189677240005,0.3905574448823928
P0421,2025-03-01,0.8147569601535797,0.7708418843501578,0.4339327193498611
P0421,2025-04-01,0.6996659699440002,0.5404336938451625,0.272073998657614
P0421,2025-05-01,0.1918652991175651,0.115062127352874,-0.1744204282674938
P0421,2025-06-01,0.1612329272747039,0.1134147616634785,-0.1884332818202674
P0421,2025-07-01,0.1291438508868217,0.1102648419819607,-0.1340937305182218
P0421,2025-08-01,0.1291201347708702,0.1099928040246124,-0.120059337234497
P0421,2025-09-01,0.1154753723859787,0.0895922451864809,-0.1562099290609359
P0421,2025-10-01,0.1321298792719841,0.0882410911327438,-0.179872111107409
P0421,2025-11-01,0.1399559627890587,0.0900675470848025,-0.1652676647019572
P0421,2025-12-01,0.2654564517378807,0.1501667027853617,-0.0482567564194789
P0422,2025-01-01,0.5067756264925003,0.3594001506380886,0.0042318337807431
P0422,2025-02-01,0.7875778614759446,0.5884015608958484,0.3362989447548985
P0422,2025-03-01,0.7979300746440887,0.6833690675843885,0.4121842950940132
P0422,2025-04-01,0.6620450803399086,0.5173954834601282,0.2886197284696158
P0422,2025-05-01,0.5261600860357285,0.3514218993358678,0.1650551618452184
P0422,2025-06-01,0.21120407487154,0.1569132568751665,-0.0764125705342739
P0422,2025-07-01,0.1637459663629532,0.1346028637569201,-0.0901292256057262
P0422,2025-08-01,0.1661203498363495,0.1335901968996667,-0.0984882113054394
P0422,2025-09-01,0.1595638014435768,0.1052719772702641,-0.2300579529725015
P0422,2025-10-01,0.1854052873477339,0.0882765895675157,-0.3067544129371643
P0422,2025-11-01,0.2229017203390598,0.0967774353209529,-0.2875165012553334
P0422,2025-12-01,0.2301053392231464,0.1126428695101831,-0.2685541091348976
P0423,2025-01-01,0.5023019922733307,0.3575656343774853,0.0695016006062272
P0423,2025-02-01,0.7180757999420166,0.5731452613586995,0.2893168194830418
P0423,2025-03-01,0.6198523889064789,0.480236882076004,0.2234492057455238
P0423,2025-04-01,0.4627555154323577,0.2908142952282284,0.0302991934678051
P0423,2025-05-01,0.2686546782970428,0.1629403768038227,-0.1457011154498905
P0423,2025-06-01,0.1977225680828094,0.1439487384560875,-0.1647289538741111
P0423,2025-07-01,0.1631099291324615,0.1204227363368984,-0.1824704464793205
P0423,2025-08-01,0.162786942756176,0.1192119586085551,-0.1792192082762718
P0423,2025-09-01,0.1591627120018005,0.1114453591419426,-0.2002909413218498
P0423,2025-10-01,0.218192779970169,0.1452129603157144,-0.1840523113686031
P0423,2025-11-01,0.2402449168443679,0.1597692004990391,-0.1493978665746282
P0423,2025-12-01,0.3323956635951995,0.2070990249150874,-0.0607386076835799
P0424,2025-01-01,0.2598917628526687,0.1769940035324037,-0.1613734429338947
P0424,2025-02-01,0.6627985540866852,0.4883883322976806,0.203903945635911
P0424,2025-03-01,0.7824817205667496,0.7179321024802546,0.4144569361880422
P0424,2025-04-01,0.8110998022317887,0.7009233661892056,0.4193494686514139
P0424,2025-05-01,0.3400199174880981,0.1887709526923165,-0.064544570101002
P0424,2025-06-01,0.1702673679351806,0.1163902456442098,-0.1815230688929557
P0424,2025-07-01,0.1433804751753807,0.1116209117856744,-0.1653869023919105
P0424,2025-08-01,0.1415613963603973,0.1119829013587221,-0.1580253967165946
P0424,2025-09-01,0.1371663690686226,0.1035020067367371,-0.1902799591302871
P0424,2025-10-01,0.1230992625713348,0.0663250200933529,-0.2769910459160805
P0424,2025-11-01,0.1428282907366752,0.0782560348657043,-0.2499140560239553
P0424,2025-12-01,0.1765014469504356,0.0890380528314346,-0.238992330019176
P0425,2025-01-01,0.4547750074863433,0.320862499473888,-0.0449237832451239
P0425,2025-02-01,0.7766896739244461,0.5313191999322193,0.3047977259870618
P0425,2025-03-01,0.7818372265815735,0.6301995908914705,0.4266334722005762
P0425,2025-04-01,0.8400255796909333,0.694712672208826,0.4680764826416969
P0425,2025-05-01,0.6742997203826905,0.4954339950547765,0.2830005817577243
P0425,2025-06-01,0.3838014055967331,0.2748234335983157,0.0289982741174055
P0425,2025-07-01,0.2121257013082504,0.1602940210640134,-0.0962709704814013
P0425,2025-08-01,0.1836632448673248,0.1384644164671972,-0.1146748597502708
P0425,2025-09-01,0.1716442694425582,0.121534457249429,-0.1587797851085662
P0425,2025-10-01,0.2180786790609359,0.0867763605807306,-0.3288166313588619
P0425,2025-11-01,0.2651616359710693,0.104800829662097,-0.2947213372740894
P0425,2025-12-01,0.2581134360909462,0.1217053172513791,-0.2478629178954288
P0426,2025-01-01,0.4128408565402031,0.237507315416283,-0.0492203111503738
P0426,2025-02-01,0.6174317593812942,0.3914018470891263,0.1882318488092161
P0426,2025-03-01,0.6540369180679322,0.5099712919614758,0.2566464597375132
P0426,2025-04-01,0.5460989039897919,0.4129762325995462,0.1754506347493734
P0426,2025-05-01,0.4644994304418564,0.2955281262477887,0.0562559185835998
P0426,2025-06-01,0.2752366156578064,0.1880157607701994,-0.0941322515457781
P0426,2025-07-01,0.2317988098144531,0.165433127822866,-0.1079683064751559
P0426,2025-08-01,0.2301662367224693,0.1574588819846807,-0.1192296599326422
P0426,2025-09-01,0.2369626585245132,0.1520987716932658,-0.1477651469554752
P0426,2025-10-01,0.275633932352066,0.1660905129781676,-0.1536631336579099
P0426,2025-11-01,0.3585556606292724,0.1924106281364894,-0.0839289044951554
P0426,2025-12-01,0.4151390334844589,0.2051451192026848,-0.0083715219236211
P0427,2025-01-01,0.6894379786725314,0.5525048398964374,0.2962651490321699
P0427,2025-02-01,0.9170625981330872,0.7255134585672357,0.5093550657749176
P0427,2025-03-01,0.8629499071121216,0.7894747935063395,0.5068281570911407
P0427,2025-04-01,0.8894920282363892,0.7700647384066412,0.5572520013809205
P0427,2025-05-01,0.6028027010917664,0.4647489160487915,0.2983033085823059
P0427,2025-06-01,0.2389650790452957,0.1704179377602768,-0.0263884868672583
P0427,2025-07-01,0.1788870762825012,0.1401989170367528,-0.080201595996879
P0427,2025-08-01,0.1647168902277946,0.1292150298639656,-0.0848003562598489
P0427,2025-09-01,0.1479713911652565,0.1067258802405313,-0.1434110946573317
P0427,2025-10-01,0.1625175497718155,0.0700812917197401,-0.2543059966444969
P0427,2025-11-01,0.2004855012178421,0.0841743098594823,-0.2273041262559592
P0427,2025-12-01,0.3010516201615333,0.1399966898969056,-0.1414912934075109
P0428,2025-01-01,0.1996244262576103,0.1200679375253586,-0.1650653065606951
P0428,2025-02-01,0.6177423171043396,0.4900307820636487,0.2395766569494037
P0428,2025-03-01,0.7068736196994782,0.6243935517945495,0.4001472861248999
P0428,2025-04-01,0.8169833547592164,0.6926913785652987,0.4839784489870071
P0428,2025-05-01,0.3809384840965271,0.2540625259444413,0.0125321613751351
P0428,2025-06-01,0.1673953195691108,0.1146540808238798,-0.1465965003013611
P0428,2025-07-01,0.1447340493559837,0.1025302132039839,-0.1465991347074508
P0428,2025-08-01,0.1308029477953911,0.0989118813849435,-0.1496942523181438
P0428,2025-09-01,0.123084386742115,0.0888441274235281,-0.1686984906315803
P0428,2025-10-01,0.1508699480652809,0.0841344584397409,-0.2177038258075714
P0428,2025-11-01,0.1660318631887435,0.0907427358564981,-0.2026825847506523
P0428,2025-12-01,0.2009377603888511,0.1105321579207146,-0.187531492046616
P0429,2025-01-01,0.3745808211088181,0.2296231845976684,-0.0399550758765079
P0429,2025-02-01,0.6293207356929779,0.4241730958017433,0.1991730593048036
P0429,2025-03-01,0.7556249252319336,0.6354989400355353,0.3786062334895134
P0429,2025-04-01,0.5734694457530976,0.4110103710240518,0.1830465113298967
P0429,2025-05-01,0.322171592593193,0.1991941657003141,-0.0589648424641229
P0429,2025-06-01,0.2364627873182296,0.1647423987699049,-0.1276530566031113
P0429,2025-07-01,0.1927940753936767,0.1419187362928881,-0.1330905219765845
P0429,2025-08-01,0.1951035034656524,0.1406985044765968,-0.1271469887203536
P0429,2025-09-01,0.1855871268510818,0.1246674490865362,-0.158587891081348
P0429,2025-10-01,0.2411076601505279,0.1434493881116934,-0.1403560347158811
P0429,2025-11-01,0.2596569222211837,0.1485146485554872,-0.1162308178446255
P0429,2025-12-01,0.2828859307169914,0.1629805057006287,-0.1051316297161392
P0430,2025-01-01,0.3159794827461242,0.1885302476762602,-0.1768174076616764
P0430,2025-02-01,0.6918118417739868,0.4736147008416645,0.2042312750252895
P0430,2025-03-01,0.8353547558784485,0.7313590740832414,0.4387385382652283
P0430,2025-04-01,0.8832656039237976,0.7568754062662416,0.514595999097824
P0430,2025-05-01,0.6140453922271728,0.4361900733516368,0.2770285799920559
P0430,2025-06-01,0.2293203543424606,0.1516195007485481,-0.0889060432566911
P0430,2025-07-01,0.1679447581529617,0.1358742464533294,-0.1143679218422621
P0430,2025-08-01,0.1676287029981613,0.1324884112693422,-0.1134738661959767
P0430,2025-09-01,0.1712151001691818,0.123216735799416,-0.2036323068857193
P0430,2025-10-01,0.2642939564466476,0.1529627803835692,-0.2309451266735792
P0430,2025-11-01,0.2520305725336075,0.1447876759608553,-0.2186980067029595
P0430,2025-12-01,0.3005446889877319,0.1644313651382247,-0.1971369019970297
P0431,2025-01-01,0.1718641268253326,0.1227255857885242,-0.1481892698526382
P0431,2025-02-01,0.4345705407142639,0.3294068986356969,0.0290660882869618
P0431,2025-03-01,0.7412765832901,0.7069851884899646,0.3450825592488982
P0431,2025-04-01,0.6227293208360672,0.461662161798408,0.2060957914121449
P0431,2025-05-01,0.3550159419178962,0.207576054936859,-0.0500821038421243
P0431,2025-06-01,0.1534652043461799,0.1233996266503667,-0.153632372701168
P0431,2025-07-01,0.1186018513441085,0.0977799030191512,-0.168378267621994
P0431,2025-08-01,0.1201652348279953,0.0959958276801389,-0.1756692460179328
P0431,2025-09-01,0.1110833615422248,0.0898867578797052,-0.1968175227165222
P0431,2025-10-01,0.1170366672992706,0.0811429807188247,-0.2311477296352386
P0431,2025-11-01,0.1307884685277938,0.0863758788920846,-0.2136494180917739
P0431,2025-12-01,0.1439804792881012,0.0894961049855709,-0.1976615450143814
P0432,2025-01-01,0.2641077822208404,0.1691824182048759,-0.1439137707971036
P0432,2025-02-01,0.6083173870563507,0.4180475639907479,0.178282335339114
P0432,2025-03-01,0.7112103131771088,0.597021371338739,0.3034077679097652
P0432,2025-04-01,0.4856357983589172,0.3181680707993803,0.0849438292969949
P0432,2025-05-01,0.2815504076480865,0.1639548751900427,-0.1143940860108472
P0432,2025-06-01,0.1916098104953766,0.1429768941839948,-0.1566634861502796
P0432,2025-07-01,0.1610754070162773,0.1273938310155969,-0.1531046313941478
P0432,2025-08-01,0.1455733924269676,0.1151242435490409,-0.1553617110908031
P0432,2025-09-01,0.1397973149180412,0.1069334423322656,-0.1837483039975166
P0432,2025-10-01,0.1456492304503917,0.0971025325473068,-0.2093149838507175
P0432,2025-11-01,0.1705237554192543,0.1086287971349954,-0.1944026444762945
P0432,2025-12-01,0.188918647480011,0.114842343750932,-0.2049295519426465
P0433,2025-01-01,0.3488659157574176,0.1977978369647605,-0.1183731070206966
P0433,2025-02-01,0.8384419287621975,0.6471396229968166,0.3957927737299352
P0433,2025-03-01,0.8405903533875942,0.7350360789719059,0.458946568008326
P0433,2025-04-01,0.7790301606953144,0.6067196202466236,0.3966640053149313
P0433,2025-05-01,0.2975461448960006,0.1699323367936364,-0.0605366785276215
P0433,2025-06-01,0.2004833209246397,0.1277133995905299,-0.1537675357896834
P0433,2025-07-01,0.14722211574018,0.1136986399898301,-0.1472493186615407
P0433,2025-08-01,0.1376616428688168,0.111054835117331,-0.1274357438623905
P0433,2025-09-01,0.1372428700089454,0.101421312683921,-0.1891929128795862
P0433,2025-10-01,0.1577148907184601,0.0955691916879779,-0.2465619966953992
P0433,2025-11-01,0.188106690454483,0.0838973238199471,-0.2781794771585613
P0433,2025-12-01,0.1953014122992754,0.0963458952752029,-0.1824974355163052
P0434,2025-01-01,0.3069212363004684,0.1149040225273565,-0.3368864604726433
P0434,2025-02-01,0.586286328792572,0.3497009518136235,0.0375790623378241
P0434,2025-03-01,0.6878330530166626,0.5497461326061248,0.2838968169579282
P0434,2025-04-01,0.8115248063863334,0.8003893121358121,0.4579754248015905
P0434,2025-05-01,0.6750859918594361,0.5182091411933782,0.2953553856445476
P0434,2025-06-01,0.2873562009334564,0.2056920550220387,-0.0342888142619282
P0434,2025-07-01,0.1855782702207565,0.1353541176960763,-0.1174949305474758
P0434,2025-08-01,0.1802876026153564,0.1310615734659652,-0.1305514454007148
P0434,2025-09-01,0.1767022392988205,0.1097425783323089,-0.2202105559110641
P0434,2025-10-01,0.2038333321094513,0.0783798150001845,-0.3625824099302291
P0434,2025-11-01,0.2301535851001739,0.0810632754339596,-0.3599728263378143
P0434,2025-12-01,0.2399685487031936,0.0796540915170601,-0.3348946556329727
P0435,2025-01-01,0.6245052401147546,0.3515934537286029,0.1250931956722656
P0435,2025-02-01,0.8161178366661072,0.591009799973672,0.3399247854799032
P0435,2025-03-01,0.8182680087089539,0.7186653824065197,0.4248458687782288
P0435,2025-04-01,0.835474341583252,0.6645595039025997,0.443829231095314
P0435,2025-05-01,0.6604564615011215,0.4801403423388442,0.2747320533692837
P0435,2025-06-01,0.3144917570590972,0.2222830013736201,-0.0457242329508997
P0435,2025-07-01,0.2399143820285797,0.1700484033361789,-0.1053674446901539
P0435,2025-08-01,0.2213739162445068,0.1566620283633167,-0.1022746439719572
P0435,2025-09-01,0.2149616045951843,0.13919277508038,-0.1825216280851513
P0435,2025-10-01,0.2391347253779415,0.1113432833703788,-0.2316748728953302
P0435,2025-11-01,0.2898580444335937,0.1443926033883441,-0.2023898435637355
P0435,2025-12-01,0.346718198633194,0.1754496438292934,-0.1673244177428074
P0436,2025-01-01,0.4451648806095123,0.1996784071093695,-0.1568581337153911
P0436,2025-02-01,0.8808910947799683,0.5928798547036842,0.4014754091024399
P0436,2025-03-01,0.8669569973945618,0.8116064800246177,0.5222458572864532
P0436,2025-04-01,0.893453577709198,0.7669135183082758,0.5603063200473786
P0436,2025-05-01,0.4065316788434982,0.2295424027439361,0.0524076740528456
P0436,2025-06-01,0.1960201314210891,0.1346274925657112,-0.1032791174098849
P0436,2025-07-01,0.1657948866128921,0.1343640987169495,-0.0971765482902526
P0436,2025-08-01,0.1649597321033477,0.1198194150367748,-0.1405964127324521
P0436,2025-09-01,0.1698245640039443,0.0805019195517039,-0.3000396291017532
P0436,2025-10-01,0.2019555990934372,0.0693826247304025,-0.3696668644666672
P0436,2025-11-01,0.2245071081876754,0.0731094309096511,-0.3450533639788627
P0436,2025-12-01,0.2517475346326828,0.0770565917487776,-0.3310766370188445
P0437,2025-01-01,0.6027961693763733,0.4074516233229563,0.1706687658559996
P0437,2025-02-01,0.7426871532917023,0.5544906851396711,0.3462133688926697
P0437,2025-03-01,0.6968070787906647,0.5886257910278254,0.3576266925573349
P0437,2025-04-01,0.690722300863266,0.4959613705992108,0.3016707395532168
P0437,2025-05-01,0.2589306901216507,0.155463579845198,-0.1702642730694264
P0437,2025-06-01,0.2003900819540023,0.1270377771521944,-0.1859589629113674
P0437,2025-07-01,0.1748243326663971,0.1122311093020021,-0.1910731798529625
P0437,2025-08-01,0.1742830762505531,0.1112612191829186,-0.1916730973035097
P0437,2025-09-01,0.1860078835725784,0.107787268216787,-0.2092775570552796
P0437,2025-10-01,0.2493583193540573,0.1470388310372588,-0.1765089612776413
P0437,2025-11-01,0.2732304602026939,0.1493513178057553,-0.1644710969731211
P0437,2025-12-01,0.3295944340705871,0.1624473792040373,-0.0637737047681817
P0438,2025-01-01,0.2477952465653419,0.1588773170168133,-0.1149457257974194
P0438,2025-02-01,0.4802858828544616,0.3482759118271781,0.0615115025995066
P0438,2025-03-01,0.6296661981582642,0.5118333807024538,0.2233521689195186
P0438,2025-04-01,0.4601805300712585,0.3264727908425171,0.0592030641788849
P0438,2025-05-01,0.2051167328357696,0.1365317421479544,-0.1600061259441077
P0438,2025-06-01,0.1528529851794242,0.1191454318497264,-0.1729497098669409
P0438,2025-07-01,0.1245984000444412,0.1062526196196749,-0.1526881939055398
P0438,2025-08-01,0.1322991503000259,0.1106284330426544,-0.1492775880865752
P0438,2025-09-01,0.1273730388641357,0.105049282880608,-0.1635243213415146
P0438,2025-10-01,0.1314329075694084,0.0948428716915701,-0.2004613775089383
P0438,2025-11-01,0.1411339529633522,0.0859233241376666,-0.2138301320701837
P0438,2025-12-01,0.1589793695449829,0.0818212309697698,-0.1894218002395704
P0439,2025-01-01,0.2167907194733619,0.1313660004231084,-0.1435966827075928
P0439,2025-02-01,0.3831925540447235,0.2685180466937709,-0.0038768832532223
P0439,2025-03-01,0.4792604281902313,0.3704059242718674,0.0945618703873362
P0439,2025-04-01,0.3635480376243591,0.2609493164070274,-0.0132396521331276
P0439,2025-05-01,0.2689140516757965,0.1885158735510055,-0.0917372037276625
P0439,2025-06-01,0.1680902501821518,0.1254687781128402,-0.158310931122303
P0439,2025-07-01,0.1318248355150222,0.0983358269737495,-0.1676175971269607
P0439,2025-08-01,0.1355640191316604,0.099622857766393,-0.1745322920560836
P0439,2025-09-01,0.1261050727248192,0.0900893945557839,-0.1844980956196785
P0439,2025-10-01,0.1275987034678459,0.0810915197318929,-0.217809877038002
P0439,2025-11-01,0.1380112221717834,0.08218662187595,-0.2079102830410003
P0439,2025-12-01,0.1509020729541778,0.0835997027835784,-0.2070087284505367
P0440,2025-01-01,0.4153422653675079,0.2114236152958776,-0.1812468417591436
P0440,2025-02-01,0.6486358873128891,0.4329881774653702,0.1740997687987983
P0440,2025-03-01,0.7394829459667206,0.591174309117037,0.3325119956332258
P0440,2025-04-01,0.7815931100236853,0.7225811945643333,0.4405824239582517
P0440,2025-05-01,0.6188571099758148,0.4564837370512716,0.2406961822963319
P0440,2025-06-01,0.274505547618866,0.1870361811326999,-0.0674448068953235
P0440,2025-07-01,0.1814961220264434,0.1395909005734459,-0.1115063821524381
P0440,2025-08-01,0.1865656594514846,0.1384811864792858,-0.1367856877401471
P0440,2025-09-01,0.1806534913420677,0.1153533412347821,-0.2171825387567281
P0440,2025-10-01,0.1888555924415588,0.0830659812064055,-0.3227706308223307
P0440,2025-11-01,0.2199860397338867,0.0890909897821588,-0.3040933645486832
P0440,2025-12-01,0.2344239577054977,0.0997959421005055,-0.2557946171671152
P0441,2025-01-01,0.2864505853533745,0.1607552095690503,-0.106041484317556
P0441,2025-02-01,0.4459816830396652,0.2873733549520513,0.0710652843230636
P0441,2025-03-01,0.5355820144176483,0.4201529466220205,0.1698114831748884
P0441,2025-04-01,0.4890066038370132,0.3563209968112312,0.1233347024943679
P0441,2025-05-01,0.2983321988344192,0.1884419760598441,-0.0449970883141853
P0441,2025-06-01,0.2132580330610275,0.1500184478824029,-0.1263320230238139
P0441,2025-07-01,0.181309308874607,0.1350948897780229,-0.1332197849111864
P0441,2025-08-01,0.1723983941316604,0.125981577008376,-0.1235540466411039
P0441,2025-09-01,0.1702926447033882,0.1186548076475609,-0.1509460435077548
P0441,2025-10-01,0.2030895107507705,0.1296516463525387,-0.1514956106941215
P0441,2025-11-01,0.2233712837576866,0.1280204854265467,-0.137883682495322
P0441,2025-12-01,0.2285985365867614,0.1297926760034946,-0.1333449071272742
P0442,2025-01-01,0.2722413117408752,0.1589532701419536,-0.1616609602212906
P0442,2025-02-01,0.5403725159645081,0.3644655923655541,0.1046755116676911
P0442,2025-03-01,0.6309801649570466,0.5536233897318258,0.2577105922975112
P0442,2025-04-01,0.5390284058570862,0.3992278314711032,0.1363470966890774
P0442,2025-05-01,0.2637789466977119,0.1579392925225524,-0.1330701790641993
P0442,2025-06-01,0.1679946486353874,0.1162392530499408,-0.1828936719179153
P0442,2025-07-01,0.1384734936237335,0.102219318313307,-0.1829445805072784
P0442,2025-08-01,0.1382557488203048,0.1022170479835871,-0.1799322702050209
P0442,2025-09-01,0.1328618787765502,0.0935388047554776,-0.2050540578007698
P0442,2025-10-01,0.1476189518690109,0.0871530048671891,-0.2425755252808332
P0442,2025-11-01,0.1568728038549423,0.0891505807389449,-0.2232484274897724
P0442,2025-12-01,0.183169544506073,0.0993855506944601,-0.2248642505787313
P0443,2025-01-01,0.5103621282100678,0.3255428744801348,-0.048902738737408
P0443,2025-02-01,0.7888393379211426,0.5669368494571775,0.2953198001815006
P0443,2025-03-01,0.7920105925559997,0.725056719082989,0.4081939646847546
P0443,2025-04-01,0.7933221801774193,0.5973093894752286,0.4608993596248044
P0443,2025-05-01,0.6142692687988281,0.4213722393781051,0.238229565956816
P0443,2025-06-01,0.2474678688049316,0.1753173476196148,-0.0748459643142297
P0443,2025-07-01,0.175479027891159,0.1375273156654601,-0.1085368928909301
P0443,2025-08-01,0.1821348737716674,0.1427900670613144,-0.1017877897173166
P0443,2025-09-01,0.1702045892000198,0.1098006451976625,-0.1995407874703407
P0443,2025-10-01,0.1898010854721069,0.0815415912163046,-0.3311583324193954
P0443,2025-11-01,0.2107637859106063,0.0873117130570235,-0.3132577552556991
P0443,2025-12-01,0.237804568696022,0.096444506351075,-0.3123739147603512
P0444,2025-01-01,0.3500931168079376,0.2245831022916559,-0.0984095598014071
P0444,2025-02-01,0.6357804389476777,0.480143205737835,0.2467433449909091
P0444,2025-03-01,0.7044148903846741,0.6233288106553848,0.3307715181904845
P0444,2025-04-01,0.6711677049398422,0.5356579033147123,0.2875730379279935
P0444,2025-05-01,0.4338105601549148,0.3429351799499193,0.0791837324469816
P0444,2025-06-01,0.2245786656141281,0.1710132141935728,-0.0875519672233145
P0444,2025-07-01,0.2056230781316757,0.1647590230873351,-0.1071049762356095
P0444,2025-08-01,0.2042397307038307,0.1598088072062137,-0.1169245105583842
P0444,2025-09-01,0.1782818881392479,0.1286344492444654,-0.1743904341240413
P0444,2025-10-01,0.1929796620249748,0.1162813691324724,-0.2164508319385349
P0444,2025-11-01,0.2436335003972053,0.1500322395132547,-0.147270596816577
P0444,2025-12-01,0.2727407246232032,0.1655395479948231,-0.1106913254106417
P0445,2025-01-01,0.2572450690150261,0.1488857901583765,-0.1507172882354352
P0445,2025-02-01,0.3863970301032066,0.2648314821455857,-0.0388028158523142
P0445,2025-03-01,0.563773769068718,0.4588642787993272,0.160980209990032
P0445,2025-04-01,0.6924332816839218,0.5586452178181815,0.2623985028982162
P0445,2025-05-01,0.3840612351179123,0.2762183177364269,-0.0324698373559396
P0445,2025-06-01,0.2162850965261459,0.1677984674379283,-0.1233795602433383
P0445,2025-07-01,0.1629795232415199,0.1266473479155071,-0.1418386430621147
P0445,2025-08-01,0.1579218106508255,0.1187807612791286,-0.1575945712566375
P0445,2025-09-01,0.1557272586464881,0.11283527105687,-0.1821389132857322
P0445,2025-10-01,0.1729340422511101,0.0997675212957441,-0.2423458754874765
P0445,2025-11-01,0.1898417115807533,0.104648572437453,-0.2294054857432842
P0445,2025-12-01,0.307005434679985,0.1523853514310598,-0.0957661977565614
P0446,2025-01-01,0.3546042894363403,0.1753663335002606,-0.139994955994375
P0446,2025-02-01,0.7706356965065002,0.5777088457032684,0.288378893353045
P0446,2025-03-01,0.7724026833057404,0.6960502654971454,0.3719516231536865
P0446,2025-04-01,0.6494770900726319,0.455919688584655,0.1998492675468325
P0446,2025-05-01,0.2860097546815872,0.1481353586665671,-0.1769372290700674
P0446,2025-06-01,0.1820391043424606,0.1186917214191068,-0.1895251991510391
P0446,2025-07-01,0.1435997105836868,0.1106613269758473,-0.1768239112854004
P0446,2025-08-01,0.1438668431043624,0.110650624685657,-0.1690234488725662
P0446,2025-09-01,0.140643325138092,0.1012299052841865,-0.2091546798706054
P0446,2025-10-01,0.18370052921772,0.1163380725495517,-0.2458200399518013
P0446,2025-11-01,0.1874651822805404,0.0887866355642695,-0.2879837823987007
P0446,2025-12-01,0.1931256400585174,0.0797765812881684,-0.2643586398303508
P0447,2025-01-01,0.4239504280567169,0.2137247046677591,-0.1385018331050873
P0447,2025-02-01,0.8542662302017212,0.6402276623767067,0.3569573849678039
P0447,2025-03-01,0.8788447005271912,0.8055067913240606,0.5058615226745605
P0447,2025-04-01,0.913839365196228,0.8159765282601052,0.5567315052509307
P0447,2025-05-01,0.6960852327346801,0.4498126871448354,0.2752480526447296
P0447,2025-06-01,0.2001746713161468,0.13889237141695,-0.0856868932034354
P0447,2025-07-01,0.1610797229647636,0.1272729514002018,-0.1082810333676636
P0447,2025-08-01,0.1439407770991325,0.1148280314038411,-0.112684840914607
P0447,2025-09-01,0.1409776922345161,0.0987863489897306,-0.2357979510307312
P0447,2025-10-01,0.1872860400557518,0.0986603213086213,-0.2597785576820373
P0447,2025-11-01,0.1993086395382881,0.0975820712218926,-0.2855973372101784
P0447,2025-12-01,0.2168843206167221,0.0876751900221339,-0.3201928763836622
P0448,2025-01-01,0.3148041628122329,0.2431812818414515,-0.0208790403905324
P0448,2025-02-01,0.5307105638504028,0.4099058838426459,0.1768905823033303
P0448,2025-03-01,0.6048585871219635,0.5150336531298494,0.2537728974779136
P0448,2025-04-01,0.5410258858203888,0.4377590284203999,0.1929580464800296
P0448,2025-05-01,0.4085551488161087,0.2997257224145477,0.0570817640273191
P0448,2025-06-01,0.254689114677906,0.2033223502028122,-0.0761317668776493
P0448,2025-07-01,0.2091093299150467,0.1736488582616761,-0.0959195410773158
P0448,2025-08-01,0.203075224006176,0.1639581788245928,-0.0875132435791194
P0448,2025-09-01,0.2072521508097648,0.1636319535791135,-0.1166293642550706
P0448,2025-10-01,0.2856020468235016,0.2089981425503024,-0.0719121123036486
P0448,2025-11-01,0.3032926755428314,0.2201449120517482,-0.0526737251095473
P0448,2025-12-01,0.3656385450363159,0.2438892007350259,0.002062825103302
P0449,2025-01-01,0.1620373745441437,0.0971311984011373,-0.1726428461909294
P0449,2025-02-01,0.2992028823852539,0.2064403048519714,-0.0678979240989312
P0449,2025-03-01,0.5484439345359802,0.4501766616922718,0.1691586535833776
P0449,2025-04-01,0.3761126995563507,0.2873126741265244,0.009644426706726
P0449,2025-05-01,0.2102130429387092,0.1475626142557014,-0.1482182358622551
P0449,2025-06-01,0.1574801400542259,0.1202434923173069,-0.1738545048475265
P0449,2025-07-01,0.1210250424027443,0.100081545554331,-0.1710911829471588
P0449,2025-08-01,0.1156776838302612,0.0933212331446569,-0.1755324177145958
P0449,2025-09-01,0.106612318432331,0.0854644802626208,-0.192427881193161
P0449,2025-10-01,0.114510535043478,0.0782474000559613,-0.2310053903222084
P0449,2025-11-01,0.1284712973356247,0.0790221018096902,-0.2260753934502601
P0449,2025-12-01,0.1404408720016479,0.0760192714520991,-0.2139019886136055
P0450,2025-01-01,0.1125076651981432,0.1463045743216888,0.1532866115847679
P0450,2025-02-01,0.6290425317764282,0.470547108514306,0.2231856809585821
P0450,2025-03-01,0.713234656572342,0.4860839189290417,0.3547697104313411
P0450,2025-04-01,0.824779740272139,0.6944196034587599,0.4482456147066236
P0450,2025-05-01,0.7398415006637573,0.5765793938998383,0.3510730068027973
P0450,2025-06-01,0.2782530096769333,0.2177008741295195,0.0107715504864449
P0450,2025-07-01,0.1842809473872184,0.1445370013945289,-0.0649582325236784
P0450,2025-08-01,0.1584399507164955,0.1261150043413959,-0.095404469095543
P0450,2025-09-01,0.1414483111262321,0.1069752991174455,-0.1771499283194542
P0450,2025-10-01,0.1617906682491302,0.0888105278415652,-0.2448351261690259
P0450,2025-11-01,0.2093465172886848,0.1061119824631128,-0.1980702129337936
P0450,2025-12-01,0.2583408962845802,0.1427833011507742,-0.1614259262472391
P0451,2025-01-01,0.5313656639575959,0.3292264054921511,0.0624609993265243
P0451,2025-02-01,0.745862447977066,0.5900926448328586,0.3282827442519366
P0451,2025-03-01,0.7431670742034913,0.645730432014336,0.3841226652145386
P0451,2025-04-01,0.5823475224971771,0.3970422276702171,0.1666792428493499
P0451,2025-05-01,0.2930478389263153,0.1880218171146589,-0.136356344500184
P0451,2025-06-01,0.2510066865682602,0.1729317577534735,-0.1657049665868282
P0451,2025-07-01,0.2164411611318588,0.1494657000585413,-0.1776588402986526
P0451,2025-08-01,0.2145820499420166,0.147879716765432,-0.1782920281887054
P0451,2025-09-01,0.1997536886692047,0.1263515671691371,-0.2098594186782837
P0451,2025-10-01,0.211668875336647,0.1267687915113959,-0.206471144759655
P0451,2025-11-01,0.2180384880542755,0.1286450187315774,-0.190320781815052
P0451,2025-12-01,0.3736966840028762,0.2010326995388537,-0.0266718697586096
P0452,2025-01-01,0.2847168697476387,0.17832949733936,-0.1209822576230391
P0452,2025-02-01,0.5452422186613083,0.3660018769854608,0.1133225533052813
P0452,2025-03-01,0.6953351760387421,0.5718465511625137,0.3060790208667516
P0452,2025-04-01,0.6366039972782135,0.4930920644188685,0.2426716424055397
P0452,2025-05-01,0.3512743174791336,0.2165021929781504,-0.0498105397304985
P0452,2025-06-01,0.1970346287965774,0.1361774076414483,-0.1572935857128352
P0452,2025-07-01,0.1605180466175079,0.1194737716816879,-0.1519721111893653
P0452,2025-08-01,0.1551393624663353,0.1163486869811511,-0.1450147364258766
P0452,2025-09-01,0.1374821233868599,0.0956775427696771,-0.1922832414507866
P0452,2025-10-01,0.1637079259872436,0.1016504706302668,-0.2078818061318248
P0452,2025-11-01,0.1895627276062965,0.1125201657110659,-0.187700962953642
P0452,2025-12-01,0.2181216376066208,0.1281891163951544,-0.1718569035386666
P0453,2025-01-01,0.4434350796699524,0.2588470741733796,-0.004214411321748
P0453,2025-02-01,0.6293228939533234,0.4135389020964366,0.1866447420286014
P0453,2025-03-01,0.6333169646263123,0.5051270087744739,0.2463246887555346
P0453,2025-04-01,0.6621996318101883,0.5232141505406404,0.2608357076044194
P0453,2025-05-01,0.5212266882419586,0.3460067342653675,0.095969563417253
P0453,2025-06-01,0.3352296436309814,0.235655732918917,-0.0607230519430129
P0453,2025-07-01,0.2815562188148499,0.207268302276851,-0.0753571731802076
P0453,2025-08-01,0.2929983996033669,0.207277579899387,-0.0716764625940471
P0453,2025-09-01,0.2852165004491806,0.1953956405087196,-0.0987790005289949
P0453,2025-10-01,0.3126020123720169,0.1709616214289819,-0.1281424791691824
P0453,2025-11-01,0.3609554651141167,0.195138856028662,-0.0778273176539689
P0453,2025-12-01,0.3969594099760055,0.2104310313862487,0.009831577920285
P0454,2025-01-01,0.1810602576613426,0.1480427464284432,-0.1284460438340902
P0454,2025-02-01,0.3156098609447479,0.2421842188519704,-0.011454902297666
P0454,2025-03-01,0.4544405939102173,0.405412086106629,0.1113577780544292
P0454,2025-04-01,0.382949268758297,0.3230881245245133,0.0465904279211754
P0454,2025-05-01,0.2678666073083877,0.2176094055206982,-0.0652771471451502
P0454,2025-06-01,0.1789043576240539,0.1556494226646592,-0.1294276837468147
P0454,2025-07-01,0.1411257352232933,0.123431260947653,-0.1445069444537162
P0454,2025-08-01,0.1372042783856392,0.1178864277014769,-0.1478900506019592
P0454,2025-09-01,0.1283390287518501,0.109263483124723,-0.1613275946199893
P0454,2025-10-01,0.1312620709955692,0.1045644743762366,-0.1643482033044099
P0454,2025-11-01,0.1505813264071941,0.1153915957115694,-0.1404247217670083
P0454,2025-12-01,0.1622487576842308,0.1206639021356283,-0.1374437149694189
P0455,2025-01-01,0.2077315929412841,0.1151745784633963,-0.1972568994283676
P0455,2025-02-01,0.5221015517950058,0.3144088570304493,0.061303578901221
P0455,2025-03-01,0.77112196393013,0.6574471983280511,0.343199677324295
P0455,2025-04-01,0.650134876571409,0.4302135029176096,0.2044569510313357
P0455,2025-05-01,0.3048136457443237,0.1721940219727078,-0.0869564322633668
P0455,2025-06-01,0.198173906981945,0.1331203681094142,-0.1523281914949417
P0455,2025-07-01,0.1630043514370918,0.1306579921434294,-0.1365342543005943
P0455,2025-08-01,0.1513486451029777,0.1255069643153724,-0.1324076016545295
P0455,2025-09-01,0.1360911606788635,0.1072377097332396,-0.1767362713575363
P0455,2025-10-01,0.1351975118994713,0.0826744433220765,-0.2432529904842376
P0455,2025-11-01,0.1506295222878456,0.0826049961323417,-0.2287684744238853
P0455,2025-12-01,0.1959104575157165,0.1021537412038786,-0.2143621803432703
P0456,2025-01-01,0.6079917778491973,0.366795329388816,0.1457683664839714
P0456,2025-02-01,0.6906590656518936,0.4498837825735324,0.2604625512789935
P0456,2025-03-01,0.6654097723722457,0.5001511034774777,0.2867027073666453
P0456,2025-04-01,0.5513937477350235,0.3627484678002179,0.1487180981107056
P0456,2025-05-01,0.4072535187840462,0.2616326570670919,-0.0021966353063137
P0456,2025-06-01,0.3076874153137207,0.2249303043035002,-0.0600626576359849
P0456,2025-07-01,0.271907089805603,0.2028805948489885,-0.0678882929241284
P0456,2025-08-01,0.2693823385357857,0.1967893213651778,-0.0672467666947748
P0456,2025-09-01,0.2712662329077721,0.1845403706651966,-0.1044720045529771
P0456,2025-10-01,0.3342463462352752,0.201615374033287,-0.0680909719161456
P0456,2025-11-01,0.396528722333908,0.2313425760707232,-0.0222518811443587
P0456,2025-12-01,0.4531615144729614,0.2581980140589802,0.0199014913743361
P0457,2025-01-01,0.4304246865987777,0.2766884219773221,-0.0182606613095616
P0457,2025-02-01,0.7956854122638702,0.6546518512653643,0.360275917994976
P0457,2025-03-01,0.6582275556564331,0.5013038701591734,0.2276933701753616
P0457,2025-04-01,0.4740041270256042,0.3000884394763651,0.0139043340832926
P0457,2025-05-01,0.2730088395833969,0.1502227231548662,-0.1774310026049614
P0457,2025-06-01,0.2569085661649704,0.1770872253597846,-0.149119019061327
P0457,2025-07-01,0.1569374942541122,0.1227384616435167,-0.1776187409520149
P0457,2025-08-01,0.1420083945512771,0.105468238959928,-0.1905861947059631
P0457,2025-09-01,0.1307052312374115,0.0897509351503325,-0.2305827889919281
P0457,2025-10-01,0.1478307687401771,0.0809249409807539,-0.2829144124269485
P0457,2025-11-01,0.1552311817646026,0.0805261393397864,-0.2675167769908905
P0457,2025-12-01,0.3356716454267502,0.1670291212587078,-0.1293429872512817
P0458,2025-01-01,0.6720653076648713,0.4271299494221665,0.2245311088437214
P0458,2025-02-01,0.727401847410202,0.4823968037673387,0.2865068978499621
P0458,2025-03-01,0.7573820381641388,0.5062554575564934,0.3000709707350936
P0458,2025-04-01,0.6824838829994202,0.5328795550584542,0.292660460679233
P0458,2025-05-01,0.5121292186737061,0.356061906988519,0.1190671105092391
P0458,2025-06-01,0.2950066575050354,0.2010368953345932,-0.108562989254482
P0458,2025-07-01,0.2242687500953674,0.1635651069373291,-0.1300325434193015
P0458,2025-08-01,0.2105586329102516,0.1505621190051541,-0.1312159982913872
P0458,2025-09-01,0.2012607567071914,0.1347530217779798,-0.1602782006014138
P0458,2025-10-01,0.2212206164121627,0.1091191272983505,-0.249134450038243
P0458,2025-11-01,0.3608378834486008,0.1777281833835534,-0.1321838669607415
P0458,2025-12-01,0.4552203427076339,0.2396550730938849,-0.0349265997183043
P0459,2025-01-01,0.330383509838581,0.2226565320973722,-0.0795894914063157
P0459,2025-02-01,0.4969530916213989,0.3508201563337809,0.094675083886669
P0459,2025-03-01,0.5931951991081238,0.4799980071370766,0.2179296373993158
P0459,2025-04-01,0.4367248327136039,0.3244580681038927,0.0463751973313275
P0459,2025-05-01,0.3257355007529259,0.2279995022592585,-0.0555174891506374
P0459,2025-06-01,0.1925347684502601,0.1431528648059841,-0.1512210346698761
P0459,2025-07-01,0.1622766012310982,0.1227175975631002,-0.164737200808525
P0459,2025-08-01,0.158513543343544,0.1201459581050345,-0.1590599531471729
P0459,2025-09-01,0.1548852680921554,0.1143590904335804,-0.177665973496437
P0459,2025-10-01,0.1811718319535255,0.113473751787309,-0.2007885671257972
P0459,2025-11-01,0.1998470070600509,0.1200099353088419,-0.1692998961720615
P0459,2025-12-01,0.2330492837429046,0.1353753408602012,-0.1527304953215928
P0460,2025-01-01,0.3244005291461944,0.2501401996754512,-0.0564355309651698
P0460,2025-02-01,0.5534983236789703,0.3724976823981579,0.1293635740987956
P0460,2025-03-01,0.7309540546894073,0.6103823599116368,0.3510837003350258
P0460,2025-04-01,0.7890733766078949,0.6261862858727647,0.424034686255455
P0460,2025-05-01,0.5861788503646851,0.3929717173331871,0.210544505177997
P0460,2025-06-01,0.2501266556501388,0.1797539614980407,-0.0888611835129559
P0460,2025-07-01,0.1886239053249359,0.1505800733853874,-0.1177929180145263
P0460,2025-08-01,0.1788397614598274,0.1406544832070236,-0.1131294880032539
P0460,2025-09-01,0.14751869764328,0.1109888900725159,-0.1892448677062988
P0460,2025-10-01,0.1859936695694923,0.1255277442565658,-0.1739276457846164
P0460,2025-11-01,0.215050855576992,0.1519213216922472,-0.1503016371801495
P0460,2025-12-01,0.2859387266874313,0.1636036597122251,-0.0861674020150676
P0461,2025-01-01,0.4357362506389618,0.2542103318193044,-0.0422832285736473
P0461,2025-02-01,0.7116038030147552,0.5079943781522074,0.2691974292207588
P0461,2025-03-01,0.7713577944278717,0.717721397439069,0.4064945609092712
P0461,2025-04-01,0.8009125374794006,0.714232333919465,0.4356325493812561
P0461,2025-05-01,0.5586155709981918,0.3979496785800127,0.1883968313545454
P0461,2025-06-01,0.2261773026704788,0.1596308653026945,-0.1009558763794601
P0461,2025-07-01,0.1769508789181709,0.1269195925134034,-0.1244059975028038
P0461,2025-08-01,0.1775780677318573,0.1241946866833997,-0.1186350366040016
P0461,2025-09-01,0.1631900753498077,0.1004081118357763,-0.1857926075696945
P0461,2025-10-01,0.1718694635659456,0.0928527803514622,-0.2519115168573335
P0461,2025-11-01,0.2084331451535225,0.1006430916755283,-0.2208380760595202
P0461,2025-12-01,0.2528775805592537,0.1238712486975086,-0.1175649748561554
P0462,2025-01-01,0.5174888559579849,0.3398673457152001,-0.0395678815764375
P0462,2025-02-01,0.7843713405132293,0.5642561857460486,0.256725033394806
P0462,2025-03-01,0.8517562211990356,0.7857318533636383,0.4752820664405823
P0462,2025-04-01,0.9121989953041076,0.8024819708924671,0.5452445370197296
P0462,2025-05-01,0.8134428212165833,0.6564985742382169,0.4545402074337005
P0462,2025-06-01,0.1820584391236305,0.1417980430061615,-0.0597295895176939
P0462,2025-07-01,0.1449932523965835,0.1162373601554905,-0.0891041213638614
P0462,2025-08-01,0.1355858929634094,0.1119958354414811,-0.094306466666609
P0462,2025-09-01,0.1366429066419601,0.1067832308672965,-0.1605759854197502
P0462,2025-10-01,0.1704751983523368,0.0720362813432657,-0.2951599341869354
P0462,2025-11-01,0.2072123702764511,0.0920288756487082,-0.2783593566775322
P0462,2025-12-01,0.2218890758275985,0.0942513496100799,-0.2887034221157432
P0463,2025-01-01,0.2899844208598137,0.2059040106384619,-0.109300760243088
P0463,2025-02-01,0.6192206236839295,0.4472206367861242,0.1958454288358334
P0463,2025-03-01,0.7726327111721039,0.614986141986015,0.3503355459094047
P0463,2025-04-01,0.4587610930389499,0.3523302841707822,0.1919753184160275
P0463,2025-05-01,0.3834390168666839,0.2392546753703567,0.0042034646283835
P0463,2025-06-01,0.229121036016941,0.168680024282406,-0.1221315199285745
P0463,2025-07-01,0.1778260345816612,0.1412378578431892,-0.1242970632791519
P0463,2025-08-01,0.1713191062688827,0.134226545667619,-0.1335600907564163
P0463,2025-09-01,0.1595315761208534,0.113748525601864,-0.19993548797369
P0463,2025-10-01,0.1503236891269684,0.0938755537939666,-0.2362159767866134
P0463,2025-11-01,0.1781079806089401,0.0974377367444241,-0.2142855090312659
P0463,2025-12-01,0.1862598522663116,0.100115257616281,-0.1781849573464133
P0464,2025-01-01,0.5141255743026734,0.3553350025711425,0.0681900068609044
P0464,2025-02-01,0.83789901471138,0.7128840715718369,0.4139117081701755
P0464,2025-03-01,0.7636662257194519,0.6931035254485135,0.3973411735773086
P0464,2025-04-01,0.6911662532806396,0.5034182378287807,0.2699822193758562
P0464,2025-05-01,0.2880001029491424,0.1620957988825289,-0.1832322337847203
P0464,2025-06-01,0.213285750734806,0.1466374793656576,-0.1912499803304672
P0464,2025-07-01,0.1538905844211578,0.1232000533084901,-0.1660809183001518
P0464,2025-08-01,0.1540414716720581,0.1186063080144168,-0.1658283081412315
P0464,2025-09-01,0.1502909758090972,0.1079173937647527,-0.2027875587582588
P0464,2025-10-01,0.1648174304366111,0.0997251997302633,-0.2423417029321193
P0464,2025-11-01,0.1739102538704872,0.1008368738371725,-0.2276503976598382
P0464,2025-12-01,0.2196308545589447,0.1102437224721328,-0.2053110892362892
P0465,2025-01-01,0.3515581205844879,0.2081178467162503,-0.0650801201268222
P0465,2025-02-01,0.5816610789775848,0.3538720346958639,0.1537363844436593
P0465,2025-03-01,0.6858020408630371,0.5467544713368035,0.2887999113921076
P0465,2025-04-01,0.6430915585455227,0.5484175704561346,0.2693032385438618
P0465,2025-05-01,0.4813327689886093,0.3032615951686767,0.080918864358939
P0465,2025-06-01,0.2970092249155044,0.1949328333502644,-0.0859265782180242
P0465,2025-07-01,0.2382843859910965,0.1644144701155349,-0.1054538451891392
P0465,2025-08-01,0.2422509427785873,0.1621353944162865,-0.1074574980886245
P0465,2025-09-01,0.2404641950130462,0.1472537956228223,-0.1522120345506817
P0465,2025-10-01,0.2748994952082634,0.149133524758825,-0.1572460324271815
P0465,2025-11-01,0.3119046102762222,0.161173996166777,-0.1213090796330696
P0465,2025-12-01,0.340141218996048,0.1688425656980455,-0.0613815611351979
P0466,2025-01-01,0.4835485437870025,0.3625543100145107,0.0824890689495951
P0466,2025-02-01,0.8081880977630616,0.7126172108557851,0.4193372405588627
P0466,2025-03-01,0.7286513313770294,0.6675013664757318,0.4441517086029052
P0466,2025-04-01,0.6380069101095199,0.4970938999512622,0.278985606610775
P0466,2025-05-01,0.2093826010823249,0.1506255368252253,-0.1460182675924152
P0466,2025-06-01,0.1670847427487373,0.1268978286017646,-0.1715749180138111
P0466,2025-07-01,0.1337687380313873,0.1093185199763817,-0.1545609151601791
P0466,2025-08-01,0.1359052480578422,0.1070538590897463,-0.1655319090366363
P0466,2025-09-01,0.1348740770578384,0.1025445600082512,-0.1772453582525253
P0466,2025-10-01,0.1424101273298263,0.0962280240982627,-0.2207252817869186
P0466,2025-11-01,0.1578953611850738,0.0994941210665431,-0.20450138194561
P0466,2025-12-01,0.3026234763145446,0.1880501373532728,-0.076297052803589
P0467,2025-01-01,0.748558453130722,0.5466554757712069,0.3356662665585056
P0467,2025-02-01,0.7985039944648743,0.6570660727579111,0.479900213082321
P0467,2025-03-01,0.5930543909072876,0.4673110555808835,0.2130050453484058
P0467,2025-04-01,0.623524499130249,0.4473334325477504,0.2074935995135456
P0467,2025-05-01,0.3273788912773132,0.1961156465868591,-0.1157482081410475
P0467,2025-06-01,0.2646993521213531,0.1700544038122517,-0.162439969921112
P0467,2025-07-01,0.2378098260641098,0.152578337026085,-0.1904245265960693
P0467,2025-08-01,0.2509637483358383,0.1513642965621645,-0.1947531790375709
P0467,2025-09-01,0.2639241707324982,0.1472341744128008,-0.2014598917245864
P0467,2025-10-01,0.3053331899404525,0.1709271218658127,-0.1754048689126968
P0467,2025-11-01,0.3250896950244903,0.1734528169863657,-0.1647737649977207
P0467,2025-12-01,0.6100004475116729,0.3071235691960421,0.1322911925291642
P0468,2025-01-01,0.4296578566908836,0.2536715224315029,-0.0115374916254124
P0468,2025-02-01,0.5777496968746185,0.3871504573046037,0.1451485638590064
P0468,2025-03-01,0.5625403927087784,0.4512940655798398,0.1829517595069948
P0468,2025-04-01,0.4839062135457992,0.3569083288522782,0.0823805723166442
P0468,2025-05-01,0.2703723745822906,0.1822910504094206,-0.1313509565439075
P0468,2025-06-01,0.2086444966435432,0.1513399794285266,-0.1639117987453937
P0468,2025-07-01,0.1851192819952964,0.1350938433581744,-0.1603567778646946
P0468,2025-08-01,0.192425606071949,0.1368669064297303,-0.1532344046384096
P0468,2025-09-01,0.1981962459444999,0.1331918056982217,-0.1568931223250925
P0468,2025-10-01,0.2337936602115631,0.145476762208759,-0.1562742091529071
P0468,2025-11-01,0.2654372347354889,0.1529649308676845,-0.1338056240822188
P0468,2025-12-01,0.4085423747062683,0.2252896110653288,-0.0066048019324196
P0469,2025-01-01,0.5944326136420673,0.4011668073943145,0.1172292016518274
P0469,2025-02-01,0.7930994738578796,0.5689020747411067,0.3671144116112962
P0469,2025-03-01,0.8260929317951202,0.700716529587653,0.4539122422104236
P0469,2025-04-01,0.8507514761924744,0.6977745179038258,0.4952674983978271
P0469,2025-05-01,0.6595845042705536,0.5294966926865201,0.3238446251392364
P0469,2025-06-01,0.2830407839775085,0.2043485620501615,-0.0144421143486586
P0469,2025-07-01,0.2156864999532699,0.1629164687342872,-0.073339420497138
P0469,2025-08-01,0.203097950387001,0.147721139142538,-0.1003552258070257
P0469,2025-09-01,0.1542100681900978,0.0846186191162416,-0.2105853952862322
P0469,2025-10-01,0.159246694368124,0.0597093329664058,-0.2788720908239483
P0469,2025-11-01,0.1843768059492111,0.0702705283380996,-0.2557436125516891
P0469,2025-12-01,0.1927142922520637,0.0751689877456505,-0.2325455577433109
P0470,2025-01-01,0.5825446218957563,0.2563165806838572,0.2314240083350874
P0470,2025-02-01,0.6689749610245228,0.4884583872351681,0.2735328136408702
P0470,2025-03-01,0.7035504915952683,0.5746737661900786,0.3209449239730835
P0470,2025-04-01,0.6654241544949892,0.5719956175787487,0.3089826631123512
P0470,2025-05-01,0.5358366720438004,0.373792978188042,0.1509342803948558
P0470,2025-06-01,0.2801271260056645,0.2003128984084585,-0.0858112798766233
P0470,2025-07-01,0.2240117818556726,0.163345052421808,-0.1094982601293037
P0470,2025-08-01,0.2118341469848528,0.1513699660675073,-0.1249790086997672
P0470,2025-09-01,0.204021399974823,0.1402357234982519,-0.1398471782165579
P0470,2025-10-01,0.2131622394204139,0.1180981254993206,-0.2156921830162406
P0470,2025-11-01,0.2603634374022484,0.131018060895355,-0.2000537817757576
P0470,2025-12-01,0.3026654343366623,0.1510650736841854,-0.1465393866544589
P0471,2025-01-01,0.3804476985931396,0.2237683988456552,-0.1033225417106412
P0471,2025-02-01,0.7730029587745666,0.5525304836083906,0.3033680828849087
P0471,2025-03-01,0.8549101078510284,0.7692987226248093,0.4601677846550941
P0471,2025-04-01,0.8535200811386109,0.7188823028625423,0.4638855523347854
P0471,2025-05-01,0.310062851691246,0.1753062792249615,-0.0295124247248517
P0471,2025-06-01,0.1559540005087852,0.1189414979216381,-0.1326693287968635
P0471,2025-07-01,0.130911182975769,0.1036344103458054,-0.1373637999117374
P0471,2025-08-01,0.1246649168133735,0.0840021735964947,-0.1956854928970336
P0471,2025-09-01,0.1254536218762398,0.0751412884539494,-0.2464645467996597
P0471,2025-10-01,0.1483002836704254,0.0745577898716289,-0.2708969000101089
P0471,2025-11-01,0.1707184237003326,0.0802692076935793,-0.2611044130563736
P0471,2025-12-01,0.3137584866523742,0.1573950876135349,-0.1673939723074436
P0472,2025-01-01,0.4641761240720748,0.3042651964071152,-0.0143415679089725
P0472,2025-02-01,0.8146976969242096,0.6216439067836512,0.3686433441460132
P0472,2025-03-01,0.7430234024047851,0.6603168755061083,0.3891624027490616
P0472,2025-04-01,0.6716676827430725,0.4578054528201517,0.2513694286134094
P0472,2025-05-01,0.399115732383728,0.2281325162603444,-0.0367573763144202
P0472,2025-06-01,0.2238932244539261,0.1510555021071559,-0.1368980547077953
P0472,2025-07-01,0.1918194556474685,0.1373684416223259,-0.1410561634257436
P0472,2025-08-01,0.1755258644938468,0.1351395083306163,-0.1295915155038237
P0472,2025-09-01,0.1682759761333465,0.1239759197883437,-0.1645358115673065
P0472,2025-10-01,0.1795589326739311,0.1146907323089811,-0.2243440240338444
P0472,2025-11-01,0.1950350363731384,0.1110709742937917,-0.2189936719506979
P0472,2025-12-01,0.2206433630228042,0.1214074282219405,-0.2167639243364334
P0473,2025-01-01,0.4087396811407346,0.2683366628104643,0.1894339434802532
P0473,2025-02-01,0.8173719569683074,0.5914940452768116,0.4196689465761185
P0473,2025-03-01,0.807682700252533,0.6665091939461492,0.454231100153923
P0473,2025-04-01,0.8584792772293091,0.700180338525571,0.487854132938385
P0473,2025-05-01,0.7047222702980042,0.4875748705606597,0.3004773199414834
P0473,2025-06-01,0.3351108557939529,0.2342656090590971,0.0115438383847664
P0473,2025-07-01,0.2617264234066009,0.1675441819746602,-0.1092004869833588
P0473,2025-08-01,0.1884175588846206,0.1323500710357043,-0.1358809053361415
P0473,2025-09-01,0.1673505142331123,0.1012562457659308,-0.191398515355587
P0473,2025-10-01,0.1718603766083717,0.0730812576310272,-0.2529037901103496
P0473,2025-11-01,0.2269711792349815,0.0850553948612319,-0.1831542364419437
P0473,2025-12-01,0.2512041320204735,0.1076984088142868,-0.1484481659837998
P0474,2025-01-01,0.4361260706186294,0.280658848758246,-0.0633140416685491
P0474,2025-02-01,0.8463603932380677,0.6617633136784151,0.3949630296826362
P0474,2025-03-01,0.8423959920883178,0.7355925794863383,0.4747293478250503
P0474,2025-04-01,0.8795627746582031,0.7438463018191552,0.5125363745212554
P0474,2025-05-01,0.6463271737098694,0.4106273623479049,0.2514646989054978
P0474,2025-06-01,0.247296471452713,0.1702859471673169,-0.051291563660046
P0474,2025-07-01,0.1856774321913719,0.1464629505345686,-0.0820780697861686
P0474,2025-08-01,0.1663280865907669,0.1328267663423238,-0.0922468782220035
P0474,2025-09-01,0.1738822864890098,0.1305377776998422,-0.1555669116079807
P0474,2025-10-01,0.2111296981215477,0.1190732576646969,-0.2582270220465492
P0474,2025-11-01,0.2367681910872459,0.1268838757982086,-0.2201540827363729
P0474,2025-12-01,0.2713164923667908,0.1294119136672608,-0.2391398590267636
P0475,2025-01-01,0.7784122080802918,0.5980299998475543,0.3221430178388953
P0475,2025-02-01,0.9077070163726808,0.901105792244824,0.5742380982398987
P0475,2025-03-01,0.7259008608341218,0.6739254597609878,0.5332312106132507
P0475,2025-04-01,0.6125329644918441,0.5090627740226984,0.3686744066660444
P0475,2025-05-01,0.2881139266729355,0.1616812351034077,-0.1074540185347898
P0475,2025-06-01,0.1718212692737579,0.1265609005993269,-0.1511649759709835
P0475,2025-07-01,0.170123943567276,0.1230709440072251,-0.1466236675143241
P0475,2025-08-01,0.1481426300406456,0.0981851864800902,-0.1995663361549377
P0475,2025-09-01,0.1542832329034805,0.0889575529973542,-0.2503845325946808
P0475,2025-10-01,0.1675062817335128,0.0672245333378898,-0.3020724745571613
P0475,2025-11-01,0.2157823789596557,0.0885134742347818,-0.2966002599030733
P0475,2025-12-01,0.2062909097790718,0.0763283774246532,-0.2194463265508413
P0476,2025-01-01,0.4590722003936767,0.0733911706783064,-0.2981610315084457
P0476,2025-02-01,0.6131425059318543,0.3492387263627357,0.0178357108682394
P0476,2025-03-01,0.6670707032680512,0.5436543985002643,0.2287454936901107
P0476,2025-04-01,0.6381613172769547,0.5357702477544954,0.22592081386974894
P0476,2025-05-01,0.6092519312858582,0.5278860970087267,0.2230961340493872
P0476,2025-06-01,0.2312484349489212,0.1643871429804182,-0.0578892674113158
P0476,2025-07-01,0.1575930213451385,0.1216499880695162,-0.1272321327090263
P0476,2025-08-01,0.1526798798322677,0.1121478232939513,-0.1563339427351951
P0476,2025-09-01,0.1765653239250183,0.0835801555790177,-0.3588269108057022
P0476,2025-10-01,0.2090256731748581,0.070892171683633,-0.4322588471889496
P0476,2025-11-01,0.2263630444049835,0.0706244826050882,-0.4094792845249176
P0476,2025-12-01,0.297124414896965,0.0763368954419742,-0.304639248073101
P0477,2025-01-01,0.3837418667316437,0.1918328166005871,-0.2231609150403179
P0477,2025-02-01,0.800323096370697,0.4908057921694655,0.2567769125669263
P0477,2025-03-01,0.8606934864521026,0.7257872689455603,0.4807191690325737
P0477,2025-04-01,0.8958657284000123,0.841253554852589,0.5671809045958889
P0477,2025-05-01,0.6022012471914291,0.4102502600146734,0.2683561088532209
P0477,2025-06-01,0.2156813719987869,0.1532712207892208,-0.0448796947758179
P0477,2025-07-01,0.1992466917276382,0.1429407698037694,-0.0563723515565972
P0477,2025-08-01,0.1508963696956634,0.1280708317851674,-0.0801885945731774
P0477,2025-09-01,0.1462411936283111,0.1125883090229637,-0.1658335166335106
P0477,2025-10-01,0.1948182819485664,0.0769605022972326,-0.3650824932128191
P0477,2025-11-01,0.2389915440320968,0.1057959494394288,-0.3149378080874681
P0477,2025-12-01,0.2953422490835189,0.1557271478701765,-0.1574654979486018
P0478,2025-01-01,0.4584771726608276,0.3173278818929161,0.0249618560448288
P0478,2025-02-01,0.6578232810497284,0.4866462793990557,0.2398736725885421
P0478,2025-03-01,0.6802550404548645,0.5839688249974428,0.2943438718706369
P0478,2025-04-01,0.6490755807876587,0.5381210033481424,0.2538702743722126
P0478,2025-05-01,0.4456130266427994,0.3134512533479776,0.076187502741908
P0478,2025-06-01,0.2639942898988723,0.1971434905955285,-0.0968801735572516
P0478,2025-07-01,0.2157567535638809,0.1595042058849079,-0.123510549256578
P0478,2025-08-01,0.2115096484661102,0.1571407770631281,-0.1280650511011481
P0478,2025-09-01,0.2050983863830566,0.1433766051479444,-0.1620281157820741
P0478,2025-10-01,0.2944587327003479,0.1677251587452678,-0.134571082047373
P0478,2025-11-01,0.3712644437551498,0.230906520014226,-0.0570394719848176
P0478,2025-12-01,0.4586880571842193,0.2870745845638934,0.0169583012843737
P0479,2025-01-01,0.2587279434561729,0.1929329373302526,-0.0316258292997372
P0479,2025-02-01,0.5298148966789246,0.4376154084722838,0.187723745328933
P0479,2025-03-01,0.6053165031194687,0.5600456494401338,0.2790455290675163
P0479,2025-04-01,0.5428311866521836,0.4362187491362353,0.1782223827691748
P0479,2025-05-01,0.1517369888067245,0.1209960217425305,-0.1337161850452423
P0479,2025-06-01,0.1131567607045173,0.1010062872979337,-0.1489068469285965
P0479,2025-07-01,0.0907482240140438,0.0825978979235417,-0.1468629053354263
P0479,2025-08-01,0.0917333793401718,0.0814833282574736,-0.1438188069581985
P0479,2025-09-01,0.0904850843846798,0.0788114791455121,-0.1464891819119453
P0479,2025-10-01,0.1141719208240509,0.0846603356461054,-0.1629160725235939
P0479,2025-11-01,0.1160050558447837,0.0828812403154965,-0.1475983197510242
P0479,2025-12-01,0.1943219565749168,0.1301205515477608,-0.0381245371127501
P0480,2025-01-01,0.2926591218709946,0.1749226191177737,-0.0950640656150877
P0480,2025-02-01,0.5984681706666947,0.4265870508369228,0.1637481170379556
P0480,2025-03-01,0.6890199175357818,0.5898081835091895,0.263858690713346
P0480,2025-04-01,0.4742813551187515,0.3279227465389053,0.049807677246537
P0480,2025-05-01,0.2710565161943435,0.1685134836276135,-0.1325208381833043
P0480,2025-06-01,0.1830066582798958,0.1319942328963976,-0.1672679924488067
P0480,2025-07-01,0.146503595817089,0.1184639148906497,-0.1540337714195251
P0480,2025-08-01,0.1490071598172188,0.1190390635649229,-0.1470382509559392
P0480,2025-09-01,0.1420442267179489,0.1073140025948912,-0.1713245621323585
P0480,2025-10-01,0.1426195415735244,0.0948652834009853,-0.2118925363630056
P0480,2025-11-01,0.157697259581089,0.0991865238859022,-0.1985976958595216
P0480,2025-12-01,0.1892761874079704,0.0974441238926404,-0.1903019764006137
P0481,2025-01-01,0.5749094343662262,0.3591520194270425,0.0644566265208181
P0481,2025-02-01,0.9020338201522828,0.8123344874370746,0.4956814376354218
P0481,2025-03-01,0.8561124605178833,0.7947102668786132,0.4635804769039154
P0481,2025-04-01,0.6641722046852112,0.471193100165648,0.1952831905603408
P0481,2025-05-01,0.1728100733280181,0.0876121670876778,-0.2636844535589218
P0481,2025-06-01,0.1715036596536636,0.1055150556698016,-0.2484648652791977
P0481,2025-07-01,0.1535522698640823,0.1251917130184949,-0.1750131246805191
P0481,2025-08-01,0.1482585099101066,0.1202236412626719,-0.1714622634291648
P0481,2025-09-01,0.1435168792009353,0.086532373492126,-0.2740957189917564
P0481,2025-10-01,0.1650563449144363,0.0852320970580361,-0.2946285731077194
P0481,2025-11-01,0.1813762385368347,0.0927069034728689,-0.2740810298740864
P0481,2025-12-01,0.3019126996994019,0.1635478115202165,-0.1342582304426469
P0482,2025-01-01,0.297396030793339,0.1775705075839056,-0.1721848144590854
P0482,2025-02-01,0.5965908690087497,0.4001591651234977,0.1527772313644178
P0482,2025-03-01,0.7319228033721447,0.602001326274217,0.3448280981892254
P0482,2025-04-01,0.58095987091735,0.4635972295339039,0.18833608764861703
P0482,2025-05-01,0.4299969384625554,0.3251931327935908,0.0318440771080087
P0482,2025-06-01,0.2152134125653654,0.1435765791993425,-0.1414289628731087
P0482,2025-07-01,0.1714040118757635,0.1326994585401251,-0.1545417987823486
P0482,2025-08-01,0.1746968299591914,0.1349747782665626,-0.156252391025424
P0482,2025-09-01,0.1512920162983238,0.0953297275937363,-0.2548553924232721
P0482,2025-10-01,0.1533178889602422,0.0878289393431819,-0.2669508246861398
P0482,2025-11-01,0.1789091315969825,0.0910322207297841,-0.2461422804772854
P0482,2025-12-01,0.1911970156371593,0.0977733866512999,-0.257133537245728
P0483,2025-01-01,0.3086266155719757,0.1834009953944451,-0.1600187728285789
P0483,2025-02-01,0.6655416651248932,0.4083992864972625,0.1678985284965485
P0483,2025-03-01,0.7868201006889344,0.6355425861309031,0.3808581230878829
P0483,2025-04-01,0.7597387642383575,0.533744161495208,0.3336642952919006
P0483,2025-05-01,0.3799231106519699,0.1770860782967625,-0.0575886050455272
P0483,2025-06-01,0.2182174444198608,0.1251751033706469,-0.195838831949234
P0483,2025-07-01,0.1852581329703331,0.1219198744112109,-0.1775893957138061
P0483,2025-08-01,0.1538492807984352,0.1214656395230962,-0.1300411161899566
P0483,2025-09-01,0.1498728298068046,0.1103464848538161,-0.1901746758699417
P0483,2025-10-01,0.1878875170826912,0.0924113204337023,-0.2643295692920684
P0483,2025-11-01,0.2063495112299919,0.0963981693163839,-0.288404071688652
P0483,2025-12-01,0.2280582798957824,0.1194310001202681,-0.2296612255245447
P0484,2025-01-01,0.3533612353801727,0.2671360524592798,-0.1171405437486246
P0484,2025-02-01,0.6608530005931854,0.4349328466899614,0.1847260816562921
P0484,2025-03-01,0.7817059704780579,0.6525857297886338,0.3966333621263504
P0484,2025-04-01,0.8352764726161956,0.6971567233133583,0.4643090165138244
P0484,2025-05-01,0.578883090877533,0.3841255285519921,0.2127987124739215
P0484,2025-06-01,0.1879223109483719,0.1435444316092773,-0.073311286618933
P0484,2025-07-01,0.1609854265809059,0.1291877251842701,-0.0843532236233353
P0484,2025-08-01,0.1633670713901519,0.1222937085797229,-0.1199824689939618
P0484,2025-09-01,0.1578703832745552,0.0983204505718524,-0.261794013428688
P0484,2025-10-01,0.1922928663313388,0.0863308080127155,-0.3000250206500292
P0484,2025-11-01,0.2355408599615097,0.1029742600157789,-0.2722462128639221
P0484,2025-12-01,0.2332033745646476,0.1020643411268914,-0.2103350222695618
P0485,2025-01-01,0.3714558996677398,0.2076795554754136,-0.1985598026599735
P0485,2025-02-01,0.7799107100486755,0.4969437668079322,0.252864672986824
P0485,2025-03-01,0.808773805809021,0.6628821624619956,0.4283149616003036
P0485,2025-04-01,0.8622296146392823,0.6855662748228321,0.5133279609680176
P0485,2025-05-01,0.4381576139450073,0.2446720217178922,0.0265624891596497
P0485,2025-06-01,0.1942950795650482,0.1290920385681599,-0.1316363050606101
P0485,2025-07-01,0.1649981462240219,0.1319726426888633,-0.1126288956046104
P0485,2025-08-01,0.1688527440547943,0.1324785660694259,-0.1091455546438694
P0485,2025-09-01,0.1693533883094787,0.0902179538393603,-0.3091809039235115
P0485,2025-10-01,0.1844012834429741,0.0776286020343851,-0.3576412194728851
P0485,2025-11-01,0.2179137026786804,0.0813968811390001,-0.3538465672016144
P0485,2025-12-01,0.2284482982397079,0.0837799826903571,-0.2819300788998604
P0486,2025-01-01,0.2787843760251999,0.1781893830433523,-0.1775963721305131
P0486,2025-02-01,0.5904558696269989,0.3841342615951916,0.1111357807647436
P0486,2025-03-01,0.7917327542304993,0.7322030809742479,0.4065222888231277
P0486,2025-04-01,0.8608659363746644,0.706536727022314,0.4749852375507354
P0486,2025-05-01,0.6298203465938568,0.4273104613573205,0.2203009617845527
P0486,2025-06-01,0.2161431576967239,0.1509777892947681,-0.1070826291603967
P0486,2025-07-01,0.1572812431812286,0.1233263254418893,-0.1339851266086101
P0486,2025-08-01,0.1514375376701354,0.1198177278169142,-0.1314834264695644
P0486,2025-09-01,0.1456684712409973,0.1094556074993456,-0.2084530111074447
P0486,2025-10-01,0.2056588249921798,0.120862998917826,-0.2246495917916298
P0486,2025-11-01,0.2584683548927307,0.1578526331054493,-0.2008999667822383
P0486,2025-12-01,0.3032796159744262,0.1850727293086624,-0.1541560533511103
P0487,2025-01-01,0.3318155396938324,0.1829773723151171,-0.1975815618877532
P0487,2025-02-01,0.7519456879615783,0.4746772371530993,0.2387632193289697
P0487,2025-03-01,0.7795606077671051,0.6282952935335601,0.3968056107200682
P0487,2025-04-01,0.8503210163116455,0.4777427208025105,0.5143872246742248
P0487,2025-05-01,0.4612422749757767,0.3147099166028887,0.1080267691269982
P0487,2025-06-01,0.2197427419900894,0.1503032431131145,-0.0754397474484983
P0487,2025-07-01,0.1640988487482071,0.1313992990742321,-0.0974292539350688
P0487,2025-08-01,0.1599598332643509,0.1295292016610658,-0.101183586179465
P0487,2025-09-01,0.1502956841349601,0.100065133460784,-0.2259391467928886
P0487,2025-10-01,0.1630575376987457,0.0895073191517402,-0.296618524479866
P0487,2025-11-01,0.2142147845506668,0.0830589301908169,-0.3185183944940567
P0487,2025-12-01,0.2110781294822692,0.0811205294346001,-0.2955408471807838
P0488,2025-01-01,0.5249973939776421,0.33090628595858756,0.10723634685967182
P0488,2025-02-01,0.598850206565857,0.4055396264993915,0.1998440333578735
P0488,2025-03-01,0.6602921279907227,0.5136002518012941,0.2922480355845764
P0488,2025-04-01,0.8074524108734396,0.7243465282635677,0.4249852019905423
P0488,2025-05-01,0.7195303025245666,0.6140645228386366,0.3453868103951216
P0488,2025-06-01,0.3727892634391784,0.2910762877455665,0.0583543334079207
P0488,2025-07-01,0.2063534720897674,0.149033014296836,-0.0747275107464753
P0488,2025-08-01,0.1559109132170677,0.1027986856610401,-0.140065755775012
P0488,2025-09-01,0.1414252097964286,0.085106641650014,-0.1707871794879436
P0488,2025-10-01,0.1635734299182892,0.0681640455654735,-0.2566191312670707
P0488,2025-11-01,0.2078921242237091,0.0902563336242815,-0.1745728030691854
P0488,2025-12-01,0.2860590975284576,0.1352332832127908,-0.1169078799463808
P0489,2025-01-01,0.3659103285312652,0.2265503603840226,-0.1306516226192936
P0489,2025-02-01,0.5762857103586196,0.3775940407351424,0.1113841316514648
P0489,2025-03-01,0.6883839272975921,0.5459824501232502,0.2885448057822883
P0489,2025-04-01,0.803451052570343,0.778416584394602,0.4414476911991835
P0489,2025-05-01,0.597241756105423,0.4625135526243392,0.1832898992411792
P0489,2025-06-01,0.2503146762132645,0.1809889910155986,-0.0919671790607273
P0489,2025-07-01,0.2022775486826896,0.1571128102252066,-0.1120297483865171
P0489,2025-08-01,0.1886526171326637,0.1445362611619491,-0.1290752795889973
P0489,2025-09-01,0.1776630634188652,0.1172208357291118,-0.2140011474475264
P0489,2025-10-01,0.1915643103957176,0.1054790268636963,-0.2532666030640888
P0489,2025-11-01,0.2370349837064743,0.1148089233140331,-0.2450867224633693
P0489,2025-12-01,0.1996544462680816,0.1155191523406881,-0.083060069681704
P0490,2025-01-01,0.5753927535533905,0.3472361085404106,0.0846171876117587
P0490,2025-02-01,0.8479648034095764,0.7343573831765999,0.4112291611909866
P0490,2025-03-01,0.8265936782836915,0.7826405036268126,0.4646904744625091
P0490,2025-04-01,0.7048217497825623,0.5312216042831417,0.2895503376722336
P0490,2025-05-01,0.2227545974969864,0.1361535228205659,-0.1747224534034729
P0490,2025-06-01,0.1972451765060424,0.1289109895284677,-0.2027761872053146
P0490,2025-07-01,0.1635067549705505,0.1250325792307617,-0.1825633951187134
P0490,2025-08-01,0.1710750831842422,0.1311014542658809,-0.164244611287117
P0490,2025-09-01,0.1706078372955322,0.123830346319131,-0.2006674166202545
P0490,2025-10-01,0.1845531508445739,0.0978264202705223,-0.2754097749471664
P0490,2025-11-01,0.1963251508951187,0.0994888432747965,-0.2722289078235626
P0490,2025-12-01,0.4062006018161773,0.2314900675218344,-0.0056045355105263
P0491,2025-01-01,0.4148963047742843,0.2936705780907215,0.0287348772332072
P0491,2025-02-01,0.6678122755050659,0.5253369750418416,0.260091977856867
P0491,2025-03-01,0.630970368051529,0.5454091463406006,0.273428545960784
P0491,2025-04-01,0.5664166226983071,0.4075910029064259,0.1606535256921313
P0491,2025-05-01,0.2024831738710403,0.1358981731529064,-0.1656547083519399
P0491,2025-06-01,0.1692452731966972,0.1267659718179598,-0.1756033386230468
P0491,2025-07-01,0.1416665642738342,0.1121381768048024,-0.1595055600523948
P0491,2025-08-01,0.1418835514307022,0.111340715748463,-0.1610225801050663
P0491,2025-09-01,0.1385239388108253,0.1026276801171899,-0.1801772985458374
P0491,2025-10-01,0.1522766706824302,0.1016029359754298,-0.2026146923035383
P0491,2025-11-01,0.1665533959746361,0.1039539092316638,-0.1861401023551821
P0491,2025-12-01,0.1889856089353561,0.104981169881717,-0.1575822111713583
P0492,2025-01-01,0.3914499628543854,0.2867625994729638,0.0178243252105312
P0492,2025-02-01,0.5792541461706161,0.4484639274521405,0.1956091280859429
P0492,2025-03-01,0.5869551919937134,0.5006020638082347,0.2119244771372526
P0492,2025-04-01,0.4232395020723343,0.3100568848119672,0.0384550025073811
P0492,2025-05-01,0.2643129551291466,0.1819551028963506,-0.1100130732946097
P0492,2025-06-01,0.1947130748152732,0.1527246599174221,-0.1438193509101867
P0492,2025-07-01,0.1513152951598167,0.121923197980644,-0.1520512049853801
P0492,2025-08-01,0.1487150823831558,0.1181260666156172,-0.1585834291219711
P0492,2025-09-01,0.1385578841209411,0.1070852482177551,-0.1767153754591942
P0492,2025-10-01,0.1741718381762504,0.1276969692210868,-0.1774647175014019
P0492,2025-11-01,0.1819818073272705,0.1258104916825112,-0.1704884202852845
P0492,2025-12-01,0.2063229576826095,0.1300542426166881,-0.1286155924328661
P0493,2025-01-01,0.3233431646866457,0.286219646169297,-0.0093431199583326
P0493,2025-02-01,0.6766359117269516,0.4526391835324913,0.2305349033770151
P0493,2025-03-01,0.7427265803337098,0.6220242280324927,0.3868431822769809
P0493,2025-04-01,0.7962024158477783,0.6560941956568888,0.4183857902653515
P0493,2025-05-01,0.6800285671710968,0.4738315923218373,0.2480007849878398
P0493,2025-06-01,0.2546784757852554,0.1770858751281971,-0.0755373778440174
P0493,2025-07-01,0.1832958858966827,0.1393759932644648,-0.1070849282413721
P0493,2025-08-01,0.1647888869524002,0.1265042186853304,-0.1181311296343803
P0493,2025-09-01,0.1545473697900772,0.1097819249152716,-0.1679432812035083
P0493,2025-10-01,0.21303591299057,0.1054845657505666,-0.2383222003344446
P0493,2025-11-01,0.2566061773300171,0.1241258909514925,-0.1699301027363166
P0493,2025-12-01,0.2629236288785934,0.1302106240722009,-0.1818701993893832
P0494,2025-01-01,0.3183387956738472,0.1786757894746887,-0.0943152749933302
P0494,2025-02-01,0.3954169864654541,0.2324082653067297,-0.0370283749404363
P0494,2025-03-01,0.445929391169548,0.3159323488934721,0.0529723622901598
P0494,2025-04-01,0.3852678659200668,0.2459862643282768,-0.0577181250167544
P0494,2025-05-01,0.336618909227848,0.2114303173429725,-0.0853180935384705
P0494,2025-06-01,0.2568918783664703,0.17078575586271,-0.1409970720756799
P0494,2025-07-01,0.2193078636288642,0.1445449758481468,-0.1525703260079026
P0494,2025-08-01,0.2294315284729003,0.148354686421531,-0.1492460566863417
P0494,2025-09-01,0.2288623251795769,0.1393373154375375,-0.1590171051733195
P0494,2025-10-01,0.2489812725901603,0.1375753358917051,-0.1729807442540303
P0494,2025-11-01,0.2660456812620163,0.1403996572243552,-0.1519545879903249
P0494,2025-12-01,0.2993300828576088,0.148238324521322,-0.1311066232068929
P0495,2025-01-01,0.4028408582210541,0.2463418174620502,-0.1205530281693674
P0495,2025-02-01,0.7155807577610016,0.4643039357208681,0.2106932741293683
P0495,2025-03-01,0.7808866889953613,0.6217520019363758,0.3909561904907226
P0495,2025-04-01,0.8326325657844543,0.7354857376266868,0.469307003891468
P0495,2025-05-01,0.6379070970058441,0.4651473143150748,0.2405584672514349
P0495,2025-06-01,0.2757689366817474,0.2023563884438121,-0.061919399994739
P0495,2025-07-01,0.2179035376310348,0.1699661046028217,-0.0917515473982319
P0495,2025-08-01,0.2114743234038353,0.1612758879713947,-0.1025326457926072
P0495,2025-09-01,0.1887786123752594,0.1274751010291913,-0.1898609344765544
P0495,2025-10-01,0.2106955152511596,0.0857116452534138,-0.3220936311520636
P0495,2025-11-01,0.2494938076257705,0.0947932728767642,-0.3022310290571302
P0495,2025-12-01,0.256117246389389,0.0999248572537229,-0.2973071021862328
P0496,2025-01-01,0.4893153778553009,0.324977144996199,-0.0314529041919857
P0496,2025-02-01,0.798882508802414,0.56607124223274,0.3333766840036958
P0496,2025-03-01,0.8703311703681946,0.7053501225697566,0.4772744753734209
P0496,2025-04-01,0.8834249797878386,0.7435237396764178,0.5446395418972154
P0496,2025-05-01,0.516379989528656,0.3313707464046697,0.1506248257087543
P0496,2025-06-01,0.2491243695497512,0.1773908321232525,-0.0553612826107622
P0496,2025-07-01,0.1939832435369491,0.1515612237753346,-0.0893671668611467
P0496,2025-08-01,0.1851629711985588,0.144644594744165,-0.0889071324393153
P0496,2025-09-01,0.181502487552166,0.1210917911565166,-0.198912303301692
P0496,2025-10-01,0.2106370414257049,0.095793166641998,-0.3005359903678298
P0496,2025-11-01,0.266347932767868,0.1198392272980718,-0.2602600819725543
P0496,2025-12-01,0.2983692818403244,0.140402504484001,-0.2372062801946886
P0497,2025-01-01,0.49350024933815,0.2880791718034754,-0.0116314703121723
P0497,2025-02-01,0.8195526141166687,0.6200847246792528,0.3515635948181152
P0497,2025-03-01,0.8396257884979248,0.7598849311761842,0.4394088675975799
P0497,2025-04-01,0.8440772092342377,0.6650640540035173,0.3992565430879592
P0497,2025-05-01,0.1866434379577636,0.0998027392120563,-0.2332371763825416
P0497,2025-06-01,0.1623381511688232,0.1037561627775332,-0.2246891369581222
P0497,2025-07-01,0.1423723151564598,0.1163914402510455,-0.1606001073956489
P0497,2025-08-01,0.1470603774785995,0.1187705987706105,-0.1547233628153801
P0497,2025-09-01,0.1411107107520103,0.0980017661580906,-0.2352198252439498
P0497,2025-10-01,0.168216071653366,0.097792259658088,-0.2744445646047592
P0497,2025-11-01,0.1821835072636604,0.1024460377971255,-0.2543871167898178
P0497,2025-12-01,0.3204226696252822,0.1684056672580149,-0.096063715365529
P0498,2025-01-01,0.3433154683621203,0.4088160267137349,0.0124185813488543
P0498,2025-02-01,0.7770164231777191,0.5522477610532146,0.3275993700951338
P0498,2025-03-01,0.8036990401744842,0.700705410040321,0.4137723348021507
P0498,2025-04-01,0.7542487082004548,0.5571825886254385,0.3748005121327936
P0498,2025-05-01,0.4771154853820801,0.3022447734679739,0.1178647553076036
P0498,2025-06-01,0.257005519747734,0.1872049912648744,-0.0610151338409166
P0498,2025-07-01,0.2085056371927261,0.1613656872416018,-0.0810016001541866
P0498,2025-08-01,0.1946299435853958,0.1526995659029557,-0.0757770354914478
P0498,2025-09-01,0.1851096959710121,0.1289096965520899,-0.164639077937603
P0498,2025-10-01,0.2072402777433395,0.1172317998256697,-0.2015815621306188
P0498,2025-11-01,0.2510385425329208,0.1411125056877795,-0.1685310050925705
P0498,2025-12-01,0.3510132745981216,0.1969592731834831,-0.1092875667240936
P0499,2025-01-01,0.2235805667877197,0.1353733275064622,-0.1415175108115654
P0499,2025-02-01,0.3754001972675324,0.25794556156647,-0.0026990796916652
P0499,2025-03-01,0.5010264011144638,0.3793782523042196,0.1430417777543887
P0499,2025-04-01,0.4360456669569015,0.3140172316287651,0.0761079731710022
P0499,2025-05-01,0.157023683822155,0.1090841581747237,-0.1509354294672608
P0499,2025-06-01,0.1475465003728866,0.1066892296885218,-0.1557464434206485
P0499,2025-07-01,0.1202308568358421,0.0877144832481728,-0.1723085902929306
P0499,2025-08-01,0.1182778026938438,0.0815293558206812,-0.1957540223002433
P0499,2025-09-01,0.111996816265583,0.0728942421231871,-0.2123424036502838
P0499,2025-10-01,0.1259923973798752,0.0668982935068123,-0.2283281032443046
P0499,2025-11-01,0.1336635603666305,0.0648150892460665,-0.2110792689025402
P0499,2025-12-01,0.2069395459890365,0.0982031654652765,-0.1858321234002709
P0500,2025-01-01,0.2369851771950721,0.1209746523402649,-0.1259245225511491
P0500,2025-02-01,0.4996817177295685,0.3499360217922155,0.0788408892876934
P0500,2025-03-01,0.7301626384735107,0.6360880001855309,0.3482414259314537
P0500,2025-04-01,0.5648522233724594,0.4008565439993621,0.1505034719588933
P0500,2025-05-01,0.2578766747713089,0.1668510793110857,-0.1282353273779153
P0500,2025-06-01,0.114636647427082,0.0791640509281909,-0.2156218136787414
P0500,2025-07-01,0.0973262999057769,0.066853214661712,-0.2242204990386962
P0500,2025-08-01,0.1056100566744804,0.0686957462996333,-0.235071040558815
P0500,2025-09-01,0.1116172261238098,0.0715079186189889,-0.2407049402475357
P0500,2025-10-01,0.1252173846244812,0.0792069132191078,-0.2394378636121749
P0500,2025-11-01,0.1427513694047928,0.0734348290544459,-0.255398868227005
P0500,2025-12-01,0.158109329855442,0.0689233098194604,-0.2404238700866699
P0501,2025-01-01,0.3283371239900589,0.2025128059356485,-0.1577327063642442
P0501,2025-02-01,0.4989279883861541,0.4354854327512844,0.1611315112352371
P0501,2025-03-01,0.7941072878837585,0.6728049551409404,0.4390220672663301
P0501,2025-04-01,0.6408406680464744,0.49529362567102925,0.2826304938000893
P0501,2025-05-01,0.4875740482091903,0.3177822962011181,0.1262389203338486
P0501,2025-06-01,0.2188785926580429,0.1449665251100117,-0.1134970336833503
P0501,2025-07-01,0.1625026680469513,0.1294269867223869,-0.1106881620690226
P0501,2025-08-01,0.1561863629579544,0.120602242299157,-0.1352387195050716
P0501,2025-09-01,0.1510862407565117,0.1061997014814483,-0.2151294234514236
P0501,2025-10-01,0.1596057516932487,0.086771075605017,-0.2767999700069427
P0501,2025-11-01,0.1957387206315994,0.0977490688544165,-0.2457845786347985
P0501,2025-12-01,0.2358849051475525,0.1045916269949082,-0.232064459991455
P0502,2025-01-01,0.2687229178071022,0.178452232434153,-0.1003687946687219
P0502,2025-02-01,0.4883890316724777,0.3287879525490408,0.1024929638786996
P0502,2025-03-01,0.6832370925664901,0.5656426834099157,0.3346275846719742
P0502,2025-04-01,0.6459348167181015,0.5406484156348971,0.3042874200141989
P0502,2025-05-01,0.3846133589506149,0.2562971010023314,0.0260074190679239
P0502,2025-06-01,0.1688799242615699,0.1270562176434209,-0.137263885897398
P0502,2025-07-01,0.1419334210276603,0.1141931852697507,-0.1189142500281334
P0502,2025-08-01,0.1484501201629638,0.1130017982854428,-0.1250786076784134
P0502,2025-09-01,0.1345568272948265,0.0964682184279521,-0.1717434447050094
P0502,2025-10-01,0.1434617794632911,0.087353379697704,-0.2049966701447963
P0502,2025-11-01,0.1655188847661018,0.0934894804109794,-0.1908277593329548
P0502,2025-12-01,0.3044140415072441,0.1761385241017015,-0.09969837426804
P0503,2025-01-01,0.3203692511558533,0.2087644268383974,-0.0564929041102062
P0503,2025-02-01,0.6564818861246109,0.4614649382214514,0.2040129262358183
P0503,2025-03-01,0.7238398390293121,0.6006080685730231,0.305902956789732
P0503,2025-04-01,0.4615679191470146,0.3128454243142248,0.0501236691195475
P0503,2025-05-01,0.2347031309008598,0.1479142766204522,-0.1389718545771203
P0503,2025-06-01,0.1911232166051864,0.1366786533662891,-0.1599544636131264
P0503,2025-07-01,0.1473590032339096,0.1192041714853493,-0.1664788915075361
P0503,2025-08-01,0.1476619141578674,0.1158652423614761,-0.1647624192163348
P0503,2025-09-01,0.1400720022559166,0.0992829115437184,-0.202255258513987
P0503,2025-10-01,0.1461954311370849,0.1029969652596441,-0.193386263477616
P0503,2025-11-01,0.1732098244905471,0.1087950486148201,-0.1999596164353191
P0503,2025-12-01,0.2012727859735489,0.122875233324367,-0.1632850535109639
P0504,2025-01-01,0.556413173866272,0.3826665860446115,0.1424395224135369
P0504,2025-02-01,0.7528268314361573,0.6090905351365838,0.3774610416024923
P0504,2025-03-01,0.6548610154151917,0.5325135168439792,0.2778920227050781
P0504,2025-04-01,0.3471905315876007,0.2446798466288867,-0.0255651763077359
P0504,2025-05-01,0.2674318348884582,0.1898247396950744,-0.1127090162944048
P0504,2025-06-01,0.2022571238279342,0.1581741320511579,-0.1372031752133742
P0504,2025-07-01,0.1605483479022979,0.1295291385127017,-0.1469488422654569
P0504,2025-08-01,0.1601512687563896,0.125928636268379,-0.1548118923008442
P0504,2025-09-01,0.1552307124018669,0.116491297833952,-0.1780580661542713
P0504,2025-10-01,0.1616234586477279,0.1135963391649821,-0.2100963123083114
P0504,2025-11-01,0.1767134085178375,0.1206208416786378,-0.1883218956444412
P0504,2025-12-01,0.2088453141927719,0.1213583998275308,-0.1642627874257043
P0505,2025-01-01,0.3689246849298477,0.3088984851264407,-0.065711867240956
P0505,2025-02-01,0.72652742395401,0.5198760211371874,0.2524215697180247
P0505,2025-03-01,0.8028978279590606,0.7089318055120293,0.4331504019498825
P0505,2025-04-01,0.8557900435447693,0.732916968053975,0.4916746465563774
P0505,2025-05-01,0.6461834560871125,0.4427589972339817,0.2659233055822551
P0505,2025-06-01,0.2713030291080475,0.1868857624992057,-0.0608673366367831
P0505,2025-07-01,0.2034981452465057,0.1532337843082704,-0.1041172779127489
P0505,2025-08-01,0.1973041508555412,0.1498144562570987,-0.1102208848341833
P0505,2025-09-01,0.1781159565329551,0.120706361999482,-0.1955040889091789
P0505,2025-10-01,0.1756181389689445,0.0965642135143605,-0.2711245705386624
P0505,2025-11-01,0.2262772872686386,0.1112247896270554,-0.2460006256224587
P0505,2025-12-01,0.3418418908834457,0.1806193547046171,-0.1673401050819549
P0506,2025-01-01,0.3412949736776023,0.3662043475966321,0.1554109988541438
P0506,2025-02-01,0.7223347070217132,0.4888601572797257,0.2863990781627595
P0506,2025-03-01,0.7239687653541564,0.4943818650781649,0.356071049618721
P0506,2025-04-01,0.78563796377182,0.608577405618922,0.4099987268447876
P0506,2025-05-01,0.6865752150535583,0.4734722142490268,0.3039740669779479
P0506,2025-06-01,0.4190863911390304,0.3038798818017291,0.0945843477316666
P0506,2025-07-01,0.2866583652734756,0.1825489990574599,-0.0948223531391471
P0506,2025-08-01,0.2419032720804214,0.1465763355291491,-0.1537656367957592
P0506,2025-09-01,0.1761502385735511,0.074019273426355,-0.2889623066663742
P0506,2025-10-01,0.1904240334630012,0.0733773805068603,-0.3055299008369446
P0506,2025-11-01,0.2157217509508133,0.0755287448759414,-0.2560580284237861
P0506,2025-12-01,0.2655106185913086,0.1049946152660618,-0.2310418136715889
P0507,2025-01-01,0.2374045557618141,0.1702900336080063,-0.1118806522406637
P0507,2025-02-01,0.3963686697721481,0.25644474270871,0.0205220319067707
P0507,2025-03-01,0.5772908600330353,0.431288838892865,0.1646393728755414
P0507,2025-04-01,0.4450055448770523,0.312930367060448,0.0523290214044507
P0507,2025-05-01,0.2131486241221428,0.1318556743699833,-0.1376600614167749
P0507,2025-06-01,0.1526376753091812,0.1161021001083628,-0.1666642975531518
P0507,2025-07-01,0.1330459233283996,0.1056428351878622,-0.1571493580758571
P0507,2025-08-01,0.1317279223382473,0.1048710896480299,-0.1511923021644353
P0507,2025-09-01,0.1260228835701942,0.0993124253448622,-0.1621744997382164
P0507,2025-10-01,0.1348544946432113,0.099230103887163,-0.1701257080368697
P0507,2025-11-01,0.1515169191241264,0.0934196172035174,-0.1810752355873584
P0507,2025-12-01,0.1808500804424286,0.1042321219376163,-0.1573592411108315
P0508,2025-01-01,0.2784379277467728,0.171631432320635,-0.1665835539579391
P0508,2025-02-01,0.6097123426437377,0.3992061880432104,0.1646103866262361
P0508,2025-03-01,0.8134873861312866,0.7134287999882438,0.4150212846040725
P0508,2025-04-01,0.6053929824829101,0.48583803465828124,0.22136586652114051
P0508,2025-05-01,0.3972985788345337,0.2582472693283186,0.0277104484382085
P0508,2025-06-01,0.1767737498044967,0.1270348551689624,-0.1356741784989834
P0508,2025-07-01,0.1425441729664802,0.1143342473238938,-0.1253947949647903
P0508,2025-08-01,0.1402093264698982,0.1119921554431148,-0.1198854003190994
P0508,2025-09-01,0.1352065019369125,0.096990482119628,-0.196465484380722
P0508,2025-10-01,0.1478265850543975,0.0587371385230402,-0.2894075977802277
P0508,2025-11-01,0.1789196322798729,0.0806784614912858,-0.2654081271529198
P0508,2025-12-01,0.2570555841207504,0.0922883853156125,-0.1442511572022991
P0509,2025-01-01,0.342498430120945,0.2207648987608636,-0.0574851959891617
P0509,2025-02-01,0.5256412901878357,0.3363385317972923,0.0815253705459528
P0509,2025-03-01,0.5163653172254562,0.3842601219536136,0.1064079987556207
P0509,2025-04-01,0.4516287035942077,0.3125804981823173,0.038824307413407
P0509,2025-05-01,0.2933621575713158,0.1923355303659076,-0.0958775190830696
P0509,2025-06-01,0.2265047623038291,0.1582504951360608,-0.1272668018474243
P0509,2025-07-01,0.1995632264614105,0.1467508750420801,-0.1338032477140426
P0509,2025-08-01,0.2182514992475509,0.1469038376903241,-0.1347987934287637
P0509,2025-09-01,0.2183654238939285,0.1465719977568267,-0.1400258683388121
P0509,2025-10-01,0.2624394919991493,0.1529930207160181,-0.140164268950466
P0509,2025-11-01,0.2910615905761718,0.1711186853775894,-0.1041649215095676
P0509,2025-12-01,0.3152378811478615,0.1703250184024254,-0.0814434647629037
P0510,2025-01-01,0.3100247741937637,0.1776570889415079,-0.1384868271269995
P0510,2025-02-01,0.5185745041370392,0.3286363600764589,0.0537284670679131
P0510,2025-03-01,0.6086651083946228,0.4370462453423579,0.1709791729660705
P0510,2025-04-01,0.5894439989566803,0.4024041854656404,0.1293374305872246
P0510,2025-05-01,0.2291491931080818,0.1337891318308324,-0.1604406122643966
P0510,2025-06-01,0.1681648576617241,0.1166920091032385,-0.1841268767595291
P0510,2025-07-01,0.1340094403624534,0.1003676820119556,-0.1633184236615896
P0510,2025-08-01,0.1396339973449707,0.1008672320810654,-0.167784317561984
P0510,2025-09-01,0.1384660687327385,0.0926008252951844,-0.2117404433369636
P0510,2025-10-01,0.202572772526741,0.119457928288685,-0.1995872671559453
P0510,2025-11-01,0.2069168254256248,0.1013941636108291,-0.2194202690580859
P0510,2025-12-01,0.2285935291886329,0.1181095951541876,-0.1868164564517326
P0511,2025-01-01,0.422467207429777,0.3626567692634642,-0.0029162458616927
P0511,2025-02-01,0.7753283032417297,0.5349222957605049,0.3103105460457503
P0511,2025-03-01,0.8107315896987916,0.6719099167659258,0.3837978892207145
P0511,2025-04-01,0.7619089519500732,0.6138220110636312,0.3686967744350433
P0511,2025-05-01,0.5195715788125992,0.3779391256548306,0.1746326014466583
P0511,2025-06-01,0.2945846795082092,0.2015352365791508,-0.0590376336604356
P0511,2025-07-01,0.1948909022212028,0.1445205844320327,-0.1156636652506887
P0511,2025-08-01,0.1740652805805206,0.1291845019143202,-0.1247660763651132
P0511,2025-09-01,0.1569495486378669,0.1081146207033599,-0.1773154554367065
P0511,2025-10-01,0.1645515373826027,0.0903918006641961,-0.2330856152623892
P0511,2025-11-01,0.2394508226037025,0.1039788052010112,-0.1936857045542449
P0511,2025-12-01,0.2826251534700393,0.1155571495061313,-0.1987299906294793
P0512,2025-01-01,0.4894748977184295,0.292962099037396,0.0091921228672261
P0512,2025-02-01,0.8642647131443024,0.6817590363554871,0.424129722070694
P0512,2025-03-01,0.8132347620010376,0.7453237645870734,0.4420512195110321
P0512,2025-04-01,0.7375052048683166,0.5338867779597437,0.2970222002744674
P0512,2025-05-01,0.219497662782669,0.1193979381573279,-0.192618887585575
P0512,2025-06-01,0.1810210943460464,0.1096934583973824,-0.2113944482279941
P0512,2025-07-01,0.1511265571594238,0.1077752142139613,-0.1813751760363579
P0512,2025-08-01,0.1423822407484054,0.1140202238473943,-0.1574058180153369
P0512,2025-09-01,0.1356594341754913,0.0911102944640402,-0.2322541416883468
P0512,2025-10-01,0.1485046991348266,0.1000031471981075,-0.2203018334388733
P0512,2025-11-01,0.1575453914284706,0.0992255765583602,-0.2240846833527088
P0512,2025-12-01,0.1862769041538238,0.0926867811149778,-0.2158640344444662
P0513,2025-01-01,0.3183717208743095,0.2443632824925622,-0.0362605305436765
P0513,2025-02-01,0.6198263058423996,0.4749282778725632,0.2341135478488169
P0513,2025-03-01,0.7152723209381103,0.6292399715427357,0.3615119407773018
P0513,2025-04-01,0.5809206945180893,0.4202529732621227,0.181639944743365
P0513,2025-05-01,0.279788313293457,0.1715802445496584,-0.1288325777931138
P0513,2025-06-01,0.1879770624518394,0.146430852482938,-0.1579504806578159
P0513,2025-07-01,0.1510437296986579,0.125766007645006,-0.1560035708010196
P0513,2025-08-01,0.1474965215325355,0.1235628161000321,-0.1486534947931766
P0513,2025-09-01,0.1299962066531181,0.106227719379852,-0.1782090674519539
P0513,2025-10-01,0.1322256349444389,0.0941962775041608,-0.200640400660038
P0513,2025-11-01,0.1451007503032684,0.1020562912423616,-0.1687679991722107
P0513,2025-12-01,0.1531692155122757,0.1077338410249243,-0.1620137834370136
P0514,2025-01-01,0.7094929193973541,0.5673121860685455,0.2677768559098243
P0514,2025-02-01,0.9083176743030548,0.8949222296700895,0.5073156697034836
P0514,2025-03-01,0.7382707382678986,0.6903046558690509,0.4493795418687165
P0514,2025-04-01,0.790809782576561,0.6118033852535687,0.439762960774498
P0514,2025-05-01,0.2808679969549179,0.1519328652756237,-0.2058458712100982
P0514,2025-06-01,0.2329113841056823,0.1454799941437187,-0.1994753453969955
P0514,2025-07-01,0.1502766692399978,0.1244261531283638,-0.1612247656345367
P0514,2025-08-01,0.1368575743198394,0.1128819147790657,-0.1561315122365951
P0514,2025-09-01,0.1178404207468032,0.0885421455178298,-0.2090243097305298
P0514,2025-10-01,0.1886656413078308,0.1414133831181337,-0.1676477700021117
P0514,2025-11-01,0.1604073482513427,0.1029765406328164,-0.2150022966273129
P0514,2025-12-01,0.1786439800977707,0.0952344923744479,-0.1861147632055916
P0515,2025-01-01,0.3386463351249695,0.2029832973798763,-0.1148474241721699
P0515,2025-02-01,0.7402392247200013,0.5410698813755562,0.2694920227915048
P0515,2025-03-01,0.7260483397483826,0.5986021831833597,0.3058084270477295
P0515,2025-04-01,0.4427178490877151,0.2784727903949165,0.009986881713476
P0515,2025-05-01,0.2707489161014557,0.1504818450217484,-0.1550564268231392
P0515,2025-06-01,0.1830393966555595,0.124977655798879,-0.1737989995598793
P0515,2025-07-01,0.1416761242628097,0.1117937638327823,-0.1699773663759231
P0515,2025-08-01,0.1427912850379943,0.1123180007924718,-0.1626676730751991
P0515,2025-09-01,0.1349246930360794,0.0991475824869772,-0.1993545339345932
P0515,2025-10-01,0.1315667432665825,0.0896066246142626,-0.2359970785439014
P0515,2025-11-01,0.1460681055665016,0.0916724212457216,-0.2352285277180373
P0515,2025-12-01,0.1540860842823982,0.0877646084411345,-0.2233688075616955
P0516,2025-01-01,0.9007080202102661,0.7542834403031958,0.4879510061740875
P0516,2025-02-01,0.942745736694336,0.865889659275088,0.5676577513217926
P0516,2025-03-01,0.7856458512306214,0.6866474036991632,0.4329053912162781
P0516,2025-04-01,0.407164787197113,0.29697252351765,0.0379370318604284
P0516,2025-05-01,0.1827554495096206,0.1083889265328169,-0.2426843706406652
P0516,2025-06-01,0.1848753977060317,0.1160471932557605,-0.2379892932713031
P0516,2025-07-01,0.1706735621452331,0.1087295044648061,-0.2431463075518608
P0516,2025-08-01,0.1664956878185272,0.1026426690774991,-0.2443084076762199
P0516,2025-09-01,0.1760699038267135,0.0925847917306637,-0.2801278623700142
P0516,2025-10-01,0.2147413281440734,0.1010125421269913,-0.3087460806936025
P0516,2025-11-01,0.2401870294332504,0.1150382235240966,-0.258167202206701
P0516,2025-12-01,0.28520072889328,0.1253513988332832,-0.2009585196331143
P0517,2025-01-01,0.6229092532634735,0.451819771565802,0.0646712696826551
P0517,2025-02-01,0.8771961273193359,0.6782324660383245,0.4267298160851002
P0517,2025-03-01,0.8748172401428222,0.7911386179885911,0.51672924118042
P0517,2025-04-01,0.9027496049880982,0.8403140576537717,0.5600663017272949
P0517,2025-05-01,0.5865962852478027,0.4014959164633948,0.2575078411893919
P0517,2025-06-01,0.2001990697860717,0.1425479690696351,-0.0618994039207696
P0517,2025-07-01,0.1807906018733978,0.1384520354397234,-0.0619936093561351
P0517,2025-08-01,0.1586337970256805,0.1332688733085789,-0.0753212796300649
P0517,2025-09-01,0.1537969199776649,0.1205067471224142,-0.1570040846347808
P0517,2025-10-01,0.2007417387008667,0.0847924720354974,-0.3511533770963549
P0517,2025-11-01,0.2379136497020721,0.104259927814742,-0.3261563166692853
P0517,2025-12-01,0.2888091316461563,0.1893738874102429,-0.1401946947936899
P0518,2025-01-01,0.4004040415763855,0.27640242950077,0.0078535859804698
P0518,2025-02-01,0.5798510471820831,0.4088654786134043,0.1886091483688214
P0518,2025-03-01,0.5549542017698288,0.4281578717895689,0.193042027939111
P0518,2025-04-01,0.344971873831749,0.2295088753330457,-0.0530623548385687
P0518,2025-05-01,0.1980278726458549,0.1372261885217754,-0.1466966347873211
P0518,2025-06-01,0.1830310141682624,0.1367533049216499,-0.1474723587155342
P0518,2025-07-01,0.1504006988286972,0.1154322150504425,-0.1609095212578773
P0518,2025-08-01,0.1591957444787025,0.1170657432990809,-0.1726052388310432
P0518,2025-09-01,0.1531455762982368,0.1073400958409019,-0.1849655958414078
P0518,2025-10-01,0.1627561043262481,0.10579085520253,-0.2062842708945274
P0518,2025-11-01,0.1797417234182357,0.1104899685765428,-0.1934841699123382
P0518,2025-12-01,0.2015074576497078,0.1093025883649316,-0.1716071159362793
P0519,2025-01-01,0.2937132959365844,0.196084202110527,-0.1004320124418009
P0519,2025-02-01,0.5506375843524933,0.3612523548458553,0.1175656942572444
P0519,2025-03-01,0.6841547138214111,0.5706269268974621,0.2912177279822528
P0519,2025-04-01,0.7088291383743286,0.5745790914800382,0.2935522425934672
P0519,2025-05-01,0.497673455619812,0.3296887162247227,0.0807616112231044
P0519,2025-06-01,0.2306349140167236,0.1638755773411189,-0.1320506461672485
P0519,2025-07-01,0.1766765670657158,0.1415229643357559,-0.1267321382343769
P0519,2025-08-01,0.1737036837816238,0.1383452654193883,-0.1210854231536388
P0519,2025-09-01,0.1683367720842361,0.1277811949984006,-0.1774785601973533
P0519,2025-10-01,0.2160976595878601,0.1430471249955281,-0.1651876708570867
P0519,2025-11-01,0.229147945356369,0.1513430183390191,-0.1440110156455543
P0519,2025-12-01,0.2661804252624511,0.1611865417127046,-0.1205398924179375
P0520,2025-01-01,0.2702769075870514,0.1827397301147212,-0.0886242755763232
P0520,2025-02-01,0.6075022852897644,0.4403627762567758,0.1724555957989767
P0520,2025-03-01,0.7302565450668335,0.6249679138211918,0.3306559528112411
P0520,2025-04-01,0.6065437004089356,0.4343505382477768,0.1544233125511556
P0520,2025-05-01,0.2513872344493866,0.148425623474224,-0.1586079721093178
P0520,2025-06-01,0.1978140484809875,0.1317892012238372,-0.1915219988465309
P0520,2025-07-01,0.1633697986960411,0.1279951602054805,-0.1522186875581741
P0520,2025-08-01,0.1642791870951652,0.134599355452736,-0.1361299484491348
P0520,2025-09-01,0.1507121747016906,0.1140094686935992,-0.1942964515566826
P0520,2025-10-01,0.1447735914349556,0.1056595060689923,-0.2168643813848495
P0520,2025-11-01,0.1536620025873184,0.1080708661797805,-0.2081982067227363
P0520,2025-12-01,0.165382661807537,0.1098117495768013,-0.1979754424393177
P0521,2025-01-01,0.3025004167199134,0.1559290361221089,-0.2198322156906128
P0521,2025-02-01,0.7657059171676636,0.528476186673359,0.2860203847307013
P0521,2025-03-01,0.8433875952005386,0.7777176380809986,0.4737591052532196
P0521,2025-04-01,0.6494247515996298,0.3222315037978148,0.4450410703818003
P0521,2025-05-01,0.3253237275838851,0.1866774392376444,-0.0337173606195939
P0521,2025-06-01,0.1722123215079307,0.1279405214880613,-0.1534607897520065
P0521,2025-07-01,0.1549169461369514,0.122585397263561,-0.1463567660808563
P0521,2025-08-01,0.1505455493569374,0.1187272969191412,-0.1525303399562835
P0521,2025-09-01,0.1384753533661365,0.0898371371815771,-0.2540646618485451
P0521,2025-10-01,0.1521570492744445,0.0724274635459465,-0.3158506355285644
P0521,2025-11-01,0.1711131582260132,0.0771017825525198,-0.2859446438342333
P0521,2025-12-01,0.1963569316506385,0.1115352764247542,-0.2540991792380809
P0522,2025-01-01,0.4128341544389725,0.2458401319849038,-0.0277310569356661
P0522,2025-02-01,0.7438323605537415,0.5816991004902393,0.2958799620991573
P0522,2025-03-01,0.7655724256515503,0.6788985198695774,0.3867864823460579
P0522,2025-04-01,0.5391944637537003,0.3626338611101299,0.1109412793368101
P0522,2025-05-01,0.2113998551368713,0.137597250973549,-0.1749182401867583
P0522,2025-06-01,0.1679326958060264,0.130769746898037,-0.1730814413666725
P0522,2025-07-01,0.1420032188415527,0.1138745660893439,-0.1685187913179397
P0522,2025-08-01,0.1466003965735435,0.1153713621922905,-0.1670503785014152
P0522,2025-09-01,0.1451412720441818,0.1089103967411112,-0.1754284768939018
P0522,2025-10-01,0.1785075191140175,0.1238018189582903,-0.1971903635323047
P0522,2025-11-01,0.1892840211391449,0.1175284949204675,-0.1965811953974887
P0522,2025-12-01,0.3323539829730987,0.1860434688292578,-0.082153671971528
P0523,2025-01-01,0.3715214585781097,0.2720520723461763,0.0152377742947428
P0523,2025-02-01,0.6606972846746445,0.5326877058167856,0.2711066508218646
P0523,2025-03-01,0.6430898249864578,0.5794705459496697,0.2924026504099369
P0523,2025-04-01,0.4749720168828964,0.3537376265165733,0.099026710888464
P0523,2025-05-01,0.240721704006195,0.1569158673804284,-0.1439589800998344
P0523,2025-06-01,0.1795555420041084,0.1389785259570098,-0.1598057561248541
P0523,2025-07-01,0.1463308301568031,0.1204951191914348,-0.142184386870265
P0523,2025-08-01,0.146122136425972,0.1213596157810961,-0.1370685012489557
P0523,2025-09-01,0.1369116258144378,0.1105939250964836,-0.1529195752501487
P0523,2025-10-01,0.1641145946860313,0.1252956963563473,-0.1617354509502649
P0523,2025-11-01,0.1694949203491211,0.1190103232767961,-0.1542993918939493
P0523,2025-12-01,0.2023907173871994,0.1275174998231021,-0.1212494188315002
P0524,2025-01-01,0.3732089399337768,0.2008061726794876,-0.1283731638239696
P0524,2025-02-01,0.7016865291118621,0.4810653256750207,0.2473586144782602
P0524,2025-03-01,0.8117010345458985,0.6839593071108675,0.4252634085416794
P0524,2025-04-01,0.7807284861564636,0.5232191404149139,0.3598501631975174
P0524,2025-05-01,0.3544485723257065,0.1832773606984755,-0.0578224561193492
P0524,2025-06-01,0.1885310056567192,0.1328348730539621,-0.1550784706711769
P0524,2025-07-01,0.1637423369765281,0.1259688158015108,-0.1440910700559616
P0524,2025-08-01,0.1588442385673523,0.1216216632681391,-0.1429037328720092
P0524,2025-09-01,0.1491030754208564,0.1057670347064491,-0.1871867928266525
P0524,2025-10-01,0.1495561675071716,0.0936900644332933,-0.2427277374267578
P0524,2025-11-01,0.1966286962747573,0.0987014227161613,-0.2387228537678718
P0524,2025-12-01,0.2377779160976409,0.1179831093649151,-0.1876832278475165
P0525,2025-01-01,0.4476172869563102,0.2668623153135399,-0.0302859587170649
P0525,2025-02-01,0.6752120968341827,0.486595527798492,0.2450191143754869
P0525,2025-03-01,0.7023094362974167,0.6022658688421975,0.345572851633653
P0525,2025-04-01,0.6366496596813201,0.4703524032014106,0.2431758264781907
P0525,2025-05-01,0.3723167271137237,0.2222936887339621,-0.0361085092012304
P0525,2025-06-01,0.1991025099635124,0.1366853028601318,-0.1501544852495193
P0525,2025-07-01,0.1683186422824859,0.1207753714820718,-0.1582174261450767
P0525,2025-08-01,0.1607199016451835,0.1194755525318708,-0.1507625576913356
P0525,2025-09-01,0.1561772942245006,0.1093112840149738,-0.1868442499756813
P0525,2025-10-01,0.1825936840176582,0.1058552754502252,-0.2199221505310386
P0525,2025-11-01,0.1984288047790527,0.1063648133901251,-0.2055511086538838
P0525,2025-12-01,0.2160653585910797,0.1126881247637978,-0.204517658159323
P0526,2025-01-01,0.3959939573526382,0.2605995059706947,-0.0519069431834388
P0526,2025-02-01,0.5530960628986359,0.5060619229492087,0.2645599918324267
P0526,2025-03-01,0.7330468375205994,0.5972926603687911,0.466803418123722
P0526,2025-04-01,0.8441110253334045,0.8026431964196633,0.6230080127716064
P0526,2025-05-01,0.5041544202327728,0.3173343037892934,0.0786471235704577
P0526,2025-06-01,0.2560267578125,0.1790425045509645,-0.1103041416992433
P0526,2025-07-01,0.2005528846621513,0.1438500857292989,-0.1206451687349937
P0526,2025-08-01,0.1661604676008224,0.1120632522332059,-0.1762750704213976
P0526,2025-09-01,0.1637786893844604,0.1080878516566904,-0.2145331652522087
P0526,2025-10-01,0.1614018088340759,0.0890677250108518,-0.2247184870760888
P0526,2025-11-01,0.2599177152156829,0.1528109949285466,-0.188066428861767
P0526,2025-12-01,0.3984083673238754,0.2605259966689465,-0.0333520228420529
P0527,2025-01-01,0.2299389528751373,0.1835373609100065,-0.1267336045030504
P0527,2025-02-01,0.5208882775068283,0.3742940897803373,0.1133987063785316
P0527,2025-03-01,0.725094362449646,0.6282808887086866,0.3237281231224537
P0527,2025-04-01,0.7405061514854431,0.6167743167853662,0.3174698426961899
P0527,2025-05-01,0.3930621115922927,0.2411346368829619,-0.0055498964988742
P0527,2025-06-01,0.1945537548542022,0.1486442871437713,-0.151898029255867
P0527,2025-07-01,0.1632328699350357,0.1347329059473079,-0.148740340834856
P0527,2025-08-01,0.1623073513031006,0.1331858075259432,-0.1453699254751205
P0527,2025-09-01,0.149024149954319,0.1175175378838746,-0.1938909060120582
P0527,2025-10-01,0.1612293623924255,0.110861463509763,-0.2215383054167032
P0527,2025-11-01,0.1848809346437454,0.1267885259593249,-0.1751110872268676
P0527,2025-12-01,0.2138705799818039,0.1447523238727823,-0.1530296127203852
P0528,2025-01-01,0.5802175187826156,0.4224968069526797,0.1101822078977711
P0528,2025-02-01,0.7248772768735886,0.5761072992993707,0.3205523304671049
P0528,2025-03-01,0.7243897071361541,0.6574485446567346,0.4212341490291059
P0528,2025-04-01,0.829926679611206,0.7448630669608497,0.5068047659397126
P0528,2025-05-01,0.6580349426031112,0.4533985807375856,0.1746532639997079
P0528,2025-06-01,0.2143844544768333,0.1652661379034481,-0.1187177819751203
P0528,2025-07-01,0.1616396630883216,0.125263996255369,-0.1475817237019538
P0528,2025-08-01,0.1629283083081245,0.1182317953142269,-0.1817872556746006
P0528,2025-09-01,0.1584417903900146,0.1006179834610891,-0.2656428415298462
P0528,2025-10-01,0.1806812864542007,0.0892998521406673,-0.3180033660173416
P0528,2025-11-01,0.204212981557846,0.0902696162320012,-0.2986273225307465
P0528,2025-12-01,0.2121996330738067,0.0893343485336369,-0.3172167481541633
P0529,2025-01-01,0.3904091697931289,0.3237361760758939,0.1280602598190307
P0529,2025-02-01,0.9133472102165222,0.7261221743346487,0.5285131583929061
P0529,2025-03-01,0.8599781704902649,0.7465945923667272,0.5359468011856079
P0529,2025-04-01,0.8868891765594482,0.8072438620148971,0.5460534928321839
P0529,2025-05-01,0.715358878660202,0.5388166206530427,0.3383894603341817
P0529,2025-06-01,0.244120556473732,0.178471690457659,-0.0618628404426825
P0529,2025-07-01,0.1802046344876289,0.1389879077825151,-0.1060883896589279
P0529,2025-08-01,0.1443626634478569,0.0907446820382035,-0.1716618045546114
P0529,2025-09-01,0.1344978809118271,0.075891170540382,-0.1954620545625686
P0529,2025-10-01,0.1725055723026395,0.0697776503315256,-0.2431685966551303
P0529,2025-11-01,0.2512509274482727,0.1217669481883999,-0.1251496451774612
P0529,2025-12-01,0.3760348383188248,0.2077689147474329,-0.0159455006982199
P0530,2025-01-01,0.2164251831769943,0.1512001915549911,-0.1310572432752698
P0530,2025-02-01,0.6013496467351913,0.4360130615999523,0.1922250538446474
P0530,2025-03-01,0.7277505069732666,0.6345950073497836,0.3145021463751793
P0530,2025-04-01,0.5724253038406372,0.4198820734680348,0.1570702357530594
P0530,2025-05-01,0.2917877618551254,0.1856868073020091,-0.1130662344744429
P0530,2025-06-01,0.2214742696523666,0.1553326572368511,-0.1463569781303405
P0530,2025-07-01,0.1624777684807777,0.1273001607277257,-0.1623688775658607
P0530,2025-08-01,0.1547286239504814,0.1228197787979252,-0.1523489732384681
P0530,2025-09-01,0.1313749442696571,0.0980129725027997,-0.1893778914928436
P0530,2025-10-01,0.1242713758409023,0.085076361781443,-0.2136634340524673
P0530,2025-11-01,0.1359361367702484,0.0873712740114253,-0.1992994814872741
P0530,2025-12-01,0.1667810696363449,0.0969133921590504,-0.1752186555027961
P0531,2025-01-01,0.3339039635181427,0.1977342401327029,-0.0349362507385147
P0531,2025-02-01,0.6357666393518447,0.4677248156822396,0.2021288290269673
P0531,2025-03-01,0.6546892054796218,0.5485736143644707,0.2689874896608293
P0531,2025-04-01,0.451816542482376,0.3090120647507837,0.0571234798347912
P0531,2025-05-01,0.2345554534554481,0.1484144472243574,-0.1459941251598298
P0531,2025-06-01,0.1724635901451111,0.1221561693872658,-0.1760526036262512
P0531,2025-07-01,0.1219948745012283,0.1010498728163171,-0.1655197734117507
P0531,2025-08-01,0.118222046649456,0.097528235342507,-0.1600357911467552
P0531,2025-09-01,0.1109474977016449,0.084501107324361,-0.189197655403614
P0531,2025-10-01,0.117283466720581,0.0827777925231857,-0.2115636214017868
P0531,2025-11-01,0.1301094744205475,0.0807333455666508,-0.2161840709626674
P0531,2025-12-01,0.138047989475727,0.0790891683153194,-0.1901808849692344
P0532,2025-01-01,0.2658345327377319,0.2214805347114151,-0.0764649744224734
P0532,2025-02-01,0.5294317036628723,0.3807380687425039,0.122998636305239
P0532,2025-03-01,0.722387024307251,0.6361892292379833,0.3502817219138145
P0532,2025-04-01,0.8273567061901093,0.6825466739931646,0.4430638593196869
P0532,2025-05-01,0.643992438697815,0.4503788262842459,0.2832120962023735
P0532,2025-06-01,0.231600110399723,0.1614756882459074,-0.0726694256593007
P0532,2025-07-01,0.1807767427563667,0.1406330262244531,-0.1060421634346246
P0532,2025-08-01,0.1519903048753738,0.1236341867215814,-0.1118048907250165
P0532,2025-09-01,0.1351902743935585,0.1051487256808737,-0.1833367298364639
P0532,2025-10-01,0.1659702672123909,0.1104893374448588,-0.1838606479167938
P0532,2025-11-01,0.1636454494953155,0.1171408893342065,-0.1628857725232839
P0532,2025-12-01,0.1986555365443229,0.119683848954593,-0.1383912507601082
P0533,2025-01-01,0.2525606996059418,0.1511567823976306,-0.1955280086304992
P0533,2025-02-01,0.489229305768013,0.3162199319369322,0.0538295250277113
P0533,2025-03-01,0.6555990699768066,0.5549677042155782,0.3351401557601988
P0533,2025-04-01,0.7050382647514343,0.5970512806634265,0.4380658405065536
P0533,2025-05-01,0.3952139528989792,0.2376345097923152,0.0139282703953329
P0533,2025-06-01,0.1723022187709808,0.1289243671120536,-0.1563063797831535
P0533,2025-07-01,0.1564043330907821,0.1084089696899827,-0.1922804604530334
P0533,2025-08-01,0.1640732441663742,0.1177838425847549,-0.1669761624217033
P0533,2025-09-01,0.1678178892850876,0.1151843658922024,-0.2030107246398926
P0533,2025-10-01,0.172888538134098,0.0855400419662881,-0.3107760315418243
P0533,2025-11-01,0.1841976508140564,0.0896565583755858,-0.2756397194027901
P0533,2025-12-01,0.2953983021497726,0.1261418183141505,-0.2224323940426111
P0534,2025-01-01,0.2823246241450309,0.1657171353971317,-0.1939937426492571
P0534,2025-02-01,0.5307714317321778,0.3395659491476401,0.025645322523049
P0534,2025-03-01,0.7908072481155396,0.6541565627779681,0.3933154380321502
P0534,2025-04-01,0.8715471706390381,0.7574068011139398,0.5364501655578613
P0534,2025-05-01,0.7546672382354737,0.5493594939139665,0.3897302749335766
P0534,2025-06-01,0.2845576165437698,0.1856483431811694,-0.0108616088899783
P0534,2025-07-01,0.1768051690340042,0.1340619091182492,-0.0959413514733314
P0534,2025-08-01,0.1545374212145805,0.1231532827208441,-0.0947491440117359
P0534,2025-09-01,0.1571594858407974,0.0950966909115066,-0.2697435586810112
P0534,2025-10-01,0.1884500146865844,0.1053911143376129,-0.2548330334424972
P0534,2025-11-01,0.2314940782546997,0.1241887096345439,-0.2359883919166401
P0534,2025-12-01,0.2409494591236114,0.1211754042338602,-0.2514790847957134
P0535,2025-01-01,0.2577576329946518,0.1477042945071986,-0.196691159903258
P0535,2025-02-01,0.4731283741950989,0.3609534906612358,0.0900972601835747
P0535,2025-03-01,0.7685420637607574,0.7203502726827058,0.383457359290123
P0535,2025-04-01,0.6451933577418327,0.5494072821909287,0.2718661755900946
P0535,2025-05-01,0.5218446517229081,0.3784642916991517,0.1602749918900663
P0535,2025-06-01,0.2228583973884582,0.1411837317426927,-0.1463409300923347
P0535,2025-07-01,0.1512476302742958,0.1120295172181324,-0.1471993096232414
P0535,2025-08-01,0.1373996939063072,0.0910567002728426,-0.1932845158457756
P0535,2025-09-01,0.136524206328392,0.082175187913664,-0.234668227648735
P0535,2025-10-01,0.1311070918919984,0.0599137284649687,-0.2794830211281776
P0535,2025-11-01,0.1745848086237907,0.0802620161072962,-0.2498932661652565
P0535,2025-12-01,0.2583382298707962,0.1171245167227698,-0.2167473294645548
P0536,2025-01-01,0.4155796275615692,0.1878875666207311,-0.2255618800140917
P0536,2025-02-01,0.8505293115615845,0.5213444113968523,0.314823873347044
P0536,2025-03-01,0.8306799066543579,0.760650997550906,0.4765675233840942
P0536,2025-04-01,0.911890887069702,0.7996043297474873,0.5432061371803284
P0536,2025-05-01,0.2910034364938736,0.1888941061060725,-0.0310243513277499
P0536,2025-06-01,0.1918264829039573,0.1280105985831503,-0.1415900266215205
P0536,2025-07-01,0.1734270021438598,0.1314646864952694,-0.1408134122014045
P0536,2025-08-01,0.1771493141174316,0.1330575759611469,-0.1357572942581027
P0536,2025-09-01,0.1874798954486846,0.0886263206754608,-0.3400993670046329
P0536,2025-10-01,0.2140771284222603,0.0732684994405694,-0.3958710041165352
P0536,2025-11-01,0.2475246887922287,0.0825775742900668,-0.3835129843592644
P0536,2025-12-01,0.2564213389158249,0.0849844654657791,-0.3423979530856013
P0537,2025-01-01,0.3596826434016227,0.234975074049978,-0.026258447027672
P0537,2025-02-01,0.5301666301727295,0.359116068876441,0.1184096841243095
P0537,2025-03-01,0.5997204914331437,0.4711940924512484,0.2124771500996737
P0537,2025-04-01,0.5097575705766678,0.3589895113609152,0.101968227966642
P0537,2025-05-01,0.3094040788412094,0.2012783941932091,-0.0859008699751924
P0537,2025-06-01,0.2470135134100914,0.1744003454079714,-0.1283986463283654
P0537,2025-07-01,0.2101319167494774,0.1584803614005589,-0.1207292059975676
P0537,2025-08-01,0.2185270469069481,0.1592919092975366,-0.1120157368441112
P0537,2025-09-01,0.214512569797039,0.1502951177916059,-0.133331389175076
P0537,2025-10-01,0.2490079951286316,0.1582200198433819,-0.1219105045039206
P0537,2025-11-01,0.2739793976068497,0.1628815955441861,-0.0892644517522305
P0537,2025-12-01,0.2954182155370712,0.1642702475850685,-0.0773360870807198
P0538,2025-01-01,0.217693006658554,0.1456861973288399,-0.1406109505407512
P0538,2025-02-01,0.2434086375117302,0.1368000027917831,-0.1304463267500046
P0538,2025-03-01,0.3663469838142395,0.2534151949486711,0.0038086519039468
P0538,2025-04-01,0.4211758258581161,0.3028751998885767,0.0460571254800539
P0538,2025-05-01,0.1492183150529861,0.1012527674230758,-0.1629541089572012
P0538,2025-06-01,0.115595055425167,0.0828248901931667,-0.1766797040343284
P0538,2025-07-01,0.1063631699442863,0.0794758436911657,-0.1784248159050941
P0538,2025-08-01,0.1138196374893188,0.0791561655674344,-0.1952897756814956
P0538,2025-09-01,0.1079776213169097,0.0737490002522589,-0.2168460655450821
P0538,2025-10-01,0.1239831145405769,0.0669596739972289,-0.2334964990019798
P0538,2025-11-01,0.1323597769260406,0.0698273214991273,-0.2161608587503433
P0538,2025-12-01,0.2030584659457206,0.0970131083358038,-0.1948527618378401
P0539,2025-01-01,0.4854925281555918,0.3071858368609613,0.1170009841627826
P0539,2025-02-01,0.8197913410663604,0.6115357688346146,0.3921437718749046
P0539,2025-03-01,0.8402361124038696,0.7212771587475418,0.4407371754109859
P0539,2025-04-01,0.6966573612683905,0.6364280178590671,0.3654912207560002
P0539,2025-05-01,0.6540005618333816,0.4695105940182656,0.2595508368212729
P0539,2025-06-01,0.3624452671766281,0.2583665173754099,-0.0041727053419686
P0539,2025-07-01,0.2898848262310028,0.2024213967366898,-0.0781087149602361
P0539,2025-08-01,0.2721764536619186,0.1872666607151032,-0.0881218178946524
P0539,2025-09-01,0.2504283318519592,0.1647723939112365,-0.131871232881397
P0539,2025-10-01,0.2404992360830307,0.1308646615136641,-0.1960487273675389
P0539,2025-11-01,0.2780814487457275,0.142354460449169,-0.1500830265723381
P0539,2025-12-01,0.3376006794333458,0.1799093585092227,-0.0901822639821795
P0540,2025-01-01,0.6986498732595717,0.2854606702542227,0.2841700578509344
P0540,2025-02-01,0.7452676280498505,0.5351962991571796,0.3490465104736387
P0540,2025-03-01,0.6904612065315247,0.5244735742947548,0.3044248540990054
P0540,2025-04-01,0.6103658808231354,0.4482909383784524,0.2618243767537176
P0540,2025-05-01,0.4313529153823852,0.3079530967145904,0.1243148780568968
P0540,2025-06-01,0.2611982755184173,0.1847099837727511,-0.0700668303752318
P0540,2025-07-01,0.1711820832490921,0.1401807787615218,-0.0861578074228018
P0540,2025-08-01,0.1666943444013595,0.1319458658680123,-0.0895884089559316
P0540,2025-09-01,0.1595286450266838,0.119949449445134,-0.1281119289560243
P0540,2025-10-01,0.1653578109145164,0.0889556001209245,-0.1946498543515801
P0540,2025-11-01,0.2732650650024414,0.1338544331979477,-0.1196571087427437
P0540,2025-12-01,0.3458373456954956,0.1949938359667069,-0.0545968225752726
P0541,2025-01-01,0.7305374707221984,0.4612000994141013,0.177053059786139
P0541,2025-02-01,0.9012916306495666,0.6861526141882777,0.4768991380214691
P0541,2025-03-01,0.8915019225120544,0.7637233187763104,0.5096371378421783
P0541,2025-04-01,0.8983029626454415,0.812387290098024,0.5742777568638009
P0541,2025-05-01,0.4073732721805572,0.2565345704901036,0.0524036068888381
P0541,2025-06-01,0.2138864553213119,0.1542985444156984,-0.0812586630799574
P0541,2025-07-01,0.1842796984434127,0.1517124653159138,-0.0868795959845185
P0541,2025-08-01,0.203912952208519,0.1692382278624094,-0.0718960917475633
P0541,2025-09-01,0.1598539517879486,0.0996323364702595,-0.2505854322791099
P0541,2025-10-01,0.1742283289909363,0.0755476063238373,-0.318403178524971
P0541,2025-11-01,0.2102584134101867,0.0879210783422025,-0.2955837099075317
P0541,2025-12-01,0.2162294876813888,0.0815494634344091,-0.3271968512654304
P0542,2025-01-01,0.3448469881534576,0.2123213032656582,-0.0211329001150935
P0542,2025-02-01,0.6510403054237366,0.4647826933683316,0.2230421133877709
P0542,2025-03-01,0.6748212447404861,0.5598726573320154,0.2806388657286763
P0542,2025-04-01,0.4552819492340088,0.3152227297036165,0.0563180316014294
P0542,2025-05-01,0.2667211103320122,0.1734497323494769,-0.1215329801753163
P0542,2025-06-01,0.1710939803957939,0.1353227415806296,-0.1549002873986959
P0542,2025-07-01,0.1412438727021217,0.1103515604204395,-0.1707462360024452
P0542,2025-08-01,0.1435849986195564,0.1098409831041189,-0.166508802691102
P0542,2025-09-01,0.1390568785309791,0.1022653175950399,-0.1788443757876753
P0542,2025-10-01,0.1582544548749923,0.1103761291127062,-0.1842549559563398
P0542,2025-11-01,0.1824131908893585,0.1226784486084525,-0.1635189402878284
P0542,2025-12-01,0.2173424709439277,0.1360744586070689,-0.137623678356409
P0543,2025-01-01,0.2784916134357452,0.2159993705590169,-0.0790611794370226
P0543,2025-02-01,0.5973053491592407,0.4392924251468581,0.1911119910523295
P0543,2025-03-01,0.7503676263332367,0.6491416520711034,0.332611151599884
P0543,2025-04-01,0.7250955341339111,0.5706573654839794,0.2926647318124771
P0543,2025-05-01,0.2495187776446342,0.1559928707077697,-0.0850712372652255
P0543,2025-06-01,0.15582272503376,0.1261248522891075,-0.1518139387637376
P0543,2025-07-01,0.130503880405426,0.1129658766455935,-0.1304650139331817
P0543,2025-08-01,0.1107322204113006,0.0925084823241199,-0.1573251745939254
P0543,2025-09-01,0.122121235448122,0.0987011246731676,-0.1831102554202079
P0543,2025-10-01,0.1294324827075004,0.0960815520911254,-0.2003629644632339
P0543,2025-11-01,0.1516711627006531,0.1118098195045925,-0.1668902844447642
P0543,2025-12-01,0.2928720876216888,0.2022253105623037,-0.0705923320726655
P0544,2025-01-01,0.2578108576536179,0.1998850982871537,-0.095486910820587
P0544,2025-02-01,0.6399907358169555,0.4770393951673237,0.2151852460831403
P0544,2025-03-01,0.7161003015041352,0.5831515544911292,0.3013974196910858
P0544,2025-04-01,0.5685201168060303,0.4158551317911081,0.14492604958117
P0544,2025-05-01,0.2503005013942718,0.1534460685443051,-0.1123761150255799
P0544,2025-06-01,0.1807785467863082,0.1373758530431252,-0.1515150659635663
P0544,2025-07-01,0.1462560997247696,0.1256720290989527,-0.115283934046328
P0544,2025-08-01,0.1422045547127723,0.1220023779045319,-0.1132505957029759
P0544,2025-09-01,0.140394439971447,0.1142826416911221,-0.1449682156205177
P0544,2025-10-01,0.1423313142180443,0.0952296957169927,-0.208122100174427
P0544,2025-11-01,0.1663483050584793,0.1071579652858631,-0.1901855508565902
P0544,2025-12-01,0.3073284811973572,0.200119568283821,-0.0723268008028855
P0545,2025-01-01,0.2589468489646911,0.1585928587217605,-0.1043809173451736
P0545,2025-02-01,0.4960167281866073,0.3662315647004063,0.0854647534141549
P0545,2025-03-01,0.6751272449016571,0.5798927284296694,0.2769508296608924
P0545,2025-04-01,0.5499989910125732,0.4099385906523932,0.1408660873355344
P0545,2025-05-01,0.3293938293933868,0.2120743478238606,-0.0642414712462574
P0545,2025-06-01,0.1830760417222976,0.1485315835066769,-0.1360897566681262
P0545,2025-07-01,0.167737988615036,0.1339755699712171,-0.1338174436561763
P0545,2025-08-01,0.1733245869755744,0.1390231890572545,-0.1262694589346647
P0545,2025-09-01,0.1650619610905647,0.1252534170708814,-0.156004789301753
P0545,2025-10-01,0.15882548609972,0.106188806424507,-0.1950211878180504
P0545,2025-11-01,0.1669264690995216,0.1054726695764214,-0.1828901472650468
P0545,2025-12-01,0.1991701654672622,0.1135993183899961,-0.1792720271497964
P0546,2025-01-01,0.4314259527921676,0.2763601867527553,-0.0225638719005743
P0546,2025-02-01,0.7438209518909454,0.5750329012841142,0.2806581168396398
P0546,2025-03-01,0.6694690604686737,0.5797798736263031,0.2622293760478497
P0546,2025-04-01,0.6065287316322326,0.4330333000324346,0.1443889186581596
P0546,2025-05-01,0.2847942925453186,0.1666792091794896,-0.1768765302062034
P0546,2025-06-01,0.1887984451055527,0.1424894019168622,-0.1879348846435546
P0546,2025-07-01,0.1548867356061935,0.1205138098215572,-0.1840643925666809
P0546,2025-08-01,0.1551563468933105,0.1192855407939846,-0.1911026191711425
P0546,2025-09-01,0.1462551570296287,0.1090354398697447,-0.2195246921539306
P0546,2025-10-01,0.2579802921772003,0.1809866975517914,-0.181792461335659
P0546,2025-11-01,0.2726964493989944,0.1818860105499643,-0.161454020807147
P0546,2025-12-01,0.2993778730154037,0.1819965774519012,-0.1167044359170016
P0547,2025-01-01,0.3309239203214645,0.1875768624890335,-0.099083556081634
P0547,2025-02-01,0.6353096917062998,0.4350512537440065,0.222055370445922
P0547,2025-03-01,0.7708225228309631,0.6353995091610735,0.376825639482215
P0547,2025-04-01,0.6976560655422509,0.5152956359872288,0.4137021093130111
P0547,2025-05-01,0.4393122121691704,0.2833391621951031,0.0914543001740705
P0547,2025-06-01,0.2919176995038986,0.2086258415914093,-0.0692502600947395
P0547,2025-07-01,0.2721050427675247,0.2032405225099857,-0.0664582558259368
P0547,2025-08-01,0.2707069612503052,0.1960081704347889,-0.0724496993563137
P0547,2025-09-01,0.248614142358303,0.1648561442549848,-0.1262159515938721
P0547,2025-10-01,0.2517613586902618,0.1374216074342149,-0.1561208610787987
P0547,2025-11-01,0.2863166350126266,0.1452740784118148,-0.1261010088889859
P0547,2025-12-01,0.298544370341301,0.1486972868713366,-0.1233148999227443
P0548,2025-01-01,0.3732566960573196,0.251831959977214,-0.071556793060177
P0548,2025-02-01,0.6851113234043121,0.4853742547396331,0.2348894742464646
P0548,2025-03-01,0.7720039902210235,0.6343677073533286,0.3658916612029075
P0548,2025-04-01,0.7863684348106385,0.6196678595576944,0.3674311291277408
P0548,2025-05-01,0.4424483060359955,0.2561130875507235,0.0395460233300458
P0548,2025-06-01,0.2068321718454361,0.1491054634152959,-0.1299753704071045
P0548,2025-07-01,0.1654035365343094,0.1265535684350169,-0.1332367705285549
P0548,2025-08-01,0.1530294002175331,0.1209754566420145,-0.1369501819849014
P0548,2025-09-01,0.1480970643520355,0.1113764222076179,-0.1880717242360115
P0548,2025-10-01,0.2007496592640876,0.119843126594954,-0.2017572209777206
P0548,2025-11-01,0.2349775728464126,0.1378204077617329,-0.1822792708292603
P0548,2025-12-01,0.2980425247192382,0.1712022156213123,-0.1404249164753127
P0549,2025-01-01,0.5029005182085888,0.4767102105396642,0.0762684766372795
P0549,2025-02-01,0.7374535713672637,0.5437015209646592,0.3039686354313046
P0549,2025-03-01,0.7630153014659882,0.6623438180970703,0.3650363195732236
P0549,2025-04-01,0.8092211441917933,0.8057277980707861,0.4495559089195466
P0549,2025-05-01,0.7096136064052582,0.5730739581185478,0.3128127290997654
P0549,2025-06-01,0.2696326876401901,0.2005914567917119,-0.0354472844088544
P0549,2025-07-01,0.184983464884758,0.1394371955007487,-0.1102305896669626
P0549,2025-08-01,0.1660026089906692,0.1233028221497668,-0.129700442558527
P0549,2025-09-01,0.1581847739338874,0.113198937023622,-0.1660785717964172
P0549,2025-10-01,0.1985540437206626,0.0871885694316679,-0.2882778263345361
P0549,2025-11-01,0.265925057554245,0.1377098592962577,-0.1775762174004689
P0549,2025-12-01,0.3413648116350174,0.1958147705424597,-0.1115456043755635
P0550,2025-01-01,0.1907288208603859,0.1550291831410427,0.0297571688036744
P0550,2025-02-01,0.4832542609810829,0.28002069204981,0.0206182805433869
P0550,2025-03-01,0.5789981692790985,0.3647023535986843,0.2020415458932984
P0550,2025-04-01,0.7688736376762391,0.6001317500465925,0.3505333903117105
P0550,2025-05-01,0.7353420331478119,0.6015422565945306,0.339564711278677
P0550,2025-06-01,0.4774299945354461,0.384428045737834,0.1925389113441109
P0550,2025-07-01,0.2563144583940506,0.1753736371562951,-0.0567240671445542
P0550,2025-08-01,0.2034999643325805,0.1435745037819044,-0.0965318202555179
P0550,2025-09-01,0.1888922463774681,0.1150489513838056,-0.1764572971463203
P0550,2025-10-01,0.1752228255033493,0.0694894009938323,-0.3044697031497955
P0550,2025-11-01,0.216855961227417,0.0891558400581648,-0.2551160683751106
P0550,2025-12-01,0.2257793443679809,0.097490974988392,-0.2483770697346888
P0551,2025-01-01,0.2862215423583984,0.1483445611275867,-0.1166404319489374
P0551,2025-02-01,0.6869515894651413,0.4841224829181185,0.2121145565168932
P0551,2025-03-01,0.8099439342975616,0.7410632716974844,0.3734162281811237
P0551,2025-04-01,0.655457918715477,0.4722392247381844,0.1826752068427624
P0551,2025-05-01,0.2961504763841629,0.1606594421351815,-0.1673980391137302
P0551,2025-06-01,0.1937119145989418,0.1353399039109126,-0.1874272853136062
P0551,2025-07-01,0.141851676428318,0.1151288465731852,-0.168352821624279
P0551,2025-08-01,0.1431628916501998,0.1123782645326224,-0.1677425361156463
P0551,2025-09-01,0.130593492436409,0.0996510829985552,-0.1921844448566436
P0551,2025-10-01,0.1412112083911895,0.0875005851059911,-0.2484296632409095
P0551,2025-11-01,0.1626511817216873,0.0895425285706299,-0.2477954248249531
P0551,2025-12-01,0.1696980529546737,0.0866062877541505,-0.2275854989528656
P0552,2025-01-01,0.1837585104465484,0.1068246731624684,-0.1554626171858981
P0552,2025-02-01,0.2868890320301056,0.1628740303612125,-0.0491284294735873
P0552,2025-03-01,0.3769512290477753,0.2561876790767325,0.0142381597669044
P0552,2025-04-01,0.3317344910740852,0.2322344605821868,-0.0074701024414855
P0552,2025-05-01,0.2295596118807792,0.1530536091776008,-0.0922299450989114
P0552,2025-06-01,0.1674988982200622,0.1150729192885628,-0.1562436985198408
P0552,2025-07-01,0.1466168526649475,0.1018872312454059,-0.1670947324693203
P0552,2025-08-01,0.1396708177685737,0.0950331346264709,-0.1609307093530893
P0552,2025-09-01,0.1435837962627411,0.0936973519223355,-0.1786239174231887
P0552,2025-10-01,0.1612675246477127,0.1034646279913863,-0.155627193659544
P0552,2025-11-01,0.1918497397661209,0.1064496770949847,-0.1632855788616463
P0552,2025-12-01,0.1969593004584312,0.1089330390761685,-0.1572551695300731
P0553,2025-01-01,0.2908829935789108,0.1986642992989939,-0.1025547448426019
P0553,2025-02-01,0.5869580952882767,0.4390325186432366,0.1778080446979729
P0553,2025-03-01,0.6896438988685608,0.6191644939955384,0.3278927242556587
P0553,2025-04-01,0.7248408067703247,0.6475521828894415,0.3514932922085747
P0553,2025-05-01,0.4786612468481064,0.3279241680091941,0.1161624147004447
P0553,2025-06-01,0.2097156041622161,0.1592250666246695,-0.1166401076747104
P0553,2025-07-01,0.1647925617694854,0.1312164270738451,-0.1228425804466009
P0553,2025-08-01,0.1611736409306526,0.1270460008952011,-0.129217444473505
P0553,2025-09-01,0.1590902026057243,0.1202405913731707,-0.1616009257078171
P0553,2025-10-01,0.2000816095232963,0.1305519949341934,-0.1859849098641425
P0553,2025-11-01,0.2234960270881653,0.1423698809192857,-0.156169117481634
P0553,2025-12-01,0.2931833773016929,0.1873526447054081,-0.084674320054287
P0554,2025-01-01,0.5721807611227036,0.374244849854603,0.0940604309618473
P0554,2025-02-01,0.7102483334779739,0.4788413677149651,0.2465358912075178
P0554,2025-03-01,0.6740319794893265,0.5032134273736302,0.2853021133199334
P0554,2025-04-01,0.5706785156011581,0.3799818536995738,0.1833433344766497
P0554,2025-05-01,0.3564163290262222,0.2178214593360751,-0.030144674541126
P0554,2025-06-01,0.2504341311454773,0.1678433413091209,-0.1102853287918958
P0554,2025-07-01,0.2168321022510528,0.1582612028065408,-0.108627820617333
P0554,2025-08-01,0.2189337055087089,0.1575726559256475,-0.0914109504133462
P0554,2025-09-01,0.2123282618522644,0.1470039614066687,-0.1157154203709214
P0554,2025-10-01,0.2357498969137668,0.1418102138140933,-0.1393870988640934
P0554,2025-11-01,0.2548750055909157,0.1344523564278248,-0.1223237020873464
P0554,2025-12-01,0.2747328751921654,0.1372741205093891,-0.1353552854068577
P0555,2025-01-01,0.256889660191536,0.1907264234359496,-0.083554815697018
P0555,2025-02-01,0.7683510521888733,0.6525117582793255,0.4234911696821451
P0555,2025-03-01,0.8074899392604827,0.7338225402071403,0.5153168840646744
P0555,2025-04-01,0.7960427767753601,0.7272621935606075,0.5512203085184098
P0555,2025-05-01,0.4485226059198379,0.2743511684884444,0.097557495078313
P0555,2025-06-01,0.1837629991054535,0.1481205180412153,-0.080770252248086
P0555,2025-07-01,0.1597349977493286,0.1324400420138974,-0.072076335260272
P0555,2025-08-01,0.155778335905075,0.1281169160314764,-0.0789934057287406
P0555,2025-09-01,0.1400695485115051,0.107584290857,-0.1396185636639595
P0555,2025-10-01,0.154618545794487,0.1006051467054271,-0.1949708631634712
P0555,2025-11-01,0.1716682316541671,0.1119965949970535,-0.1677817956104874
P0555,2025-12-01,0.1920933478355407,0.1133509746756422,-0.1671784498771652
P0556,2025-01-01,0.2173393369436264,0.1401318493975278,-0.107054455593042
P0556,2025-02-01,0.5830081538677215,0.3897847357514077,0.2030419087395072
P0556,2025-03-01,0.6791845071315765,0.5591445564514091,0.3187339642506093
P0556,2025-04-01,0.668960780620575,0.5017864377149506,0.2884814410209655
P0556,2025-05-01,0.4116178571462631,0.2537915292512658,0.037104021850815
P0556,2025-06-01,0.1551117542982101,0.1178792277475821,-0.141152451878786
P0556,2025-07-01,0.1352101792812347,0.1066066020445359,-0.1274937241703272
P0556,2025-08-01,0.1343312958598136,0.1037501532679279,-0.1260442241609096
P0556,2025-09-01,0.1277517330408096,0.0942374217973523,-0.1663004703760147
P0556,2025-10-01,0.1945934108018875,0.1271917311209993,-0.1366405224735848
P0556,2025-11-01,0.1964226669311523,0.1230426558732591,-0.1220662011550739
P0556,2025-12-01,0.2399662562489509,0.1510938016583692,-0.1028059770627878
P0557,2025-01-01,0.4101306963920593,0.2082805786287156,-0.1684594974040985
P0557,2025-02-01,0.8101182410240173,0.5219082574477707,0.3142532078623771
P0557,2025-03-01,0.8909541611671448,0.7704816433306868,0.5301520550251007
P0557,2025-04-01,0.6001599560499191,0.4673059479935439,0.24194940124630515
P0557,2025-05-01,0.3093657509326935,0.164130252656401,-0.0462532525324903
P0557,2025-06-01,0.1873881249904632,0.1232782027174738,-0.1389360824905336
P0557,2025-07-01,0.15838802921772,0.1286174129915596,-0.1347261719465255
P0557,2025-08-01,0.1695336266994476,0.1394017605351957,-0.1308108817458153
P0557,2025-09-01,0.1536495208024978,0.1029196582027081,-0.2613976719856262
P0557,2025-10-01,0.1650917088150978,0.080427345323015,-0.3249565021514892
P0557,2025-11-01,0.1921645775556564,0.085974898848959,-0.3078909133434295
P0557,2025-12-01,0.2477245234727859,0.1324906019050373,-0.2701281625270843
P0558,2025-01-01,0.5395631041765213,0.439693525956155,0.1603833382886834
P0558,2025-02-01,0.7787785474300385,0.6501646568085659,0.4019232837133109
P0558,2025-03-01,0.6645761561393738,0.5875538597183649,0.3297117958307266
P0558,2025-04-01,0.6282509215831756,0.4849982438883284,0.2615189864034997
P0558,2025-05-01,0.2381532657861709,0.1609288512848187,-0.1185234716540202
P0558,2025-06-01,0.1530931930184364,0.1144573290528744,-0.165770923769474
P0558,2025-07-01,0.1123732594132423,0.0848736121557308,-0.169884109544754
P0558,2025-08-01,0.1113769441127777,0.0835305357303272,-0.1696553578555584
P0558,2025-09-01,0.1154680940628051,0.0814325968391526,-0.1843551775276661
P0558,2025-10-01,0.1806834125638008,0.1323411938149551,-0.1423917622156441
P0558,2025-11-01,0.155717974114418,0.0919054363361204,-0.1931493645057082
P0558,2025-12-01,0.2570956708192825,0.1458439897998305,-0.0936274288458749
P0559,2025-01-01,0.6154644308805466,0.481519628172929,0.1724589812823571
P0559,2025-02-01,0.7878821455001831,0.5591630248415058,0.3470391773581505
P0559,2025-03-01,0.8043062850952148,0.6729915218008182,0.4015552289485931
P0559,2025-04-01,0.7394143544338845,0.6533290275740012,0.4230251909644754
P0559,2025-05-01,0.7349668050289154,0.5841950719447792,0.3667113093495369
P0559,2025-06-01,0.3854596840143203,0.2758559825023474,0.0242096460019471
P0559,2025-07-01,0.2683322198629379,0.1860871586958232,-0.0916219252649694
P0559,2025-08-01,0.2487075848221779,0.1705433498255979,-0.1029879542602691
P0559,2025-09-01,0.2437100162386894,0.1576107474399662,-0.1236488615617156
P0559,2025-10-01,0.2872927690267562,0.1566359982455864,-0.1624174918730743
P0559,2025-11-01,0.4034125440835953,0.1988216044294531,-0.0470664356240113
P0559,2025-12-01,0.4776716624736786,0.2548641033092292,0.0103789854484001
P0560,2025-01-01,0.4854186753511428,0.3453032119049268,0.0735592723937705
P0560,2025-02-01,0.8047188427448273,0.6066456351750213,0.3407786089897155
P0560,2025-03-01,0.8142100416660308,0.6861323937867769,0.4098858267664909
P0560,2025-04-01,0.4562950235843658,0.3147367571811658,0.091849510955601
P0560,2025-05-01,0.2214891362190246,0.1320253729598743,-0.1690891058273613
P0560,2025-06-01,0.1699379314541816,0.1281742548269398,-0.1628406794428825
P0560,2025-07-01,0.149873228919506,0.1228166153079012,-0.1410795891404151
P0560,2025-08-01,0.1454823474049568,0.1191642047501653,-0.1399347551703453
P0560,2025-09-01,0.1355179197072983,0.0998983078708726,-0.1943430384516716
P0560,2025-10-01,0.1375306552410125,0.0797228991634387,-0.2523315840482711
P0560,2025-11-01,0.1550852049469948,0.0861072140194992,-0.2410544917345047
P0560,2025-12-01,0.1834129716873169,0.1021084905219322,-0.2080238713741302
P0561,2025-01-01,0.48801385772228234,0.27990426563093185,-0.0608269905516412
P0561,2025-02-01,0.6886475003242493,0.4419633038228704,0.1781402366870083
P0561,2025-03-01,0.7485190851688385,0.6098909252308753,0.3682269538296386
P0561,2025-04-01,0.8190649334907532,0.6852979412314708,0.4438118906438351
P0561,2025-05-01,0.403805651140213,0.2704200023694554,0.036018784952443
P0561,2025-06-01,0.2257091939926147,0.1542674432210368,-0.1310024987952783
P0561,2025-07-01,0.1700961075544357,0.1319908960555625,-0.1339003302365541
P0561,2025-08-01,0.1751548946142196,0.1321704153300917,-0.1405095821470022
P0561,2025-09-01,0.1706253967761993,0.1102094434607101,-0.2173657788395881
P0561,2025-10-01,0.2054829140424728,0.0910028152814012,-0.3466406905412674
P0561,2025-11-01,0.2474601733684539,0.0977949112401337,-0.3244984072566032
P0561,2025-12-01,0.2747228891134262,0.1132027388906936,-0.2515030183933675
P0562,2025-01-01,0.1393242300868034,0.104229519956793,-0.154236790327914
P0562,2025-02-01,0.2393510791420936,0.1852576757095571,-0.032324482005136
P0562,2025-03-01,0.4148628337860107,0.3550882796665501,0.105258437406714
P0562,2025-04-01,0.3977448949694633,0.3231164258039044,0.0765569178544334
P0562,2025-05-01,0.2586149996399879,0.1934017072506845,-0.0611361036222762
P0562,2025-06-01,0.1439551046133041,0.1163084524518963,-0.153890278494358
P0562,2025-07-01,0.1094558393478393,0.0966031614635996,-0.1557619531869888
P0562,2025-08-01,0.1089723334550857,0.0958934884500461,-0.1451056546092033
P0562,2025-09-01,0.0972398821294307,0.0860623450832973,-0.1533613470673561
P0562,2025-10-01,0.1087590493261814,0.0911800658734705,-0.1595896007359027
P0562,2025-11-01,0.1203068669319152,0.090641594004553,-0.146892968583107
P0562,2025-12-01,0.1307494373202324,0.0925242945177036,-0.1585981979861855
P0563,2025-01-01,0.5272595213413238,0.3867204892460097,0.1087288390438538
P0563,2025-02-01,0.7181928420543671,0.6047247975532597,0.3362718969225883
P0563,2025-03-01,0.7232475062847138,0.6533379436987747,0.3720558259010315
P0563,2025-04-01,0.5688403356552124,0.4375687808781093,0.1691829744837246
P0563,2025-05-01,0.2124096177577972,0.1398720096842181,-0.1831362713322043
P0563,2025-06-01,0.163831069612503,0.1178064681217319,-0.2089310714244842
P0563,2025-07-01,0.1369007364273071,0.1034305145718547,-0.2099232014536857
P0563,2025-08-01,0.1392383019566536,0.1030847273894656,-0.2082397963047027
P0563,2025-09-01,0.1368957971930504,0.0963032116006292,-0.2204898013353347
P0563,2025-10-01,0.182105141544342,0.1124950853931608,-0.2054830936908722
P0563,2025-11-01,0.2119178569793701,0.1264726992955465,-0.1799757850731723
P0563,2025-12-01,0.2170640077829361,0.1296878092942668,-0.1216343437511473
P0564,2025-01-01,0.4156722743034363,0.2358216216399906,-0.0795982015390531
P0564,2025-02-01,0.7555064320087432,0.5649941831415968,0.287082566456846
P0564,2025-03-01,0.7745739992141724,0.6862386537517997,0.3905332763791084
P0564,2025-04-01,0.6120833776474,0.4149271409885825,0.1689737354144454
P0564,2025-05-01,0.2241086900234222,0.1340932014829525,-0.1720505042351782
P0564,2025-06-01,0.1643703341007232,0.1201296671676305,-0.1855676192998886
P0564,2025-07-01,0.1398345625519752,0.1067800523099914,-0.176147991502285
P0564,2025-08-01,0.1417240651845932,0.1019527659785997,-0.1936832496762275
P0564,2025-09-01,0.1448991868853569,0.0931924193049762,-0.230441514480114
P0564,2025-10-01,0.1644810470342636,0.0878837869216464,-0.2766153718113899
P0564,2025-11-01,0.1837602881193161,0.090552030588893,-0.2607048347592354
P0564,2025-12-01,0.308036520910263,0.1470610103884821,-0.1591649128820747
P0565,2025-01-01,0.4000028927326202,0.2676221899871843,-0.0543069753158604
P0565,2025-02-01,0.7132216095924377,0.5179220108874926,0.2875362412282498
P0565,2025-03-01,0.7726076928138733,0.7110417038520811,0.4219350835680961
P0565,2025-04-01,0.7896579923868179,0.5903358818464509,0.3954698178786784
P0565,2025-05-01,0.5371932955026627,0.3468540200627751,0.1159098462016787
P0565,2025-06-01,0.2431028770208358,0.1645860605070659,-0.1191893141651526
P0565,2025-07-01,0.1886043147087097,0.138055841065345,-0.1334462141156196
P0565,2025-08-01,0.1695640134215355,0.1300413109931764,-0.1339751717150211
P0565,2025-09-01,0.1654126836299896,0.1158961276248776,-0.1913362669110298
P0565,2025-10-01,0.175842248058319,0.0961287292840191,-0.2587158792495727
P0565,2025-11-01,0.1990864138841629,0.100713520424915,-0.2293771568372845
P0565,2025-12-01,0.2365903702020645,0.1235978875466404,-0.2163442173480987
P0566,2025-01-01,0.6152980897188187,0.4248219820886527,0.1287141298445407
P0566,2025-02-01,0.8740010642528534,0.7486133519328407,0.4586394991368055
P0566,2025-03-01,0.7442041493415833,0.6608264936660929,0.3565779287874698
P0566,2025-04-01,0.6701245755195617,0.4483666888391143,0.2135754475513938
P0566,2025-05-01,0.2628980102539062,0.1399288591661881,-0.2134611134916544
P0566,2025-06-01,0.1987872659444809,0.1435998985181522,-0.198018090236187
P0566,2025-07-01,0.1726156958937645,0.130479017276538,-0.1882472205638885
P0566,2025-08-01,0.1545525359272956,0.1052365935908354,-0.2332495168447494
P0566,2025-09-01,0.1525817305088043,0.1018181826973395,-0.2407815847635269
P0566,2025-10-01,0.1972404691696167,0.1242508807610264,-0.2404848438546061
P0566,2025-11-01,0.2164617305040359,0.1230842529951138,-0.2462247159614227
P0566,2025-12-01,0.2659594633102417,0.1424022527636452,-0.1680598675210028
P0567,2025-01-01,0.3938268794536591,0.2252555809460708,-0.0855905828744173
P0567,2025-02-01,0.790769960808754,0.5491578313454986,0.332458785649389
P0567,2025-03-01,0.7698540715694427,0.6069011030822494,0.4335531473636627
P0567,2025-04-01,0.8529472425937653,0.7232233056142456,0.4929582537174224
P0567,2025-05-01,0.3888286206722259,0.2171081536418647,0.0114126723396267
P0567,2025-06-01,0.1963233794689178,0.1282599894107221,-0.1476576153352856
P0567,2025-07-01,0.1591443426609039,0.1239745285080698,-0.1218139628633856
P0567,2025-08-01,0.1488138735651969,0.1013724338372164,-0.1550262995392084
P0567,2025-09-01,0.1503905686974525,0.0852545744568415,-0.2212156544528901
P0567,2025-10-01,0.1818201835751533,0.0587203857107183,-0.2716507788360119
P0567,2025-11-01,0.2423177139043808,0.1021089718960311,-0.2363448205322027
P0567,2025-12-01,0.3507872878313064,0.1593493927123194,-0.1399355905694887
P0568,2025-01-01,0.3898199511766433,0.2673876743342614,0.023928280087118
P0568,2025-02-01,0.7262175000190735,0.610986678027032,0.3085447560755536
P0568,2025-03-01,0.7734898517131805,0.7032215212442221,0.3663449150085449
P0568,2025-04-01,0.7627392317295074,0.5822595172621617,0.3093157020140439
P0568,2025-05-01,0.2322624836325645,0.136901547130215,-0.1749398669809103
P0568,2025-06-01,0.1672460104584694,0.1252758401962185,-0.184827747118473
P0568,2025-07-01,0.1282194289684295,0.1066210353918447,-0.1611125808119773
P0568,2025-08-01,0.1307079312801361,0.1075652988826152,-0.16060678139925
P0568,2025-09-01,0.1248238748788833,0.0992653140248387,-0.1737042385220527
P0568,2025-10-01,0.132508429980278,0.096906641111097,-0.2004219510555267
P0568,2025-11-01,0.1461134937882423,0.1017629635414412,-0.1794017197713256
P0568,2025-12-01,0.1949804458379745,0.1160233851517691,-0.1419665812674909
P0569,2025-01-01,0.2608955079436302,0.0477179069404626,-0.0690866913786918
P0569,2025-02-01,0.4403940067768097,0.2686861962548548,-0.0284040874638129
P0569,2025-03-01,0.6128029054641724,0.4898405356406733,0.2066719143887981
P0569,2025-04-01,0.7914175043106079,0.6240784422170422,0.3971644002586603
P0569,2025-05-01,0.6560105955123902,0.4668863191674369,0.2581886340547353
P0569,2025-06-01,0.2624130934715271,0.1926447165832501,-0.0328916579608921
P0569,2025-07-01,0.2074152582287788,0.1549572054265757,-0.0675504595339298
P0569,2025-08-01,0.1788950710535049,0.1395762824925662,-0.0702515288893133
P0569,2025-09-01,0.1721501376628876,0.1242545142129017,-0.1558398001939058
P0569,2025-10-01,0.198612510561943,0.1059201275722481,-0.2430908934943378
P0569,2025-11-01,0.2227523378252983,0.1267801656564414,-0.2087777482643723
P0569,2025-12-01,0.2875743288516998,0.1555072792176171,-0.1826008914928883
P0570,2025-01-01,0.5314699723482132,0.3593933798233471,0.0105903824267662
P0570,2025-02-01,0.7671203714847564,0.5813552810434135,0.3203716411428526
P0570,2025-03-01,0.8048783591747284,0.6561364579583776,0.4521208701193333
P0570,2025-04-01,0.8341769526481628,0.7079689102753011,0.4628912648200989
P0570,2025-05-01,0.4816328492641449,0.3076944424976241,0.1093025676184333
P0570,2025-06-01,0.2184293485164642,0.1496645099450073,-0.0978969148740172
P0570,2025-07-01,0.1728380232810974,0.1381911948910399,-0.0989886111080646
P0570,2025-08-01,0.1710783946871757,0.1347459199806228,-0.1012305541992187
P0570,2025-09-01,0.1554614607453346,0.107461211841965,-0.2169810397744178
P0570,2025-10-01,0.1702067104984075,0.0670676542276285,-0.3427801264405251
P0570,2025-11-01,0.2032555656433105,0.0890537130282979,-0.2938689556717873
P0570,2025-12-01,0.1967037609696388,0.0927809343316284,-0.2443415620271116
P0571,2025-01-01,0.4452231617927551,0.3124201976933056,0.0022118507359176
P0571,2025-02-01,0.7811619655609131,0.626483631569319,0.3396971455097198
P0571,2025-03-01,0.7486273379325866,0.6405947618879978,0.3656208308696747
P0571,2025-04-01,0.7316932145118713,0.4980119926264646,0.2501154226601124
P0571,2025-05-01,0.2857876704454422,0.1630299198111776,-0.1753683333560824
P0571,2025-06-01,0.2310827528238296,0.1474906918768191,-0.1974345350176096
P0571,2025-07-01,0.1618973769426346,0.1241675008229651,-0.1815149596810341
P0571,2025-08-01,0.1587162972569465,0.1231314698739985,-0.1684863359689712
P0571,2025-09-01,0.1549632432579994,0.1136632493794868,-0.2068470888972282
P0571,2025-10-01,0.1730457706928253,0.1151204837409659,-0.2248476197242737
P0571,2025-11-01,0.1839994875788688,0.1223893792470237,-0.2050267028093338
P0571,2025-12-01,0.2407686688899994,0.1404871858453267,-0.1733285342276096
P0572,2025-01-01,0.2623548946619033,0.1593905498876208,-0.1226920388381928
P0572,2025-02-01,0.4302994297981262,0.2906301352657525,0.0428574062874366
P0572,2025-03-01,0.5920509092330932,0.4792865386774277,0.2160143458923324
P0572,2025-04-01,0.3169445033788681,0.222120225227017,-0.0611718794164946
P0572,2025-05-01,0.2365528733491897,0.1655922187664115,-0.1140476544242352
P0572,2025-06-01,0.2195473813176155,0.1708717792235276,-0.1230672003591433
P0572,2025-07-01,0.1680115852475166,0.1335189141504883,-0.1444222926199436
P0572,2025-08-01,0.169061964893341,0.1288333095985917,-0.1552041129052639
P0572,2025-09-01,0.1588251511216163,0.115198634332687,-0.1772591418325901
P0572,2025-10-01,0.1597044445514679,0.1098506473422118,-0.1906783519208431
P0572,2025-11-01,0.1727619457483291,0.1112676740565538,-0.1793557236015796
P0572,2025-12-01,0.1836518591642379,0.1061257990319875,-0.1725878572374582
P0573,2025-01-01,0.5955173279285431,0.4440852011065949,0.2333839270450174
P0573,2025-02-01,0.8059569595813751,0.6738927153516604,0.4211382081866264
P0573,2025-03-01,0.7113825026035309,0.6035831409989002,0.3530409750461578
P0573,2025-04-01,0.5422636635780335,0.3790242853753245,0.1319261795181781
P0573,2025-05-01,0.2130718227386474,0.1432326780683893,-0.1730919573888182
P0573,2025-06-01,0.171748670566082,0.1319602782960674,-0.1808232542276382
P0573,2025-07-01,0.1483719588637352,0.1215736540142302,-0.1739465371847152
P0573,2025-08-01,0.1494310966610908,0.1192870204571254,-0.1633035420536994
P0573,2025-09-01,0.1490642306447029,0.1140774132912537,-0.1795761170983314
P0573,2025-10-01,0.1736492893576622,0.1189936315643564,-0.180961418640241
P0573,2025-11-01,0.1805456710815429,0.116922522705652,-0.1708826805919408
P0573,2025-12-01,0.3053427907705307,0.1698359356181896,-0.0328659802865237
P0574,2025-01-01,0.3287441967964172,0.1447078836654545,-0.2748985103303566
P0574,2025-02-01,0.5083951908349991,0.2621008642034249,-0.0736219596333336
P0574,2025-03-01,0.6307034576416015,0.4560916127471512,0.1970367829274852
P0574,2025-04-01,0.8105317044258118,0.7172678731228428,0.4231346135377884
P0574,2025-05-01,0.641816032242775,0.5571337146462969,0.2878599018692996
P0574,2025-06-01,0.2551239443540573,0.1623603522425227,-0.0909852209065109
P0574,2025-07-01,0.1839814966678619,0.1330735589170217,-0.118122904998064
P0574,2025-08-01,0.1752749719381332,0.113607716119266,-0.1728382449701428
P0574,2025-09-01,0.1707646798253059,0.0930272589468946,-0.2748555845499039
P0574,2025-10-01,0.2071737172842025,0.0822321164803721,-0.3629808574676513
P0574,2025-11-01,0.2393078109025955,0.0840066636438714,-0.348885991024971
P0574,2025-12-01,0.248006895494461,0.0679676538760983,-0.3136675103563815
P0575,2025-01-01,0.2306410685658455,0.1648956917257334,-0.1042267043431367
P0575,2025-02-01,0.5226420615911483,0.3531362724037507,0.1264216358810663
P0575,2025-03-01,0.7453389512062073,0.606647156314636,0.3348800625264644
P0575,2025-04-01,0.5302729972839355,0.3613542627761885,0.1316640735980589
P0575,2025-05-01,0.2214569090604782,0.1388513590233556,-0.1547412365060299
P0575,2025-06-01,0.1560961964964866,0.1107116959173295,-0.183290830373764
P0575,2025-07-01,0.1328314799666404,0.1061177929272538,-0.1611235145926475
P0575,2025-08-01,0.1288249893426895,0.1030180613278101,-0.1558216502904892
P0575,2025-09-01,0.1211466283202171,0.0941860889410506,-0.1744994901895523
P0575,2025-10-01,0.1117889349579811,0.0755224116897665,-0.188918769800663
P0575,2025-11-01,0.124778540122509,0.0779589310333564,-0.1763037833809852
P0575,2025-12-01,0.1794115366339683,0.1102936176544344,-0.1585771621882915
P0576,2025-01-01,0.3180528631806373,0.1924187741535151,-0.1670229206947027
P0576,2025-02-01,0.5396481131315232,0.3616279180798257,0.0792431321049774
P0576,2025-03-01,0.7049760895252227,0.581085153918682,0.2863373962268233
P0576,2025-04-01,0.7564377416133881,0.6073437357227682,0.3351517328083515
P0576,2025-05-01,0.6204090133666992,0.5169723727014327,0.2669443681497211
P0576,2025-06-01,0.243812817955017,0.1746181131049209,-0.0765494815365411
P0576,2025-07-01,0.1543485592961311,0.1212532411804562,-0.1287322027623653
P0576,2025-08-01,0.1564581736683845,0.1161461198901546,-0.1507773268938064
P0576,2025-09-01,0.152471695792675,0.0993056201997453,-0.2340099975824356
P0576,2025-10-01,0.1659636002063751,0.071164061076668,-0.2960046082854271
P0576,2025-11-01,0.1980816279888153,0.0861205030635715,-0.314026884317398
P0576,2025-12-01,0.2621587366104126,0.1421776578840593,-0.2078579323381185
P0577,2025-01-01,0.4311890356302261,0.2418142495372607,0.0207415761100535
P0577,2025-02-01,0.8412611920118331,0.6514334803200934,0.415995713519305
P0577,2025-03-01,0.8279146063804627,0.7708329549187326,0.4692084342032671
P0577,2025-04-01,0.8589824211359024,0.7575469514828769,0.4564229861319065
P0577,2025-05-01,0.166525875544548,0.0980134319560151,-0.1870250160723924
P0577,2025-06-01,0.1485007575154304,0.1047815802237699,-0.1859992022335529
P0577,2025-07-01,0.1282428618073463,0.1063480378182406,-0.1619090734541416
P0577,2025-08-01,0.1268609204173088,0.1041383631812255,-0.1513361193716526
P0577,2025-09-01,0.1186394390463829,0.0915056793899379,-0.1768388398885726
P0577,2025-10-01,0.1429949746012687,0.0858719981940784,-0.1982307708084583
P0577,2025-11-01,0.1857674608230591,0.1097930000642364,-0.1564609688544646
P0577,2025-12-01,0.3019753895998001,0.1670211140037175,-0.0568889447184279
P0578,2025-01-01,0.2763885731826042,0.2090695239806673,-0.1138931673198587
P0578,2025-02-01,0.6549254710435868,0.4290441514197222,0.1601267488386482
P0578,2025-03-01,0.7917449771881103,0.6354836644252488,0.3539451447632163
P0578,2025-04-01,0.793462814283371,0.7223690040976658,0.4767725713491439
P0578,2025-05-01,0.6072960509300231,0.4225462850951914,0.2503382184065878
P0578,2025-06-01,0.2699576156854629,0.1904663510147462,-0.0420257118693087
P0578,2025-07-01,0.1827753334999084,0.1412304362030395,-0.0907016283356584
P0578,2025-08-01,0.1601720918655395,0.1243742023139185,-0.1178169510662555
P0578,2025-09-01,0.1549628252267837,0.1109318638257017,-0.1605317205309868
P0578,2025-10-01,0.1649490515232086,0.0739487594240255,-0.3255557225465774
P0578,2025-11-01,0.2029006243467331,0.0806785506828417,-0.3231916530847549
P0578,2025-12-01,0.2067024067640304,0.080224717076007,-0.328464858007431
P0579,2025-01-01,0.2351506965398788,0.1706952515554386,-0.1195657770342193
P0579,2025-02-01,0.5380453063964844,0.3975563448126368,0.120661967287492
P0579,2025-03-01,0.4973226608514786,0.4530434615569471,0.1874145938673522
P0579,2025-04-01,0.4844934278011322,0.3738421923719401,0.1201731243465095
P0579,2025-05-01,0.2153131961584091,0.1350465348205089,-0.1359839831136167
P0579,2025-06-01,0.1742322239637375,0.1231114599392591,-0.1668303827524185
P0579,2025-07-01,0.1368913617491722,0.1124133090596888,-0.145859922337532
P0579,2025-08-01,0.1373913097739219,0.1082921740987992,-0.1543007591366768
P0579,2025-09-01,0.124981554877758,0.0929563347221241,-0.197422232890129
P0579,2025-10-01,0.1200410730838775,0.0733475979273167,-0.2417210731506347
P0579,2025-11-01,0.1369181364417076,0.0790994908933487,-0.2315977303743362
P0579,2025-12-01,0.1811693976163864,0.0971062390566824,-0.1987147848725318
P0580,2025-01-01,0.4719369858503341,0.4607027185383872,0.0905881561338901
P0580,2025-02-01,0.7138984645366668,0.5238627842720767,0.2973046148702502
P0580,2025-03-01,0.7535717825889587,0.6468049254034005,0.3739756204009056
P0580,2025-04-01,0.7873179214954377,0.7043013467366098,0.411353616848588
P0580,2025-05-01,0.6883583447933197,0.542135890186369,0.2805593532793224
P0580,2025-06-01,0.2930915344953537,0.2196314631992761,-0.0554553350516129
P0580,2025-07-01,0.2191864986658096,0.1663865300327516,-0.1059016084579285
P0580,2025-08-01,0.2068731148004531,0.1548298936149992,-0.118437431333214
P0580,2025-09-01,0.1938223839879036,0.132676132242232,-0.1718758918749168
P0580,2025-10-01,0.2334205667734146,0.1254456495759687,-0.2272025791963562
P0580,2025-11-01,0.2891635351657867,0.1580921497074396,-0.1452958599677309
P0580,2025-12-01,0.3486533855676651,0.2051572320145008,-0.0928458853895776
P0581,2025-01-01,0.5479633629083633,0.3355905993755781,0.0882198047843761
P0581,2025-02-01,0.6783558758020402,0.4620752755939095,0.2430531375246122
P0581,2025-03-01,0.6503797864437103,0.5074550225173051,0.2828864653170109
P0581,2025-04-01,0.6566319232463836,0.4873885544569486,0.2712825834944844
P0581,2025-05-01,0.560263248348236,0.3904604293172591,0.1855715299084782
P0581,2025-06-01,0.3219731372833252,0.2329715185194567,-0.0287516819116048
P0581,2025-07-01,0.2697530559301376,0.1929610226713487,-0.0687057648580521
P0581,2025-08-01,0.2610722097158432,0.1840077567030542,-0.0689092519872356
P0581,2025-09-01,0.2653964025259018,0.173615804497867,-0.1002418159494642
P0581,2025-10-01,0.2991306552648544,0.1655809237186562,-0.1215223290949128
P0581,2025-11-01,0.3580215560674667,0.1846566004623925,-0.0882255378980963
P0581,2025-12-01,0.4004583485126495,0.2027296689209048,-0.0542625032315962
P0582,2025-01-01,0.3964349765300751,0.2487941813494998,-0.0760499001797008
P0582,2025-02-01,0.7308452360153198,0.5307321264356043,0.3028089854598045
P0582,2025-03-01,0.8333021826744079,0.7020014353853757,0.4389939724445343
P0582,2025-04-01,0.8676614498138427,0.6904564515820754,0.4585122599601746
P0582,2025-05-01,0.3971207648038864,0.2463174767644349,0.0143297000810736
P0582,2025-06-01,0.2103866722345352,0.1433022245145672,-0.1413610446453094
P0582,2025-07-01,0.1584368164896965,0.1195537288043549,-0.1623009656310081
P0582,2025-08-01,0.1573694271326065,0.116687212224558,-0.1644984537482261
P0582,2025-09-01,0.1448047167658805,0.0988127831793982,-0.2099853132009506
P0582,2025-10-01,0.163950415611267,0.0866312536859195,-0.2786723196268081
P0582,2025-11-01,0.1674612054705619,0.0852341303314127,-0.2556900249958038
P0582,2025-12-01,0.1894038545131683,0.105976948066323,-0.2224398665904998
P0583,2025-01-01,0.3550182100534439,0.2074145124139254,-0.1026061144557781
P0583,2025-02-01,0.6240848278045654,0.4031570188256591,0.1575800305822617
P0583,2025-03-01,0.7281628522157669,0.5947415007415632,0.3103561836568638
P0583,2025-04-01,0.6930059260473802,0.5608044993494757,0.2784289343938629
P0583,2025-05-01,0.4016355778694153,0.2522129314486513,0.0143218881237533
P0583,2025-06-01,0.2127579486131668,0.1552407962777899,-0.1292470883901231
P0583,2025-07-01,0.1926472698569298,0.1431052626026144,-0.1174242509621661
P0583,2025-08-01,0.1956620937347412,0.1430133737627157,-0.1185002309877425
P0583,2025-09-01,0.1902627828240394,0.129885747843427,-0.1591057533621089
P0583,2025-10-01,0.1752175067305565,0.1043356639728606,-0.2092777924986556
P0583,2025-11-01,0.231431806898117,0.1179906718984046,-0.1904121577914342
P0583,2025-12-01,0.2596106117725372,0.1360515049596839,-0.1132876780346036
P0584,2025-01-01,0.3918099007606506,0.2461739396175701,-0.1245237484298646
P0584,2025-02-01,0.815936209154129,0.6145577495466082,0.3990014361381531
P0584,2025-03-01,0.7623233372688294,0.6284532199797354,0.510990344953537
P0584,2025-04-01,0.8331877314090729,0.7119970906324125,0.5549276815414429
P0584,2025-05-01,0.4296083666563034,0.256177396332518,0.0828160463649081
P0584,2025-06-01,0.2097059383869171,0.1540455384943391,-0.0770981935739517
P0584,2025-07-01,0.1800300188779831,0.149311105439788,-0.0642256416120566
P0584,2025-08-01,0.190061997449398,0.1245466331380575,-0.1707682611090907
P0584,2025-09-01,0.1584209874272346,0.0702679099037935,-0.3185951378345489
P0584,2025-10-01,0.177435300719738,0.0615774491771519,-0.3595177688360214
P0584,2025-11-01,0.2006723646640777,0.0674700095101879,-0.3384940081506967
P0584,2025-12-01,0.1960799066066741,0.0715851205950791,-0.3383675173044205
P0585,2025-01-01,0.069461906949679,0.0575141890570622,0.259269654750824
P0585,2025-02-01,0.8493560411453247,0.6371023796189709,0.4139210539758205
P0585,2025-03-01,0.8394157861709595,0.6555905617812104,0.4768252888207789
P0585,2025-04-01,0.869000388470488,0.714066655219629,0.5072604349232681
P0585,2025-05-01,0.6070889099597931,0.4171498648172623,0.2670235758066177
P0585,2025-06-01,0.2658786625862122,0.1917845064280875,0.0062789285303151
P0585,2025-07-01,0.2001741643428802,0.1491551302244177,-0.050708658936643
P0585,2025-08-01,0.151475345826149,0.1266175357855959,-0.0883144872482866
P0585,2025-09-01,0.1462296102523803,0.1116851495477786,-0.1405939881652593
P0585,2025-10-01,0.1638249511122703,0.084178586717704,-0.2584359022438526
P0585,2025-11-01,0.2036359724402427,0.093796348036498,-0.2358191865395754
P0585,2025-12-01,0.2133453169584274,0.1027892184155794,-0.2338246633820235
P0586,2025-01-01,0.1799470307826995,0.1052533552685612,-0.1570838358968496
P0586,2025-02-01,0.4048506681919098,0.2599628720911938,0.0018607531494693
P0586,2025-03-01,0.7755338063240051,0.6805901280422246,0.3878914621353149
P0586,2025-04-01,0.6023701966762542,0.4158227315527592,0.1850715518474578
P0586,2025-05-01,0.2257778476715088,0.1341136778658395,-0.1554313047111034
P0586,2025-06-01,0.1628943303823471,0.1116960088476161,-0.1715161227583885
P0586,2025-07-01,0.1415964499115944,0.101240354336007,-0.1681744475841522
P0586,2025-08-01,0.1302348950982093,0.1062424441802891,-0.1499128352880478
P0586,2025-09-01,0.122023941040039,0.0946669845268142,-0.2030785503149032
P0586,2025-10-01,0.1217720424652099,0.089695589151164,-0.2452886969029903
P0586,2025-11-01,0.1333795041799545,0.0947433381073668,-0.2295371987015008
P0586,2025-12-01,0.1400376107096672,0.0888321964100578,-0.2254870319128036
P0587,2025-01-01,0.2479216523766517,0.1690405783740406,-0.134329681001231
P0587,2025-02-01,0.538965103507042,0.3564992546352782,0.1244887594387866
P0587,2025-03-01,0.7354078626155853,0.5777603663237109,0.3085858919277787
P0587,2025-04-01,0.708851598299943,0.4631469463152823,0.396013925892192
P0587,2025-05-01,0.3779669277667999,0.2444024652849388,0.0205065498274051
P0587,2025-06-01,0.238906403183937,0.1778324993629154,-0.1158309229705482
P0587,2025-07-01,0.2016724039077758,0.1537787903979973,-0.1214704789578914
P0587,2025-08-01,0.1846569058060646,0.1376572047481661,-0.1393030676603317
P0587,2025-09-01,0.1703850087285041,0.1188847694925021,-0.1966038270950317
P0587,2025-10-01,0.1512312485575676,0.0934932227264283,-0.232825261092186
P0587,2025-11-01,0.1746744960069656,0.0979005167123203,-0.2097571741819381
P0587,2025-12-01,0.1867260336518287,0.100672247270368,-0.1888931386351585
P0588,2025-01-01,0.6925556725978851,0.5377166980978393,0.2821912069499492
P0588,2025-02-01,0.7954159341812134,0.6550804532283877,0.4100068608999252
P0588,2025-03-01,0.7276258543014527,0.636398303437207,0.407217440867424
P0588,2025-04-01,0.6084734760999679,0.4338108571322658,0.2304448840692639
P0588,2025-05-01,0.232179234945774,0.1537832061272011,-0.163573590186052
P0588,2025-06-01,0.1923494958400726,0.1375676492651966,-0.1893428123936057
P0588,2025-07-01,0.1618681438088417,0.118743249177869,-0.1936545364022255
P0588,2025-08-01,0.1475793501853942,0.0986298123022662,-0.2081129446268081
P0588,2025-09-01,0.1495854327917099,0.0958257782485822,-0.2166014736413955
P0588,2025-10-01,0.1976842220664024,0.1201626304116562,-0.2124506390272639
P0588,2025-11-01,0.2104796412825584,0.1193565301797843,-0.1956659806545823
P0588,2025-12-01,0.2898681742191314,0.155736587754673,-0.0920895137938438
P0589,2025-01-01,0.2528616266489029,0.1158587762589608,-0.20481246785447
P0589,2025-02-01,0.6397649524211884,0.4382193850936011,0.1809134015910327
P0589,2025-03-01,0.6912348974943161,0.6090668137835744,0.2913870460182428
P0589,2025-04-01,0.6935823957920074,0.5129197469442627,0.2809136227071285
P0589,2025-05-01,0.3452208485603332,0.2087011192455182,-0.0085378820433031
P0589,2025-06-01,0.2054572924137115,0.1326808849719458,-0.160322151917871
P0589,2025-07-01,0.1934422840714454,0.1406855771697996,-0.1397009108886122
P0589,2025-08-01,0.186940106344223,0.1303603565343741,-0.1419137011915445
P0589,2025-09-01,0.1524721021294593,0.0961212052758396,-0.2181334695458412
P0589,2025-10-01,0.3845533395767211,0.2337221715457355,-0.1160654965378344
P0589,2025-11-01,0.1829672869801521,0.0703579229987135,-0.2743279574155807
P0589,2025-12-01,0.18360339397192,0.0703716539301834,-0.2821476947188377
P0590,2025-01-01,0.2748950682640075,0.1888520820924827,-0.0765200233269366
P0590,2025-02-01,0.6378370749473572,0.516104240470364,0.2100585207255557
P0590,2025-03-01,0.7977146844387054,0.7156905599000194,0.3725651230096817
P0590,2025-04-01,0.7996055745601655,0.6401532852921559,0.3585144933223724
P0590,2025-05-01,0.2103726636648178,0.1274137133242547,-0.2047643703579902
P0590,2025-06-01,0.1774828753948211,0.1335840165095597,-0.1934825899839401
P0590,2025-07-01,0.1391555006146431,0.1162311588869225,-0.1644434520244598
P0590,2025-08-01,0.1334600880742073,0.1115638704546559,-0.1574776540517807
P0590,2025-09-01,0.1237575384259224,0.099136766639217,-0.1717833513617515
P0590,2025-10-01,0.1242717588186264,0.0991121583892947,-0.1867810643196105
P0590,2025-11-01,0.1323391196966171,0.0961767419575107,-0.1887438861727714
P0590,2025-12-01,0.2038797108888626,0.1320008176086766,-0.1513729667425155
P0591,2025-01-01,0.2630783679008484,0.1797608473160266,-0.0974719739979133
P0591,2025-02-01,0.4139116321206093,0.2786987054919649,0.0428290068019181
P0591,2025-03-01,0.5011156612634659,0.4076635986033629,0.1520389215078204
P0591,2025-04-01,0.4698504727602005,0.3582317243445367,0.1118661757135938
P0591,2025-05-01,0.3695418468952179,0.2546603586703541,0.00034548795478767715
P0591,2025-06-01,0.2133187461614608,0.167592854793457,-0.111651343011111
P0591,2025-07-01,0.1788677407860756,0.1434941755485581,-0.1239686324879527
P0591,2025-08-01,0.177885979026556,0.1396919360801167,-0.1172421449820045
P0591,2025-09-01,0.187229605102539,0.1420498820091427,-0.1384231016056612
P0591,2025-10-01,0.2128679117321968,0.1484464029123993,-0.1263339138285839
P0591,2025-11-01,0.2460887902736663,0.161605637342067,-0.1123194999641506
P0591,2025-12-01,0.2685591350674629,0.167145871809607,-0.1018346498815109
P0592,2025-01-01,0.5866252921104431,0.3883523458233262,0.058216068492853
P0592,2025-02-01,0.8803077175140381,0.655404381055285,0.4240491225481033
P0592,2025-03-01,0.7892877933502197,0.6357090203464141,0.3959439946889877
P0592,2025-04-01,0.5371024747848511,0.3499326197445965,0.1308413204308599
P0592,2025-05-01,0.1971555336952209,0.1344548681045957,-0.1634486081138253
P0592,2025-06-01,0.2074033648252487,0.1575530094590197,-0.1563286446809768
P0592,2025-07-01,0.174709560918808,0.1295378798604103,-0.1826126215457916
P0592,2025-08-01,0.1645464586019516,0.1225826016427915,-0.1854410453677177
P0592,2025-09-01,0.1527932149291038,0.1131359464445678,-0.2016655138969421
P0592,2025-10-01,0.1720947043776512,0.0984826053302037,-0.2508859914898872
P0592,2025-11-01,0.1844284186124801,0.0989715180201431,-0.229158609803766
P0592,2025-12-01,0.2081493398427963,0.1020429466090319,-0.2569174340654164
P0593,2025-01-01,0.4391275238990784,0.305435109251101,-0.0926014326299723
P0593,2025-02-01,0.796658465385437,0.5163566957291663,0.3267497435990721
P0593,2025-03-01,0.816474898147583,0.7240192591659709,0.4620155205726624
P0593,2025-04-01,0.845674257183075,0.7582344590337099,0.4875458386659622
P0593,2025-05-01,0.4689657929420471,0.358236842375991,0.1466040251540718
P0593,2025-06-01,0.1955806632757186,0.1448031110940728,-0.1033232607483863
P0593,2025-07-01,0.1578461213231086,0.1277358781145266,-0.1081487033486366
P0593,2025-08-01,0.1585504423737526,0.1274892752218951,-0.1066002533495426
P0593,2025-09-01,0.169943981552124,0.0889854069413353,-0.2835345438957214
P0593,2025-10-01,0.1932670002818107,0.0927702027950091,-0.3066705070972442
P0593,2025-11-01,0.2617720054388046,0.1197775868694857,-0.2604634328918531
P0593,2025-12-01,0.2969656346559524,0.1245673814493704,-0.1883500326482579
P0594,2025-01-01,0.6479490805268288,0.478321737145984,0.2056417030448676
P0594,2025-02-01,0.8316363612890244,0.6667385665647978,0.4084685293991119
P0594,2025-03-01,0.8007398041725159,0.7523206436353397,0.4486912066292017
P0594,2025-04-01,0.84597056183815,0.713508936637945,0.4984185684800148
P0594,2025-05-01,0.6506182104587555,0.5081571148284555,0.299573711553961
P0594,2025-06-01,0.2953388465166092,0.2219812472595939,0.0016949851213139
P0594,2025-07-01,0.1933342957377433,0.1474228873523709,-0.0859927724584937
P0594,2025-08-01,0.1765322167634964,0.1338836168823687,-0.0972828291174024
P0594,2025-09-01,0.1583851962924003,0.1058283769179546,-0.1581814664758742
P0594,2025-10-01,0.1696655037343502,0.079081754540412,-0.2452206736527383
P0594,2025-11-01,0.2004299023985862,0.0899919607308703,-0.2196859713381156
P0594,2025-12-01,0.2305213158130645,0.1083464968014158,-0.1951850880799815
P0595,2025-01-01,0.335937611913681,0.153880051640403,-0.2486891038388013
P0595,2025-02-01,0.539344908952713,0.332587153230148,0.0592080353381112
P0595,2025-03-01,0.6575945506095886,0.4862274507329562,0.235640302034514
P0595,2025-04-01,0.8111710491657257,0.776297589646334,0.4433040489971637
P0595,2025-05-01,0.6328471016407013,0.5272430631613062,0.255057506853136
P0595,2025-06-01,0.2514156315565109,0.1680314548698248,-0.0463583823947934
P0595,2025-07-01,0.1736701918363571,0.1297741287827558,-0.10859961142838
P0595,2025-08-01,0.1622763145208358,0.1138038426236171,-0.1525060149490833
P0595,2025-09-01,0.1728510798931122,0.094424169602429,-0.26043105635643
P0595,2025-10-01,0.1825866127490997,0.0755879595989862,-0.3170005601249635
P0595,2025-11-01,0.2105064445018768,0.0802033627575717,-0.3045229853861034
P0595,2025-12-01,0.2481563174962997,0.1028568463434086,-0.2524564625427127
P0596,2025-01-01,0.4001893115401268,0.2473205858608271,-0.1114740584658691
P0596,2025-02-01,0.728803847360611,0.4884888140156221,0.2591044247299433
P0596,2025-03-01,0.8011936981201172,0.6571661599526939,0.401825629892759
P0596,2025-04-01,0.8103473747079385,0.6949090466815663,0.4525927438495312
P0596,2025-05-01,0.5666447215914726,0.3810815701860964,0.2013791206461368
P0596,2025-06-01,0.2452503572702407,0.1704121531106966,-0.0709176953555084
P0596,2025-07-01,0.1917884596288204,0.1502486228955337,-0.0996420857246965
P0596,2025-08-01,0.1923469195008278,0.1483919392079179,-0.1053296063281595
P0596,2025-09-01,0.1793571521520614,0.1033187272449922,-0.2487283461499959
P0596,2025-10-01,0.1858178989887237,0.0849091390273024,-0.3098948190202936
P0596,2025-11-01,0.2250121559619903,0.0938060570392444,-0.2866108950808644
P0596,2025-12-01,0.2223315498948097,0.0930764791338232,-0.3049950335040688
P0597,2025-01-01,0.4023198252439499,0.2803170870749157,-0.0110027503794524
P0597,2025-02-01,0.7467436886787414,0.5958089425411655,0.312654781794548
P0597,2025-03-01,0.7570922084808349,0.6792375521613537,0.4029898294687271
P0597,2025-04-01,0.649511496925354,0.4566517785647938,0.2290935458675027
P0597,2025-05-01,0.2107925221204757,0.1308023701096261,-0.2020163152098655
P0597,2025-06-01,0.162531258714199,0.1277927290776572,-0.1930323692798614
P0597,2025-07-01,0.1350740739822387,0.1133916602527832,-0.1814898256540298
P0597,2025-08-01,0.1340649197340011,0.1104464174798847,-0.1686823297977447
P0597,2025-09-01,0.1301578763723373,0.1032299749836111,-0.187619133901596
P0597,2025-10-01,0.128677623462677,0.0902253567942748,-0.2147925394535064
P0597,2025-11-01,0.1422875127792358,0.0902982924330247,-0.199372204041481
P0597,2025-12-01,0.3251345915794372,0.1742171745357633,-0.043077672698535
P0598,2025-01-01,0.2199056117534637,0.1254123572739302,-0.129379897493124
P0598,2025-02-01,0.4839623414039611,0.3383452677389199,0.0533161239875509
P0598,2025-03-01,0.6882414647579194,0.5982693271155478,0.2764200414236635
P0598,2025-04-01,0.7498574837446212,0.6283818878779175,0.3099142818957567
P0598,2025-05-01,0.2145941668748855,0.1313086858483399,-0.1443683525886386
P0598,2025-06-01,0.1737986288905143,0.1169945168420046,-0.172306173145771
P0598,2025-07-01,0.1411971194982528,0.1079316493324788,-0.1597587838172912
P0598,2025-08-01,0.1187124101400375,0.088385101938535,-0.1816262699246406
P0598,2025-09-01,0.1203847211122512,0.0830730134121743,-0.1926163499116897
P0598,2025-10-01,0.159730757009983,0.1063796855613076,-0.1988087312340736
P0598,2025-11-01,0.1649692780971527,0.0965207599477679,-0.2249961458325386
P0598,2025-12-01,0.2226992055654525,0.1164099300700259,-0.0965830886945128
P0599,2025-01-01,0.4213898335695267,0.2546624871310038,-0.0754306465827277
P0599,2025-02-01,0.7705858569145203,0.5448344344641953,0.3228495607171208
P0599,2025-03-01,0.8006721380233764,0.6859998484343387,0.452406927204132
P0599,2025-04-01,0.8550881572246551,0.7784982006088802,0.4954298197984695
P0599,2025-05-01,0.6953369652748108,0.5180835455649577,0.316048386529088
P0599,2025-06-01,0.32175176653862,0.2426517678357876,0.0500157041559927
P0599,2025-07-01,0.2000468291521072,0.1463947564568175,-0.0662913967012427
P0599,2025-08-01,0.1727428835630416,0.1330509740068791,-0.0887418651437736
P0599,2025-09-01,0.1506928119182586,0.1081319120646031,-0.1427779321372509
P0599,2025-10-01,0.2180334830403328,0.0967795670854395,-0.2896831174034625
P0599,2025-11-01,0.2544022231221199,0.1079298340382437,-0.198821259952709
P0599,2025-12-01,0.2900305655002594,0.1414025675367655,-0.1876345236513763
P0600,2025-01-01,0.4527704492330551,0.2589899604605145,0.0247550238127587
P0600,2025-02-01,0.7734134328365326,0.6582393522730045,0.3469672000110149
P0600,2025-03-01,0.8271843587875366,0.8090868387651479,0.4509918843746185
P0600,2025-04-01,0.8303500460147858,0.7043185392869206,0.4240107227325439
P0600,2025-05-01,0.218803464603424,0.1232392264587822,-0.1806544463157653
P0600,2025-06-01,0.1628295644044876,0.1242803465907629,-0.1777302610993385
P0600,2025-07-01,0.1478477053284645,0.1135932522969774,-0.192070643889904
P0600,2025-08-01,0.1381944486618042,0.0983774096759358,-0.1972388463854789
P0600,2025-09-01,0.1410733734250068,0.0946114033390147,-0.2024191575050354
P0600,2025-10-01,0.2361583131074905,0.14866326193499,-0.1835007530450821
P0600,2025-11-01,0.1791802589654922,0.0979500387176227,-0.2498452372908592
P0600,2025-12-01,0.2745757655620575,0.1640940771706338,-0.0621863557745469
P0601,2025-01-01,0.4242950266361237,0.2475466317608065,-0.0638418483973364
P0601,2025-02-01,0.6007903088331222,0.4728620832729516,0.1529010976303368
P0601,2025-03-01,0.6462112508535385,0.5333633939665485,0.2429924917853437
P0601,2025-04-01,0.6907450752139092,0.5293697177859976,0.2770150074675679
P0601,2025-05-01,0.3546300537824631,0.2318355931344577,-0.0637212962232297
P0601,2025-06-01,0.3058530974626541,0.2369089153393811,-0.0684783901897448
P0601,2025-07-01,0.2477875789046287,0.2006506017952668,-0.0840920697622001
P0601,2025-08-01,0.1772015784144401,0.119211506978274,-0.1897631694734096
P0601,2025-09-01,0.1631084259390831,0.0946156642244668,-0.250881942486763
P0601,2025-10-01,0.6521697548389435,0.4712906591854623,0.1336045541532337
P0601,2025-11-01,0.7488594570875168,0.6742739569549849,0.2967787056259811
P0601,2025-12-01,0.6949396286010742,0.4891914544736075,0.2535856069229543
P0602,2025-01-01,0.241666275191307,0.135149759592248,-0.1985411655165255
P0602,2025-02-01,0.488953130531311,0.3118460411745044,0.0928949265737552
P0602,2025-03-01,0.7376229778289795,0.6686398138442324,0.3709751507379115
P0602,2025-04-01,0.5766190222978591,0.4768579395265745,0.2267242536503356
P0602,2025-05-01,0.4156150667667388,0.2850760652089166,0.0824733565627597
P0602,2025-06-01,0.1752900625228881,0.131761158687426,-0.1216491580754518
P0602,2025-07-01,0.1438378080248832,0.1141179524578853,-0.1185972279369831
P0602,2025-08-01,0.1370903118252754,0.1028703233109142,-0.1441317256331444
P0602,2025-09-01,0.1362157566785812,0.0931371782664325,-0.1840577355861664
P0602,2025-10-01,0.1482549412965774,0.0818862900887332,-0.2617888286948204
P0602,2025-11-01,0.170113648211956,0.0853961310966251,-0.2404057013243437
P0602,2025-12-01,0.221790947663784,0.0790297023068348,-0.1361951899241656
P0603,2025-01-01,0.6554983327865601,0.4193208862193843,0.1528242856450844
P0603,2025-02-01,0.9401108329772948,0.8287314972768156,0.5499209263801574
P0603,2025-03-01,0.8910934725761414,0.805364215250536,0.477113074350357
P0603,2025-04-01,0.7710959859848022,0.5666888107680206,0.336568475151062
P0603,2025-05-01,0.192634058356285,0.1133138511983408,-0.1690174005213193
P0603,2025-06-01,0.1856067468643188,0.1242484894990799,-0.170293773651123
P0603,2025-07-01,0.1286065980195999,0.0969405506871246,-0.1630253515779972
P0603,2025-08-01,0.1298708262920379,0.0948329206496398,-0.1553767851188779
P0603,2025-09-01,0.1400245406389236,0.0896402738301057,-0.2031713803827762
P0603,2025-10-01,0.2322526686191559,0.12882139795054,-0.2025919612854719
P0603,2025-11-01,0.3822761464357376,0.2460481244320151,-0.0722324052222073
P0603,2025-12-01,0.4296919440984726,0.2972024295247981,-0.0205729414232075
P0604,2025-01-01,0.5736808601617813,0.3802937538305634,0.0615696717283978
P0604,2025-02-01,0.8131367257118225,0.5613582894480984,0.368292430382967
P0604,2025-03-01,0.8160684730529785,0.6495860021748225,0.4343272468805313
P0604,2025-04-01,0.7816092246055603,0.5635573103101165,0.4023396913528442
P0604,2025-05-01,0.5724781897068024,0.3658342810382405,0.192722263705566
P0604,2025-06-01,0.2828193929672241,0.1852244260396276,-0.0558636659680225
P0604,2025-07-01,0.183300324165821,0.1291158051931314,-0.1337023510728031
P0604,2025-08-01,0.1820109519004821,0.1239844599427363,-0.1341367435688153
P0604,2025-09-01,0.1636341220855713,0.0793221774441479,-0.2596984582781791
P0604,2025-10-01,0.1827394467234611,0.0636755668222138,-0.32815225212574
P0604,2025-11-01,0.2181465685844421,0.0779566689275745,-0.3064938219130039
P0604,2025-12-01,0.2973044829845429,0.1200371389759827,-0.2155215411122888
P0605,2025-01-01,0.3669979386350028,0.2709570203648348,-0.0654659216771918
P0605,2025-02-01,0.7230236436009407,0.4858052183478407,0.2849692962196423
P0605,2025-03-01,0.7284888048934473,0.6573795728186598,0.3960529382358753
P0605,2025-04-01,0.7948367145061493,0.6528941665971092,0.4407987435296178
P0605,2025-05-01,0.5435502107322217,0.3727490823035612,0.1228938371608033
P0605,2025-06-01,0.243052036729455,0.1670586433059941,-0.1194816066467901
P0605,2025-07-01,0.1777022481739521,0.1282642601022921,-0.1441741567745804
P0605,2025-08-01,0.1737106489539146,0.1235829080744245,-0.1485044292012229
P0605,2025-09-01,0.1617246434539556,0.10423359973778,-0.2086144001021981
P0605,2025-10-01,0.1637113962866365,0.0800189310099488,-0.2826434654265642
P0605,2025-11-01,0.1921921767652034,0.0856961598285763,-0.2641968163527548
P0605,2025-12-01,0.198079841774702,0.0796350334806214,-0.2649225729778409
P0606,2025-01-01,0.4186267633231874,0.2722658654169765,0.0973738727920924
P0606,2025-02-01,0.6670736931800842,0.4729878857972749,0.2610586696743965
P0606,2025-03-01,0.7440276763439179,0.6110984715711976,0.3256371891319751
P0606,2025-04-01,0.7813118007898331,0.6869931194971697,0.4097178401648998
P0606,2025-05-01,0.699154069519043,0.5574636778724964,0.3192057756066322
P0606,2025-06-01,0.3263780980110168,0.2452692756745278,-0.0150209399694809
P0606,2025-07-01,0.2202628492116928,0.1638096724917378,-0.1014023843318224
P0606,2025-08-01,0.193280224430561,0.1422694939754432,-0.109011668908596
P0606,2025-09-01,0.1795893143653869,0.1256001363498963,-0.1320140481061535
P0606,2025-10-01,0.180777210688591,0.1054949605318036,-0.2015628835618496
P0606,2025-11-01,0.2393506367921829,0.1268227766902281,-0.1447107335604938
P0606,2025-12-01,0.2563878786087036,0.1385052862037236,-0.1230645168079063
P0607,2025-01-01,0.3014086164593696,0.168464266671573,-0.1398070448559476
P0607,2025-02-01,0.6111969160556793,0.4011116559822421,0.1474297391664702
P0607,2025-03-01,0.728321701335907,0.5871991403942195,0.3109789221750572
P0607,2025-04-01,0.7600059377193451,0.564492225330044,0.3178977571681142
P0607,2025-05-01,0.2449051871061325,0.1382799030064603,-0.179208719843626
P0607,2025-06-01,0.1598975784897804,0.1117124948917198,-0.1856141973733902
P0607,2025-07-01,0.1322545762777328,0.097073771449628,-0.1733331877708435
P0607,2025-08-01,0.1273493451714515,0.0910204535764722,-0.1724323762416839
P0607,2025-09-01,0.1245210479021072,0.0834944754434912,-0.2068343480587005
P0607,2025-10-01,0.1420471625089645,0.0799756045538619,-0.2448477147698402
P0607,2025-11-01,0.1607870836138725,0.088104419820453,-0.2194539937734604
P0607,2025-12-01,0.2244067603349685,0.1123637385874899,-0.2033039937550202
P0608,2025-01-01,0.311289169216156,0.2168731838952708,-0.0271912843630183
P0608,2025-02-01,0.5578646320819854,0.4308021013488012,0.1625313698219184
P0608,2025-03-01,0.6835971979618073,0.6123835630200353,0.3119653258442879
P0608,2025-04-01,0.7036142120361328,0.5611916185942383,0.2985349527835846
P0608,2025-05-01,0.2316139053821563,0.1564994989716714,-0.1477064199656248
P0608,2025-06-01,0.1690920179605484,0.1325904218270479,-0.16772795509696
P0608,2025-07-01,0.1443934020042419,0.116063445610081,-0.155822961628437
P0608,2025-08-01,0.1486522718548774,0.1176800784128997,-0.1504117765605449
P0608,2025-09-01,0.1337065900921821,0.1012415279365675,-0.1735065917253494
P0608,2025-10-01,0.1345367145657539,0.0969854451560021,-0.178790056169033
P0608,2025-11-01,0.1458296034932136,0.0965719547690639,-0.166692413508892
P0608,2025-12-01,0.2299240568518638,0.13636829007193,-0.0823237494353205
P0609,2025-01-01,0.476518490409851,0.3174996980404459,-0.0019021835351362
P0609,2025-02-01,0.7517365884065628,0.5452581265970827,0.2975753701359033
P0609,2025-03-01,0.7963887761592865,0.6603550892355288,0.3807664275161922
P0609,2025-04-01,0.7545177935600281,0.5829640985492488,0.3397774408973753
P0609,2025-05-01,0.4374958152294159,0.2537143491086633,0.0193266532619716
P0609,2025-06-01,0.2478345044851303,0.1657537457469045,-0.1364716314166784
P0609,2025-07-01,0.1955103185176849,0.1411790088672921,-0.1450785275936126
P0609,2025-08-01,0.1796776510477066,0.1384887828529299,-0.1397910797178745
P0609,2025-09-01,0.1690549474358558,0.1197618741794337,-0.2109111332774162
P0609,2025-10-01,0.2176276409745216,0.0866200129106752,-0.2347359862282872
P0609,2025-11-01,0.2361409151315689,0.1312925600523086,-0.2023062975041568
P0609,2025-12-01,0.3566404824495315,0.1934766158755627,-0.1223124520717654
P0610,2025-01-01,0.6458046619534492,0.4218512526298267,0.20382490786048005
P0610,2025-02-01,0.8390963770866394,0.6253351455686832,0.4231887419164181
P0610,2025-03-01,0.8458769254684448,0.7523213185078071,0.4683950389385223
P0610,2025-04-01,0.8884647449380473,0.7428536555502163,0.4977663828615556
P0610,2025-05-01,0.6333823073387146,0.428062302854677,0.2169159156711772
P0610,2025-06-01,0.3658039867162704,0.2610662974143821,0.0182970380787417
P0610,2025-07-01,0.2399836581468582,0.1637577783304576,-0.1070650074489414
P0610,2025-08-01,0.2027490717172622,0.142652806382975,-0.1335569887757301
P0610,2025-09-01,0.1781392225265503,0.1215678202677358,-0.1719796148657798
P0610,2025-10-01,0.1877832380533218,0.0746614045676976,-0.274228191435337
P0610,2025-11-01,0.2653792862653732,0.1080807966414519,-0.17852180740498
P0610,2025-12-01,0.2974893980026245,0.1282879531917376,-0.1642659427851904
P0611,2025-01-01,0.7632997456550599,0.6287718011416785,0.3510691100388765
P0611,2025-02-01,0.8160037859916687,0.7006892146052357,0.4345619273781776
P0611,2025-03-01,0.787422239780426,0.6948534273337795,0.4554032254934311
P0611,2025-04-01,0.7409756813049316,0.54418064224596,0.3896062014818191
P0611,2025-05-01,0.4489947757005691,0.2749240580705943,-0.0520959892542567
P0611,2025-06-01,0.3026427235126495,0.2002204386252454,-0.1445516641473397
P0611,2025-07-01,0.2472000443696975,0.1647833326351331,-0.1739396124448627
P0611,2025-08-01,0.235665980219841,0.1586623558867509,-0.1790633703276515
P0611,2025-09-01,0.2278007041692733,0.1428645685756852,-0.2069098375156521
P0611,2025-10-01,0.2322664326310158,0.1013344157448612,-0.2680635519873351
P0611,2025-11-01,0.2425919667005538,0.1317604882721805,-0.2379192908531054
P0611,2025-12-01,0.3402278555870056,0.1950859680415733,-0.1152692369139753
P0612,2025-01-01,0.3640983056306839,0.2418230607099905,0.0051360937779129
P0612,2025-02-01,0.7069836175918579,0.5820802820640751,0.2756586125925183
P0612,2025-03-01,0.7156816519737244,0.6112810657434365,0.3321546058416366
P0612,2025-04-01,0.5606448817014694,0.4077093511068129,0.1550715209206566
P0612,2025-05-01,0.2697591102361679,0.1735885771686588,-0.1468257099747657
P0612,2025-06-01,0.1922317609071731,0.1519108062813161,-0.1695023255705833
P0612,2025-07-01,0.1556123224496841,0.1278023862889722,-0.1591048981785774
P0612,2025-08-01,0.1404304827332496,0.1110094343440505,-0.1753763827323913
P0612,2025-09-01,0.1299097292542457,0.0998180229512011,-0.1880084913372993
P0612,2025-10-01,0.135012687754631,0.0962580918709822,-0.2029243243455886
P0612,2025-11-01,0.1463562197089195,0.0984947153678159,-0.1874286299467086
P0612,2025-12-01,0.1821503247380256,0.1044825280382008,-0.1643894754052162
P0613,2025-01-01,0.3152422160387039,0.1773714915097304,-0.1227566182842054
P0613,2025-02-01,0.4848836309671402,0.2600313537445807,0.0068515600394626
P0613,2025-03-01,0.553064417552948,0.4102022924793466,0.1299914157065097
P0613,2025-04-01,0.5762546406626702,0.4024414242998455,0.1387077311423607
P0613,2025-05-01,0.335966102617979,0.2078169437605478,-0.0849973522714193
P0613,2025-06-01,0.250615562069416,0.1664326050165902,-0.1481691404801094
P0613,2025-07-01,0.2126375966072082,0.1490932145125862,-0.1447585434824228
P0613,2025-08-01,0.211834028661251,0.1451226233887665,-0.1406268461853266
P0613,2025-09-01,0.2098199213445186,0.1357673690768788,-0.1658120541995391
P0613,2025-10-01,0.2478900963246822,0.1351239252066016,-0.1764443010100629
P0613,2025-11-01,0.2704836820960045,0.1384020673985774,-0.1544071943547576
P0613,2025-12-01,0.3070710668563843,0.1568121601247695,-0.0872690336260944
P0614,2025-01-01,0.6368514897346497,0.3803725082383417,0.1475679369071498
P0614,2025-02-01,0.7959711773872375,0.5495505388714658,0.3498835745573044
P0614,2025-03-01,0.7879536863327027,0.6248858027177303,0.4010583342790603
P0614,2025-04-01,0.7004295443058014,0.4694667734729431,0.2588254814110696
P0614,2025-05-01,0.4814421458005905,0.3006067666619584,0.0318859360251575
P0614,2025-06-01,0.3643914060592651,0.2466412351466847,-0.0477361132586811
P0614,2025-07-01,0.3240359804153442,0.229988293115863,-0.0587606036468991
P0614,2025-08-01,0.3472089382767677,0.2421544403119404,-0.035596765594976
P0614,2025-09-01,0.3641862111568451,0.2386322357009367,-0.0557916353984968
P0614,2025-10-01,0.4712921331048011,0.2891792263513622,0.0256992726393393
P0614,2025-11-01,0.5029722104787826,0.2973114566415731,0.054223121949844
P0614,2025-12-01,0.5824862070083618,0.345138268747432,0.1264352358193602
P0615,2025-01-01,0.5255140002768535,0.222587609968823,0.1805287244912636
P0615,2025-02-01,0.7591127235412598,0.5733042877801249,0.3431024110097438
P0615,2025-03-01,0.8318169692993164,0.7428310418595759,0.4415382909059525
P0615,2025-04-01,0.8250404294194846,0.7167127428468409,0.43429869477605
P0615,2025-05-01,0.7227652264118195,0.512423008526715,0.2794335789507022
P0615,2025-06-01,0.3495946130514145,0.2279650452447697,-0.0688893153146375
P0615,2025-07-01,0.2516057550907135,0.1693994232590853,-0.1405719160672277
P0615,2025-08-01,0.1966678970813751,0.1291700874968583,-0.180825991654396
P0615,2025-09-01,0.180313852417469,0.1127053388743957,-0.2080723257482052
P0615,2025-10-01,0.2416575096011161,0.12978164796459,-0.2162046634927392
P0615,2025-11-01,0.2931333806753158,0.1546244482982372,-0.135000861290493
P0615,2025-12-01,0.3224194303393364,0.19879355827745,-0.0907699679920915
P0616,2025-01-01,0.3919608064868429,0.3027293045919069,-0.0890675905713841
P0616,2025-02-01,0.773371079158783,0.5311823583038525,0.2887686629237607
P0616,2025-03-01,0.7921397629976272,0.6800305243771425,0.42388288941551
P0616,2025-04-01,0.8493507376398903,0.7068959989083601,0.5006984966441085
P0616,2025-05-01,0.3812264854192734,0.2653973811468031,0.0727702569543807
P0616,2025-06-01,0.2022913933634758,0.1429495211746378,-0.1346481253542006
P0616,2025-07-01,0.1779331554889679,0.1413600928488616,-0.1231236517727375
P0616,2025-08-01,0.1727716469824314,0.1236914111246607,-0.1720831761360168
P0616,2025-09-01,0.1520647266209125,0.0837352102428459,-0.2871860560655594
P0616,2025-10-01,0.1615628282487392,0.0739796901637613,-0.3208673289299011
P0616,2025-11-01,0.1953693109512329,0.0844496780433438,-0.299223637932539
P0616,2025-12-01,0.2225334405899048,0.0908736839525361,-0.2852236677289009
P0617,2025-01-01,0.2648529794454574,0.1588567404596214,-0.1628882929816842
P0617,2025-02-01,0.6524534026384353,0.4665800886451655,0.217787911218591
P0617,2025-03-01,0.8112393672466278,0.7203919363850909,0.4066483892679214
P0617,2025-04-01,0.6677845187664032,0.4742634234350947,0.2261207450689747
P0617,2025-05-01,0.200674231827259,0.1468881740857933,-0.143152279327996
P0617,2025-06-01,0.1745693048715591,0.1332271471889721,-0.1580763749310746
P0617,2025-07-01,0.1534956790804863,0.1235130404440992,-0.149532021554932
P0617,2025-08-01,0.1590043090343475,0.1209092568400896,-0.1515392034225166
P0617,2025-09-01,0.1593243839740753,0.1145999968694668,-0.1745840317331254
P0617,2025-10-01,0.174332101047039,0.1067550915628374,-0.217185894853808
P0617,2025-11-01,0.191016917014122,0.10963239419801,-0.2056393475905061
P0617,2025-12-01,0.2506140776872635,0.1313589176044957,-0.1789842661224997
P0618,2025-01-01,0.4403960532426834,0.2992669874773992,0.021062943516625
P0618,2025-02-01,0.7210106462001801,0.5577630729967505,0.2848608410853893
P0618,2025-03-01,0.7215703168869019,0.637613215522155,0.3456421314835548
P0618,2025-04-01,0.7074422575473786,0.496771030450284,0.2440789259314537
P0618,2025-05-01,0.2345126166582107,0.1436447888142232,-0.1799375272154808
P0618,2025-06-01,0.1946166507005691,0.1366357095391347,-0.1847889977008104
P0618,2025-07-01,0.1377914596915245,0.1122575970986187,-0.172243826528266
P0618,2025-08-01,0.1387533237934112,0.1118600650200863,-0.1644385279290378
P0618,2025-09-01,0.1358565177559852,0.1014819386509217,-0.2064696434434503
P0618,2025-10-01,0.1636846254467964,0.1104350807372647,-0.213026346693933
P0618,2025-11-01,0.1716901067972183,0.1137275967417328,-0.1920807694457471
P0618,2025-12-01,0.2231675640583038,0.1323493954715724,-0.147669974635652
P0619,2025-01-01,0.2809097263813019,0.2223853467833216,-0.0532242768883573
P0619,2025-02-01,0.4015902741909027,0.3209635884202333,0.0474074958879811
P0619,2025-03-01,0.4311170152664184,0.3794657022363841,0.0975531518711708
P0619,2025-04-01,0.3584440264701843,0.2847759750133526,0.0025969886264763
P0619,2025-05-01,0.2016371770143508,0.158927069672378,-0.1360138262514025
P0619,2025-06-01,0.1622134922742843,0.1342060132698405,-0.1695101757645607
P0619,2025-07-01,0.1334519785165786,0.1144295436901448,-0.172559624671936
P0619,2025-08-01,0.1330797581791877,0.1128200712566043,-0.1759296095609664
P0619,2025-09-01,0.1216229372143745,0.1009966887848497,-0.1848963996648788
P0619,2025-10-01,0.1387810086488723,0.1146944814084197,-0.1758567132353782
P0619,2025-11-01,0.1536289547562599,0.1158818680087248,-0.1717567063868045
P0619,2025-12-01,0.2019768803477287,0.1244897974081975,-0.1282239927150309
P0620,2025-01-01,0.2726120810423578,0.2568363260797395,0.0236674166740808
P0620,2025-02-01,0.7110135214805603,0.4439868491584448,0.236652881481871
P0620,2025-03-01,0.833670843219757,0.6037354197764851,0.409437418782711
P0620,2025-04-01,0.8261934212684632,0.6883622960783408,0.4985844339370727
P0620,2025-05-01,0.6693119102478028,0.4806223365948639,0.2776752047926187
P0620,2025-06-01,0.2557267448186874,0.1709540496153027,-0.0957808667490258
P0620,2025-07-01,0.2006862360596656,0.1375778222259814,-0.1389700485453009
P0620,2025-08-01,0.1764710220336914,0.1254387156338259,-0.1490888943880796
P0620,2025-09-01,0.1633902001500129,0.1061502826187592,-0.1968360550880432
P0620,2025-10-01,0.1786820215821266,0.0778173454248514,-0.3033736887693405
P0620,2025-11-01,0.2695142726898193,0.1180772933526642,-0.2149959936362691
P0620,2025-12-01,0.3180573196649551,0.1476144395828283,-0.1967688044261187
P0621,2025-01-01,0.3743327494144439,0.1971994638372684,-0.097255687873761
P0621,2025-02-01,0.6377292542457581,0.388515991451111,0.1838797436938895
P0621,2025-03-01,0.6973220177173615,0.5529359366429906,0.2990107040792704
P0621,2025-04-01,0.5242532863497734,0.37833894226800446,0.131959839892627
P0621,2025-05-01,0.3511845549821853,0.2037419478930183,-0.0350910242940164
P0621,2025-06-01,0.2526871364593506,0.1669878902062105,-0.1170604602538049
P0621,2025-07-01,0.2191027263760566,0.1558461851821388,-0.1145590075820684
P0621,2025-08-01,0.2145950446844101,0.138128384651386,-0.1459802363157272
P0621,2025-09-01,0.2135998620867729,0.1225578812434135,-0.1970671733856201
P0621,2025-10-01,0.2157584154486656,0.0954638300424472,-0.2117856191895902
P0621,2025-11-01,0.2631388539910316,0.1248626746116606,-0.1785898001085966
P0621,2025-12-01,0.2964162723779678,0.1370909906606976,-0.1536659347520675
P0622,2025-01-01,0.4084073153495788,0.2860848699736416,0.0103815770742017
P0622,2025-02-01,0.5727469907283783,0.4300037540417531,0.1697735869158059
P0622,2025-03-01,0.6673512375831604,0.5683545266460275,0.288234373986721
P0622,2025-04-01,0.6568011252880096,0.4717244750019303,0.2143349924434442
P0622,2025-05-01,0.2300539295792579,0.1517834225907745,-0.1548400970041752
P0622,2025-06-01,0.1821375698924064,0.1338001100586197,-0.1739302096128464
P0622,2025-07-01,0.1482476229548454,0.1193267673773606,-0.1670228145837783
P0622,2025-08-01,0.1406642214894294,0.1122846187916091,-0.1660365665674209
P0622,2025-09-01,0.1360037013292312,0.103800395148277,-0.1867565635085105
P0622,2025-10-01,0.1841092288970947,0.1271861333402822,-0.1839055850725621
P0622,2025-11-01,0.2015458874344825,0.1365508820689349,-0.1688929953232407
P0622,2025-12-01,0.1957722696185112,0.1040828070987572,-0.1695656351905316
P0623,2025-01-01,0.5568135451555252,0.3725138705587794,0.0727741271579638
P0623,2025-02-01,0.7225941687107086,0.4683706697743416,0.2596519780103117
P0623,2025-03-01,0.7879172655105591,0.6095570325947111,0.3559856028914451
P0623,2025-04-01,0.8020219483852387,0.7052452111790716,0.4129565542355179
P0623,2025-05-01,0.7216663745880127,0.5522806418298295,0.320409723727405
P0623,2025-06-01,0.3543784461021423,0.2525024438523661,-0.0282317956886661
P0623,2025-07-01,0.2384407335042953,0.1656404637079751,-0.1293170000724494
P0623,2025-08-01,0.2178817287921905,0.1473100887095817,-0.1554779707882553
P0623,2025-09-01,0.203753671169281,0.1236734129222794,-0.2084474153757095
P0623,2025-10-01,0.2312411838650703,0.115014949125358,-0.2728576766848564
P0623,2025-11-01,0.3360927577733993,0.1609969446392316,-0.1892494693435263
P0623,2025-12-01,0.3903716809988022,0.1904595746818529,-0.1094659927733708
P0624,2025-01-01,0.259619437046905,0.3181911686974404,-0.0695068831694548
P0624,2025-02-01,0.7187457555294037,0.466521849966497,0.2478344244842417
P0624,2025-03-01,0.8143123659133911,0.6657042017787869,0.4028931856893003
P0624,2025-04-01,0.8211117681431279,0.7157853678673682,0.4620265340820398
P0624,2025-05-01,0.585021467590332,0.3648738920563659,0.1877968614191748
P0624,2025-06-01,0.2834436028718948,0.1954290027137938,-0.0411214590704762
P0624,2025-07-01,0.1968186771869659,0.1467531905912538,-0.0986258662665262
P0624,2025-08-01,0.1713238160729408,0.1260595679821168,-0.1159305857278406
P0624,2025-09-01,0.1580839818835258,0.1040577416558429,-0.1629113770008087
P0624,2025-10-01,0.1772337444782257,0.0683893323587344,-0.3162052908182144
P0624,2025-11-01,0.2121271895170211,0.0760379689338612,-0.3016152518033981
P0624,2025-12-01,0.2246285648345947,0.0747221207404319,-0.3149649540662765
P0625,2025-01-01,0.4164535868883133,0.2785718419682902,-0.0100699766948091
P0625,2025-02-01,0.5830569266110659,0.4409185811567235,0.1747468456572753
P0625,2025-03-01,0.6194848239660263,0.5430115785720625,0.2704665716325864
P0625,2025-04-01,0.6928913464307785,0.5524653312000622,0.2951186586093157
P0625,2025-05-01,0.4006181215047836,0.2937494527811539,-0.005508356894867
P0625,2025-06-01,0.3566389135360718,0.2766063417225916,-0.0300594790152506
P0625,2025-07-01,0.2755601397633552,0.2264169272321144,-0.0622647317497991
P0625,2025-08-01,0.2798770206451416,0.2207420562311402,-0.0530542966126697
P0625,2025-09-01,0.2830811004161834,0.2083686702975218,-0.0886139021252456
P0625,2025-10-01,0.3073480336785316,0.2010733131229472,-0.1180929402834968
P0625,2025-11-01,0.3466907655477523,0.2203015067408163,-0.0719385418503545
P0625,2025-12-01,0.4151949929237365,0.2581819989367765,0.0063930856997258
P0626,2025-01-01,0.2649787806034088,0.1659947120036148,-0.1077534529030479
P0626,2025-02-01,0.4329931847333908,0.3032250929795241,0.0215134229785529
P0626,2025-03-01,0.6072442989349365,0.5015130758275661,0.2195354688353836
P0626,2025-04-01,0.6080331456661224,0.4541497795840687,0.1691216647589579
P0626,2025-05-01,0.3908859682798385,0.2512686760057955,-0.0234860918844942
P0626,2025-06-01,0.1810824251413345,0.1428963657821263,-0.1372031790375709
P0626,2025-07-01,0.1537342484474182,0.1206178267394687,-0.1407240505099296
P0626,2025-08-01,0.1584134387016296,0.1243139599241983,-0.1382968215942382
P0626,2025-09-01,0.1563050661206245,0.1161129111415835,-0.1642278378605842
P0626,2025-10-01,0.1590820938467979,0.1051964220200685,-0.1999578218579292
P0626,2025-11-01,0.1743783199548721,0.1060332899930817,-0.1933765924895182
P0626,2025-12-01,0.2171783915162086,0.1165511071747648,-0.1831832708818838
P0627,2025-01-01,0.2781943492293358,0.1661062822658156,-0.1293606920261867
P0627,2025-02-01,0.5874530575990677,0.3920114664753859,0.148134151613526
P0627,2025-03-01,0.7537228394031524,0.6377087804020963,0.3706350943922996
P0627,2025-04-01,0.8108550451278687,0.6758451405399086,0.4461352235078811
P0627,2025-05-01,0.5409694818019867,0.3518868192369813,0.1525531354988459
P0627,2025-06-01,0.2420031917572021,0.156229623426309,-0.1129312406709417
P0627,2025-07-01,0.1883853523254394,0.1320771628928842,-0.1353344410371966
P0627,2025-08-01,0.1571715082168579,0.1200491968817091,-0.1273636283010244
P0627,2025-09-01,0.1493554655671119,0.1061187695053263,-0.1708814912855625
P0627,2025-10-01,0.1493854240894317,0.0846772504644588,-0.2324792978569865
P0627,2025-11-01,0.1746327373743057,0.0948753720405861,-0.208958527248539
P0627,2025-12-01,0.210381847679615,0.1141820173330709,-0.195487951494893
P0628,2025-01-01,0.364639520406723,0.2457598858335286,0.0057106935092597
P0628,2025-02-01,0.6055830244660377,0.4649941636430475,0.1914002054559998
P0628,2025-03-01,0.6852309774160386,0.6003377567475912,0.3279059125572443
P0628,2025-04-01,0.6293554009437561,0.4488190955052368,0.2056458825862966
P0628,2025-05-01,0.2592096581459045,0.166635394685415,-0.1430350706275552
P0628,2025-06-01,0.2082358407974243,0.1584011641152771,-0.1574930304850917
P0628,2025-07-01,0.1715750622630119,0.138885265031949,-0.1457341252200305
P0628,2025-08-01,0.1728758982062339,0.1389451321413303,-0.1339778967358172
P0628,2025-09-01,0.1718303907036781,0.130872208110126,-0.1446180158108473
P0628,2025-10-01,0.2406499128580093,0.1885726330097427,-0.0961916462694055
P0628,2025-11-01,0.2658367413520813,0.1825145112052812,-0.0990658154051384
P0628,2025-12-01,0.315021734213829,0.2056265710894565,-0.0445521457561619
P0629,2025-01-01,0.4906555552863412,0.2774550467134553,0.1535357444824714
P0629,2025-02-01,0.6945758554935455,0.4800455062913629,0.2446072941362858
P0629,2025-03-01,0.7588740802764893,0.5862940601360259,0.3013226829916239
P0629,2025-04-01,0.7322969482898712,0.5813496759730035,0.3300544768691063
P0629,2025-05-01,0.5906273842334747,0.4169958333740887,0.2107006167588755
P0629,2025-06-01,0.303065750670433,0.1972821425865966,-0.1157716787458397
P0629,2025-07-01,0.2087823366403579,0.1471266052031373,-0.1554680953145027
P0629,2025-08-01,0.1893977757811546,0.1325132601953502,-0.1716340972185135
P0629,2025-09-01,0.1730590187788009,0.113318119497058,-0.2193177156925201
P0629,2025-10-01,0.1862147711873054,0.1018435951795239,-0.2846634310483932
P0629,2025-11-01,0.286561765050888,0.1394414528964183,-0.2319716334503144
P0629,2025-12-01,0.3243453594684601,0.1597970425228531,-0.1721149735471595
P0630,2025-01-01,0.5221083608627319,0.3096941824057388,0.0655621228931006
P0630,2025-02-01,0.7126515173912048,0.5200022185409978,0.2841870201593265
P0630,2025-03-01,0.6756055466890335,0.5318367941303541,0.2886824865233153
P0630,2025-04-01,0.6474158254146576,0.4521129548277519,0.2299197885856614
P0630,2025-05-01,0.4385353331446647,0.2689516561878483,0.0191701230643341
P0630,2025-06-01,0.2830456407189369,0.196284870522778,-0.0710170611732639
P0630,2025-07-01,0.2568746018052101,0.1778669576771387,-0.0852359070325037
P0630,2025-08-01,0.2597624344587326,0.1757564949709504,-0.0798214459400624
P0630,2025-09-01,0.2651684188604354,0.1713013716872189,-0.1027731911268085
P0630,2025-10-01,0.3036983903765678,0.1665797280901161,-0.1063029758558375
P0630,2025-11-01,0.3307963568210602,0.1726686625395761,-0.0737228917434811
P0630,2025-12-01,0.3519418768644333,0.1814466930963296,-0.0707914217570796
P0631,2025-01-01,0.6122156520605088,0.4571209338697057,0.1160442733469419
P0631,2025-02-01,0.7116997662544251,0.50157565221822,0.2418385513948742
P0631,2025-03-01,0.7665486039638519,0.6460255369428439,0.3644044293880463
P0631,2025-04-01,0.8344620646476746,0.7024761511357694,0.4455173685550689
P0631,2025-05-01,0.7554460772037506,0.5831249782636657,0.3551848870515823
P0631,2025-06-01,0.335063261282444,0.2548517700719928,0.0092933453915407
P0631,2025-07-01,0.2503113200068473,0.1888288628136796,-0.0545408572066886
P0631,2025-08-01,0.2340478694558143,0.1726604130353798,-0.0569274744379683
P0631,2025-09-01,0.2419247562289238,0.1677411391230139,-0.1033329871949739
P0631,2025-10-01,0.2930304134368896,0.1811376721576213,-0.1417993027753196
P0631,2025-11-01,0.3525755205631256,0.1970142689131616,-0.097732911286149
P0631,2025-12-01,0.4020232638120651,0.2127707660332851,-0.081172002629796
P0632,2025-01-01,0.4164681168079376,0.2958972471958813,0.0357760196961462
P0632,2025-02-01,0.503756362581253,0.3611683944937406,0.1171793394695967
P0632,2025-03-01,0.3555727852344513,0.3087490845628545,0.0681528000524733
P0632,2025-04-01,0.307204090821743,0.2333983854177936,-0.0170708118749782
P0632,2025-05-01,0.1476346640944481,0.0991406302213141,-0.1712929381072521
P0632,2025-06-01,0.2530806391835212,0.1968775354725373,-0.0828554590760031
P0632,2025-07-01,0.3211073397755623,0.2592256990228965,-0.0117827172283083
P0632,2025-08-01,0.3142000846147537,0.2494371377529944,-0.0062195024184416
P0632,2025-09-01,0.1448611566424369,0.1009496007812876,-0.1843478541851043
P0632,2025-10-01,0.1374609570503235,0.0851854035526702,-0.2225782747864723
P0632,2025-11-01,0.1451080226540565,0.0864521086217191,-0.2083367394685745
P0632,2025-12-01,0.1866028861761093,0.1133567728034171,-0.1025606674205511
P0633,2025-01-01,0.3203992151141167,0.2297563004278188,-0.0202153203313995
P0633,2025-02-01,0.6085741694688797,0.4919260338299325,0.2147308592364192
P0633,2025-03-01,0.6719673805952072,0.5839273759991594,0.3162465052194893
P0633,2025-04-01,0.5452441620826721,0.4006166532752372,0.1429565913022961
P0633,2025-05-01,0.2053004717230797,0.1376250976577587,-0.1659552479386329
P0633,2025-06-01,0.1619505670905113,0.130235603179164,-0.1669224494032561
P0633,2025-07-01,0.1279727762341499,0.1114248364753492,-0.1529503757447004
P0633,2025-08-01,0.132220352345705,0.113703706540961,-0.1457623952321708
P0633,2025-09-01,0.1241531194746494,0.1041987239626656,-0.1632502302885055
P0633,2025-10-01,0.1450695383787155,0.1154700656131624,-0.1623928235962055
P0633,2025-11-01,0.1761941266298294,0.1404563118916761,-0.1243839976672083
P0633,2025-12-01,0.1935768798351287,0.1242514666595189,-0.1077227602563798
P0634,2025-01-01,0.4823927235957007,0.2627193124390899,0.0544595628701833
P0634,2025-02-01,0.750901456451416,0.5247970193061959,0.3116759416356682
P0634,2025-03-01,0.7909848002433777,0.6366462024532347,0.4019579018712044
P0634,2025-04-01,0.8095356080055237,0.7301877481449266,0.440799002957344
P0634,2025-05-01,0.5581751278400421,0.4139464727847935,0.2063540868046809
P0634,2025-06-01,0.2489785154104233,0.1636499066698559,-0.1256481777392327
P0634,2025-07-01,0.1925486193537712,0.1311597488743212,-0.1566061802506446
P0634,2025-08-01,0.151842804145813,0.1171630852056725,-0.1517537459433078
P0634,2025-09-01,0.1424498835086822,0.1053667011438889,-0.1810599341988563
P0634,2025-10-01,0.141733463704586,0.0804819287997849,-0.2515923738837242
P0634,2025-11-01,0.2043690477013588,0.0931761986380659,-0.2077095932886004
P0634,2025-12-01,0.2196803583621978,0.1058471505785761,-0.1962154408763163
P0635,2025-01-01,0.4240486431629099,0.4398892157213354,0.0349808479382669
P0635,2025-02-01,0.7072927639961243,0.5189203617786652,0.2482503069259226
P0635,2025-03-01,0.7228484183311462,0.5820701527931444,0.3505854454047978
P0635,2025-04-01,0.717240899926264,0.6598877259895146,0.3309629521039968
P0635,2025-05-01,0.6031626386880875,0.4477770123704402,0.2081354698246345
P0635,2025-06-01,0.2156782990694046,0.1565728779854133,-0.1170210980015806
P0635,2025-07-01,0.181009266424179,0.1342980914257018,-0.1460259690999985
P0635,2025-08-01,0.1603720035433769,0.1232057401452558,-0.1494773884952068
P0635,2025-09-01,0.1506887908577919,0.1119430571037619,-0.1893652570366859
P0635,2025-10-01,0.1882780186653137,0.106886744822537,-0.2583930711382883
P0635,2025-11-01,0.243278939461708,0.1195060863063296,-0.2165286100469529
P0635,2025-12-01,0.2642663367986679,0.1371057576178847,-0.1831005839216523
P0636,2025-01-01,0.3160210000991821,0.225317519266566,-0.0285386019254103
P0636,2025-02-01,0.4816153294324874,0.3695519907166056,0.1030637014071388
P0636,2025-03-01,0.6025280290842057,0.522205210329928,0.2347990887103485
P0636,2025-04-01,0.4859000281095504,0.3867478443839147,0.1064217756898134
P0636,2025-05-01,0.2495830060482025,0.1851214130452743,-0.1017804114323109
P0636,2025-06-01,0.1702690110683441,0.1449785835294428,-0.1383054901897907
P0636,2025-07-01,0.1453846055746078,0.1230718133108841,-0.1386596657156944
P0636,2025-08-01,0.1488894451975822,0.1272479711007965,-0.1317993944823741
P0636,2025-09-01,0.1430788269519806,0.1174084144048731,-0.1484630315929651
P0636,2025-10-01,0.1429442204475403,0.1115881116574077,-0.162358119957149
P0636,2025-11-01,0.1613043677449226,0.1173594006041311,-0.1584850103821605
P0636,2025-12-01,0.2028156238079071,0.1343851558057371,-0.1361835124320117
P0637,2025-01-01,0.461649902311987,0.2215024553077382,0.0710075973620405
P0637,2025-02-01,0.7145716897964478,0.4719034397809064,0.2635853107072413
P0637,2025-03-01,0.7749536545753479,0.5828571746792882,0.3903238329686224
P0637,2025-04-01,0.8238750535011291,0.6581771841332233,0.4320156840316951
P0637,2025-05-01,0.6689488229751587,0.4631153956314787,0.2622824991162866
P0637,2025-06-01,0.2974856819152832,0.205027814946351,-0.0360042581730638
P0637,2025-07-01,0.2047795124053955,0.1457011514448617,-0.1217285212386399
P0637,2025-08-01,0.1687257570147514,0.128504797399804,-0.1419694910615682
P0637,2025-09-01,0.1581343557596206,0.1117460285639269,-0.1923855961322784
P0637,2025-10-01,0.1979254716694355,0.0854863313724235,-0.2992037265080958
P0637,2025-11-01,0.2286537550926208,0.101350241675868,-0.2278011899808887
P0637,2025-12-01,0.2377511535167694,0.1177846746111591,-0.2069567380916327
P0638,2025-01-01,0.2237271181821823,0.1349051270729558,-0.175095556919463
P0638,2025-02-01,0.4334086931467056,0.2792694014829807,0.0214546460581477
P0638,2025-03-01,0.5702959975004196,0.469418251501896,0.1973140993434936
P0638,2025-04-01,0.5540946073114872,0.4315528604381825,0.198708072844427
P0638,2025-05-01,0.3667597016334534,0.2573715477942253,0.0096867119446182
P0638,2025-06-01,0.2916457556009292,0.2367515939223145,-0.0452769068513996
P0638,2025-07-01,0.2623605186700821,0.2095649474896637,-0.0481439530008006
P0638,2025-08-01,0.1921941424548626,0.1499689954373959,-0.099667178783752
P0638,2025-09-01,0.175014800453186,0.1242789492660988,-0.1567020691856742
P0638,2025-10-01,0.1966499423444271,0.1210695161654985,-0.2047054148912429
P0638,2025-11-01,0.1871705329298973,0.1074124716099909,-0.1912008670195937
P0638,2025-12-01,0.2139938017368316,0.1158658144104382,-0.1452154115689918
P0639,2025-01-01,0.2212359862107979,0.188540522981358,-0.0504775980156601
P0639,2025-02-01,0.8553854208469391,0.622213332822773,0.39584975669384
P0639,2025-03-01,0.8373711967468261,0.7223382804310673,0.4965479275226593
P0639,2025-04-01,0.8029834539413452,0.633443670113962,0.4657966457366943
P0639,2025-05-01,0.5358090038299561,0.3770028746873613,0.2293240822486579
P0639,2025-06-01,0.2197610943317413,0.1605997574763841,-0.067524617941305
P0639,2025-07-01,0.165372585105896,0.1345365829748292,-0.1001929456612095
P0639,2025-08-01,0.1678771879434585,0.1347888774064839,-0.1029831208819523
P0639,2025-09-01,0.1584648751735687,0.1112533572363036,-0.2047576106667518
P0639,2025-10-01,0.1838365929365158,0.0860162104690709,-0.344301384305954
P0639,2025-11-01,0.2263572608709335,0.0706875790634234,-0.3818246588110924
P0639,2025-12-01,0.2367181509494781,0.0746109418586076,-0.3931976396769285
P0640,2025-01-01,0.6486058115959168,0.41870847775537734,0.20243463577721263
P0640,2025-02-01,0.7773994677066803,0.5372120056574354,0.3392434929482639
P0640,2025-03-01,0.7945014945983887,0.6016676456856436,0.3643239857345819
P0640,2025-04-01,0.7526464712142944,0.585488090545607,0.3543779251128435
P0640,2025-05-01,0.5390776779174805,0.3819946152806677,0.160992409876897
P0640,2025-06-01,0.3767080579519272,0.2733097135217542,0.0250149268109817
P0640,2025-07-01,0.3051753333330154,0.2212448407686159,-0.0206451131628826
P0640,2025-08-01,0.2817219083666801,0.2007624066354597,-0.0433407218726351
P0640,2025-09-01,0.2759647682666779,0.1841584707506596,-0.0707452089685946
P0640,2025-10-01,0.3272880805015564,0.1649079560927423,-0.1316850129418075
P0640,2025-11-01,0.3819038259983063,0.186625628968465,-0.0816479349605739
P0640,2025-12-01,0.3355859021306038,0.1802647679815322,-0.0442535111590288
P0641,2025-01-01,0.328556894993782,0.1804531767820137,-0.1508609264928847
P0641,2025-02-01,0.556551266670227,0.3434068997926135,0.1098940142889507
P0641,2025-03-01,0.7488951459407807,0.6180554400200898,0.3411011441946029
P0641,2025-04-01,0.7671070229530335,0.553133229946515,0.3505510249972343
P0641,2025-05-01,0.4806492247343063,0.2942656354196009,0.0761944455591728
P0641,2025-06-01,0.2410170798063278,0.1664426135406219,-0.1212569894348422
P0641,2025-07-01,0.2012180174946785,0.1459259943794683,-0.1385777265847195
P0641,2025-08-01,0.1951979745745659,0.1419326382341485,-0.1339947548674419
P0641,2025-09-01,0.1858585812687873,0.1271826535283474,-0.1785923857554793
P0641,2025-10-01,0.1903398807287216,0.1111943312950926,-0.2366174799129367
P0641,2025-11-01,0.2216207654476165,0.1169059379129542,-0.2118929396763444
P0641,2025-12-01,0.12981769053936,0.0893295707591231,-0.1086775842869654
P0642,2025-01-01,0.1897380868673324,0.1359380057807413,-0.1582652634382247
P0642,2025-02-01,0.5520043982744217,0.3796803225571918,0.1245117335163988
P0642,2025-03-01,0.7602900869846344,0.650468296257911,0.3275640740649774
P0642,2025-04-01,0.5908315968513489,0.4136533705625914,0.1313556577770737
P0642,2025-05-01,0.3133822864294052,0.170046274025765,-0.1391658849280327
P0642,2025-06-01,0.1949410852313041,0.1324709357362227,-0.1884265844941139
P0642,2025-07-01,0.1465027270674705,0.1161903156930364,-0.1741877245903015
P0642,2025-08-01,0.1424028928518295,0.1142390627047172,-0.1664824393391609
P0642,2025-09-01,0.1325786425828933,0.1017249050841919,-0.1988507071495056
P0642,2025-10-01,0.1290656718850135,0.0833798684135903,-0.2333791477203369
P0642,2025-11-01,0.146223018670082,0.0937571503775399,-0.2061610522508621
P0642,2025-12-01,0.1490963395237922,0.0941000001434438,-0.2056937108635902
P0643,2025-01-01,0.2811927987098694,0.1906546108740942,-0.0916666985663003
P0643,2025-02-01,0.6721166538238526,0.4649812830894408,0.2215359632521867
P0643,2025-03-01,0.7887381775379181,0.6740674289854659,0.367336576116085
P0643,2025-04-01,0.5904268765926362,0.4166175075136724,0.1602781922072172
P0643,2025-05-01,0.2268314964532852,0.1331677276874114,-0.1506618799448013
P0643,2025-06-01,0.1766193168640136,0.1229754989126146,-0.1572206558823585
P0643,2025-07-01,0.1370709137678146,0.1123273307090374,-0.157704079079628
P0643,2025-08-01,0.1336265526890754,0.1084599180093508,-0.1549774282455444
P0643,2025-09-01,0.1147730540156364,0.0809420722343076,-0.2108634757518768
P0643,2025-10-01,0.1159832641124725,0.0746889816520099,-0.2241347093343734
P0643,2025-11-01,0.1275456397652626,0.0769850109323516,-0.2142180922746658
P0643,2025-12-01,0.1496219101667404,0.0808043654102306,-0.2088803546667099
P0644,2025-01-01,0.4517093006372452,0.2536573362919678,0.0052446841136086
P0644,2025-02-01,0.7545475080490113,0.5889863823639856,0.328692627851665
P0644,2025-03-01,0.599387014579773,0.514036488041131,0.2255870398418978
P0644,2025-04-01,0.6197467918395996,0.4761738131570707,0.2063724407388271
P0644,2025-05-01,0.3833015009641647,0.2512613315511344,-0.0138361472153104
P0644,2025-06-01,0.2267365892410278,0.1540821809110918,-0.1467500773310661
P0644,2025-07-01,0.1930961134791374,0.1353266293211508,-0.1629810630321502
P0644,2025-08-01,0.1880819435358047,0.1257306793297932,-0.1701689998984336
P0644,2025-09-01,0.1986286265134811,0.1222767814787251,-0.1779420639514923
P0644,2025-10-01,0.2620522638678551,0.159506633945962,-0.1607889493778348
P0644,2025-11-01,0.2714555182814598,0.1589254452688937,-0.1537509613413363
P0644,2025-12-01,0.4462453803777694,0.2027760930564278,-0.0173777337616775
P0645,2025-01-01,0.2238251677274704,0.1777073422594174,-0.0714175878160167
P0645,2025-02-01,0.4322794363737106,0.3269955550992767,0.1039147151108365
P0645,2025-03-01,0.5835711987733841,0.4927753469101689,0.2364719605940394
P0645,2025-04-01,0.5104407333135604,0.3942453935658205,0.1463242134557222
P0645,2025-05-01,0.2693019361019134,0.1847981209706967,-0.0679339611854171
P0645,2025-06-01,0.1701282734036445,0.1427290997848287,-0.1246804732352495
P0645,2025-07-01,0.1375920978188514,0.1188156785005624,-0.1380701248884201
P0645,2025-08-01,0.1338478975653648,0.116729370756221,-0.128494693160057
P0645,2025-09-01,0.1231822270691394,0.10607921074569,-0.151449934643507
P0645,2025-10-01,0.1293493379712104,0.1011483104043312,-0.1743450952649116
P0645,2025-11-01,0.1475943812727928,0.1132170289992251,-0.1406565277356421
P0645,2025-12-01,0.1606112051486969,0.1180884880549484,-0.1382304853508248
P0646,2025-01-01,0.2601017288208008,0.1823376742362883,-0.1403310890499968
P0646,2025-02-01,0.3665975992679596,0.2637581190379306,0.0141345111563801
P0646,2025-03-01,0.4503353060960769,0.3804023298166885,0.1166695877290796
P0646,2025-04-01,0.7063086802840233,0.6077256653196066,0.3227093671067618
P0646,2025-05-01,0.7509267302513123,0.7152206221989174,0.3742661938995122
P0646,2025-06-01,0.3847686503410339,0.3197291018191202,0.1049911696979776
P0646,2025-07-01,0.1673245639562607,0.1444212633254964,-0.0477136781394947
P0646,2025-08-01,0.1422454108834266,0.1183665479608622,-0.0867182371154427
P0646,2025-09-01,0.1336426023006439,0.1025599089596697,-0.1751176527380943
P0646,2025-10-01,0.1434992970466613,0.0972436545222192,-0.1940723061649129
P0646,2025-11-01,0.1587777313590049,0.1061761931868164,-0.1783732878357172
P0646,2025-12-01,0.2282709585428237,0.1589740877398218,-0.1308755277401767
P0647,2025-01-01,0.4770261554002762,0.4320947670745059,0.0842161990997963
P0647,2025-02-01,0.6796288095712661,0.5344585283553651,0.2744480100915534
P0647,2025-03-01,0.6940190155506134,0.6387346564652604,0.3294174666643142
P0647,2025-04-01,0.661905389881134,0.5271392559085464,0.2839248723059893
P0647,2025-05-01,0.4951565274715424,0.3558288280615062,0.1198531500660989
P0647,2025-06-01,0.2891274586439132,0.2166260872933571,-0.078944633522164
P0647,2025-07-01,0.2328402708411216,0.1788136199870633,-0.1010568497017025
P0647,2025-08-01,0.2288500509858131,0.1731716100207036,-0.1065395797133445
P0647,2025-09-01,0.2233364575743675,0.1593545344136981,-0.1295577757230028
P0647,2025-10-01,0.2224308458566665,0.1436438599086666,-0.1675421844325959
P0647,2025-11-01,0.2391743236541748,0.1516181449654646,-0.143232040956011
P0647,2025-12-01,0.2930689070701599,0.1854077919537903,-0.0918640223553404
P0648,2025-01-01,0.5402356059551239,0.3778197632151446,0.0795322138100164
P0648,2025-02-01,0.7081838206768036,0.5632235863373427,0.2840313202191144
P0648,2025-03-01,0.6740294563293457,0.5679822086697369,0.3065725864946842
P0648,2025-04-01,0.6158089081525803,0.4530088832238636,0.2689941174281761
P0648,2025-05-01,0.3251062622785568,0.2064341561690783,-0.1101674642009718
P0648,2025-06-01,0.2394469444274902,0.1618325016730636,-0.1563922112226486
P0648,2025-07-01,0.1839396832108497,0.1352729260356958,-0.1551372111082077
P0648,2025-08-01,0.1760362303972244,0.1294620679167007,-0.1535595793604851
P0648,2025-09-01,0.1740467003822326,0.1186301899777538,-0.1968592497706413
P0648,2025-10-01,0.2795055120944977,0.1752163937651022,-0.1615344313081353
P0648,2025-11-01,0.2457019568324089,0.1422505034394214,-0.1919397097932596
P0648,2025-12-01,0.2991033966064453,0.1541827381882231,-0.0959610283752204
P0649,2025-01-01,0.3620960157871246,0.233571033957455,-0.1176558851775713
P0649,2025-02-01,0.705982927274704,0.4833808116651713,0.2309790892139077
P0649,2025-03-01,0.8070693543434143,0.6925583186459994,0.4282729149594903
P0649,2025-04-01,0.8422923924446106,0.7161817406549571,0.473859175530076
P0649,2025-05-01,0.7242286726474761,0.5243472693641412,0.3405521594937891
P0649,2025-06-01,0.2402286818623542,0.1700609060452389,-0.0449410052323015
P0649,2025-07-01,0.1757221725463867,0.1425111108025008,-0.084998360035126
P0649,2025-08-01,0.1616275847077369,0.1329684343628336,-0.0967725313482806
P0649,2025-09-01,0.1611592440724372,0.121717123244287,-0.1800908100664615
P0649,2025-10-01,0.1851906602859497,0.1085679171980285,-0.2524163113474846
P0649,2025-11-01,0.2058777789235115,0.1132042758877803,-0.2372283930376172
P0649,2025-12-01,0.2526235587477684,0.1333049288614367,-0.2287310080703347
P0650,2025-01-01,0.2655140271306038,0.1505869503790491,-0.1668164599247276
P0650,2025-02-01,0.6124860180854798,0.3842124445200032,0.1347039632242638
P0650,2025-03-01,0.8201279283523559,0.7110282097960232,0.4588300429821014
P0650,2025-04-01,0.8217408549308777,0.6423534089388468,0.4407721586704254
P0650,2025-05-01,0.415428028178215,0.238834497378429,0.0038231734399683
P0650,2025-06-01,0.2047174495458603,0.1291863241031566,-0.1562380527392029
P0650,2025-07-01,0.1473581478118896,0.1126409945750051,-0.1594885929822921
P0650,2025-08-01,0.1406916609287262,0.1080262225751891,-0.1557788968324661
P0650,2025-09-01,0.1364158141493797,0.0883723123007192,-0.2277701639413833
P0650,2025-10-01,0.1513101835489273,0.0834680965779377,-0.2566138939857483
P0650,2025-11-01,0.1685288996696472,0.0913403119774317,-0.2395958285987377
P0650,2025-12-01,0.2170646238327026,0.1149535109889784,-0.2171267921596765
P0651,2025-01-01,0.6602263410568238,0.501016650098897,0.236978826060146
P0651,2025-02-01,0.7423829137802124,0.5850537337824819,0.3400750586688518
P0651,2025-03-01,0.6698636313915253,0.5714431297226894,0.3111346208676696
P0651,2025-04-01,0.6157274601697922,0.4334473732087066,0.183697666128166
P0651,2025-05-01,0.2215666470527648,0.1428090842275363,-0.2031768853425979
P0651,2025-06-01,0.1901657360911369,0.1388976492019865,-0.2008438460230827
P0651,2025-07-01,0.1663506726264953,0.1263881345726338,-0.187373576593399
P0651,2025-08-01,0.1689714074611663,0.127054333812809,-0.1865164430856704
P0651,2025-09-01,0.1584008541464805,0.1067298326837307,-0.2104722203254699
P0651,2025-10-01,0.2103990241289138,0.1363664064048741,-0.1967835148248821
P0651,2025-11-01,0.2364743201375007,0.1456346774916136,-0.1713467428470728
P0651,2025-12-01,0.3840769250869751,0.2278792671611137,-0.0284642485327553
P0652,2025-01-01,0.4006941242545259,0.3750892283283984,0.0475548897447595
P0652,2025-02-01,0.8069595265865326,0.5846473811707356,0.3725993665292859
P0652,2025-03-01,0.8491343593597412,0.7079437613767052,0.4526068953514099
P0652,2025-04-01,0.8254881352901459,0.6826497549355866,0.4561014478445053
P0652,2025-05-01,0.5812876324653625,0.4376939377876789,0.2293276363417506
P0652,2025-06-01,0.2607816342830658,0.1964491946628207,-0.025583194423712
P0652,2025-07-01,0.1736276688456535,0.1366932840271718,-0.0887915736692957
P0652,2025-08-01,0.1549943343043327,0.1207441176901593,-0.0973818120707757
P0652,2025-09-01,0.1531441109776496,0.113108659843715,-0.1206356009215116
P0652,2025-10-01,0.169362893462181,0.0864627891655418,-0.2517030327171087
P0652,2025-11-01,0.2034845646619796,0.0939631597162186,-0.2234743150062859
P0652,2025-12-01,0.218486298251152,0.1015069763008297,-0.2184745256714522
P0653,2025-01-01,0.4142869694948196,0.2250602795463035,-0.1363816897982498
P0653,2025-02-01,0.8408778188228607,0.6595072305706761,0.4235264558685943
P0653,2025-03-01,0.8310052586078643,0.7273544305051411,0.5164333442151546
P0653,2025-04-01,0.7879996107414712,0.583596056697892,0.4898332594334357
P0653,2025-05-01,0.3253644977092743,0.1771525291206644,-0.0377088179941289
P0653,2025-06-01,0.1999568853139877,0.139362422319781,-0.1335178865812719
P0653,2025-07-01,0.1725847293972969,0.1335952475519898,-0.1241435367120429
P0653,2025-08-01,0.1693000287413597,0.1154540620014997,-0.1874926858946681
P0653,2025-09-01,0.1725292997121811,0.0944368637518628,-0.2779386434018612
P0653,2025-10-01,0.1909183370709419,0.0947617655860043,-0.2956675701469183
P0653,2025-11-01,0.2354296730756759,0.1008248450994853,-0.2757420425891876
P0653,2025-12-01,0.2729436372995376,0.1229182821274406,-0.2301620929914061
P0654,2025-01-01,0.35873647813797,0.2122545373981754,-0.1338844140648376
P0654,2025-02-01,0.5968776376247406,0.4904150804306443,0.2143127468293532
P0654,2025-03-01,0.807004883480072,0.7104369637820708,0.461523344039917
P0654,2025-04-01,0.6557914809584617,0.5320238576843628,0.31004469012357294
P0654,2025-05-01,0.5045780784368515,0.3536107515866548,0.1585660362072289
P0654,2025-06-01,0.2145620030164718,0.1501898850229475,-0.10584871319402
P0654,2025-07-01,0.1547553071022033,0.1212366308401026,-0.1186849736740812
P0654,2025-08-01,0.1535497639656066,0.1191034376965408,-0.1150419853705912
P0654,2025-09-01,0.1497698034524917,0.0940151349911477,-0.2358198896646499
P0654,2025-10-01,0.1515866520524025,0.0821517583515111,-0.2726164775133133
P0654,2025-11-01,0.1833931139707565,0.0867054036781769,-0.2602324122548103
P0654,2025-12-01,0.2143996664285659,0.0948465867074455,-0.0959804028187412
P0655,2025-01-01,0.3795015558540821,0.2366141404714088,-0.053989214324858
P0655,2025-02-01,0.479302945458889,0.3436542148020286,0.0549822153650224
P0655,2025-03-01,0.5781297264337539,0.4814978402652219,0.1677061892894562
P0655,2025-04-01,0.6279485834002495,0.5037812869063395,0.1995896961636841
P0655,2025-05-01,0.5281268099904061,0.4160297207642107,0.0896434215824119
P0655,2025-06-01,0.2035063411489129,0.1501540648172244,-0.1505736146405339
P0655,2025-07-01,0.1736917058005929,0.1254216803362615,-0.1488607835799455
P0655,2025-08-01,0.1834231605842709,0.1302864728796913,-0.1490120818572759
P0655,2025-09-01,0.188767204138264,0.1255342051029333,-0.171549792041257
P0655,2025-10-01,0.2373205283880233,0.1538113089720883,-0.1832682789952028
P0655,2025-11-01,0.2587396389590576,0.1603623982450498,-0.1587291021550074
P0655,2025-12-01,0.5224938108205796,0.3318331529833036,0.1158912795116775
P0656,2025-01-01,0.3452327925443649,0.2100397408025672,-0.1626916337310336
P0656,2025-02-01,0.7094273534536362,0.4400104169609185,0.1846767097876407
P0656,2025-03-01,0.8166643632411956,0.6868474515820555,0.4003386005897075
P0656,2025-04-01,0.8739156389861128,0.5354576547631507,0.5176309410271166
P0656,2025-05-01,0.5731068130016327,0.3870598156762446,0.1984100419694325
P0656,2025-06-01,0.2464045907020569,0.1722978323733779,-0.0414491704014129
P0656,2025-07-01,0.180515200304985,0.1396722375999607,-0.0873745379284024
P0656,2025-08-01,0.170901514673233,0.1346740102323601,-0.0997082239672541
P0656,2025-09-01,0.1655105245232582,0.1068490952438108,-0.2141124306026846
P0656,2025-10-01,0.1765892321944236,0.0800905618617647,-0.3190760109394788
P0656,2025-11-01,0.2020913849472999,0.0881351274832143,-0.3022357676319778
P0656,2025-12-01,0.1982851053118705,0.0872369842860945,-0.2901425602730363
P0657,2025-01-01,0.5281099993705749,0.302939105295031,-0.0415195722380653
P0657,2025-02-01,0.8427736139297486,0.5530370604824061,0.346634410059452
P0657,2025-03-01,0.8652513417243958,0.6988183881323498,0.479407206082344
P0657,2025-04-01,0.7798675309181213,0.5694324911453122,0.3842483765363693
P0657,2025-05-01,0.25813354139328,0.1402575175908274,-0.1096491550095379
P0657,2025-06-01,0.1696412606239319,0.1283578710683704,-0.1423980028271675
P0657,2025-07-01,0.1573310760498046,0.1282049439372267,-0.1481562701463699
P0657,2025-08-01,0.1509932119488716,0.1188350335631833,-0.1735858342409134
P0657,2025-09-01,0.149924449789524,0.0960777265127394,-0.2499651039361953
P0657,2025-10-01,0.1744476306676864,0.0863138534054428,-0.3093724876880646
P0657,2025-11-01,0.1945898578643798,0.0928639737502324,-0.2839576915860176
P0657,2025-12-01,0.3231903603076935,0.1646430092130632,-0.1905596693098545
P0658,2025-01-01,0.4674442979422482,0.3370319713621525,0.0485169564260903
P0658,2025-02-01,0.8181427481174469,0.6231037223472103,0.4030522724807262
P0658,2025-03-01,0.8457167969703674,0.7704648018491945,0.4673480525970458
P0658,2025-04-01,0.8418539914131165,0.7043988907821457,0.460782707619667
P0658,2025-05-01,0.668588213300705,0.4862901158985652,0.2328153095092624
P0658,2025-06-01,0.2851274055719375,0.2052558173842977,-0.0577372509437496
P0658,2025-07-01,0.1959109880924225,0.149870507042642,-0.1184500562548637
P0658,2025-08-01,0.1634122864961624,0.1277066877951335,-0.1368112436413765
P0658,2025-09-01,0.1546910701394081,0.1119125148203696,-0.1954212460875511
P0658,2025-10-01,0.1842826195955276,0.0829661529831566,-0.3081399009227752
P0658,2025-11-01,0.219926892209053,0.0950285100650192,-0.2573032493412495
P0658,2025-12-01,0.2080494959950447,0.1077120171308027,-0.1971962871782481
P0659,2025-01-01,0.5978052764773368,0.38064905901453217,0.17103467232214753
P0659,2025-02-01,0.7845514308452606,0.5453633487176668,0.3660021316766739
P0659,2025-03-01,0.8597399031639099,0.73214404032331,0.4688751307964325
P0659,2025-04-01,0.8553924882468188,0.6454817502016362,0.4660347774624824
P0659,2025-05-01,0.7232041383028031,0.5073944856924557,0.2680773555449908
P0659,2025-06-01,0.2924539044141769,0.2028992405968602,-0.0625110121069476
P0659,2025-07-01,0.2109719261884689,0.1492501279027593,-0.1096013036087155
P0659,2025-08-01,0.1964266308069229,0.1383026594857153,-0.120958847977221
P0659,2025-09-01,0.1764252313256263,0.1204638625889727,-0.1574156968906521
P0659,2025-10-01,0.1486193374037742,0.0616130731846305,-0.2661096713244915
P0659,2025-11-01,0.1884007636547088,0.0706179701159449,-0.2249592272184789
P0659,2025-12-01,0.2008767772555351,0.1091991858724276,-0.1589288303032517
P0660,2025-01-01,0.3322860941886902,0.1531424429282032,-0.2659367071785032
P0660,2025-02-01,0.6862649243354797,0.4853429714554108,0.1885743974253535
P0660,2025-03-01,0.7113323159694671,0.620164139654051,0.3192772135633975
P0660,2025-04-01,0.8056998390674591,0.6400256442871312,0.4164747348539531
P0660,2025-05-01,0.6490520570755005,0.5240167919912178,0.3014467740319669
P0660,2025-06-01,0.2473119781017303,0.1963945719642998,-0.019309854051657
P0660,2025-07-01,0.1661214224815368,0.1248210746105914,-0.1096254750929772
P0660,2025-08-01,0.1594134506583213,0.1026612276989468,-0.1786819352924823
P0660,2025-09-01,0.1652026077747345,0.079026466028853,-0.3042512185811996
P0660,2025-10-01,0.1911413664579391,0.0674694731602995,-0.3607687973976135
P0660,2025-11-01,0.2675863431215286,0.0959515389753984,-0.3210943110823631
P0660,2025-12-01,0.2912299947500228,0.0819469103859725,-0.3062570545911789
P0661,2025-01-01,0.236560555756092,0.233822917922561,-0.0274899498213816
P0661,2025-02-01,0.4028803308486938,0.3460859868921772,0.1043763750162907
P0661,2025-03-01,0.462938277721405,0.4252715944412715,0.1394232972774771
P0661,2025-04-01,0.4473065282583237,0.3858054240343068,0.1276987487289239
P0661,2025-05-01,0.289240614759922,0.2389818957449165,-0.0146824061453808
P0661,2025-06-01,0.1639330150365829,0.1705259992167284,-0.1127632043927907
P0661,2025-07-01,0.1372768146514892,0.1479413428430886,-0.1116437495035817
P0661,2025-08-01,0.1299153253316879,0.1373931671739371,-0.1065147375687956
P0661,2025-09-01,0.1339524481534958,0.1422297030116838,-0.1156036665678024
P0661,2025-10-01,0.2051041369915008,0.2009761347981629,-0.0692230869590304
P0661,2025-11-01,0.2478008140325546,0.2450312464818931,-0.0261784493653403
P0661,2025-12-01,0.3166077567100525,0.268397328168613,0.0271390169973135
P0662,2025-01-01,0.3699019508123398,0.2551857781786807,-0.0881826402590371
P0662,2025-02-01,0.670079683804512,0.4712273459638447,0.1973283113071695
P0662,2025-03-01,0.799180495095253,0.6848189117313676,0.4070190665915608
P0662,2025-04-01,0.8077417905807495,0.6391935510603133,0.4321440388903022
P0662,2025-05-01,0.5235675063610077,0.332488215588878,0.162382664368581
P0662,2025-06-01,0.2087640883207321,0.1515256134351647,-0.0844626355961896
P0662,2025-07-01,0.1705312630534172,0.1302148742368338,-0.1074338414788246
P0662,2025-08-01,0.152070218527317,0.1230050090608316,-0.1116714244186878
P0662,2025-09-01,0.141064803469181,0.107006653330305,-0.2005099184989929
P0662,2025-10-01,0.1790825615525245,0.1093131668246907,-0.2271815146327018
P0662,2025-11-01,0.1775898584246635,0.1040015551916573,-0.2260613534450531
P0662,2025-12-01,0.1989611697435379,0.1073123946479273,-0.2342797726597636
P0663,2025-01-01,0.5547898062705994,0.3782996842186237,0.1013269511688035
P0663,2025-02-01,0.8510468671798707,0.7084767396919063,0.4250170913219452
P0663,2025-03-01,0.7918259546279908,0.7015576069372605,0.4227886803984642
P0663,2025-04-01,0.7564785288333893,0.5476404197219316,0.3268614622794091
P0663,2025-05-01,0.2303782621622085,0.1374295218399161,-0.1862204196512699
P0663,2025-06-01,0.206074802160263,0.1379064225990643,-0.1895738271534442
P0663,2025-07-01,0.1623262199044227,0.1225887900769155,-0.1805919711470603
P0663,2025-08-01,0.1523481734633445,0.1176238981601674,-0.1739197975397109
P0663,2025-09-01,0.1442905472874641,0.1017988826889984,-0.2093155069589614
P0663,2025-10-01,0.1902017136931419,0.1144266206365925,-0.2228402159675955
P0663,2025-11-01,0.2023513767004013,0.1191526167923378,-0.2152449200600385
P0663,2025-12-01,0.230978849363327,0.1147385710699689,-0.1926093910218216
P0664,2025-01-01,0.4035060570716858,0.1576196224734151,-0.2441887436449527
P0664,2025-02-01,0.8060156231880188,0.4936385831748722,0.2888817625194788
P0664,2025-03-01,0.8353650249481201,0.7178139903252463,0.4813074055485427
P0664,2025-04-01,0.8750481126785278,0.7555756315240217,0.5252510388374328
P0664,2025-05-01,0.4448587269067764,0.2829887103747932,0.0483062976424582
P0664,2025-06-01,0.2081287678718567,0.13207712879418,-0.1162237780993804
P0664,2025-07-01,0.1578701131105423,0.1223697279920845,-0.1312938772141933
P0664,2025-08-01,0.156531165933609,0.1162891345386205,-0.1303106920212507
P0664,2025-09-01,0.1721026200532913,0.0865992311205209,-0.2981365706205368
P0664,2025-10-01,0.22168498442173,0.0734399395925021,-0.3904818182468414
P0664,2025-11-01,0.2431745059013366,0.0777172581763396,-0.3669789075374603
P0664,2025-12-01,0.2417455668449402,0.058523999237995,-0.3208721405446529
P0665,2025-01-01,0.3535553822040558,0.322517104743777,0.0329882763277089
P0665,2025-02-01,0.608315985918045,0.5306690588141957,0.2458784571647644
P0665,2025-03-01,0.7375849662780761,0.6644226943283496,0.387669622027874
P0665,2025-04-01,0.7616615117073059,0.6142298740417113,0.4051488304138184
P0665,2025-05-01,0.5919039251327515,0.3959461741986518,0.1930707460638135
P0665,2025-06-01,0.286315251493454,0.2097373360469453,-0.0659078083238331
P0665,2025-07-01,0.195898564338684,0.1597236091412409,-0.1098014347255229
P0665,2025-08-01,0.1503978102564811,0.1337749211527094,-0.1114951969563961
P0665,2025-09-01,0.1416025803089141,0.1226643731769017,-0.1552438001155853
P0665,2025-10-01,0.1598752917051315,0.1292214043013244,-0.1408827293016598
P0665,2025-11-01,0.1687761828303337,0.141477209772202,-0.1196164367675781
P0665,2025-12-01,0.2165633507728576,0.1517038755300534,-0.0902309158319607
P0666,2025-01-01,0.3065889172347975,0.3598860864401294,0.0424699390480973
P0666,2025-02-01,0.6964486400604248,0.4566790900606963,0.1915552860637195
P0666,2025-03-01,0.6776298815641946,0.598223950331369,0.3289185396690921
P0666,2025-04-01,0.7979438251972198,0.6090529084965035,0.384853989411518
P0666,2025-05-01,0.5227724574565887,0.3711283984493453,0.1555304702510126
P0666,2025-06-01,0.2538794004440308,0.1670952541363478,-0.1235759255252778
P0666,2025-07-01,0.1770747036218643,0.1345798382626456,-0.1413591534346342
P0666,2025-08-01,0.163120336318016,0.1230042963378167,-0.166920156443119
P0666,2025-09-01,0.1563953162074089,0.1119715212408085,-0.2033327478289604
P0666,2025-10-01,0.1985881989300251,0.0935269469266701,-0.2978591258287429
P0666,2025-11-01,0.2525309750318527,0.122143819805839,-0.2256633032408543
P0666,2025-12-01,0.2664903933525085,0.1391525858188958,-0.2239777882341295
P0667,2025-01-01,0.5647552364729536,0.3530225232889329,0.1087653434352112
P0667,2025-02-01,0.764806533241272,0.5160872246643063,0.3446398201167583
P0667,2025-03-01,0.8540037798404694,0.7062535011960716,0.446756138920784
P0667,2025-04-01,0.822523717880249,0.691175720784025,0.4249407256484032
P0667,2025-05-01,0.6263326354980469,0.4692017077810531,0.230221260409709
P0667,2025-06-01,0.3461348885536194,0.2387742414155626,-0.0193238383853342
P0667,2025-07-01,0.2135915356516838,0.1484703473505352,-0.1300833788901567
P0667,2025-08-01,0.1729818128943443,0.128054880378349,-0.1328902252972126
P0667,2025-09-01,0.1615590084195137,0.1121912515499449,-0.1619909911215305
P0667,2025-10-01,0.1586482985734939,0.0727526900054713,-0.3042351457715034
P0667,2025-11-01,0.2058444425702095,0.0870332172575353,-0.2414562348093837
P0667,2025-12-01,0.2461433310508728,0.0954264846908473,-0.1950978790604509
P0668,2025-01-01,0.4125283198356628,0.2507533425023433,-0.0285552472851704
P0668,2025-02-01,0.8776929304599762,0.7960270540773046,0.4779986841678619
P0668,2025-03-01,0.7400213585853577,0.6693352777879066,0.4387170374751091
P0668,2025-04-01,0.6105315190792083,0.4401165384390221,0.218124666554667
P0668,2025-05-01,0.280983438539505,0.1786069488850843,-0.1182214119113981
P0668,2025-06-01,0.2306380466461181,0.1783844049944159,-0.1390905359029769
P0668,2025-07-01,0.203637776017189,0.1639866154056573,-0.1322032491922378
P0668,2025-08-01,0.1934417931556701,0.1531577513999661,-0.1397545684486627
P0668,2025-09-01,0.1716478712797164,0.1258483448687833,-0.1949469557523727
P0668,2025-10-01,0.1964441451787948,0.1187551907990395,-0.2307604559682367
P0668,2025-11-01,0.2090454687595367,0.1191021381247557,-0.2160033711671829
P0668,2025-12-01,0.2675953503608703,0.1400445635541171,-0.1572165055051446
P0669,2025-01-01,0.4877327838251667,0.464863648164965,0.1696801413571642
P0669,2025-02-01,0.7092296633720397,0.4230829013956038,0.2702104570835829
P0669,2025-03-01,0.7688579507350921,0.5653539918435384,0.3424573025822639
P0669,2025-04-01,0.785788313627243,0.6439128009538917,0.4002072505414485
P0669,2025-05-01,0.629364412176609,0.4500633870972408,0.2323480386247392
P0669,2025-06-01,0.4168679583787918,0.2884029864633944,0.0154485273146859
P0669,2025-07-01,0.3602561227560043,0.2505485654753844,-0.0227445864936336
P0669,2025-08-01,0.3559978828430176,0.2428316339817574,-0.022048376822099
P0669,2025-09-01,0.3441349345326424,0.2210050052811815,-0.0455658314151553
P0669,2025-10-01,0.3872773980855942,0.2079396466356481,-0.099645270780893
P0669,2025-11-01,0.4585666531085968,0.2251345652801805,-0.0343021806519478
P0669,2025-12-01,0.4970890221357346,0.2479309104549274,0.0044702724203467
P0670,2025-01-01,0.3610189571857452,0.1904360995823118,-0.1919618713349103
P0670,2025-02-01,0.7699922089099884,0.4844365881231351,0.2613913484435528
P0670,2025-03-01,0.815413464641571,0.6936492518556877,0.4491758649893105
P0670,2025-04-01,0.8432381680011749,0.7521838480359484,0.4899865873813629
P0670,2025-05-01,0.4683353803634643,0.2902747945039435,0.0970644580247812
P0670,2025-06-01,0.2038334271907806,0.1384429637506788,-0.1043070475408807
P0670,2025-07-01,0.1506749904751777,0.1202642774270862,-0.106435519118607
P0670,2025-08-01,0.1527722204923629,0.1198831768906843,-0.1061225698903203
P0670,2025-09-01,0.1511621947884559,0.1027517371169068,-0.1968124659776687
P0670,2025-10-01,0.1789337103962898,0.076851470079038,-0.323084149980545
P0670,2025-11-01,0.2357520139694214,0.0889285826030319,-0.3150409306673333
P0670,2025-12-01,0.2607000968217849,0.1039887854047227,-0.2117376477768644
P0671,2025-01-01,0.3799226678371429,0.245562305689476,-0.0574035009825485
P0671,2025-02-01,0.676531254863739,0.4909218475322391,0.2129805689572822
P0671,2025-03-01,0.756596590423584,0.6777853659202474,0.3785473517656326
P0671,2025-04-01,0.731279593539238,0.5551371196425811,0.3001280118046328
P0671,2025-05-01,0.2312036007642746,0.1339451749675536,-0.1947616391101852
P0671,2025-06-01,0.1755762167811393,0.1229881498033452,-0.1971162984371185
P0671,2025-07-01,0.1486193391561508,0.1171170472219712,-0.1634417010188102
P0671,2025-08-01,0.1493251753926277,0.1171139744657577,-0.1579204345226287
P0671,2025-09-01,0.1413303444623947,0.1024589121853241,-0.2017839508891105
P0671,2025-10-01,0.1778745796084404,0.1144372751657672,-0.2218556898117065
P0671,2025-11-01,0.2017393231391906,0.1156140477121161,-0.2146516390562057
P0671,2025-12-01,0.3308263268232345,0.1667061044866876,-0.0737038865275681
P0672,2025-01-01,0.3062644515514374,0.1503411094513765,-0.1504158739391714
P0672,2025-02-01,0.6168655052661896,0.3670062540537637,0.1101847310528159
P0672,2025-03-01,0.736261727142334,0.6147760766590525,0.2605282060861587
P0672,2025-04-01,0.4577908251285553,0.2878615974816806,-0.0037274636416696
P0672,2025-05-01,0.2808993025779724,0.157457737237527,-0.1688269891296513
P0672,2025-06-01,0.2100564424872398,0.1426487647385952,-0.1727933227181434
P0672,2025-07-01,0.1636353563427925,0.1260147300582817,-0.1668160270690918
P0672,2025-08-01,0.1587662682294845,0.1201767895621466,-0.1635882955312728
P0672,2025-09-01,0.1475389826774597,0.1047118896351076,-0.1906549994707107
P0672,2025-10-01,0.1508749633312225,0.0899874174537457,-0.249960934972763
P0672,2025-11-01,0.1597186728477478,0.0939759526577471,-0.2261693925857544
P0672,2025-12-01,0.1974956966161727,0.0876290934155416,-0.2430772611379623
P0673,2025-01-01,0.4719274855136871,0.307955361885104,-0.0967589709999039
P0673,2025-02-01,0.8146515014886856,0.5807684443915782,0.3414949871079996
P0673,2025-03-01,0.8438651588439942,0.7050299988776956,0.4410212036848068
P0673,2025-04-01,0.8289632665699926,0.3386359023738258,0.582255454721122
P0673,2025-05-01,0.5651138681411744,0.3852056356440814,0.1645777605760842
P0673,2025-06-01,0.2797471483707427,0.185451604998163,-0.075001873862883
P0673,2025-07-01,0.2143452209711074,0.1605620628319397,-0.1037264187712222
P0673,2025-08-01,0.2101710122346878,0.1602321551110724,-0.1048367674931883
P0673,2025-09-01,0.1964426636099815,0.1143720910794872,-0.24788752528131
P0673,2025-10-01,0.2151325142264366,0.0827684180049922,-0.338635038895905
P0673,2025-11-01,0.2763347509384155,0.1061302933468862,-0.3046605186963453
P0673,2025-12-01,0.2907849117279052,0.1164488521960684,-0.2873871142750606
P0674,2025-01-01,0.3854519421303713,0.54569378787327,0.0602867837439084
P0674,2025-02-01,0.8775389507293702,0.6441511282079787,0.459205487704277
P0674,2025-03-01,0.8762297909736634,0.6194762983046972,0.511847215461731
P0674,2025-04-01,0.866709774017334,0.7005375244221729,0.5084279065608979
P0674,2025-05-01,0.50888479565382,0.3359187583614465,0.2060477624498307
P0674,2025-06-01,0.2122674657106399,0.142787991758594,-0.0488716523353592
P0674,2025-07-01,0.1598504637002945,0.1282515428142409,-0.0840605757027864
P0674,2025-08-01,0.1419036392331123,0.1171052493357244,-0.094356413424015
P0674,2025-09-01,0.1320032947897911,0.0939834081582094,-0.1687758895993232
P0674,2025-10-01,0.1460007202029228,0.0682272424445294,-0.2588673168420791
P0674,2025-11-01,0.1765213263630867,0.0752009523329505,-0.2479211705446243
P0674,2025-12-01,0.1805815139174461,0.0785092717946951,-0.216050382513646
P0675,2025-01-01,0.5569688546061515,0.34870629903168215,0.1257474671916548
P0675,2025-02-01,0.7619563631534576,0.5271438946520177,0.3360401648506522
P0675,2025-03-01,0.8393672881126404,0.6420615086121347,0.470821240401268
P0675,2025-04-01,0.8363438691616059,0.6655442440654721,0.4595873212397098
P0675,2025-05-01,0.6869131231546401,0.485595313568878,0.2691967986874282
P0675,2025-06-01,0.2689297440290451,0.1965990066441083,-0.0250525363927241
P0675,2025-07-01,0.1714429980397224,0.1313297482828465,-0.0987167310485616
P0675,2025-08-01,0.1634402808308601,0.1222959013268398,-0.1034955807626247
P0675,2025-09-01,0.1440457298338413,0.092043285357305,-0.1784284000217914
P0675,2025-10-01,0.1537450532615184,0.0567130903514069,-0.2787550077289343
P0675,2025-11-01,0.1857371464371681,0.0647662723976299,-0.2314202668376267
P0675,2025-12-01,0.1637741898806281,0.0668422518280296,-0.242449702179636
P0676,2025-01-01,0.2330350453734397,0.1977098072370033,-0.0962693768619559
P0676,2025-02-01,0.479490109872818,0.3739371637140407,0.1078380176033359
P0676,2025-03-01,0.7478750544548035,0.6721923809305075,0.3738437260991195
P0676,2025-04-01,0.7935403616905212,0.6373825522285717,0.4102255593657493
P0676,2025-05-01,0.6261461137771607,0.4059817011107173,0.2119524992644786
P0676,2025-06-01,0.2792926253318786,0.1926261120848219,-0.0782297167662531
P0676,2025-07-01,0.1855978135585785,0.1490968713328911,-0.1244069072939455
P0676,2025-08-01,0.1748508484601974,0.1392810695365129,-0.1243601123571395
P0676,2025-09-01,0.1510175870895385,0.1112388689860531,-0.1868409410595894
P0676,2025-10-01,0.1577097680449485,0.1043279535407172,-0.197847442805767
P0676,2025-11-01,0.1422697437524795,0.113065383279189,-0.1568479970157146
P0676,2025-12-01,0.1936177892446517,0.1090869357608774,-0.1546514422029256
P0677,2025-01-01,0.2465138758778572,0.1609215794156077,-0.1397712881833314
P0677,2025-02-01,0.5787954245328903,0.418696174506566,0.1588780987847596
P0677,2025-03-01,0.7354536981582641,0.6083122757568687,0.3166762443628162
P0677,2025-04-01,0.6156976793050766,0.4856285869011709,0.2206322805557865
P0677,2025-05-01,0.2658325536012649,0.1500990335527144,-0.1314172250383533
P0677,2025-06-01,0.1509103386282921,0.1026472369388058,-0.200317741766572
P0677,2025-07-01,0.1040730245232582,0.0720772511452253,-0.2049192915022373
P0677,2025-08-01,0.1018279910087585,0.06925304612461,-0.2107787374913692
P0677,2025-09-01,0.1021967055499553,0.0658534564217645,-0.224041044652462
P0677,2025-10-01,0.1214318461179733,0.0678846365085734,-0.2532960601508617
P0677,2025-11-01,0.1391272124409675,0.0716431056262497,-0.2326426384598016
P0677,2025-12-01,0.2803479082584381,0.159243730782886,-0.1276898602633737
P0678,2025-01-01,0.7037048952102661,0.5170383956403748,0.2630599630937213
P0678,2025-02-01,0.8306816710948944,0.6840342979083343,0.4399427394390106
P0678,2025-03-01,0.733918351650238,0.6298467782229061,0.3881129604578018
P0678,2025-04-01,0.6553891462087631,0.455175274021675,0.2512433171462268
P0678,2025-05-01,0.2582051290869713,0.1568381595662299,-0.1776750787569675
P0678,2025-06-01,0.212474525475502,0.1437292298650105,-0.1877180683523416
P0678,2025-07-01,0.1790394612312316,0.128669985843426,-0.1741635211408138
P0678,2025-08-01,0.1869020290374755,0.1315566384830492,-0.175329808601737
P0678,2025-09-01,0.1885962240695953,0.1255281957973136,-0.1953532137304544
P0678,2025-10-01,0.2786579061031342,0.1672125605228735,-0.182487130318582
P0678,2025-11-01,0.2891879570960998,0.1570010391572495,-0.1746098310553701
P0678,2025-12-01,0.3539961089372634,0.1680290988055823,-0.112347949759243
P0679,2025-01-01,0.3003704604744911,0.1822288673645879,-0.1120332286882214
P0679,2025-02-01,0.667185303401947,0.4402037805750503,0.2093783120412379
P0679,2025-03-01,0.7996204827308655,0.6692520523572764,0.4245139439404011
P0679,2025-04-01,0.7551799147605897,0.5662307231573442,0.3598308917015791
P0679,2025-05-01,0.3283852688074112,0.1865433778444009,-0.0709820381298661
P0679,2025-06-01,0.1947822997331619,0.1253594351301526,-0.1589089983999729
P0679,2025-07-01,0.1561860278010368,0.1103673407649191,-0.1648792027711868
P0679,2025-08-01,0.1363241368055343,0.1097365195543003,-0.1374239993929863
P0679,2025-09-01,0.1313905944108963,0.0983307187208141,-0.1830301820158958
P0679,2025-10-01,0.1434170739054679,0.0807753486070664,-0.2429441992282867
P0679,2025-11-01,0.1565145984411239,0.0844380351402206,-0.2219669347316026
P0679,2025-12-01,0.1700098400592804,0.0842120400418769,-0.2406587655484676
P0680,2025-01-01,0.2411523763179779,0.1484214260408094,-0.182451783443056
P0680,2025-02-01,0.4783974855899811,0.3312825939391038,0.0582668210593983
P0680,2025-03-01,0.6590035846471787,0.5477235388207535,0.2555427386432886
P0680,2025-04-01,0.7559038645495441,0.7125078609191897,0.4449516022791162
P0680,2025-05-01,0.6314879453659058,0.5271855524491844,0.252746859873645
P0680,2025-06-01,0.2304060175776481,0.1617421505583037,-0.1057796041753143
P0680,2025-07-01,0.1740777819395065,0.1326079868188367,-0.1238871109604835
P0680,2025-08-01,0.1580665032029151,0.1204284330480211,-0.1347383021414279
P0680,2025-09-01,0.139157634627819,0.0960534218869534,-0.2191149831593036
P0680,2025-10-01,0.1321970697551965,0.0737657434494457,-0.2482445058822631
P0680,2025-11-01,0.1651699125528335,0.0889212158390891,-0.2296312265753746
P0680,2025-12-01,0.3070254808664321,0.1793149057051225,-0.1400092782258987
P0681,2025-01-01,0.400391687130928,0.2298084115566634,-0.0362631077414378
P0681,2025-02-01,0.6747867564678192,0.4642818476041733,0.1958943998355418
P0681,2025-03-01,0.7637235758304596,0.6368702978600206,0.3406261107206345
P0681,2025-04-01,0.4407952051877975,0.3011108348990136,0.0336218775299843
P0681,2025-05-01,0.2437356184720993,0.1519928286843568,-0.1461535815179348
P0681,2025-06-01,0.1926117151141166,0.1359719439021101,-0.1644706243634223
P0681,2025-07-01,0.1461049530148506,0.1108617486092256,-0.1853213512063026
P0681,2025-08-01,0.1410054054021835,0.1041218411035507,-0.1865666659832
P0681,2025-09-01,0.1386439264297485,0.099140255616566,-0.2071176941633224
P0681,2025-10-01,0.1758330828309059,0.1032794882644948,-0.2570587316393852
P0681,2025-11-01,0.1822042732715606,0.1022380846062118,-0.2354432963043451
P0681,2025-12-01,0.2001456109404563,0.106451436148775,-0.2119747465863823
P0682,2025-01-01,0.4096570341944694,0.2445382081754026,-0.0122428276418708
P0682,2025-02-01,0.5376222506761551,0.3525994781452846,0.1226429726227652
P0682,2025-03-01,0.5573259973287582,0.4078685097528518,0.1681749416676117
P0682,2025-04-01,0.4927534082174301,0.3194141910845149,0.1093651590664871
P0682,2025-05-01,0.3537786737084388,0.222109920197862,-0.0546295541178667
P0682,2025-06-01,0.2926058286905288,0.1994811774275932,-0.0981963709970004
P0682,2025-07-01,0.2566462999224663,0.1761206806994825,-0.1154057576689869
P0682,2025-08-01,0.2568186279177665,0.1706439197123709,-0.1160668513115495
P0682,2025-09-01,0.2530372226715088,0.1584550738666806,-0.1315801742957905
P0682,2025-10-01,0.2993584425687789,0.174698375293822,-0.1141519756458699
P0682,2025-11-01,0.3166024452447891,0.1812786060720648,-0.0860294670230751
P0682,2025-12-01,0.391799728500843,0.227272560652767,-0.0266557233836232
P0683,2025-01-01,0.3646758247613907,0.178305219265087,-0.1969542783603072
P0683,2025-02-01,0.6355423743247985,0.3709110699439147,0.1248510611813515
P0683,2025-03-01,0.7230237237215043,0.5047499309679722,0.2801091959258309
P0683,2025-04-01,0.7689427899837494,0.6225519222591329,0.3764579138878733
P0683,2025-05-01,0.6052623765945434,0.4581646776656561,0.2197476917929947
P0683,2025-06-01,0.3115218526363373,0.2242106610525836,-0.0203919032258912
P0683,2025-07-01,0.2231935202121734,0.1610890456257506,-0.0871769747043028
P0683,2025-08-01,0.1826376332521438,0.1293775231884749,-0.1242181777119636
P0683,2025-09-01,0.1657109640598297,0.0988206810003865,-0.2086534333109855
P0683,2025-10-01,0.1707581896066665,0.0656049012870454,-0.3301599694728851
P0683,2025-11-01,0.2151499761581421,0.0728115622752001,-0.322101531457901
P0683,2025-12-01,0.2203056382894516,0.0748363985502077,-0.3321244707465172
P0684,2025-01-01,0.3851671019077301,0.2429708788702157,-0.0301457438739947
P0684,2025-02-01,0.674562770152092,0.5124575763270718,0.2441403333125636
P0684,2025-03-01,0.6833899928092957,0.5844097789161105,0.3025471801871434
P0684,2025-04-01,0.571917847418785,0.4336818644609934,0.1672596227505244
P0684,2025-05-01,0.3218962929725647,0.2264559787250153,-0.0917091324230656
P0684,2025-06-01,0.235289252781868,0.1758793918089025,-0.1356547657944262
P0684,2025-07-01,0.1928903433084488,0.1537873031355535,-0.131657459289208
P0684,2025-08-01,0.1955842277407646,0.152161924959355,-0.1317489101558923
P0684,2025-09-01,0.1929494486808776,0.1395815233478136,-0.1495068877995014
P0684,2025-10-01,0.2329401062846183,0.1591353331060994,-0.1513090750058181
P0684,2025-11-01,0.2558783259749412,0.1616022058506962,-0.1452928161220625
P0684,2025-12-01,0.4069853476047516,0.2470534447192245,-0.0220263044030405
P0685,2025-01-01,0.4751670160531998,0.3952440530525878,0.1094636914475496
P0685,2025-02-01,0.6739684614181518,0.5459208474028929,0.2970126279663294
P0685,2025-03-01,0.5331075706958771,0.4320472122417311,0.189962368902564
P0685,2025-04-01,0.3726730788946151,0.2980611817929087,0.0200195166995748
P0685,2025-05-01,0.2064836960077286,0.148843520477974,-0.1443881174318492
P0685,2025-06-01,0.1622781736731529,0.1322369242695726,-0.1563715275230468
P0685,2025-07-01,0.1280495495915413,0.1040779751545229,-0.1662639133237302
P0685,2025-08-01,0.1215198723793029,0.0982164976419772,-0.1667519246178679
P0685,2025-09-01,0.1176419540941715,0.0916295323119648,-0.1748680314064025
P0685,2025-10-01,0.1467338968634605,0.089693114645817,-0.2233436088211834
P0685,2025-11-01,0.1597316599011421,0.0913392418269802,-0.2093217656679451
P0685,2025-12-01,0.1786692542552948,0.103681714247051,-0.205599190090876
P0686,2025-01-01,0.363082558091949,0.2603200328056909,0.015146745714917
P0686,2025-02-01,0.695169334936142,0.4663022953898487,0.2379142422500997
P0686,2025-03-01,0.7844651567935944,0.6408097421175375,0.3863464495193213
P0686,2025-04-01,0.8106466345310211,0.7455407349460782,0.4798784792900085
P0686,2025-05-01,0.6059285179138184,0.4351121818953726,0.2503527358129621
P0686,2025-06-01,0.2523598210096359,0.1849028957326033,-0.0295828669658571
P0686,2025-07-01,0.1809090820074081,0.1402985249638575,-0.083981469484861
P0686,2025-08-01,0.1674004343271255,0.1282604985388382,-0.0998670996291563
P0686,2025-09-01,0.1605208981990814,0.1150753945161829,-0.1285693432005122
P0686,2025-10-01,0.1703069324493408,0.0810207597251114,-0.261802148347348
P0686,2025-11-01,0.2078104750275612,0.0829748872875739,-0.2589198247186839
P0686,2025-12-01,0.2173886849164962,0.0894993571596155,-0.2522732993632555
P0687,2025-01-01,0.2387738562107086,0.2046149519116153,-0.0652487241559718
P0687,2025-02-01,0.521725817656517,0.4222715656798909,0.1820208839416504
P0687,2025-03-01,0.6301242251634598,0.571526316524004,0.2875880958481931
P0687,2025-04-01,0.5055160634279251,0.4079480473885377,0.1637643721463218
P0687,2025-05-01,0.2767316734075546,0.1946844306777945,-0.056028181483224
P0687,2025-06-01,0.1490694542050361,0.1306671541039719,-0.1351047206640243
P0687,2025-07-01,0.1215278131604194,0.1124011419661235,-0.1376310664832592
P0687,2025-08-01,0.1171119526028633,0.1107357876869698,-0.128484724342823
P0687,2025-09-01,0.1109502896130085,0.1019380092340798,-0.1448213485956192
P0687,2025-10-01,0.1147825267672538,0.0930523357068483,-0.1706156486418098
P0687,2025-11-01,0.1372370830416679,0.1049135458405365,-0.1476562995687127
P0687,2025-12-01,0.1387463048577308,0.1087261861587677,-0.1340647338256239
P0688,2025-01-01,0.3358219645788214,0.3035243977861018,0.1047892346043539
P0688,2025-02-01,0.8084592530727387,0.6236250856863856,0.401065522429347
P0688,2025-03-01,0.793765192604065,0.6105764440558501,0.4271576207876205
P0688,2025-04-01,0.794890324306488,0.6435607856430408,0.4304322576455772
P0688,2025-05-01,0.6005090897560119,0.4340838442284727,0.2574050999641418
P0688,2025-06-01,0.3548555698633194,0.2581141879344664,0.0290323838366195
P0688,2025-07-01,0.2640705085754394,0.189538487046918,-0.0752935360020026
P0688,2025-08-01,0.2321000261783599,0.1596887248124841,-0.1229411863092333
P0688,2025-09-01,0.1935448752760887,0.1115630372121924,-0.2113961362483212
P0688,2025-10-01,0.2061040838718414,0.0965800800003866,-0.2651149901464582
P0688,2025-11-01,0.2409878725528717,0.1044893554158694,-0.2106557299733162
P0688,2025-12-01,0.2748447819709778,0.1374699772848996,-0.1854619553398341
P0689,2025-01-01,0.4901113133430481,0.2971969650707176,0.0332066788368772
P0689,2025-02-01,0.9136128723144532,0.6607548170649935,0.448766316485405
P0689,2025-03-01,0.9163308233261108,0.6955258026280622,0.4986791753292083
P0689,2025-04-01,0.6537393189907074,0.4418446768955922,0.245011205458641
P0689,2025-05-01,0.1998690139770507,0.10545317365202,-0.1762240315470844
P0689,2025-06-01,0.1766313337326049,0.1103074033654851,-0.1680493960618972
P0689,2025-07-01,0.1219412474274635,0.1024537774155333,-0.1278574070572853
P0689,2025-08-01,0.1210780133724212,0.0970851999178681,-0.140517809677124
P0689,2025-09-01,0.1109916112065315,0.0859813861523038,-0.1779292423725128
P0689,2025-10-01,0.1186967219948768,0.0721265271516888,-0.2168259939789772
P0689,2025-11-01,0.1297790837287903,0.0765835845693251,-0.1936165842235088
P0689,2025-12-01,0.1692180180907249,0.0979924426016925,-0.1858037650167942
P0690,2025-01-01,0.2853833365559577,0.1819745402928453,-0.1237077670790953
P0690,2025-02-01,0.5127620201587677,0.3480105515980328,0.0759124452972784
P0690,2025-03-01,0.6771131710529328,0.5292726230826457,0.2567511754397769
P0690,2025-04-01,0.6550479950428009,0.4765771930015166,0.2225279516143724
P0690,2025-05-01,0.3472296383619308,0.2154574800776129,-0.0348523102316656
P0690,2025-06-01,0.1986630740404129,0.1422010497249951,-0.1462571669086814
P0690,2025-07-01,0.1618282146930694,0.1266137056629664,-0.1454106950223445
P0690,2025-08-01,0.1528380033969879,0.1191764685198581,-0.1387366317033767
P0690,2025-09-01,0.1528933295130729,0.1146087937400838,-0.175539581811428
P0690,2025-10-01,0.1714765743017196,0.1081430411345744,-0.2128430718325078
P0690,2025-11-01,0.1943018473505973,0.1181425158429638,-0.1889612608124735
P0690,2025-12-01,0.2089788367867469,0.1238309018014443,-0.1906815321321599
P0691,2025-01-01,0.4238241052389145,0.3137500717926993,-1.5394817295373285e-07
P0691,2025-02-01,0.807752571105957,0.6958781107702783,0.375857711982727
P0691,2025-03-01,0.7493214755058288,0.6232929979428843,0.3706557188153267
P0691,2025-04-01,0.7587169061183929,0.5892331356739251,0.3909513643622398
P0691,2025-05-01,0.3957644835472106,0.2054569674688063,-0.0858073635417735
P0691,2025-06-01,0.2308162455081939,0.1500616643356833,-0.1762862791895866
P0691,2025-07-01,0.1785309948682785,0.1342017529364683,-0.1429224345445633
P0691,2025-08-01,0.1460998102784156,0.1023098335658056,-0.1932066303253173
P0691,2025-09-01,0.1373787395119667,0.0933236921487901,-0.2084637490868568
P0691,2025-10-01,0.1419250250220299,0.090703947636551,-0.2453901734113693
P0691,2025-11-01,0.158576855969429,0.0964628853866698,-0.2120928511977195
P0691,2025-12-01,0.2467376572847366,0.1623717746444047,-0.131247405321896
P0692,2025-01-01,0.5579875638953732,0.2937305004219155,0.1605694322705246
P0692,2025-02-01,0.8700021378517151,0.719636010390463,0.4655894757032394
P0692,2025-03-01,0.816237664270401,0.6884253524193351,0.4641177722513676
P0692,2025-04-01,0.7068044847488403,0.5316427749734518,0.3369460275013931
P0692,2025-05-01,0.3085523393630981,0.1820715713563324,-0.0557668693393818
P0692,2025-06-01,0.2219723349809646,0.1466323254701368,-0.1545256201609969
P0692,2025-07-01,0.1944245635271072,0.1536866933982318,-0.1105230970948934
P0692,2025-08-01,0.2036386224746704,0.1612200220663688,-0.1030413128703832
P0692,2025-09-01,0.1666545773267746,0.1141858595001552,-0.1945374932676553
P0692,2025-10-01,0.1915851537585258,0.1207339152203718,-0.2419458635240793
P0692,2025-11-01,0.2144987065434455,0.1284163761795045,-0.1973581640880554
P0692,2025-12-01,0.3375642705917358,0.1978505930358382,-0.0176345847702119
P0693,2025-01-01,0.4005293661496454,0.4876695455722435,0.1218657339876047
P0693,2025-02-01,0.7606060856819152,0.5114962910226356,0.3202162067726254
P0693,2025-03-01,0.7773171365737915,0.5939994501408731,0.3588549337863922
P0693,2025-04-01,0.7876004748370337,0.5938639495737619,0.3693761582607808
P0693,2025-05-01,0.6075912987232208,0.4424070954973672,0.2421692444473505
P0693,2025-06-01,0.3630278235435485,0.2504885559136284,-0.0136866564123891
P0693,2025-07-01,0.2750628845453262,0.1907659724309871,-0.0855187909079715
P0693,2025-08-01,0.2509505626797676,0.1707958745541574,-0.0951848688431084
P0693,2025-09-01,0.2427533857226372,0.1566174437669661,-0.109554049703665
P0693,2025-10-01,0.2771008129239082,0.1302492642442141,-0.1827764325972646
P0693,2025-11-01,0.3721662296056747,0.1704086230434667,-0.0990323384002831
P0693,2025-12-01,0.4442106906890869,0.2068701959603948,-0.013611766233371
P0694,2025-01-01,0.4281222281932831,0.2619886442277008,-0.0285377424526028
P0694,2025-02-01,0.7741981173038482,0.5979199861582383,0.3272897100402042
P0694,2025-03-01,0.7274642236232758,0.6297897921984184,0.3301103382706642
P0694,2025-04-01,0.4598051417350769,0.2921146438448677,0.0305368720652985
P0694,2025-05-01,0.2203070459842682,0.1328278469836634,-0.1846316353440284
P0694,2025-06-01,0.1543117920041084,0.1207142142255714,-0.1835556599617004
P0694,2025-07-01,0.1306172857165336,0.1023966878646545,-0.1816091483235359
P0694,2025-08-01,0.1285798185110092,0.0970624334213045,-0.1983353499531746
P0694,2025-09-01,0.1249633047223091,0.092107187235555,-0.2139155416727066
P0694,2025-10-01,0.1587307596564293,0.1009864102945486,-0.2349312619924545
P0694,2025-11-01,0.1730049256324768,0.1000360814940364,-0.2356607350409031
P0694,2025-12-01,0.2051634557008743,0.1041448353554444,-0.1857990665197372
P0695,2025-01-01,0.5529445836544037,0.3440581971856663,0.1301037458997685
P0695,2025-02-01,0.8227814137458801,0.6941237821029834,0.3873129584133625
P0695,2025-03-01,0.7920802155017853,0.7521556236842022,0.446362430357933
P0695,2025-04-01,0.8386893695354461,0.7047141617976196,0.4506997096419334
P0695,2025-05-01,0.2363826625108719,0.1466590895608384,-0.145530319920415
P0695,2025-06-01,0.2006637863874435,0.1408789776301108,-0.1594872072577476
P0695,2025-07-01,0.1720863036632537,0.1348093452896507,-0.1443363413155078
P0695,2025-08-01,0.1687630668163299,0.1318413274513818,-0.1373788916885852
P0695,2025-09-01,0.1618420173883438,0.1157239687456309,-0.1590075786948204
P0695,2025-10-01,0.1726922131896019,0.1019283173702758,-0.1904743359333835
P0695,2025-11-01,0.1989961239218712,0.1157276421158499,-0.1593987686477601
P0695,2025-12-01,0.4339297662258148,0.1582254154544333,0.0434122086013667
P0696,2025-01-01,0.6050583543300628,0.38204981146390793,0.15418560508294035
P0696,2025-02-01,0.8080334939956665,0.5721826087472844,0.3716589595079422
P0696,2025-03-01,0.8569962552070618,0.7492339958255245,0.4539148482322693
P0696,2025-04-01,0.8533998538017273,0.7029264033719682,0.4736621980667114
P0696,2025-05-01,0.6806816754341125,0.5085635490146189,0.2724503828912973
P0696,2025-06-01,0.2773660849809646,0.1993578535349018,-0.045224176441878
P0696,2025-07-01,0.1830678221225738,0.1356026168618422,-0.1123995821357704
P0696,2025-08-01,0.1630510714292526,0.1206472514777937,-0.1123592557205818
P0696,2025-09-01,0.1483519297361374,0.1033890344938305,-0.140016154718399
P0696,2025-10-01,0.1580583470702171,0.062835130775503,-0.2783437275528908
P0696,2025-11-01,0.1934259301424026,0.0742651445529617,-0.2556611723423004
P0696,2025-12-01,0.2096951418161392,0.0833787042714125,-0.2198504052713513
P0697,2025-01-01,0.3575875720500946,0.2470528489333086,-0.0081236712901736
P0697,2025-02-01,0.525331168961525,0.4117155555017452,0.1416975533558055
P0697,2025-03-01,0.5483340809345245,0.4603510491943275,0.1967474867029581
P0697,2025-04-01,0.4471139310002327,0.3386864688778634,0.0844147353577893
P0697,2025-05-01,0.231651635825634,0.1660803572233958,-0.1253808159738779
P0697,2025-06-01,0.1907773695468902,0.1465688555015145,-0.1571261467635631
P0697,2025-07-01,0.1507955476045608,0.1270242801545479,-0.1458512450695037
P0697,2025-08-01,0.1492802390098571,0.1231181783474756,-0.1388116592168808
P0697,2025-09-01,0.1458242926597595,0.1149879270948345,-0.1671053861498832
P0697,2025-10-01,0.1639587456107139,0.1243276815957728,-0.1602061215341091
P0697,2025-11-01,0.1833313974261284,0.1328174314759701,-0.1446537607591599
P0697,2025-12-01,0.2485432293653488,0.1506527553594162,-0.1102614795234054
P0698,2025-01-01,0.5972517418146134,0.3226277557348002,-0.0240743427136912
P0698,2025-02-01,0.8579201273202897,0.6482366683506547,0.4070580118697137
P0698,2025-03-01,0.8289287314414978,0.7338379993795021,0.4507402962333522
P0698,2025-04-01,0.6470168972015381,0.5154957892238184,0.2638147682706825
P0698,2025-05-01,0.4651050629615784,0.2971535790681347,0.0768892403080128
P0698,2025-06-01,0.2042428386211395,0.149473287203656,-0.100486890875129
P0698,2025-07-01,0.1792294412136078,0.1458520823355291,-0.0885797237088903
P0698,2025-08-01,0.1833822167038917,0.1435653908959287,-0.0980290643989108
P0698,2025-09-01,0.1806130816578865,0.1131772429449909,-0.2240500273425597
P0698,2025-10-01,0.2302444586753845,0.0907655798552695,-0.333714116051048
P0698,2025-11-01,0.2653116702318192,0.0963026900304066,-0.3222088544275228
P0698,2025-12-01,0.2823050899744034,0.1136170785563462,-0.223316681366926
P0699,2025-01-01,0.3027896396636962,0.1909565707964628,-0.0619491486907834
P0699,2025-02-01,0.4870122342824936,0.3505951741266518,0.0811508332151968
P0699,2025-03-01,0.6024162112951279,0.5046900718344955,0.2199667722112964
P0699,2025-04-01,0.4727464725971222,0.3473220197666898,0.0526578510570638
P0699,2025-05-01,0.3421099206805229,0.2384234383940572,-0.0411242111159954
P0699,2025-06-01,0.1991207313179969,0.1597274046893187,-0.1188214802179485
P0699,2025-07-01,0.1647321495175361,0.1299332212476308,-0.1226355099735781
P0699,2025-08-01,0.1681961994409561,0.1309495455975931,-0.1205996993709355
P0699,2025-09-01,0.162289994251728,0.1202640015728871,-0.1464857200518017
P0699,2025-10-01,0.1654566854953766,0.1115020687795759,-0.1787655998066067
P0699,2025-11-01,0.1775280221104622,0.1122697546441151,-0.165400175120309
P0699,2025-12-01,0.2029456483364105,0.1219912712639588,-0.1532617153659463
P0700,2025-01-01,0.5313389185667038,0.4004108449910404,0.0521478531546645
P0700,2025-02-01,0.8516109949111939,0.6912779321887317,0.4428671579457819
P0700,2025-03-01,0.8273519131183624,0.7436312644819658,0.4940648008346557
P0700,2025-04-01,0.8408657891750335,0.7217355838850558,0.4968871914610266
P0700,2025-05-01,0.6217760511875152,0.4186818319808234,0.2308055477089248
P0700,2025-06-01,0.2986748973369598,0.2043587961137687,-0.0519505924657452
P0700,2025-07-01,0.2245210175037384,0.1633483774760125,-0.0984803643550723
P0700,2025-08-01,0.1985763893842697,0.1534230917850998,-0.1067346889421343
P0700,2025-09-01,0.1975003561019897,0.1263721723820753,-0.2043124224435538
P0700,2025-10-01,0.2871252023935318,0.1581857960824945,-0.239603842272982
P0700,2025-11-01,0.3334179130792618,0.1867200909187701,-0.1880945091136265
P0700,2025-12-01,0.3200899992108345,0.2125992287533666,-0.0641481465673539
P0701,2025-01-01,0.3738938817739486,0.2283479504763382,-0.0857393311941996
P0701,2025-02-01,0.7126851063728332,0.533671756683519,0.2705552109162323
P0701,2025-03-01,0.811250191116333,0.6973832539640527,0.4527962267875671
P0701,2025-04-01,0.7717351493835449,0.5974938067952479,0.4152882686436176
P0701,2025-05-01,0.3400653860092163,0.1965899870885833,-0.0090512397145153
P0701,2025-06-01,0.197463135099411,0.1353484389846534,-0.1459120130924973
P0701,2025-07-01,0.1678458980798721,0.1257664814562552,-0.1357491806574166
P0701,2025-08-01,0.1534685382723808,0.1238834884952907,-0.1235941978499293
P0701,2025-09-01,0.1457546645760536,0.110711122690252,-0.2093355364322662
P0701,2025-10-01,0.1477511060833931,0.0811403048502001,-0.2757011288449168
P0701,2025-11-01,0.1677657252788543,0.0837495250391436,-0.2550140756823122
P0701,2025-12-01,0.2826430626153945,0.1359131319858458,-0.1897002818077802
P0702,2025-01-01,0.2965284869432449,0.1492138325273883,-0.2216125418912619
P0702,2025-02-01,0.4876956560373306,0.2975205864333587,-0.0109028446271084
P0702,2025-03-01,0.7002353518009186,0.5295438351452154,0.2626903471772093
P0702,2025-04-01,0.8040998579025268,0.6222770898098996,0.400357376408577
P0702,2025-05-01,0.7238889358520508,0.4924139040390813,0.3040008767127991
P0702,2025-06-01,0.2605828968286514,0.1728316555012588,-0.0672389296262525
P0702,2025-07-01,0.2039229079008102,0.1485291139169088,-0.1194864631950855
P0702,2025-08-01,0.169027258837223,0.1188319621309395,-0.1569547208994627
P0702,2025-09-01,0.1595719464898109,0.0961354399178829,-0.2601232680082321
P0702,2025-10-01,0.1918889118671417,0.0917272215489707,-0.2758335026502609
P0702,2025-11-01,0.1942951684832572,0.1049320388656977,-0.2535416848421097
P0702,2025-12-01,0.2068164449691772,0.0946183347399735,-0.2565930993676185
P0703,2025-01-01,0.3459276034355164,0.2029004413538878,-0.0611924006047891
P0703,2025-02-01,0.594312995004654,0.4650739237768505,0.2038563649647869
P0703,2025-03-01,0.6016181765079498,0.469120590983928,0.2171895484812557
P0703,2025-04-01,0.3962470323562622,0.2653693458122256,-0.0001583921250477772
P0703,2025-05-01,0.3016057148456573,0.2021331810647075,-0.0915428599154809
P0703,2025-06-01,0.2372531136274338,0.1741795245721336,-0.1202329180985689
P0703,2025-07-01,0.2095947653889656,0.1548880627585461,-0.1214677924245595
P0703,2025-08-01,0.2398644938468933,0.172180348781275,-0.1111122443322092
P0703,2025-09-01,0.2136605729579925,0.1414155703032177,-0.1632988845270127
P0703,2025-10-01,0.1995519866585731,0.1271756187858205,-0.1872802701741457
P0703,2025-11-01,0.2131178941130638,0.1209733324283579,-0.1802816922408167
P0703,2025-12-01,0.2374830129027366,0.1211332971953531,-0.1616324707947671
P0704,2025-01-01,0.2972209798336029,0.1682674991553573,-0.1749643980791792
P0704,2025-02-01,0.5788673964977264,0.367643023372833,0.1065659865244291
P0704,2025-03-01,0.7802189364433288,0.6788733362355329,0.3978276212275028
P0704,2025-04-01,0.8100765279293061,0.6633132110544826,0.4288113020300865
P0704,2025-05-01,0.5318639258384704,0.3491650016086255,0.1341865782821366
P0704,2025-06-01,0.2118952875852585,0.1487999777232896,-0.12060035790205
P0704,2025-07-01,0.1637298785567283,0.1231760650301465,-0.1388641348361969
P0704,2025-08-01,0.1583651835441589,0.1242097955782394,-0.1316097068607807
P0704,2025-09-01,0.1523372232913971,0.103769311495749,-0.2126575558423996
P0704,2025-10-01,0.1936578700780868,0.1187032759031616,-0.2157596388638019
P0704,2025-11-01,0.2335448893547058,0.1211384414044524,-0.2313232186362147
P0704,2025-12-01,0.3089986484527587,0.1625462202903678,-0.1876943557364167
P0705,2025-01-01,0.297674739152193,0.1955724574066915,-0.0327289124391973
P0705,2025-02-01,0.8554155168920755,0.794561408761766,0.445133641475439
P0705,2025-03-01,0.7336503972172738,0.6837768356019868,0.4588677106618881
P0705,2025-04-01,0.657572632843256,0.4670155683767107,0.267784403473325
P0705,2025-05-01,0.1394886514544487,0.1111797681896221,-0.1773689583681524
P0705,2025-06-01,0.135733018726483,0.1170926003555273,-0.1694051650881767
P0705,2025-07-01,0.0947632827252149,0.0758323891425031,-0.1606257121682167
P0705,2025-08-01,0.0800189343988895,0.0626915725745663,-0.1620830714434385
P0705,2025-09-01,0.0810675642758607,0.0578580539977977,-0.1666565098145976
P0705,2025-10-01,0.1108060751587152,0.0707267058440376,-0.1798238980561494
P0705,2025-11-01,0.1209343025714159,0.0769192395205211,-0.1599306095361709
P0705,2025-12-01,0.1971735799595713,0.1058104544319869,-0.1105587964149192
P0706,2025-01-01,0.2831825791597366,0.1625569826569894,-0.1314825297702569
P0706,2025-02-01,0.5870835891962052,0.3894074541022237,0.1204673614732921
P0706,2025-03-01,0.7072849993228912,0.6025944905111422,0.2450419134974479
P0706,2025-04-01,0.4708454198360443,0.3139802287175915,0.0216098761918545
P0706,2025-05-01,0.2750628684282303,0.1641747080561958,-0.1528998374402523
P0706,2025-06-01,0.2014786046028137,0.1407048032821569,-0.1690074094176292
P0706,2025-07-01,0.1604759498357773,0.1289866717811936,-0.1534612197995185
P0706,2025-08-01,0.1612158788800239,0.1278131057537462,-0.1461262358546257
P0706,2025-09-01,0.149890341258049,0.1107009196039146,-0.1791923503160476
P0706,2025-10-01,0.1411510028839111,0.0931897679033115,-0.2249118521571159
P0706,2025-11-01,0.1533131995797157,0.0976837997402344,-0.2057696637749672
P0706,2025-12-01,0.1832384567856788,0.0928931535356865,-0.1980243562936783
P0707,2025-01-01,0.2668621860027313,0.1954399340277361,-0.0989487624973058
P0707,2025-02-01,0.7479733848571777,0.5473625645091009,0.3033381396830082
P0707,2025-03-01,0.8050775643348694,0.6761131401056908,0.367323321723938
P0707,2025-04-01,0.6348003403663636,0.4509917008688711,0.2152235150933265
P0707,2025-05-01,0.2157580476760864,0.1278699656128232,-0.1839263299703598
P0707,2025-06-01,0.1831342422485351,0.1397873582122136,-0.1662054618239402
P0707,2025-07-01,0.1585573113203048,0.1318293631260073,-0.1359453469514847
P0707,2025-08-01,0.1536422542452812,0.1241524692644794,-0.134275581562519
P0707,2025-09-01,0.1456914199829101,0.1125622625486102,-0.1526941278219223
P0707,2025-10-01,0.1405250110268592,0.0863340698170903,-0.2263393117427826
P0707,2025-11-01,0.15216981767416,0.0920117608295317,-0.2066604392170906
P0707,2025-12-01,0.2184382803440094,0.1312894741898434,-0.1552048655763268
P0708,2025-01-01,0.2735180119633674,0.1600487143524412,-0.1136409737679874
P0708,2025-02-01,0.615830099439621,0.4141540101968982,0.2015968549984603
P0708,2025-03-01,0.7514271799087524,0.6496866916138814,0.3638168027997017
P0708,2025-04-01,0.6475282628297806,0.4842808359419078,0.261847570573911
P0708,2025-05-01,0.434115101480484,0.264178087554297,0.0483245704626664
P0708,2025-06-01,0.2080337549686431,0.145708322088637,-0.1384756163872778
P0708,2025-07-01,0.1652813637018203,0.1211965154287215,-0.1415280930336565
P0708,2025-08-01,0.1598872586488723,0.115070373757952,-0.1315163678001612
P0708,2025-09-01,0.1547668652176857,0.1067001818056613,-0.1657455926328897
P0708,2025-10-01,0.2049546672701835,0.1205870157230336,-0.1853517410516273
P0708,2025-11-01,0.1973270009160042,0.1148797602581001,-0.1557457744814455
P0708,2025-12-01,0.2126927618265152,0.1134985365433278,-0.172392938602902
P0709,2025-01-01,0.2569000050783157,0.1609515286011138,-0.1227778421085327
P0709,2025-02-01,0.6734588038682937,0.4682448277111998,0.2403565247456543
P0709,2025-03-01,0.7645617070674896,0.6410175651971782,0.3748277047276497
P0709,2025-04-01,0.7001700761556625,0.5164169189398997,0.2880511860176921
P0709,2025-05-01,0.3795579053521156,0.1693118170072473,-0.0590131087381447
P0709,2025-06-01,0.2247270673513412,0.1414891821250536,-0.1705343174025416
P0709,2025-07-01,0.1767272805929184,0.1331379939134462,-0.1561503636062145
P0709,2025-08-01,0.1577132398843765,0.115399304836255,-0.1573655702084302
P0709,2025-09-01,0.146653535926342,0.097247496270134,-0.2002894287109375
P0709,2025-10-01,0.2086153637170791,0.1214738783228244,-0.1956048530586064
P0709,2025-11-01,0.2928269949913025,0.1963821495254938,-0.0875151605770457
P0709,2025-12-01,0.3696176208496093,0.2438879588760868,-0.0354522142482921
P0710,2025-01-01,0.3916031099200249,0.2405015119647307,-0.0080568798541557
P0710,2025-02-01,0.6053980648308992,0.4628431036668471,0.2202506750538246
P0710,2025-03-01,0.622929618692398,0.5386688027541476,0.2799840904284268
P0710,2025-04-01,0.6364523991942406,0.5082135505282454,0.2834316431996936
P0710,2025-05-01,0.323600738954544,0.2317828959538879,-0.0391030634279362
P0710,2025-06-01,0.3218008261322975,0.2597258503012138,-0.0189201162801828
P0710,2025-07-01,0.2892445336818695,0.2425785984173173,-0.0257334882715716
P0710,2025-08-01,0.2240232907176017,0.1721858124037324,-0.0914531171408714
P0710,2025-09-01,0.1682684017181396,0.1171130483153129,-0.1420502420291304
P0710,2025-10-01,0.2228646832585334,0.1568047009042651,-0.1066190931052202
P0710,2025-11-01,0.2455665427982807,0.1646572830994463,-0.088242573869205
P0710,2025-12-01,0.3887756833314895,0.2433763418749234,0.0406021384865045
P0711,2025-01-01,0.378004052233696,0.2576907355427952,-0.0092861462119035
P0711,2025-02-01,0.5236869322299957,0.3447273056092156,0.1057539749911055
P0711,2025-03-01,0.5966673693180085,0.4885156255439401,0.1977559536173939
P0711,2025-04-01,0.5398933701038361,0.3971548048554954,0.107084880196955
P0711,2025-05-01,0.3446863667249679,0.2316342517053125,-0.0670414652537084
P0711,2025-06-01,0.262817273569107,0.1879276468636108,-0.1199079100833274
P0711,2025-07-01,0.2276404208302498,0.1655629307482731,-0.1301346339587122
P0711,2025-08-01,0.2380171375751495,0.1714142802758805,-0.1214443184841424
P0711,2025-09-01,0.2272101872682571,0.1578069116475644,-0.1331263973894529
P0711,2025-10-01,0.243810243487358,0.1581849557182285,-0.128580237461254
P0711,2025-11-01,0.2709221045017242,0.1654243306173164,-0.1060816587414592
P0711,2025-12-01,0.3354654080986977,0.1902148368224309,-0.0594432513502892
P0712,2025-01-01,0.3192666224241257,0.1724655430897237,-0.162913377507776
P0712,2025-02-01,0.6870459093093872,0.4393965363787885,0.1895982216907665
P0712,2025-03-01,0.7986045827388764,0.6858130844228895,0.4040966774463653
P0712,2025-04-01,0.8266964989185334,0.6627217393321498,0.425518901181221
P0712,2025-05-01,0.4354449694395065,0.2622156587554628,0.0575164523760013
P0712,2025-06-01,0.2040741662740707,0.1317014036049414,-0.1338560949683189
P0712,2025-07-01,0.154257635307312,0.1160858534100822,-0.1375341455936432
P0712,2025-08-01,0.1474874835014343,0.1169066246888018,-0.123936506319046
P0712,2025-09-01,0.1443217301964759,0.1085403848371603,-0.1787508471369743
P0712,2025-10-01,0.1624160123705864,0.0835169428191403,-0.2728795688033104
P0712,2025-11-01,0.1743099541068077,0.0871085273929303,-0.2579407101213932
P0712,2025-12-01,0.1856146415233612,0.0870766315367147,-0.2712583661198616
P0713,2025-01-01,0.361823589849472,0.2117343203284785,-0.1001302390070632
P0713,2025-02-01,0.6879860618591308,0.508449133326,0.256465497806319
P0713,2025-03-01,0.745381553554535,0.6855013531679457,0.3681158491445705
P0713,2025-04-01,0.6845559236645699,0.513471172047455,0.2877159272182732
P0713,2025-05-01,0.3539565248012543,0.2130761505091905,-0.0087435755979402
P0713,2025-06-01,0.1876923415064811,0.1354084034291151,-0.1446037805140018
P0713,2025-07-01,0.162479648065567,0.1259409687760966,-0.1435647763133049
P0713,2025-08-01,0.156177642416954,0.1174560825304023,-0.1382221715450287
P0713,2025-09-01,0.1425774425148964,0.0929892355069215,-0.2000569757461547
P0713,2025-10-01,0.1723952650904655,0.0894769229039461,-0.2633680951714515
P0713,2025-11-01,0.1739577422857284,0.0853577712609938,-0.256735675060749
P0713,2025-12-01,0.1837001771688461,0.0810376408416869,-0.2830398711487651
P0714,2025-01-01,0.3736316090246208,0.3244967343998711,-0.0356496806890398
P0714,2025-02-01,0.6621684599637985,0.4689074541976198,0.195660904135555
P0714,2025-03-01,0.7122264375209808,0.5599442300606714,0.3462222177536226
P0714,2025-04-01,0.8303910874494231,0.7017429678638275,0.4310750249564254
P0714,2025-05-01,0.4609114614248276,0.4261709955824069,0.1495907502856105
P0714,2025-06-01,0.2039165004253387,0.154880659426865,-0.0803413328089635
P0714,2025-07-01,0.1487236900448799,0.1066609857365975,-0.1759877411007881
P0714,2025-08-01,0.1477694203019142,0.1024758964217622,-0.1922763286650181
P0714,2025-09-01,0.1527983748674392,0.0922781741643939,-0.2487386967897415
P0714,2025-10-01,0.1839979901075363,0.0892261533891606,-0.3115526962637901
P0714,2025-11-01,0.2082795000314712,0.0901252186655763,-0.280076564502716
P0714,2025-12-01,0.1975213429808616,0.0653459862226792,-0.2577192845746874
P0715,2025-01-01,0.4645071306398937,0.3491907144480154,0.1610876630459513
P0715,2025-02-01,0.8080439854621887,0.5689995428963613,0.3628857604913413
P0715,2025-03-01,0.8073567224502564,0.7098239425762669,0.4234669839859009
P0715,2025-04-01,0.8668070907723971,0.4637598221498669,0.5065145278225813
P0715,2025-05-01,0.6722100749492645,0.5160847478210122,0.3139617383924055
P0715,2025-06-01,0.2600328801393509,0.1829812573789514,-0.0629480951472418
P0715,2025-07-01,0.2042978294610977,0.1464727201687801,-0.1036543232738971
P0715,2025-08-01,0.1811465796113014,0.1352363499176781,-0.1165040941029787
P0715,2025-09-01,0.1726436113715171,0.117803853100487,-0.166212220056355
P0715,2025-10-01,0.2042103971481323,0.0924628347344201,-0.2325648975662887
P0715,2025-11-01,0.233552988409996,0.1005762882193003,-0.1901299629202112
P0715,2025-12-01,0.248939057290554,0.113343510757447,-0.1724228755210526
P0716,2025-01-01,0.3001748059272766,0.1854441014523791,-0.1517931204438209
P0716,2025-02-01,0.7656803540706635,0.5223020416308156,0.2710243581652641
P0716,2025-03-01,0.8032024765968323,0.6731099259717894,0.4077626804828644
P0716,2025-04-01,0.7281045279502869,0.5119605149795154,0.2995805641651153
P0716,2025-05-01,0.3086123905181884,0.1510533365441734,-0.1053096324947895
P0716,2025-06-01,0.1999862147808075,0.1305949392822402,-0.1686541836619377
P0716,2025-07-01,0.1732044310808181,0.1254681231064806,-0.1565374062895775
P0716,2025-08-01,0.1526107956171035,0.1211256757532781,-0.1308214761853218
P0716,2025-09-01,0.1487122341632843,0.1094518305615381,-0.1842117555022239
P0716,2025-10-01,0.1979963712096214,0.1039127349769733,-0.265477225446701
P0716,2025-11-01,0.1965354616165161,0.0995147496961411,-0.2629311306476593
P0716,2025-12-01,0.2439112594604492,0.1327045246173464,-0.2090814713358879
P0717,2025-01-01,0.3597072392702102,0.1641121459098491,-0.2660291269559413
P0717,2025-02-01,0.8258803310394287,0.5208395142466866,0.2826333419211209
P0717,2025-03-01,0.8273621718406677,0.7675798323503752,0.4603301376342773
P0717,2025-04-01,0.9046626022338868,0.7912368141552096,0.5246250672340393
P0717,2025-05-01,0.3687950014352798,0.2704377965280154,0.0553421783874277
P0717,2025-06-01,0.1837634889364242,0.1316620908278995,-0.1239757392585277
P0717,2025-07-01,0.1723179724693298,0.1276441329518893,-0.140642482638359
P0717,2025-08-01,0.170150670170784,0.1240637135441336,-0.136857701537013
P0717,2025-09-01,0.1663956599593162,0.0905164005320111,-0.2735278094053268
P0717,2025-10-01,0.175288222143054,0.0558278088269059,-0.3498238471031189
P0717,2025-11-01,0.2292449214935302,0.0828735721230074,-0.3520342162489891
P0717,2025-12-01,0.2773614864826202,0.096275294911359,-0.2871986237056553
P0718,2025-01-01,0.6679803421974182,0.4225138202703662,0.18488114028126
P0718,2025-02-01,0.8438551940917969,0.6898139472054269,0.4178983656901866
P0718,2025-03-01,0.7105347788095474,0.5847987672035155,0.2987418740868568
P0718,2025-04-01,0.4506380801439285,0.2933845786530702,0.037937682653591
P0718,2025-05-01,0.2606626057386398,0.1465901552996746,-0.182399947941862
P0718,2025-06-01,0.2401016266107559,0.1568533076187707,-0.1785795279681682
P0718,2025-07-01,0.1761271109104156,0.1380690502878664,-0.1694894489407539
P0718,2025-08-01,0.1670831668376922,0.1293008430154939,-0.1685600763916969
P0718,2025-09-01,0.1597749548316002,0.1141037218875115,-0.1982169261753559
P0718,2025-10-01,0.1760871039509773,0.1073765797780279,-0.2458104668021202
P0718,2025-11-01,0.1895541998147964,0.1048611293343087,-0.239151103505434
P0718,2025-12-01,0.2161128665685653,0.1103924568424235,-0.1910029695583507
P0719,2025-01-01,0.3984454265117645,0.2151176661912074,-0.0675622811669483
P0719,2025-02-01,0.8143694182634353,0.6167643542759144,0.3480306359317153
P0719,2025-03-01,0.7974460513591767,0.8005726972998366,0.415263406431675
P0719,2025-04-01,0.7959557995557786,0.668440583049122,0.3554673996624536
P0719,2025-05-01,0.3127253069043159,0.1660331581012424,-0.1260045666567981
P0719,2025-06-01,0.1633467925548553,0.1215116813453697,-0.1642584572851657
P0719,2025-07-01,0.137721640253067,0.1080232132252279,-0.1528542207181453
P0719,2025-08-01,0.1435017886281013,0.1107964598144676,-0.1549474826049059
P0719,2025-09-01,0.1481098011732101,0.1100499642188721,-0.1923752575531369
P0719,2025-10-01,0.245816416656971,0.1583434986897536,-0.1962006703855469
P0719,2025-11-01,0.2400795420885086,0.1321886673062197,-0.2151881181913428
P0719,2025-12-01,0.2711997151017189,0.1408030009580798,-0.1656113658336457
P0720,2025-01-01,0.4143717687129974,0.2674274451039897,-0.0515155371985398
P0720,2025-02-01,0.6023951592683792,0.4743628306881424,0.1860266673815669
P0720,2025-03-01,0.7050499761104584,0.5917697010091342,0.3003371724467724
P0720,2025-04-01,0.7646494857311249,0.6482481017425661,0.3654319424681365
P0720,2025-05-01,0.6487758594274521,0.5032786207178919,0.2433108525793999
P0720,2025-06-01,0.2309148115038871,0.1556841098799339,-0.1250459890604019
P0720,2025-07-01,0.1751835009098053,0.1224203543959807,-0.1675519922256469
P0720,2025-08-01,0.1764101821422576,0.1198339688164987,-0.1725814448356628
P0720,2025-09-01,0.1793116753578186,0.1172436561670713,-0.1950567484498024
P0720,2025-10-01,0.2047965755224227,0.1107231558565748,-0.2373933686697855
P0720,2025-11-01,0.233362916636467,0.1202679457758724,-0.2027459345987998
P0720,2025-12-01,0.3956250487089157,0.2083324870895389,-0.0841958812674507
P0721,2025-01-01,0.2801942132472992,0.1576224694368907,-0.181037618778646
P0721,2025-02-01,0.7748900740623474,0.5619913101492306,0.3015485268369317
P0721,2025-03-01,0.8181494749069214,0.6874391961281097,0.4169376966834068
P0721,2025-04-01,0.686752042388916,0.4543123358253625,0.2287035074353218
P0721,2025-05-01,0.3793772145271301,0.2038584294519967,-0.0724940651703634
P0721,2025-06-01,0.2355911187648773,0.1583054091080866,-0.163925058619678
P0721,2025-07-01,0.1869143607854843,0.1366738093008023,-0.159694213399291
P0721,2025-08-01,0.1731969003915786,0.1280053058444395,-0.1504857279926538
P0721,2025-09-01,0.162647637617588,0.1096770410486094,-0.2261547593280673
P0721,2025-10-01,0.1855507201641798,0.0894252784316119,-0.2792079214990139
P0721,2025-11-01,0.2021545893907547,0.0981889595898647,-0.2606577765766065
P0721,2025-12-01,0.2068432948827743,0.1043226235468867,-0.2565189876556396
P0722,2025-01-01,0.2303586689591407,0.1230978239207707,-0.1396309494137764
P0722,2025-02-01,0.5376065493583679,0.3587913604948681,0.0707509213898272
P0722,2025-03-01,0.7441251421928405,0.6356283140058223,0.3149426141023635
P0722,2025-04-01,0.7436100849151611,0.605641522327795,0.2969708415403962
P0722,2025-05-01,0.2076012412905693,0.1266228495781196,-0.1520763173043728
P0722,2025-06-01,0.1783612382054329,0.1192216755551521,-0.1716996834039688
P0722,2025-07-01,0.1497947849750519,0.1136109478112905,-0.1550277408242225
P0722,2025-08-01,0.1224767792224884,0.0900046082428157,-0.1831344427704811
P0722,2025-09-01,0.123319222164154,0.0873690209125465,-0.1948839657545089
P0722,2025-10-01,0.1674969295382499,0.1120358986562873,-0.2059735673904419
P0722,2025-11-01,0.166023167848587,0.0943047123580543,-0.2393441701889038
P0722,2025-12-01,0.2239371013879776,0.1674219655902847,-0.0714294337777421
P0723,2025-01-01,0.3856072845697403,0.2369385273852525,-0.1354835827687755
P0723,2025-02-01,0.7554812816143036,0.5213344570050948,0.2804830880776047
P0723,2025-03-01,0.8018185076236725,0.769191035198964,0.4266100271701812
P0723,2025-04-01,0.6301536380410194,0.5373078718118791,0.2530017641269834
P0723,2025-05-01,0.4584887684583664,0.3054247084247942,0.0793935010837856
P0723,2025-06-01,0.2096371330976486,0.1403141997343227,-0.1186102972635999
P0723,2025-07-01,0.1563097837209701,0.123510387232058,-0.1245250919394195
P0723,2025-08-01,0.1542799641728401,0.1126108711192847,-0.1602450017571449
P0723,2025-09-01,0.1501289289355278,0.0946752371514675,-0.246372238266468
P0723,2025-10-01,0.1577117431640625,0.0506405486503564,-0.3166508498907089
P0723,2025-11-01,0.1917091826438904,0.0826925059544659,-0.2806216668248176
P0723,2025-12-01,0.2961805160999298,0.1065064878322806,-0.2325721380993723
P0724,2025-01-01,0.4504388714194298,0.3278421392795851,0.1018138271086849
P0724,2025-02-01,0.6374361505508422,0.5083802889361019,0.2551097254365682
P0724,2025-03-01,0.658828873348236,0.5613250578480783,0.3097239479064941
P0724,2025-04-01,0.5205591177225113,0.3812903885032309,0.1043061003035865
P0724,2025-05-01,0.2232117158055305,0.1512009164007336,-0.1685475821729749
P0724,2025-06-01,0.1755359396457672,0.1347387754930643,-0.1917607519507408
P0724,2025-07-01,0.1485808394670486,0.1190174783995074,-0.1906879845261573
P0724,2025-08-01,0.1501964464783668,0.117152079760885,-0.184096702671051
P0724,2025-09-01,0.1390190892219543,0.1045974007942212,-0.1988136107087135
P0724,2025-10-01,0.1658333841800689,0.1166378723886581,-0.1982419902563095
P0724,2025-11-01,0.1745903620243072,0.1159603786115837,-0.1896226020872592
P0724,2025-12-01,0.2666507239103317,0.1581775030263932,-0.095904304585079
P0725,2025-01-01,0.2731657131433487,0.1375961836238838,-0.1980799580693245
P0725,2025-02-01,0.7114793635368347,0.4385219295633157,0.2128855100527638
P0725,2025-03-01,0.8356992499351501,0.6959939869928892,0.4358795146226883
P0725,2025-04-01,0.8729717305183411,0.6937160419630569,0.4539605342626571
P0725,2025-05-01,0.2521883407354355,0.1382287746133096,-0.1274062604094855
P0725,2025-06-01,0.1855774532794952,0.1191160346065485,-0.1910322277002036
P0725,2025-07-01,0.1412955696105957,0.1104432673126486,-0.1538206939816475
P0725,2025-08-01,0.1356086093187332,0.0981586294928128,-0.1674568335413933
P0725,2025-09-01,0.1201081799268722,0.0683214901894038,-0.2598048926949501
P0725,2025-10-01,0.1243411468148231,0.0647540962874015,-0.2780198383808136
P0725,2025-11-01,0.1410234288930893,0.0637052096721222,-0.2761305373892188
P0725,2025-12-01,0.1504019119620323,0.0672918408843223,-0.2021937881797552
P0726,2025-01-01,0.2986954307556152,0.1681091869305961,-0.1529449414640665
P0726,2025-02-01,0.6061351150035859,0.3630230021615646,0.1661141531411558
P0726,2025-03-01,0.7608492202758789,0.6442759263886426,0.3623819806933403
P0726,2025-04-01,0.5870372611522674,0.45830802893896383,0.19760575342365297
P0726,2025-05-01,0.413225302028656,0.2723401314892851,0.0328295261539656
P0726,2025-06-01,0.1864857433319091,0.1361431225374395,-0.1345536909937858
P0726,2025-07-01,0.1588341822743416,0.1226058159282783,-0.12889567822963
P0726,2025-08-01,0.1556408755898475,0.1178598570521064,-0.1311332665130496
P0726,2025-09-01,0.1509241641283035,0.1034710943775896,-0.1860043743729591
P0726,2025-10-01,0.1667899354338645,0.0860455930569244,-0.2491338261783123
P0726,2025-11-01,0.211923863530159,0.0938361373761791,-0.2378827164053917
P0726,2025-12-01,0.2392945367455482,0.0982227795945069,-0.0533830290263635
P0727,2025-01-01,0.2246121640086174,0.1284990186053353,-0.1381480634082108
P0727,2025-02-01,0.5443912126302719,0.3474591685376172,0.1358625814550556
P0727,2025-03-01,0.7304116654872894,0.593800357251731,0.343338940513134
P0727,2025-04-01,0.6766134424686432,0.474870022117068,0.2777592333912849
P0727,2025-05-01,0.3445526374816894,0.1907516005563836,-0.0252662752439733
P0727,2025-06-01,0.2016515687823295,0.1337939529331881,-0.1600073133319616
P0727,2025-07-01,0.1657011533379555,0.1272411891562913,-0.1336835742633789
P0727,2025-08-01,0.1501215375423431,0.113797626975869,-0.1204726020216941
P0727,2025-09-01,0.1396351100444793,0.0965036383215665,-0.1710420581281185
P0727,2025-10-01,0.1583915315389633,0.092357956538839,-0.2000552625827491
P0727,2025-11-01,0.1759417187929153,0.0935683074558616,-0.1823203811153769
P0727,2025-12-01,0.1942367190241813,0.0966973854232976,-0.1989689223438501
P0728,2025-01-01,0.2526473241090775,0.1613069455013054,-0.1699510543912649
P0728,2025-02-01,0.5724598917722702,0.3828684008265156,0.1398017529628705
P0728,2025-03-01,0.7020668549537659,0.5611298673025411,0.3099230473279953
P0728,2025-04-01,0.8476429759025573,0.6589498145081626,0.4715404721260071
P0728,2025-05-01,0.7810751849651336,0.5614436011255086,0.4093827527880668
P0728,2025-06-01,0.1761242854356765,0.1458866489034969,-0.0848969400365138
P0728,2025-07-01,0.1514885488510131,0.1269408357544661,-0.0960484580591321
P0728,2025-08-01,0.1496792493939399,0.1194929023403729,-0.10041191887483
P0728,2025-09-01,0.1608784458875656,0.1093541573489736,-0.212541766321659
P0728,2025-10-01,0.2067680045604706,0.1162788250641592,-0.2272585533618927
P0728,2025-11-01,0.2133177320003509,0.1102450407864998,-0.2067220791772007
P0728,2025-12-01,0.2305376884937286,0.1346532751489586,-0.1963788579623215
P0729,2025-01-01,0.3064860318833431,0.2404353244628253,-0.0695527622053163
P0729,2025-02-01,0.6958675468444824,0.5547656423106013,0.2522091175839305
P0729,2025-03-01,0.8330409356117249,0.7634377571639854,0.4564962471067905
P0729,2025-04-01,0.8442761974334717,0.7199999159871553,0.4583339672923088
P0729,2025-05-01,0.556868736410141,0.3701507874058358,0.1737799360266362
P0729,2025-06-01,0.2116256218194961,0.1457554836900219,-0.103780113397364
P0729,2025-07-01,0.1666935474276542,0.1278415569706303,-0.1090948089182376
P0729,2025-08-01,0.1535467339873314,0.1252189617115112,-0.0907346467792987
P0729,2025-09-01,0.1460200855851173,0.1115602366469184,-0.1697164742112159
P0729,2025-10-01,0.1922619621515274,0.1300923847129853,-0.1707756696213036
P0729,2025-11-01,0.2163548272848129,0.14707278263586,-0.1501033951091114
P0729,2025-12-01,0.2450588526248932,0.1577610324807465,-0.1439191722895484
P0730,2025-01-01,0.273784007692337,0.1651301391065412,-0.1582651095605455
P0730,2025-02-01,0.6004277571201324,0.3814855562022109,0.1309106206118129
P0730,2025-03-01,0.7568119787216187,0.6195230273205453,0.3500545764939859
P0730,2025-04-01,0.8241674075375742,0.6576849982256607,0.4192409194283076
P0730,2025-05-01,0.4467728615999222,0.2660550627386802,0.0200063386176116
P0730,2025-06-01,0.2275312585830688,0.1500587976119216,-0.1465427096705883
P0730,2025-07-01,0.1858347523927688,0.1398512170238522,-0.129752080257982
P0730,2025-08-01,0.1852456220507621,0.1382940027847447,-0.1291571166586131
P0730,2025-09-01,0.1697491586089134,0.1157478108520357,-0.1925168689504265
P0730,2025-10-01,0.1723089200615883,0.0664862158608995,-0.2965927426330745
P0730,2025-11-01,0.1914784466266632,0.0979154303793469,-0.2322253219600767
P0730,2025-12-01,0.2128694911956787,0.1193889875248012,-0.1867588237445801
P0731,2025-01-01,0.3158863656044006,0.2082421173471099,-0.1297231424808502
P0731,2025-02-01,0.6851391775608062,0.4602987486517295,0.2066344606947154
P0731,2025-03-01,0.8478792759895325,0.6962225225488139,0.4656004925251007
P0731,2025-04-01,0.9037829977989196,0.7366664161100606,0.5425470854282379
P0731,2025-05-01,0.7435979532241821,0.461791085718767,0.3162142488479614
P0731,2025-06-01,0.2223979470491409,0.1442704646078189,-0.0657396605897694
P0731,2025-07-01,0.1701044586896896,0.1346415240355829,-0.0858733740404248
P0731,2025-08-01,0.1586552092313766,0.1323357605798095,-0.0887905988156795
P0731,2025-09-01,0.1465024835705757,0.1104999081433365,-0.1744834814548492
P0731,2025-10-01,0.1706917005062103,0.0980348404929146,-0.2451388827085495
P0731,2025-11-01,0.1810640228509903,0.0972169124331908,-0.2256149388074874
P0731,2025-12-01,0.2007863646030426,0.1047731546759973,-0.2547766526699066
P0732,2025-01-01,0.2797913618564606,0.1952635071515471,-0.050958539884421
P0732,2025-02-01,0.5932559793233871,0.4793172943508174,0.1842219558292999
P0732,2025-03-01,0.6680353249073029,0.5725813683333523,0.3024089345395565
P0732,2025-04-01,0.545367957162857,0.4138224041508121,0.1713368610659614
P0732,2025-05-01,0.2143831563711166,0.1491180868288895,-0.1450240238636732
P0732,2025-06-01,0.172261035645008,0.1373413495433992,-0.168480918264389
P0732,2025-07-01,0.1365671010017395,0.1174554276286269,-0.1577512746334076
P0732,2025-08-01,0.135550939810276,0.1164058841065184,-0.1520238261222839
P0732,2025-09-01,0.1246019830703735,0.1041831076164415,-0.1760028918266296
P0732,2025-10-01,0.1380418851613998,0.1044030438184098,-0.2037311307430267
P0732,2025-11-01,0.1597381714582443,0.1163902648200337,-0.182173295044899
P0732,2025-12-01,0.200661651623249,0.1291686110710297,-0.1446090264553204
P0733,2025-01-01,0.5148225318908691,0.3217412719736104,0.0317976784436963
P0733,2025-02-01,0.8084044680595398,0.5894547145577342,0.3347035414457321
P0733,2025-03-01,0.7333466270446777,0.6085170479818248,0.3567896675109863
P0733,2025-04-01,0.6126835276603698,0.4015964822159311,0.1649554054087028
P0733,2025-05-01,0.2079463763713836,0.1259263288168051,-0.2041325017929077
P0733,2025-06-01,0.1709159803390502,0.1244945796125665,-0.1998682124614715
P0733,2025-07-01,0.1505608818769455,0.1140480646514836,-0.188677457165718
P0733,2025-08-01,0.1538311445713043,0.1142286194013133,-0.187397407734394
P0733,2025-09-01,0.1490905571460724,0.0978173990684234,-0.2283945912122726
P0733,2025-10-01,0.1802327389001846,0.093577721581856,-0.289561173081398
P0733,2025-11-01,0.1931125829935074,0.0951954059500576,-0.2627830706119537
P0733,2025-12-01,0.2988679445028305,0.14951144035869,-0.1323153163698967
P0734,2025-01-01,0.2121404912710189,0.1225465423783544,-0.1696848747752606
P0734,2025-02-01,0.5313722475290299,0.3741788222724906,0.1347663163205143
P0734,2025-03-01,0.6645536542892456,0.5563994156685881,0.333557879989082
P0734,2025-04-01,0.7357151537418366,0.6108167363186117,0.3773881600737572
P0734,2025-05-01,0.4322660698652267,0.2933094733157044,0.0604476022679358
P0734,2025-06-01,0.1887088386774063,0.1330550582702896,-0.1186424573564901
P0734,2025-07-01,0.150022498357296,0.1161866339484249,-0.1180271588504314
P0734,2025-08-01,0.1483718633770942,0.1104214714265571,-0.1253805110663175
P0734,2025-09-01,0.1401245746970176,0.0962577331318898,-0.1630085080146789
P0734,2025-10-01,0.1561689535617828,0.0861569827285171,-0.2147264161765575
P0734,2025-11-01,0.1712442185640335,0.091409967919767,-0.1958261838585138
P0734,2025-12-01,0.276420882821083,0.1463829682577876,-0.1330826513540232
P0735,2025-01-01,0.4670849239349365,0.2844991329198125,-0.0169368345122318
P0735,2025-02-01,0.7372901259422302,0.5199730469062088,0.2493690624833107
P0735,2025-03-01,0.6053639930725098,0.5090917145955816,0.2003067121771164
P0735,2025-04-01,0.4982541475057602,0.3426376741925147,0.0302143296708352
P0735,2025-05-01,0.2397751124620437,0.136709706030688,-0.2066089594841003
P0735,2025-06-01,0.1827564115285873,0.1214624500703856,-0.2099312145709991
P0735,2025-07-01,0.1407847695112228,0.1029598487761087,-0.2076750663757324
P0735,2025-08-01,0.1412243598103523,0.1016708757951114,-0.2194331364393234
P0735,2025-09-01,0.1438396343827247,0.0947857655815003,-0.2539170277357101
P0735,2025-10-01,0.1822266208410263,0.1074633398274262,-0.2645218030929565
P0735,2025-11-01,0.201512981057167,0.1115208376661298,-0.2524585390686988
P0735,2025-12-01,0.20263362159729,0.100971730560265,-0.2267837726518511
P0736,2025-01-01,0.6867509191513061,0.4874631807863692,0.2100279870339669
P0736,2025-02-01,0.8512572337627411,0.7431298162667026,0.4321621926784515
P0736,2025-03-01,0.8010798308372498,0.730742426664182,0.4433787828207016
P0736,2025-04-01,0.6324852664470673,0.4719062664341549,0.2371665829099714
P0736,2025-05-01,0.2034761651754379,0.1303467666028725,-0.1660873013138771
P0736,2025-06-01,0.1760924638986587,0.130441861413827,-0.1782743639230728
P0736,2025-07-01,0.1678572311162948,0.1343422080458753,-0.1703066658020019
P0736,2025-08-01,0.1714841533899307,0.1351060245066727,-0.1616949651837348
P0736,2025-09-01,0.1607370094299316,0.1175004499517207,-0.2069248277664184
P0736,2025-10-01,0.1842735922574997,0.1087246421867964,-0.2428450623631477
P0736,2025-11-01,0.1758007241487503,0.097415768754635,-0.2415452043056488
P0736,2025-12-01,0.2829257825374603,0.1741033831952258,-0.0550238146666553
P0737,2025-01-01,0.2333166349649429,0.162751679850246,-0.1742479528226424
P0737,2025-02-01,0.3567974490404129,0.2684384542385145,0.0030197172294021
P0737,2025-03-01,0.518367486834526,0.4635156332762728,0.1798229284797562
P0737,2025-04-01,0.5854788445234299,0.4836259824483521,0.2331406218031421
P0737,2025-05-01,0.6088614398002624,0.4369023504510306,0.2025520802201936
P0737,2025-06-01,0.361368455171585,0.2814871002553863,-0.0058199959817342
P0737,2025-07-01,0.2260303512573242,0.1796401189351956,-0.0945643367398297
P0737,2025-08-01,0.1656111493110657,0.1288194139406405,-0.1227652969360351
P0737,2025-09-01,0.1563637139320373,0.1170920908687126,-0.1862573148369789
P0737,2025-10-01,0.1655740204572677,0.1059177769134228,-0.2025162043869495
P0737,2025-11-01,0.1641184770703316,0.1098204739199693,-0.1882589882045984
P0737,2025-12-01,0.2594717725753784,0.150385797048441,-0.1190839919880963
P0738,2025-01-01,0.4451726034574866,0.1098096493676798,-0.0561086530440188
P0738,2025-02-01,0.8629064463615418,0.635087459661575,0.4231746107816696
P0738,2025-03-01,0.816573095703125,0.7641754682459038,0.4691097102165222
P0738,2025-04-01,0.5826370736598968,0.482055975594595,0.23183327785299335
P0738,2025-05-01,0.3487010516166687,0.1999364829432863,-0.0054431545105355
P0738,2025-06-01,0.1837838092803955,0.1215685878613784,-0.1458711465001106
P0738,2025-07-01,0.1496314851284027,0.1213594444633255,-0.132997068041563
P0738,2025-08-01,0.1456203152894973,0.1190650155766026,-0.1217012278914451
P0738,2025-09-01,0.1365025981426239,0.0971298026028821,-0.2066518856287002
P0738,2025-10-01,0.1533860251307487,0.0850146703172346,-0.281579218506813
P0738,2025-11-01,0.1765868316411972,0.08243184724604,-0.2708684579610824
P0738,2025-12-01,0.2264231080889701,0.0804422755958571,-0.2377407139241695
P0739,2025-01-01,0.4396709506034851,0.2097886063807212,-0.1052054938513727
P0739,2025-02-01,0.9066137782096862,0.7222129026080262,0.4408516103267669
P0739,2025-03-01,0.8392681023597718,0.8470142665359289,0.4324150824546814
P0739,2025-04-01,0.814664153766632,0.6477943877458955,0.3520566339015961
P0739,2025-05-01,0.3505515743732452,0.1728091857117458,-0.1132568254172802
P0739,2025-06-01,0.148263344335556,0.1097954022756921,-0.1709056954622268
P0739,2025-07-01,0.1252829812288284,0.0990423522658173,-0.170021428823471
P0739,2025-08-01,0.1284649766206741,0.0994326561699881,-0.1690173939943313
P0739,2025-09-01,0.1286043106555938,0.0961732635799638,-0.2197955324172973
P0739,2025-10-01,0.2134928020715713,0.13092401983286,-0.2515683688402176
P0739,2025-11-01,0.199678536248207,0.0906612527427142,-0.3009228699922561
P0739,2025-12-01,0.2003100497961044,0.0765031596988731,-0.2870998923301697
P0740,2025-01-01,0.5030677084233612,0.353468759519196,0.090637507893145
P0740,2025-02-01,0.7114077858159319,0.6089764132580145,0.3077978004508652
P0740,2025-03-01,0.6653618548326194,0.5998766027702762,0.3042253986736759
P0740,2025-04-01,0.5675137373415753,0.4206422436423259,0.1430904866132885
P0740,2025-05-01,0.3016176530307158,0.2199079052194949,-0.0867603386443341
P0740,2025-06-01,0.2026156934853643,0.1522962965082447,-0.1530746916413307
P0740,2025-07-01,0.1694190388895571,0.126172395017629,-0.1584888333037495
P0740,2025-08-01,0.1827572774511762,0.1351091681650874,-0.1511744865953922
P0740,2025-09-01,0.1925767163995653,0.1329996523346244,-0.149961513608694
P0740,2025-10-01,0.2387037541175261,0.1635091593333892,-0.1382316357248462
P0740,2025-11-01,0.2578819685580208,0.1713326801887187,-0.1185269289761781
P0740,2025-12-01,0.4839383420045022,0.3294054115707263,0.1111181776463054
P0741,2025-01-01,0.6570949276804924,0.4584894356712693,0.22746584106229709
P0741,2025-02-01,0.8315488984823227,0.6431070481596053,0.4221949020534754
P0741,2025-03-01,0.8000766492366791,0.7121195342039289,0.4597957313910126
P0741,2025-04-01,0.8264465597629547,0.6762045393093105,0.4686343571901321
P0741,2025-05-01,0.6192572200775146,0.4718831851144097,0.2519429633595049
P0741,2025-06-01,0.2746321881055832,0.2052514197438867,-0.0293944052674341
P0741,2025-07-01,0.2012293455600738,0.149979644558514,-0.0856336554633453
P0741,2025-08-01,0.1877520815730095,0.1407103501661352,-0.0946204156802967
P0741,2025-09-01,0.155055580496788,0.1031875988604858,-0.1494248683217913
P0741,2025-10-01,0.160119801775366,0.0683486654413847,-0.2432444050475955
P0741,2025-11-01,0.1896490660667419,0.0713208928671626,-0.2308925700843334
P0741,2025-12-01,0.1990373706340789,0.0784087311407917,-0.2112982960548252
P0742,2025-01-01,0.4235583782196045,0.2389447288582442,-0.1418342156528548
P0742,2025-02-01,0.7860167510986328,0.534004240644261,0.2683736462520901
P0742,2025-03-01,0.823327795124054,0.7345479915312102,0.4555091271877289
P0742,2025-04-01,0.850551572227478,0.7281936920401988,0.4893340286910534
P0742,2025-05-01,0.545074460029602,0.3905464964156163,0.2276337032085284
P0742,2025-06-01,0.2274355985641479,0.160976994117291,-0.0562549386609112
P0742,2025-07-01,0.1625260874986648,0.1330639998240625,-0.0881273594915866
P0742,2025-08-01,0.171428253865242,0.1222285638958712,-0.16549809068311
P0742,2025-09-01,0.1733796862602233,0.0816704900278754,-0.3291042604207992
P0742,2025-10-01,0.1781384290814399,0.0833972143814025,-0.3265242223083973
P0742,2025-11-01,0.2132180569171905,0.0847075321425457,-0.306935588683188
P0742,2025-12-01,0.2446920444250107,0.1272494347092244,-0.2280194331750273
P0743,2025-01-01,0.2255320600867271,0.1347328488644284,-0.1530254399034194
P0743,2025-02-01,0.3505606948137283,0.2328439343625065,-0.0322617636045906
P0743,2025-03-01,0.4389512499094009,0.3383077515251969,0.0625668963696574
P0743,2025-04-01,0.3082227117180824,0.2303824252945074,-0.0343499884583521
P0743,2025-05-01,0.1909849924683571,0.1437343521000615,-0.1115853628735989
P0743,2025-06-01,0.16940950050354,0.1387445278814784,-0.1299757258892059
P0743,2025-07-01,0.1451226373076438,0.1189995672092602,-0.1400011840447783
P0743,2025-08-01,0.1418164565503597,0.1116315186294928,-0.1365359447130933
P0743,2025-09-01,0.1427590046584606,0.1091885947156255,-0.1546057750932872
P0743,2025-10-01,0.2032843872547149,0.1390874226138399,-0.1352136722032446
P0743,2025-11-01,0.2149865413308143,0.143286007239853,-0.1127206854610703
P0743,2025-12-01,0.2319510077357292,0.1530104663544422,-0.0999472879150882
P0744,2025-01-01,0.3038320671796798,0.2044905137387403,-0.0576429436610545
P0744,2025-02-01,0.5054475235939025,0.3807212082947075,0.115176177462656
P0744,2025-03-01,0.606395318222046,0.5221104355881961,0.2372839695587754
P0744,2025-04-01,0.5992217415809631,0.4506562757556305,0.1795874721012194
P0744,2025-05-01,0.2472182529211044,0.1641926984806944,-0.1397501070781145
P0744,2025-06-01,0.1748816191077232,0.1344650763454216,-0.1683750137433409
P0744,2025-07-01,0.1456443675756454,0.1139462699609657,-0.1684163706451654
P0744,2025-08-01,0.1476083283424377,0.1134265632729533,-0.1688688993811607
P0744,2025-09-01,0.1452490685582161,0.1057146316760441,-0.1760754005730152
P0744,2025-10-01,0.1720814121484756,0.118929154022795,-0.1794693921655416
P0744,2025-11-01,0.1898645999193191,0.1225102101458912,-0.1596442372346297
P0744,2025-12-01,0.3014188986063003,0.1731992845964643,-0.0449699492031413
P0745,2025-01-01,0.7624372590303421,0.6042172082732368,0.2714376986954361
P0745,2025-02-01,0.8612061850786209,0.8600800205970927,0.5141635941039757
P0745,2025-03-01,0.8342998713493347,0.8001694808565036,0.4899103133201599
P0745,2025-04-01,0.4662925900816917,0.4074943930160495,0.1095759176701307
P0745,2025-05-01,0.2879936460971832,0.1964025055501401,-0.0734898602874018
P0745,2025-06-01,0.2547555451750755,0.1774514803054623,-0.1141498425485566
P0745,2025-07-01,0.2209134245276451,0.1639403361920251,-0.1295729564145207
P0745,2025-08-01,0.2123862052559852,0.1538647815346708,-0.1348417332854121
P0745,2025-09-01,0.1839791107296943,0.1247722859930968,-0.2022765379592776
P0745,2025-10-01,0.1745419694185257,0.0870142207158782,-0.2751808618202805
P0745,2025-11-01,0.2036103270053863,0.0882835612193821,-0.2706063502967357
P0745,2025-12-01,0.2229658764958381,0.1009844731200684,-0.0990300191778689
P0746,2025-01-01,0.402527841758728,0.2617787920704079,-0.002851705942559
P0746,2025-02-01,0.8785730961322784,0.8641480908364716,0.5174850061297417
P0746,2025-03-01,0.6477702857017517,0.5700326765670476,0.4250764069378376
P0746,2025-04-01,0.6609571076869964,0.4835674367004209,0.2827669762709178
P0746,2025-05-01,0.3164450260877609,0.1958340756817049,-0.1218515715265879
P0746,2025-06-01,0.2600027774095535,0.1881953134246204,-0.1560203883826732
P0746,2025-07-01,0.1893696870565414,0.142853350690771,-0.1770451128840446
P0746,2025-08-01,0.1792381719350815,0.1311585862943078,-0.1848685527801513
P0746,2025-09-01,0.169782992041111,0.1156083336785475,-0.2144256323814392
P0746,2025-10-01,0.1785266174435615,0.1030735912087778,-0.2405751994363963
P0746,2025-11-01,0.1925064463615417,0.1046941169031134,-0.2219325005874037
P0746,2025-12-01,0.2226162860631942,0.109528608966131,-0.1963380414756015
P0747,2025-01-01,0.2412141184210777,0.1885677980349376,-0.0797175339429639
P0747,2025-02-01,0.3771013895511627,0.2713049880116139,0.0314116749823611
P0747,2025-03-01,0.4358572858095169,0.3725885658416603,0.0965658410524018
P0747,2025-04-01,0.3854748889327049,0.3079785144712342,0.0485988685988355
P0747,2025-05-01,0.2495326763272285,0.1888064635936832,-0.0741783748839167
P0747,2025-06-01,0.1724002043128013,0.1406508931158733,-0.1333916670382023
P0747,2025-07-01,0.146766543161869,0.1239313157066714,-0.1378490918859839
P0747,2025-08-01,0.1486840827703476,0.1234519976857473,-0.1307695194609463
P0747,2025-09-01,0.1424807382404804,0.1165122575503504,-0.1371704643502831
P0747,2025-10-01,0.1639016294509172,0.1220510788431702,-0.1360311245697666
P0747,2025-11-01,0.1784453632235527,0.1295582160129872,-0.1160560041238553
P0747,2025-12-01,0.2208886586546898,0.1460436959423356,-0.0970932760308496
P0748,2025-01-01,0.6525584936022758,0.4112500068551229,0.20949341771020552
P0748,2025-02-01,0.7662480749607086,0.5175536803638154,0.3274665770865976
P0748,2025-03-01,0.6705082887439819,0.5251150921625143,0.3575594261360398
P0748,2025-04-01,0.8072605476856232,0.6528334619048599,0.4170611144542694
P0748,2025-05-01,0.661161158132553,0.4664750103680647,0.242764740768075
P0748,2025-06-01,0.3700191742777824,0.2575846503888146,-0.0261269716550712
P0748,2025-07-01,0.2841333107829094,0.2023544783858578,-0.0729060129075311
P0748,2025-08-01,0.2788934334993362,0.1967698563837052,-0.0802590372066944
P0748,2025-09-01,0.2782008868217468,0.1821139227641341,-0.1003933355054934
P0748,2025-10-01,0.2891001438975334,0.1518047431945292,-0.1628513596750283
P0748,2025-11-01,0.3916910087704658,0.1683643127189798,-0.0450904583273455
P0748,2025-12-01,0.3876316730976105,0.2145891301788043,-0.0427232414287515
P0749,2025-01-01,0.6134615261793137,0.398743529565668,0.1549027334752958
P0749,2025-02-01,0.6970900734901428,0.4944523731829053,0.2590375610637478
P0749,2025-03-01,0.6215423677444458,0.4800260840901068,0.2440502985694213
P0749,2025-04-01,0.5207399823665619,0.3434780735769396,0.1093394512153841
P0749,2025-05-01,0.3067962764263153,0.1920627963950306,-0.1332250995021779
P0749,2025-06-01,0.2452020830631256,0.1715905014119207,-0.1494968422138132
P0749,2025-07-01,0.2302573972821235,0.158913996799368,-0.1542904088749084
P0749,2025-08-01,0.2557892907381058,0.1720967310006709,-0.148918953440318
P0749,2025-09-01,0.2586236128330231,0.1672123942778347,-0.1570983204112853
P0749,2025-10-01,0.3000938131332397,0.1669353950949447,-0.1692735106880776
P0749,2025-11-01,0.3117086322546005,0.1579582999467747,-0.1664272333412896
P0749,2025-12-01,0.3311101715564727,0.1495248535845094,-0.1287403625120874
P0750,2025-01-01,0.3798738216400146,0.2749219041910434,-0.0326393372143618
P0750,2025-02-01,0.7048726185798645,0.5248251519923418,0.268477664498426
P0750,2025-03-01,0.7686558874607086,0.6426859782459419,0.3683390365004539
P0750,2025-04-01,0.7770391250610351,0.5938817574581484,0.3563418215576559
P0750,2025-05-01,0.3762372251987457,0.2304419999203595,-0.037203624409181
P0750,2025-06-01,0.2132633352518081,0.1428702288500401,-0.162419076859951
P0750,2025-07-01,0.1715327056407928,0.1323250139805445,-0.1444911263823509
P0750,2025-08-01,0.1477216056227684,0.1108416918795807,-0.1652721107959747
P0750,2025-09-01,0.1398065570950508,0.0997565346967404,-0.1914933492660522
P0750,2025-10-01,0.1472946510910988,0.0969102027296643,-0.2202457467675209
P0750,2025-11-01,0.1611990743875503,0.099323325150831,-0.1937733942210674
P0750,2025-12-01,0.2382151656985283,0.137679844805172,-0.1176604666361585
P0751,2025-01-01,0.3063399958848953,0.1540977446747337,-0.1317813355337828
P0751,2025-02-01,0.5962944499254227,0.3737483922504337,0.1012371166459284
P0751,2025-03-01,0.7224736393451691,0.5827145870920842,0.2811538901269436
P0751,2025-04-01,0.5170996874809265,0.3530302750937792,0.0697691503706388
P0751,2025-05-01,0.2673255947589874,0.1614823547901716,-0.1420339331123978
P0751,2025-06-01,0.1912230630278587,0.131025100794751,-0.1738568551674485
P0751,2025-07-01,0.1543684893846512,0.1090465853350764,-0.1889982963114977
P0751,2025-08-01,0.1392893846988677,0.106606786379833,-0.1706871816962957
P0751,2025-09-01,0.1333426638722419,0.0965329288034708,-0.2082741017699241
P0751,2025-10-01,0.1439666994094848,0.0991498538651433,-0.2148489607222378
P0751,2025-11-01,0.1717802209615707,0.096672600850253,-0.2459514436753466
P0751,2025-12-01,0.1903348743677139,0.0890753279898255,-0.231353978672903
P0752,2025-01-01,0.4456932454586029,0.2962750332653017,-0.0372085143386654
P0752,2025-02-01,0.7133949474334716,0.5080927193471565,0.2909099322693422
P0752,2025-03-01,0.7406014796257019,0.6341486738833966,0.4502989934206008
P0752,2025-04-01,0.8410297367095947,0.7240234086131968,0.555140387582779
P0752,2025-05-01,0.6143153855323792,0.3964936788547454,0.2308212290611118
P0752,2025-06-01,0.282387811088562,0.2099320623148491,-0.0698221936460584
P0752,2025-07-01,0.2557846407890319,0.2014670807941896,-0.0712662358143366
P0752,2025-08-01,0.2709765814661979,0.2037176696744309,-0.0655384889586613
P0752,2025-09-01,0.2168754492044448,0.1445201053186651,-0.1758687958464026
P0752,2025-10-01,0.2318353692531585,0.1284506390173233,-0.2249533959947526
P0752,2025-11-01,0.2562455404520035,0.1257168033045219,-0.2064409766666591
P0752,2025-12-01,0.3024439185857773,0.1575718361554522,-0.1843584214858711
P0753,2025-01-01,0.5525123159885407,0.3814596584295458,0.0806783178186975
P0753,2025-02-01,0.6731953582286835,0.5088321960211445,0.2314531561988405
P0753,2025-03-01,0.6924948782444,0.6120420849414389,0.3026351364523172
P0753,2025-04-01,0.754562880897522,0.6486711451606275,0.3694085722837597
P0753,2025-05-01,0.6619716179847718,0.5296892715178203,0.2771252457149327
P0753,2025-06-01,0.2552159304857254,0.2023253393586453,-0.0510896586367394
P0753,2025-07-01,0.1848667224287986,0.1464107941968768,-0.0988917276103515
P0753,2025-08-01,0.1756326003789901,0.1382422558124677,-0.0988614105583168
P0753,2025-09-01,0.1694266809225082,0.1273704057798439,-0.1616357596491463
P0753,2025-10-01,0.2174783608078956,0.1458400751141784,-0.1611357904940843
P0753,2025-11-01,0.3311844909787178,0.2011979642305067,-0.0887634649551233
P0753,2025-12-01,0.4216190288305282,0.2387497408437731,-0.0299866319312577
P0754,2025-01-01,0.2844161363244056,0.1663474870823476,-0.0875974496780429
P0754,2025-02-01,0.5996824826002121,0.440384230614618,0.1796192333436448
P0754,2025-03-01,0.6538878190279007,0.5242083800272325,0.2480536010354757
P0754,2025-04-01,0.4068778975486755,0.2717726242629041,0.000740412833424412
P0754,2025-05-01,0.2448481297969818,0.158998797579943,-0.1320968980186619
P0754,2025-06-01,0.1806543836236,0.1283462092772418,-0.1688011254608631
P0754,2025-07-01,0.1386450589776039,0.1074249042146387,-0.1676232414245605
P0754,2025-08-01,0.1426785063743591,0.1089017590682372,-0.1695924497842788
P0754,2025-09-01,0.1353617614507675,0.0988311123747747,-0.1851710720896721
P0754,2025-10-01,0.1296624589323997,0.0828049114142811,-0.2041119235992431
P0754,2025-11-01,0.1470546640992164,0.0868008887332642,-0.2029561704277992
P0754,2025-12-01,0.1788226063132286,0.0953208485473051,-0.1899618610739707
P0755,2025-01-01,0.5397661161969439,0.2609679280928674,0.1329651397799701
P0755,2025-02-01,0.7994588294506073,0.5706175768020729,0.3648125529885292
P0755,2025-03-01,0.8119480630397796,0.6949832153044616,0.4132636556386947
P0755,2025-04-01,0.723783708680166,0.6327182154981222,0.384339051622234
P0755,2025-05-01,0.5743167850494385,0.4149518713437103,0.2173516805291175
P0755,2025-06-01,0.3267943731069564,0.2245653047080918,-0.0413874114523408
P0755,2025-07-01,0.2220858866214752,0.1683187158194955,-0.0978657579746097
P0755,2025-08-01,0.212173830127716,0.1611615287799867,-0.0988290884712245
P0755,2025-09-01,0.1960310470461845,0.1445141110615355,-0.1332250684389844
P0755,2025-10-01,0.2060133563399314,0.1066367622782161,-0.2493557549044489
P0755,2025-11-01,0.2379967003703117,0.110333618014367,-0.2291174215910956
P0755,2025-12-01,0.2698904117822647,0.1300588113266476,-0.1775646374537299
P0756,2025-01-01,0.1996912923693657,0.1171644295247954,-0.1649876644700765
P0756,2025-02-01,0.3262621695637703,0.2177767281286446,-0.0562147897933144
P0756,2025-03-01,0.4765215797901153,0.3698968093737469,0.0996375648232176
P0756,2025-04-01,0.3422226866960525,0.2436706432570745,-0.0408496617138851
P0756,2025-05-01,0.2509468889832497,0.1751199633241136,-0.1105536263439804
P0756,2025-06-01,0.1623457388281822,0.1182491188494721,-0.1713853100061416
P0756,2025-07-01,0.1274968370318412,0.0921001457748136,-0.1834251424670219
P0756,2025-08-01,0.1316326416969299,0.0934616882206421,-0.1941291902422905
P0756,2025-09-01,0.1233446422100067,0.084622850722979,-0.2040840231537818
P0756,2025-10-01,0.1240017730116844,0.0762673411617988,-0.2270956597208976
P0756,2025-11-01,0.1352432152867317,0.0777025228930755,-0.2204738120615482
P0756,2025-12-01,0.1492400260567665,0.0791302964013965,-0.2199661650896072
P0757,2025-01-01,0.302580119764491,0.2054654691528429,-0.0953276869594149
P0757,2025-02-01,0.5370048149108887,0.3349838380087565,0.1323945896614343
P0757,2025-03-01,0.6707829337596893,0.5575836542396214,0.3300431169537827
P0757,2025-04-01,0.6922743882983923,0.628784188263366,0.4230404188856482
P0757,2025-05-01,0.7061499205589294,0.4976313568864323,0.2529459224587306
P0757,2025-06-01,0.2680939913034439,0.1806422906180723,-0.2029183661652729
P0757,2025-07-01,0.1877818339824676,0.1287789359258216,-0.2062281005911001
P0757,2025-08-01,0.1656303505897522,0.1123835793826528,-0.2102555336184799
P0757,2025-09-01,0.1592059557080269,0.101012788929772,-0.2190050671473145
P0757,2025-10-01,0.1625479534745216,0.0735042456918234,-0.2846287634193897
P0757,2025-11-01,0.1881612270832061,0.0842449598811173,-0.2620406719535589
P0757,2025-12-01,0.2120141376018524,0.0940448001086694,-0.2317212839379906
P0758,2025-01-01,0.222308518910408,0.119219150088675,-0.1579449173092842
P0758,2025-02-01,0.628456807756424,0.4330428471711205,0.1676522128693759
P0758,2025-03-01,0.7313583950519562,0.6109660540430566,0.2872737627029419
P0758,2025-04-01,0.4672187121152877,0.3241446230574544,0.0845188189845532
P0758,2025-05-01,0.227996215224266,0.1343878730226623,-0.1556739007156342
P0758,2025-06-01,0.1633381134748459,0.1146618613713668,-0.1717370220899582
P0758,2025-07-01,0.1268998435974121,0.1008559926995062,-0.1507301953673362
P0758,2025-08-01,0.1221482796311378,0.0846054151146109,-0.1834385149955749
P0758,2025-09-01,0.1119970353245735,0.0701306801615823,-0.2292451258897781
P0758,2025-10-01,0.1320179428577423,0.0814658309363587,-0.2247600163221359
P0758,2025-11-01,0.1397119780421257,0.0743708048414077,-0.2344069230437278
P0758,2025-12-01,0.1823538707494735,0.0860573201030466,-0.1920771139681339
P0759,2025-01-01,0.4590515897274017,0.212332470361642,-0.1771075754463672
P0759,2025-02-01,0.8540619305610657,0.585410848287981,0.3589831429250538
P0759,2025-03-01,0.8513929670333862,0.7881106259479641,0.4905401987463236
P0759,2025-04-01,0.7884781886100769,0.6894375873045696,0.4750497799873352
P0759,2025-05-01,0.3696274922609329,0.2131319501334766,0.0371301933579612
P0759,2025-06-01,0.1813116581201553,0.1218352206880609,-0.1236743040796369
P0759,2025-07-01,0.156816035413742,0.1282598281155145,-0.1093844512462616
P0759,2025-08-01,0.1661791641950607,0.135576880720893,-0.09338947429955
P0759,2025-09-01,0.1777712350130081,0.077105124587791,-0.3583556877017021
P0759,2025-10-01,0.2120995229721069,0.068582189998758,-0.3981157765388489
P0759,2025-11-01,0.239416013264656,0.0684562635488882,-0.3848595548152924
P0759,2025-12-01,0.2640747092485427,0.0764778697373719,-0.3828185074567795
P0760,2025-01-01,0.6675475469350814,0.4185059726414293,0.1271150208211504
P0760,2025-02-01,0.8251864121437072,0.5931544530781274,0.3709408258030191
P0760,2025-03-01,0.839546252822876,0.7109194459007674,0.5091991888523102
P0760,2025-04-01,0.8889441160167136,0.7885782061419652,0.5241171587773454
P0760,2025-05-01,0.1956617714166641,0.1397069152924591,-0.1048815519569162
P0760,2025-06-01,0.1837152016878128,0.1400022563049356,-0.1420483026502653
P0760,2025-07-01,0.1925603519558906,0.1232184651085005,-0.2093591300766915
P0760,2025-08-01,0.2047670373678207,0.1340763196268516,-0.211165647983551
P0760,2025-09-01,0.2009489342927932,0.1117888704834792,-0.2674836733013391
P0760,2025-10-01,0.2407678606033325,0.0993652212174062,-0.3519294150934089
P0760,2025-11-01,0.2938267479419708,0.1099348549640978,-0.3130914622489363
P0760,2025-12-01,0.2801042462110519,0.0822010925434059,-0.2925032571598887
P0761,2025-01-01,0.3064236810922622,0.1831680052446882,-0.1382300337355584
P0761,2025-02-01,0.6483815403699875,0.4800160956078474,0.2285646202437579
P0761,2025-03-01,0.7880702033996582,0.6795075635884398,0.4023777777701616
P0761,2025-04-01,0.7238865732192993,0.4973479373931064,0.3066076884437352
P0761,2025-05-01,0.4303249595165253,0.2449288886093666,0.0091359977384097
P0761,2025-06-01,0.2351690965056419,0.163014959286342,-0.138359835627675
P0761,2025-07-01,0.1923753837585449,0.1504901665741054,-0.1276943158268928
P0761,2025-08-01,0.1734287451386451,0.1368409877975141,-0.1296982872724533
P0761,2025-09-01,0.1628286930441856,0.1198443237972528,-0.1762934600353241
P0761,2025-10-01,0.1601346495747566,0.100975333468451,-0.2361807613134384
P0761,2025-11-01,0.1907728141307831,0.1064717753671457,-0.2043160492002964
P0761,2025-12-01,0.205863477396965,0.1111530031306957,-0.1697991181850433
P0762,2025-01-01,0.6412299787282943,0.4624673678493783,0.2007435871768742
P0762,2025-02-01,0.6862130445480347,0.538537137555932,0.2801056661345064
P0762,2025-03-01,0.636132026386261,0.5434990310928145,0.2765315641164779
P0762,2025-04-01,0.4554463666915893,0.3353309970719159,0.0698994474811479
P0762,2025-05-01,0.2075022381305694,0.1438217964954687,-0.1649490196764469
P0762,2025-06-01,0.1738762709975242,0.1360610143189226,-0.1794065385580062
P0762,2025-07-01,0.144187073791027,0.1166548129470394,-0.1763458664536476
P0762,2025-08-01,0.1422165284991264,0.1143024277169214,-0.1722947102069854
P0762,2025-09-01,0.1335336443662643,0.103387821614657,-0.1894240133404731
P0762,2025-10-01,0.1762127475380897,0.1215000118519292,-0.1876910548653453
P0762,2025-11-01,0.2038234352827072,0.1313891724676159,-0.1558042764917016
P0762,2025-12-01,0.3078275481939316,0.1876206775409049,-0.0307324079235782
P0763,2025-01-01,0.4458944110393524,0.3180943912975222,-0.0593319260758347
P0763,2025-02-01,0.6768463420152664,0.4943876542533372,0.2040742292572278
P0763,2025-03-01,0.7711731338024139,0.7026146928557627,0.4345756632328033
P0763,2025-04-01,0.6901734066128731,0.5875845283106605,0.3805080977238714
P0763,2025-05-01,0.6091736794233322,0.4725543637655583,0.3264405322149395
P0763,2025-06-01,0.1959857655525207,0.1548063737327361,-0.0728981259170919
P0763,2025-07-01,0.1623815919756889,0.1312662943787805,-0.0807373598308302
P0763,2025-08-01,0.1668118025302886,0.1311796936599248,-0.087479401509487
P0763,2025-09-01,0.1629556368231773,0.0924466377619271,-0.2805116089493036
P0763,2025-10-01,0.1895841173052787,0.0815955042285495,-0.3328437838383019
P0763,2025-11-01,0.2300949519634247,0.0970802224139353,-0.3081197458833456
P0763,2025-12-01,0.2795200106859207,0.1295804168183915,-0.2637308543111197
P0764,2025-01-01,0.2507718675017357,0.171386179697941,-0.0796034378656186
P0764,2025-02-01,0.3598905996084213,0.2505595080412113,0.0178994026948697
P0764,2025-03-01,0.4293027939558029,0.3566148506751388,0.0952135215443093
P0764,2025-04-01,0.4130171533465385,0.3169616747859015,0.0611107078833272
P0764,2025-05-01,0.3155709050297737,0.2223529943503077,-0.0278172600575722
P0764,2025-06-01,0.2054987079620361,0.155224928116136,-0.1200576112708076
P0764,2025-07-01,0.1755681273937225,0.1346916007356831,-0.1249844281435012
P0764,2025-08-01,0.1728537454009056,0.1317002006632464,-0.1119326126590138
P0764,2025-09-01,0.1754116619110107,0.1279429907979692,-0.1276192315959604
P0764,2025-10-01,0.214535277301073,0.1445625012013631,-0.1190607222264632
P0764,2025-11-01,0.2352998122811317,0.1532533566206081,-0.0885582993384683
P0764,2025-12-01,0.2532639740645885,0.1560307283263027,-0.0795976156666875
P0765,2025-01-01,0.4779073485136032,0.2397421344289578,0.0404836144429631
P0765,2025-02-01,0.6088094838857651,0.3539806611325933,0.1153193683966732
P0765,2025-03-01,0.7007689009189606,0.436097025540857,0.2945859536007046
P0765,2025-04-01,0.7190130468845367,0.5729950462915162,0.3905735394567251
P0765,2025-05-01,0.5436537397623062,0.3883799581598791,0.1803327283132821
P0765,2025-06-01,0.4568413469195366,0.3416000506496754,0.0849022995110252
P0765,2025-07-01,0.4391738113641739,0.3318231445075125,0.0648282702181122
P0765,2025-08-01,0.465102460193634,0.3316146494371998,0.0721355836626573
P0765,2025-09-01,0.4642717657327652,0.2870279962199613,0.0137089654166251
P0765,2025-10-01,0.4007069278478622,0.2188059744824723,-0.0485869103079887
P0765,2025-11-01,0.4644788247108459,0.2212188551958983,-0.0203839172452455
P0765,2025-12-01,0.4281656326532363,0.2028181526077974,0.016659619414201
P0766,2025-01-01,0.5293470503628254,0.3463660379989272,0.1346251938664354
P0766,2025-02-01,0.6678195794939995,0.4751457262811505,0.2886402408632449
P0766,2025-03-01,0.7423863658428193,0.6104700911681982,0.3811298410000279
P0766,2025-04-01,0.8169481093406677,0.6922053712073465,0.4494088439941406
P0766,2025-05-01,0.7037231934070587,0.5614634091633554,0.3194612168002874
P0766,2025-06-01,0.3977045349836349,0.2925874584868517,0.0729493233554996
P0766,2025-07-01,0.2324920483589172,0.1578555754034728,-0.0854014723213156
P0766,2025-08-01,0.1958486616253852,0.1335013295156778,-0.1096892537959851
P0766,2025-09-01,0.1778103200435638,0.1101586922776741,-0.1469013329625129
P0766,2025-10-01,0.1665625179171562,0.0674909110853071,-0.2462532784581184
P0766,2025-11-01,0.2407060076355934,0.0981511075453127,-0.1684634775245562
P0766,2025-12-01,0.3052352613210678,0.1427568082808985,-0.1167807430125772
P0767,2025-01-01,0.3786814588546753,0.2576790076953838,-0.0147211302269948
P0767,2025-02-01,0.5913191370248795,0.4786888965961343,0.2019861550619825
P0767,2025-03-01,0.6552032791614533,0.5785358350005984,0.3025417485036422
P0767,2025-04-01,0.6328370524406433,0.5029221292301495,0.2469014835524372
P0767,2025-05-01,0.2365537173748016,0.1559399697156538,-0.1695144964784384
P0767,2025-06-01,0.1783788319349289,0.132497656990722,-0.1909375371098518
P0767,2025-07-01,0.1606674169540405,0.1247092254095721,-0.1798716808676719
P0767,2025-08-01,0.1654940097093582,0.1298457741130784,-0.1684227198123931
P0767,2025-09-01,0.1631371496200561,0.121209291331866,-0.1968860501050949
P0767,2025-10-01,0.2254556116104126,0.1596004242212626,-0.1749324879974126
P0767,2025-11-01,0.2344864299297333,0.1556410188358471,-0.1672878863476216
P0767,2025-12-01,0.3368322106838226,0.2010262281232058,-0.0492523603714769
P0768,2025-01-01,0.3197461008548736,0.1986589747454897,-0.1193659100653836
P0768,2025-02-01,0.5960887093544006,0.4051072704562996,0.1502788030676543
P0768,2025-03-01,0.7766864934921265,0.6838983854454718,0.3915324487328529
P0768,2025-04-01,0.8161832336425782,0.697390136588313,0.4368378686666488
P0768,2025-05-01,0.5638945753097534,0.3893428191448869,0.1752690302912145
P0768,2025-06-01,0.2265275328159332,0.1534198642579656,-0.1086575796220451
P0768,2025-07-01,0.1792295098543167,0.127840107871193,-0.121792363384366
P0768,2025-08-01,0.15670526252985,0.1209571587329007,-0.1185684066236019
P0768,2025-09-01,0.1508062784194946,0.1103579572162695,-0.1760776485085487
P0768,2025-10-01,0.2037647398591041,0.1204468542206441,-0.2007822638958692
P0768,2025-11-01,0.211749400472641,0.1249390948976627,-0.1983471621148753
P0768,2025-12-01,0.2476563199520111,0.1365676626240266,-0.1947989392244722
P0769,2025-01-01,0.3225281274795532,0.2487671198895382,0.0346937921236269
P0769,2025-02-01,0.6026632613182068,0.4817011763508959,0.2364785354949534
P0769,2025-03-01,0.7394236569404602,0.6783183517492878,0.366026015250571
P0769,2025-04-01,0.696231951200962,0.5654249237974068,0.2915238146657007
P0769,2025-05-01,0.2090982012271881,0.1425221127790422,-0.146255098221451
P0769,2025-06-01,0.1903858491301536,0.1544125250461234,-0.1418696977548301
P0769,2025-07-01,0.1288738868713378,0.1170740963602338,-0.1310278385818004
P0769,2025-08-01,0.1247922764658927,0.1114673084226951,-0.124770886439085
P0769,2025-09-01,0.0974918103933334,0.0868193925354157,-0.1348864460229873
P0769,2025-10-01,0.1007972300767898,0.0783850448513741,-0.1493771539092064
P0769,2025-11-01,0.1106902145981788,0.0846520429391219,-0.1382263186752796
P0769,2025-12-01,0.1932584377765655,0.1091473377329764,-0.0166578302352689
P0770,2025-01-01,0.2079286408662796,0.1196515020593692,-0.1962344148576259
P0770,2025-02-01,0.3624031931877136,0.2139247209775539,-0.0799971324034035
P0770,2025-03-01,0.6601989427566528,0.5448374657911036,0.2086141458885278
P0770,2025-04-01,0.5274280525684357,0.3588135594462991,0.0517178732689004
P0770,2025-05-01,0.2471323833942413,0.1511436340783576,-0.1779502724766731
P0770,2025-06-01,0.1891253579616546,0.1344016913012774,-0.1860986416339874
P0770,2025-07-01,0.1392032555818557,0.1090458599600052,-0.1754678362607956
P0770,2025-08-01,0.1325353137373924,0.1023723077396644,-0.1734917541742325
P0770,2025-09-01,0.1253950592041015,0.0952893089952887,-0.1938437682390213
P0770,2025-10-01,0.1252357139348983,0.0820522175525809,-0.2220042751073837
P0770,2025-11-01,0.1535615098595619,0.0815337074092705,-0.2584601563453674
P0770,2025-12-01,0.1886283750534057,0.0902738631790502,-0.2065592446863651
P0771,2025-01-01,0.3762966281414032,0.2533804087738543,-0.0451553398836404
P0771,2025-02-01,0.7879999684810638,0.6134100709938733,0.3637562300316989
P0771,2025-03-01,0.7996648301124573,0.7042201633834951,0.3983143898963928
P0771,2025-04-01,0.5722017507553101,0.393064363955924,0.1520374114364264
P0771,2025-05-01,0.280461161160469,0.1646149368142491,-0.1087875419952291
P0771,2025-06-01,0.1992470775365829,0.1409364097773831,-0.1520603473186492
P0771,2025-07-01,0.1509125980973243,0.1204487842821009,-0.1403206877589225
P0771,2025-08-01,0.1454016265153885,0.1147484546023902,-0.1353805691540241
P0771,2025-09-01,0.1373176535010337,0.0997502099902931,-0.1913601986289024
P0771,2025-10-01,0.1392613271951675,0.091086712132672,-0.201746907415986
P0771,2025-11-01,0.1574804026961326,0.0939110813738188,-0.2000581201098859
P0771,2025-12-01,0.1777806690573692,0.0964464496981556,-0.2092852297991514
P0772,2025-01-01,0.4313094528198242,0.1263232643704955,0.0497897879604997
P0772,2025-02-01,0.7694045823335648,0.5640798869729513,0.3259548822162673
P0772,2025-03-01,0.7776864418029785,0.67356008348905,0.408910044096969
P0772,2025-04-01,0.8083479304552078,0.6485298059889223,0.4382640456563793
P0772,2025-05-01,0.55661731569767,0.3387878282989491,0.1601111577143892
P0772,2025-06-01,0.2620165363788604,0.182527263492326,-0.0548115736326202
P0772,2025-07-01,0.2103960599541664,0.1533212360064424,-0.093925848890841
P0772,2025-08-01,0.1770294546723365,0.1409188837305641,-0.0965888369880616
P0772,2025-09-01,0.1672599244594574,0.1202150439106415,-0.1886569083809852
P0772,2025-10-01,0.2024031294822693,0.1114802573542901,-0.239587335612718
P0772,2025-11-01,0.2257559556007385,0.121261733458542,-0.2228500748493708
P0772,2025-12-01,0.2767468725800514,0.1478580359771,-0.1907845406898411
P0773,2025-01-01,0.3917955502748489,0.20391747645446,-0.1748695452035172
P0773,2025-02-01,0.8130698526859284,0.5454774093601482,0.3204007468941621
P0773,2025-03-01,0.8277715428352356,0.7706231162137015,0.4686900304317474
P0773,2025-04-01,0.8797141955375671,0.6901679978718844,0.5360202104568481
P0773,2025-05-01,0.4037100281000137,0.2636120115177183,0.0754568491044454
P0773,2025-06-01,0.1842423777103424,0.1325146292057463,-0.0988514400750398
P0773,2025-07-01,0.1544313590288162,0.1233521232746906,-0.1144428737223148
P0773,2025-08-01,0.150535358095169,0.1029594734461962,-0.1726706624150276
P0773,2025-09-01,0.1602243275523185,0.0799072085137503,-0.3137595778465271
P0773,2025-10-01,0.1872734340190887,0.0726406425276134,-0.3470785742044449
P0773,2025-11-01,0.2219300020217895,0.0841610081288075,-0.3276291278123855
P0773,2025-12-01,0.2572205931663513,0.1004285895696731,-0.2699491372980177
P0774,2025-01-01,0.4029735483407974,0.2311171555834414,-0.0805732935663312
P0774,2025-02-01,0.6679082760572433,0.4019216738153884,0.2012847228513099
P0774,2025-03-01,0.722804312157631,0.5555674443652957,0.3293348726732656
P0774,2025-04-01,0.629294667160511,0.4438790908439728,0.2374117513472214
P0774,2025-05-01,0.3231964186191559,0.177755389802671,-0.0555114509088685
P0774,2025-06-01,0.2922310693025589,0.2132348548031263,-0.0667166345632635
P0774,2025-07-01,0.2672588605880737,0.2107173961711054,-0.0572443808171199
P0774,2025-08-01,0.2569522374033928,0.200867048685798,-0.0608599400030449
P0774,2025-09-01,0.2204159814476967,0.1406256997352577,-0.1658157116312533
P0774,2025-10-01,0.2000595555186271,0.0950665141006859,-0.2092469491878524
P0774,2025-11-01,0.235046177637577,0.1233291801189756,-0.1974757187442854
P0774,2025-12-01,0.2579391660690308,0.1337268000905306,-0.1801696586905978
P0775,2025-01-01,0.4265162213194755,0.2125765326035425,0.0212980432222874
P0775,2025-02-01,0.7716824705123901,0.5155213696189959,0.2713292762545868
P0775,2025-03-01,0.7859351196289063,0.5953753103882725,0.3873636246889829
P0775,2025-04-01,0.8219025176048279,0.6265259388196142,0.4104488279998302
P0775,2025-05-01,0.626381872177124,0.3981328551788364,0.1965961917936801
P0775,2025-06-01,0.2593500414133072,0.1689785127716075,-0.1057951360886916
P0775,2025-07-01,0.1886951564073562,0.1293975641990055,-0.1603180927991867
P0775,2025-08-01,0.1623324592232704,0.1171484844236414,-0.1868564213991165
P0775,2025-09-01,0.1565504893302917,0.1050133644635482,-0.2375400021076202
P0775,2025-10-01,0.233603336417675,0.102842107263467,-0.3110262023568153
P0775,2025-11-01,0.3084483614206314,0.1355882363246767,-0.2368118777916766
P0775,2025-12-01,0.3022961401700973,0.1450026896027047,-0.2251550970407203
P0776,2025-01-01,0.3327532237291336,0.2093604488576334,-0.1032827059645438
P0776,2025-02-01,0.6616841909885407,0.4459849766905644,0.2143830984346568
P0776,2025-03-01,0.7202617322444915,0.6254322652608998,0.3751655322713312
P0776,2025-04-01,0.8113416487932206,0.6795797787660678,0.4388036483673379
P0776,2025-05-01,0.6150093013763428,0.4603815437263527,0.2442753921505063
P0776,2025-06-01,0.2866647469639778,0.2096767183467312,-0.0129203102610306
P0776,2025-07-01,0.1702761600136756,0.1352405632912196,-0.0966704186350107
P0776,2025-08-01,0.1491513004541397,0.1153163914322719,-0.1216756052345037
P0776,2025-09-01,0.1449331318259239,0.1037198250903124,-0.1594975376367569
P0776,2025-10-01,0.183154695302248,0.0765219299901975,-0.258582770787552
P0776,2025-11-01,0.2043008866548538,0.0895122196909205,-0.1952623938038945
P0776,2025-12-01,0.2181831169366836,0.0992841856329559,-0.2056403497841209
P0777,2025-01-01,0.3479771386861801,0.2574260945008981,-0.0541698449705391
P0777,2025-02-01,0.5271929014444351,0.3818840145764315,0.1578068251066375
P0777,2025-03-01,0.3281147824525833,0.2561179702113905,-0.0084175092563033
P0777,2025-04-01,0.3728577083349227,0.2814974159951252,0.0251194956445135
P0777,2025-05-01,0.4978080043911934,0.4440915514515031,0.1745237649467249
P0777,2025-06-01,0.2150664311289787,0.1570361994276626,-0.101527331878338
P0777,2025-07-01,0.1262778690576553,0.1051799265425472,-0.1601869908571243
P0777,2025-08-01,0.1274622234106064,0.0997797100488418,-0.1851080471277237
P0777,2025-09-01,0.127062994658947,0.0967145038325312,-0.1934484251260757
P0777,2025-10-01,0.145676119685173,0.1035876679912389,-0.2046774891614914
P0777,2025-11-01,0.154330487537384,0.101700691565943,-0.1938932446897029
P0777,2025-12-01,0.2278870458364486,0.1353498110470872,-0.1589306449633091
P0778,2025-01-01,0.3051007807612419,0.1758475742177535,-0.1533524677131325
P0778,2025-02-01,0.4562861488103866,0.2839148120907433,0.0314415327213704
P0778,2025-03-01,0.6150885828971863,0.4957365415098533,0.2314308220672886
P0778,2025-04-01,0.6203133686705753,0.3786357928614827,0.3354542534630578
P0778,2025-05-01,0.6956234861373901,0.5759171529541276,0.2678309307343792
P0778,2025-06-01,0.2934474157094955,0.2100023372660469,-0.0445015350628644
P0778,2025-07-01,0.2034894519686698,0.1545841565107788,-0.104330553714931
P0778,2025-08-01,0.200770456469059,0.1479173818328356,-0.1133991512060165
P0778,2025-09-01,0.1955934635877609,0.130320991012883,-0.1840497607031837
P0778,2025-10-01,0.2026901119709014,0.1185306803199371,-0.2339497881114483
P0778,2025-11-01,0.2421715420365333,0.1267863457812442,-0.207546514674928
P0778,2025-12-01,0.2677052436947822,0.1444235544677533,-0.1384217310926644
P0779,2025-01-01,0.2890112328767776,0.1828621791068756,-0.1272231081997975
P0779,2025-02-01,0.7014992656946182,0.5224015602883336,0.2650108838600106
P0779,2025-03-01,0.7898731005191802,0.6907482907448017,0.4014663949519396
P0779,2025-04-01,0.6802049517631531,0.4955779430777039,0.2589805041313171
P0779,2025-05-01,0.2426747735023498,0.1405325068570322,-0.1406653437688946
P0779,2025-06-01,0.1847003923416137,0.1405714577411399,-0.1476950510382652
P0779,2025-07-01,0.1638136475086212,0.1350313597706213,-0.1162253294229507
P0779,2025-08-01,0.1625926474094391,0.131970024852525,-0.113942386496067
P0779,2025-09-01,0.1547975909471511,0.1194976032571946,-0.1467568139195442
P0779,2025-10-01,0.162503926539421,0.0901622388123016,-0.2398454816102981
P0779,2025-11-01,0.1711073503017425,0.0957930286442955,-0.2101603357315063
P0779,2025-12-01,0.2215333316326141,0.1305013372157981,-0.1581402135640383
P0780,2025-01-01,0.649786061668396,0.4828891578806573,0.2111201996011659
P0780,2025-02-01,0.7525763655900956,0.6406259235943073,0.3666506545481272
P0780,2025-03-01,0.6827904941797256,0.5510400426475803,0.3344103963908273
P0780,2025-04-01,0.5533104652881622,0.3858300684692947,0.180728793952614
P0780,2025-05-01,0.3006028115391731,0.200879534494291,-0.0667222715947777
P0780,2025-06-01,0.2374817821621895,0.1742490187949799,-0.110987532710284
P0780,2025-07-01,0.2106627992987632,0.1535814416182781,-0.1153838709761854
P0780,2025-08-01,0.2009506605386734,0.1380368184264881,-0.1218138298800215
P0780,2025-09-01,0.201197422003746,0.1279284292814549,-0.141552901557275
P0780,2025-10-01,0.2441183577060699,0.1443994360538594,-0.1373596875502727
P0780,2025-11-01,0.2741141601324081,0.1562266919018667,-0.0986794459367171
P0780,2025-12-01,0.361059566450119,0.2141509019746839,-0.0401266005956567
P0781,2025-01-01,0.3507134383678436,0.20681275341929,-0.1583548329078592
P0781,2025-02-01,0.5766072967767716,0.3889040612917026,0.1347862536676228
P0781,2025-03-01,0.7132833418369293,0.5783265751016009,0.3084326006297022
P0781,2025-04-01,0.7927687419891357,0.7019007890882644,0.4451052812363952
P0781,2025-05-01,0.5967481212615967,0.4646411947662152,0.2375361684558913
P0781,2025-06-01,0.2711148432254791,0.1963232480261466,-0.0403470811141654
P0781,2025-07-01,0.1843055063605308,0.1435228865536541,-0.0895448137093335
P0781,2025-08-01,0.1698709802269935,0.1307029541465741,-0.1066671527191996
P0781,2025-09-01,0.1636002494335174,0.1114229407691607,-0.2096475997328758
P0781,2025-10-01,0.1704477556347847,0.0842448958300074,-0.2760997960865498
P0781,2025-11-01,0.2149851810693741,0.107575964280307,-0.2541246594890952
P0781,2025-12-01,0.2348278808116913,0.119582907072828,-0.2410368462917395
P0782,2025-01-01,0.3474305997848511,0.2260115337652403,-0.1298541243460518
P0782,2025-02-01,0.6928552003860473,0.4663127522124026,0.220339684459567
P0782,2025-03-01,0.7864814477920532,0.6276501332511554,0.3669358593327924
P0782,2025-04-01,0.8211564242362976,0.5969624731083657,0.4657565397143364
P0782,2025-05-01,0.5794607694387436,0.441057387439638,0.2229593752024695
P0782,2025-06-01,0.2583507421016693,0.1898881336536896,-0.0247275818373542
P0782,2025-07-01,0.1786199105024337,0.1380737679490832,-0.0752499489362933
P0782,2025-08-01,0.1512278278708458,0.1186621841206422,-0.1051685641258955
P0782,2025-09-01,0.1465747926712036,0.1047857150417428,-0.1641665136218071
P0782,2025-10-01,0.153051232111454,0.0718822954044739,-0.295381719827652
P0782,2025-11-01,0.188088212609291,0.0793983105579977,-0.2846895937442779
P0782,2025-12-01,0.2075816911458969,0.0834607215074756,-0.289579392170906
P0783,2025-01-01,0.1788868552446365,0.1270285195100454,-0.1542332046449184
P0783,2025-02-01,0.5235310095071792,0.3882185274940318,0.141420867079799
P0783,2025-03-01,0.7222000937461853,0.6398274090396675,0.3742030857086181
P0783,2025-04-01,0.6399282340526581,0.4837973836669913,0.2372595165725797
P0783,2025-05-01,0.2837332017898559,0.1676933204452567,-0.1277134695593267
P0783,2025-06-01,0.151086126768589,0.1098183251673282,-0.1830035974144935
P0783,2025-07-01,0.1215547333717346,0.0995571102724586,-0.1748993463277816
P0783,2025-08-01,0.1201438892841339,0.0982120497811631,-0.1706953467845916
P0783,2025-09-01,0.1098402854323387,0.088518437427732,-0.1845747561573982
P0783,2025-10-01,0.1198697677969932,0.0821010732620378,-0.2146740159392356
P0783,2025-11-01,0.1325906703948974,0.0857373505990063,-0.1975570012569427
P0783,2025-12-01,0.1391285130381584,0.0865658979954709,-0.1934220011115074
P0784,2025-01-01,0.5192954243600368,0.3305337496461227,0.11078375439448283
P0784,2025-02-01,0.7055085773944855,0.4794570260505816,0.27196503951177
P0784,2025-03-01,0.66753752195007,0.578004967997329,0.3590706705878547
P0784,2025-04-01,0.8214881149707017,0.8016022386345327,0.4679576266143057
P0784,2025-05-01,0.6139315418720246,0.4447795585703925,0.2446175032880157
P0784,2025-06-01,0.3159135384440422,0.2212969351961534,-0.0450297477568965
P0784,2025-07-01,0.2530527846097946,0.1791951442569951,-0.0988243997252546
P0784,2025-08-01,0.2226407123446464,0.1642705347088197,-0.1115208369446249
P0784,2025-09-01,0.2111227166295051,0.1502904282296519,-0.1308114907298237
P0784,2025-10-01,0.2259413658142089,0.127031066719273,-0.187727602706477
P0784,2025-11-01,0.2404504618287086,0.1260187240004613,-0.1259802392035722
P0784,2025-12-01,0.2323764488101005,0.1297853894681756,-0.1308883880414068
P0785,2025-01-01,0.419172987125024,0.3803721877556933,-0.0018012593031992
P0785,2025-02-01,0.7158563258647919,0.4985457436931802,0.2308898833921179
P0785,2025-03-01,0.7534275776386261,0.6578842303180722,0.3704261738419532
P0785,2025-04-01,0.8472074380397797,0.7103562092737734,0.466263693408668
P0785,2025-05-01,0.7179427371025086,0.5343820499625803,0.314652996262908
P0785,2025-06-01,0.2770820536851883,0.2039369313106956,-0.0222644916781777
P0785,2025-07-01,0.1983372256278991,0.1538611002114058,-0.0816016571861691
P0785,2025-08-01,0.1821520260930061,0.1437265666871218,-0.0857597026713192
P0785,2025-09-01,0.1767446531534195,0.117674661043869,-0.2022489119708538
P0785,2025-10-01,0.2115982274889946,0.1170197618323245,-0.2185244045283645
P0785,2025-11-01,0.2827032861709594,0.1510794778985218,-0.1915986846194697
P0785,2025-12-01,0.3343489440441131,0.1806892573802135,-0.161377537260903
P0786,2025-01-01,0.2600960336685181,0.2023512179190363,-0.0966228875696659
P0786,2025-02-01,0.6499466209888458,0.4987325772376214,0.2261049126863479
P0786,2025-03-01,0.7877225438117981,0.6870896284647898,0.3767335631847381
P0786,2025-04-01,0.7931224962234497,0.6357800728117114,0.3773342516183853
P0786,2025-05-01,0.4125949798583984,0.2624664272607767,-0.0033970536665176
P0786,2025-06-01,0.2128843950033188,0.1452156263515196,-0.1598999112486839
P0786,2025-07-01,0.1634615227460861,0.133261859967917,-0.1339772733807563
P0786,2025-08-01,0.1320173855900764,0.1086168697946924,-0.1690597769021987
P0786,2025-09-01,0.118953408229351,0.0975276752094295,-0.1816937141537666
P0786,2025-10-01,0.1302410853862762,0.0980743245775374,-0.2114342265367507
P0786,2025-11-01,0.1359121508836746,0.0987142612796757,-0.1679044087946415
P0786,2025-12-01,0.156373804116249,0.1089696425331807,-0.0886520176682621
P0787,2025-01-01,0.4475000894784927,0.2927948050365883,0.0703512483467231
P0787,2025-02-01,0.7206346606731415,0.5549038907646076,0.322946217700839
P0787,2025-03-01,0.7439235162734985,0.6603837542904955,0.3911994732618332
P0787,2025-04-01,0.7367959763526917,0.5712067715883454,0.3441622760891914
P0787,2025-05-01,0.3093930006027222,0.2018475230808457,-0.0846911559350788
P0787,2025-06-01,0.247968223786354,0.1835358846288437,-0.1130418180204927
P0787,2025-07-01,0.2059245581984519,0.162138211455357,-0.1099542326292954
P0787,2025-08-01,0.2099914694428444,0.1631045690267645,-0.103421908232267
P0787,2025-09-01,0.2023136777162552,0.1477546723876217,-0.1284050677596358
P0787,2025-10-01,0.2568824928879737,0.175930703953277,-0.1050112538660876
P0787,2025-11-01,0.288870431637764,0.193290942064565,-0.0777320504553616
P0787,2025-12-01,0.333513494181633,0.2024183532464335,0.0222091627703048
P0788,2025-01-01,0.5559469645261764,0.3864709056643128,0.0730354719315655
P0788,2025-02-01,0.8333483133554459,0.5677550206549828,0.3909585018124431
P0788,2025-03-01,0.841915562915802,0.6020623490758454,0.470486005223915
P0788,2025-04-01,0.8274938115715981,0.6637293962175819,0.4662991016983986
P0788,2025-05-01,0.6505769904375076,0.4341026343440531,0.2729617843449116
P0788,2025-06-01,0.2471649704456329,0.1688224069507453,-0.0304398386241984
P0788,2025-07-01,0.1829669254302978,0.1409483892971628,-0.0731735222928226
P0788,2025-08-01,0.156490414571762,0.1208096660661925,-0.0888469434529543
P0788,2025-09-01,0.1383710637211799,0.0905825056983259,-0.1607119686365127
P0788,2025-10-01,0.1485783248543739,0.0587668732753318,-0.2695849976062774
P0788,2025-11-01,0.1768426073074341,0.0678506501131401,-0.256666459608078
P0788,2025-12-01,0.2318947992324829,0.0950919206513749,-0.1912269664328429
P0789,2025-01-01,0.3437747259934743,0.6583573663248251,0.2071009427309036
P0789,2025-02-01,0.8098457022190094,0.5405700548639699,0.3632750032067299
P0789,2025-03-01,0.6454283276359176,0.4567749926479746,0.3758946564259167
P0789,2025-04-01,0.809539198923111,0.678363181887812,0.4333076387882232
P0789,2025-05-01,0.6741761878490448,0.4737197944071986,0.2772849918991327
P0789,2025-06-01,0.3565115907669067,0.2369771650253995,-0.0316528467807045
P0789,2025-07-01,0.2811761857271194,0.1860692740146914,-0.0924372635770589
P0789,2025-08-01,0.2445361851692199,0.1641717675837702,-0.1174660735361278
P0789,2025-09-01,0.2371652993679046,0.1459518223298711,-0.1516100613571703
P0789,2025-10-01,0.2484540998339653,0.125908031033948,-0.2009067533972673
P0789,2025-11-01,0.3362070689439773,0.1539104567936313,-0.1145813711155206
P0789,2025-12-01,0.4836518757820129,0.2575219760363497,-0.0064758714602096
P0790,2025-01-01,0.289616568672657,0.1458389087750967,-0.1627122265652753
P0790,2025-02-01,0.6168372106075287,0.3675296560340119,0.1470887526453308
P0790,2025-03-01,0.7358170492172241,0.5920031684392005,0.3742624276012182
P0790,2025-04-01,0.6535416395425796,0.4581809412882908,0.2493566376031143
P0790,2025-05-01,0.3249502296209335,0.1989182117088808,-0.0493962374223978
P0790,2025-06-01,0.2008516640901565,0.1350107154229084,-0.1435015773013234
P0790,2025-07-01,0.1661082212686538,0.1239001676063226,-0.1538001052379608
P0790,2025-08-01,0.1613347166419029,0.1226826534075755,-0.1424464609164744
P0790,2025-09-01,0.1561418267250061,0.1123571852168633,-0.1754362891696393
P0790,2025-10-01,0.1671916810274124,0.1089685840416817,-0.2134582044437527
P0790,2025-11-01,0.1854395982265472,0.1104865281451458,-0.2020464363807812
P0790,2025-12-01,0.2138755347728729,0.1189381154403393,-0.1753979481514543
P0791,2025-01-01,0.3155710385084152,0.1940105859638543,-0.0229965610471073
P0791,2025-02-01,0.6263279798030853,0.451938072295748,0.2180650255143642
P0791,2025-03-01,0.8165213376998901,0.7304196211245426,0.4449583858013153
P0791,2025-04-01,0.6642105880737305,0.4333176476341365,0.1715942984223366
P0791,2025-05-01,0.2276807196855545,0.1352788409634747,-0.1718607788756489
P0791,2025-06-01,0.1356751266121864,0.1071033272040803,-0.1807720032691955
P0791,2025-07-01,0.1169500470042228,0.0981085770785882,-0.1515457182765007
P0791,2025-08-01,0.1197714100837707,0.0978317288111821,-0.1440411202311516
P0791,2025-09-01,0.1078688491821289,0.0819662504979192,-0.1712246578812599
P0791,2025-10-01,0.1135900894403457,0.0698010176531519,-0.2072158677339554
P0791,2025-11-01,0.1184808265328407,0.0711728705905891,-0.1964887964129447
P0791,2025-12-01,0.1914364117622375,0.1013585922883178,-0.1554557400728692
P0792,2025-01-01,0.3901854591488838,0.2591079889350791,-0.0183315071668475
P0792,2025-02-01,0.6034762329101563,0.4061442791670678,0.1955886601408943
P0792,2025-03-01,0.6057725305795669,0.4968184625663247,0.2276006037640385
P0792,2025-04-01,0.4414214290738106,0.324586409864509,0.0783623623404651
P0792,2025-05-01,0.309940547478199,0.1990441185042935,-0.0261873225367395
P0792,2025-06-01,0.2069221006274223,0.1504321106710055,-0.1152660796700976
P0792,2025-07-01,0.1796585222959518,0.1326051155781044,-0.1178001538622193
P0792,2025-08-01,0.1837740203380584,0.1319017287935109,-0.1243847513258457
P0792,2025-09-01,0.1770171103596687,0.1172900423972197,-0.1683054674357176
P0792,2025-10-01,0.1977770434379577,0.1043996542965082,-0.1650766713983845
P0792,2025-11-01,0.2803025835752487,0.162632892847294,-0.1206798723031768
P0792,2025-12-01,0.3231255812168121,0.1929764123321176,-0.0441967943153809
P0793,2025-01-01,0.2542269192696001,0.2594383444347832,-0.0885337371915847
P0793,2025-02-01,0.6468932224750519,0.4301869899358514,0.1698888414937537
P0793,2025-03-01,0.7904787777900696,0.6475006031063011,0.3743069665268063
P0793,2025-04-01,0.8312303997516632,0.7256368410736344,0.4600306726336479
P0793,2025-05-01,0.6287571008205414,0.4275580699224663,0.2343824811603874
P0793,2025-06-01,0.2658357287406921,0.1876077172768025,-0.0588769157429691
P0793,2025-07-01,0.1932108339905738,0.149816567282745,-0.098999140381068
P0793,2025-08-01,0.1692908584952354,0.1338733348679897,-0.1125102933138608
P0793,2025-09-01,0.1485015667080879,0.0969269661400365,-0.229549553990364
P0793,2025-10-01,0.150051967048645,0.0755982390582679,-0.2841280191421508
P0793,2025-11-01,0.1870748090624809,0.0892849031626348,-0.2588373287677765
P0793,2025-12-01,0.1999861141443252,0.0847935281033523,-0.2774742315009236
P0794,2025-01-01,0.2388533695936203,0.1618292319220114,-0.1205049934571608
P0794,2025-02-01,0.503167663192749,0.3962661081461981,0.0961158400007523
P0794,2025-03-01,0.7140133182525634,0.6272192595104972,0.2891760834693909
P0794,2025-04-01,0.5363140571594238,0.3876778623337774,0.1113092387631535
P0794,2025-05-01,0.2143980652809143,0.1351880916675635,-0.1838513130128383
P0794,2025-06-01,0.1546731274724006,0.1136177797291888,-0.2044816551923751
P0794,2025-07-01,0.1216635528445243,0.1048144258996604,-0.1661278626322746
P0794,2025-08-01,0.1242837544202804,0.1051560316602869,-0.1657604988455772
P0794,2025-09-01,0.1131549482226371,0.0959297969612504,-0.1777242000102996
P0794,2025-10-01,0.1100293688297271,0.086265412384818,-0.200790501332283
P0794,2025-11-01,0.1220686669230461,0.0838845131077068,-0.2097288861453533
P0794,2025-12-01,0.1427141987681388,0.0827428364385842,-0.189286482075043
P0795,2025-01-01,0.3149501607656479,0.2025887254816239,0.0075577318872325
P0795,2025-02-01,0.5228638854026795,0.4112291209682258,0.1275317706443369
P0795,2025-03-01,0.6277242019176483,0.5238311624405024,0.2469519266963005
P0795,2025-04-01,0.6072943152427673,0.464105457884266,0.1812340838568285
P0795,2025-05-01,0.229925818324089,0.1488437568815307,-0.168602217797935
P0795,2025-06-01,0.1690195026874542,0.1264076357994775,-0.1896011439085006
P0795,2025-07-01,0.1406139251470566,0.1162609032561896,-0.1670113002896308
P0795,2025-08-01,0.1449138838052749,0.1159841852418774,-0.1634775328159332
P0795,2025-09-01,0.1189196606040001,0.0837599911001049,-0.2097810577869415
P0795,2025-10-01,0.1414837766766548,0.0882100000241388,-0.227398832821846
P0795,2025-11-01,0.1557228193044662,0.0935511165663378,-0.2066525586903095
P0795,2025-12-01,0.2708844019889831,0.1660500837727608,-0.060134413999645
P0796,2025-01-01,0.5427289151906968,0.3304686924475759,0.0597653302758932
P0796,2025-02-01,0.7858829481124878,0.5863505872817518,0.3507826724877581
P0796,2025-03-01,0.8355015213966369,0.6936650102928015,0.4190943651199341
P0796,2025-04-01,0.758689253950119,0.6099057397087371,0.3813055963993073
P0796,2025-05-01,0.4262221929311752,0.2734974773987039,0.0688012953401077
P0796,2025-06-01,0.2353502617120743,0.1717941880704314,-0.0945395595878362
P0796,2025-07-01,0.225910757291317,0.1624450113749558,-0.1075972184993326
P0796,2025-08-01,0.220413660120964,0.1249161976963942,-0.208855423733592
P0796,2025-09-01,0.2199657745480537,0.1185080980858086,-0.2069410402469337
P0796,2025-10-01,0.2454616973161697,0.1190949067926866,-0.2039181625023484
P0796,2025-11-01,0.2594741741895676,0.1246156183671935,-0.1846358873367309
P0796,2025-12-01,0.2753875527858734,0.1336258244386935,-0.1672127884089946
P0797,2025-01-01,0.3780897882223129,0.2492665995741048,-0.0204413024861777
P0797,2025-02-01,0.6977537678956985,0.5021801137039013,0.2740992997724563
P0797,2025-03-01,0.8300966728687287,0.6873151341781295,0.430506780411303
P0797,2025-04-01,0.8059363315105438,0.6159602558924088,0.4073428224802017
P0797,2025-05-01,0.3266522503376007,0.1970607905453688,-0.0173635499482974
P0797,2025-06-01,0.2398794923067093,0.1577146891615742,-0.1133931196542922
P0797,2025-07-01,0.195754779112339,0.153514054473498,-0.1072478936227129
P0797,2025-08-01,0.1844798823475837,0.1421032291144419,-0.0905406788347217
P0797,2025-09-01,0.1831757172703743,0.1352271452045378,-0.136285418960033
P0797,2025-10-01,0.238132359457016,0.1488076069054686,-0.1258848418524489
P0797,2025-11-01,0.2548887989521026,0.1624799620958942,-0.087413226295798
P0797,2025-12-01,0.2845941218852997,0.1731713732612211,-0.0796130828451365
P0798,2025-01-01,0.4393416945219039,0.2856985981798178,-0.0349677976100644
P0798,2025-02-01,0.6462300314426422,0.4464409163605551,0.1911990038895048
P0798,2025-03-01,0.724202740240097,0.6027127985806078,0.3146552065767348
P0798,2025-04-01,0.564778019452095,0.423101323404686,0.1485846402419731
P0798,2025-05-01,0.3831481297016144,0.2572609238339636,-0.0249976885777898
P0798,2025-06-01,0.2600776617050171,0.1867958224211358,-0.1407967647586017
P0798,2025-07-01,0.2249466413140297,0.1677959456445717,-0.1427677998233586
P0798,2025-08-01,0.2149217195630073,0.154565863645646,-0.1479748611415096
P0798,2025-09-01,0.2137806208848953,0.1462938209476312,-0.1802233864928595
P0798,2025-10-01,0.2581413364052772,0.1623932280456547,-0.1665447804147145
P0798,2025-11-01,0.3376562504649162,0.2238067706391275,-0.0978575759818777
P0798,2025-12-01,0.4239489945888519,0.2750644727363966,-0.0339236089141457
P0799,2025-01-01,0.4489623772382736,0.3066944091080045,0.0666869676435831
P0799,2025-02-01,0.7734992765665054,0.6051009283142035,0.3705688890516758
P0799,2025-03-01,0.7913997389316559,0.7004414274726803,0.415091952419281
P0799,2025-04-01,0.6557044744968414,0.5014404335957957,0.2506840461820364
P0799,2025-05-01,0.2379830071449279,0.1621980607388698,-0.1424729775778745
P0799,2025-06-01,0.206025812625885,0.1481821413071755,-0.1653543181888759
P0799,2025-07-01,0.1715622317075729,0.1455184897687653,-0.1153817429801449
P0799,2025-08-01,0.1792773011803627,0.1477197486179547,-0.1035411949587985
P0799,2025-09-01,0.1800791230916976,0.1410720668794132,-0.1170513564518885
P0799,2025-10-01,0.2101671413660049,0.1451995207893165,-0.1312103116412647
P0799,2025-11-01,0.2229837209105491,0.1503139828825869,-0.107961152664572
P0799,2025-12-01,0.3666683186769485,0.2285809977770578,0.0397525304787326
