parcel_id,date,NDVI,EVI,NDMI
P0000,2025-01-01,0.471137523651123,0.2937958836555481,-0.0260397158563137
P0000,2025-02-01,0.722649872303009,0.5353933572769165,0.2485207170248031
P0000,2025-03-01,0.7994028925895691,0.7140952348709106,0.3979414403438568
P0000,2025-04-01,0.9294337630271912,0.885612428188324,0.4942059516906738
P0000,2025-05-01,0.2412330359220504,0.1403653174638748,-0.1154776290059089
P0000,2025-06-01,0.1854714006185531,0.1421651244163513,-0.1135225370526313
P0000,2025-07-01,0.1266186982393264,0.0985491350293159,-0.1515771746635437
P0000,2025-08-01,0.1311082690954208,0.1020585745573043,-0.1498019397258758
P0000,2025-09-01,0.1378122270107269,0.104525975883007,-0.1637123376131057
P0000,2025-10-01,0.2231608629226684,0.1125110909342765,-0.267032265663147
P0000,2025-11-01,0.2971347570419311,0.1458232104778289,-0.1452214419841766
P0000,2025-12-01,0.2971347570419311,0.1458232104778289,-0.1452214419841766
P0001,2025-01-01,0.4738675951957702,0.2035405784845352,-0.2055272310972213
P0001,2025-02-01,0.8595505356788635,0.5616956949234009,0.3504402041435241
P0001,2025-03-01,0.7833294868469238,0.6065468788146973,0.40409716963768
P0001,2025-04-01,0.5985663086175919,0.4264487773180008,0.2114924462512135
P0001,2025-05-01,0.4138031303882599,0.2463506758213043,0.018887722864747
P0001,2025-06-01,0.1733253896236419,0.1231116726994514,-0.1250926405191421
P0001,2025-07-01,0.1929084658622741,0.1520861089229583,-0.0929928719997406
P0001,2025-08-01,0.1671806573867797,0.130412757396698,-0.1021350994706153
P0001,2025-09-01,0.2295642793178558,0.1741993725299835,-0.0722727924585342
P0001,2025-10-01,0.3251497149467468,0.1109612584114074,-0.3165534138679504
P0001,2025-11-01,0.2935622334480285,0.0723564475774765,-0.4133904278278351
P0001,2025-12-01,0.2935622334480285,0.0723564475774765,-0.4133904278278351
P0002,2025-01-01,0.5809704065322876,0.4424892067909241,0.1278094053268432
P0002,2025-02-01,0.8677444458007812,0.7188730239868164,0.4480519592761993
P0002,2025-03-01,0.8505582213401794,0.8149948120117188,0.4556517302989959
P0002,2025-04-01,0.7662774920463562,0.5717684030532837,0.2981848120689392
P0002,2025-05-01,0.1862149536609649,0.1198027804493904,-0.1959138363599777
P0002,2025-06-01,0.1677808910608291,0.114169992506504,-0.2145343720912933
P0002,2025-07-01,0.1528852730989456,0.1267789602279663,-0.1102378740906715
P0002,2025-08-01,0.1937912851572036,0.1611450463533401,-0.0653635337948799
P0002,2025-09-01,0.1925474405288696,0.1567751616239547,-0.0811185836791992
P0002,2025-10-01,0.0976458862423896,0.0725959539413452,-0.2301162779331207
P0002,2025-11-01,0.1047689616680145,0.0622851587831974,-0.2013218998908996
P0002,2025-12-01,0.1047689616680145,0.0622851587831974,-0.2013218998908996
P0003,2025-01-01,0.9750233292579652,0.7438737750053406,0.5272563099861145
P0003,2025-02-01,0.9750233292579652,0.7438737750053406,0.5272563099861145
P0003,2025-03-01,0.844809889793396,0.7079371809959412,0.479802131652832
P0003,2025-04-01,0.5307927429676056,0.4251355826854706,0.263037072494626
P0003,2025-05-01,0.2167755961418151,0.142333984375,0.04627201333642
P0003,2025-06-01,0.0085098333656787,0.0058261477388441,-0.1448043584823608
P0003,2025-07-01,0.0348640568554401,0.0294654443860054,-0.1546227484941482
P0003,2025-08-01,0.0146788991987705,0.0119148548692464,-0.1740579009056091
P0003,2025-09-01,-0.01108870934695,-0.008829060010612,-0.1906894445419311
P0003,2025-10-01,0.0513620898127555,0.0301505867391824,-0.3467912673950195
P0003,2025-11-01,0.1040746197104454,0.0380173586308956,-0.2867110669612884
P0003,2025-12-01,0.1040746197104454,0.0380173586308956,-0.2867110669612884
P0004,2025-01-01,0.2076346725225448,0.0970517620444297,-0.2294559478759765
P0004,2025-02-01,0.458134263753891,0.2927660048007965,0.0353508293628692
P0004,2025-03-01,0.6094327569007874,0.4612600803375244,0.2123444676399231
P0004,2025-04-01,0.6541638970375061,0.4810217916965484,0.2393777221441269
P0004,2025-05-01,0.3561121821403503,0.2148912400007248,-0.0107249254360795
P0004,2025-06-01,0.1486864238977432,0.1084622293710708,-0.1648604720830917
P0004,2025-07-01,0.1559713184833526,0.1135120019316673,-0.1443178802728653
P0004,2025-08-01,0.1475718170404434,0.1085835099220275,-0.1362934410572052
P0004,2025-09-01,0.1583139151334762,0.1092962101101875,-0.1648459434509277
P0004,2025-10-01,0.205746054649353,0.1055400595068931,-0.1967483013868332
P0004,2025-11-01,0.2547270655632019,0.1158752292394638,-0.160420149564743
P0004,2025-12-01,0.2547270655632019,0.1158752292394638,-0.160420149564743
P0005,2025-01-01,0.2079484462738037,0.1528115421533584,-0.1245523914694786
P0005,2025-02-01,0.761938214302063,0.5736289024353027,0.3054110407829284
P0005,2025-03-01,0.8025465607643127,0.6911168098449707,0.4037294685840606
P0005,2025-04-01,0.889266312122345,0.6755548119544983,0.4419288039207458
P0005,2025-05-01,0.1985754370689392,0.1403979957103729,-0.1796424835920334
P0005,2025-06-01,0.1086546704173088,0.089187741279602,-0.1649670898914337
P0005,2025-07-01,0.0914624109864234,0.0747492685914039,-0.1558524221181869
P0005,2025-08-01,0.0896971672773361,0.0730856880545616,-0.1513714492321014
P0005,2025-09-01,0.1034541130065918,0.0829824805259704,-0.1517636328935623
P0005,2025-10-01,0.1949537694454193,0.1691136509180069,-0.1072473973035812
P0005,2025-11-01,0.2646009922027588,0.1773759722709655,-0.0250902213156223
P0005,2025-12-01,0.2646009922027588,0.1773759722709655,-0.0250902213156223
P0006,2025-01-01,0.6460325121879578,0.4547289907932281,0.2112205475568771
P0006,2025-02-01,0.6460325121879578,0.4547289907932281,0.2112205475568771
P0006,2025-03-01,0.7294905185699463,0.5548075437545776,0.3594094812870025
P0006,2025-04-01,0.9001051783561707,0.7356985807418823,0.4899406433105469
P0006,2025-05-01,0.6935522556304932,0.4718252122402191,0.3325099647045135
P0006,2025-06-01,0.2740899324417114,0.1749217957258224,-0.0064935064874589
P0006,2025-07-01,0.1507240831851959,0.1029840633273124,-0.1679525971412658
P0006,2025-08-01,0.1478312760591507,0.0994778424501419,-0.1900884509086609
P0006,2025-09-01,0.1399227231740951,0.0923564285039901,-0.1980254650115966
P0006,2025-10-01,0.1676968485116958,0.0992208644747734,-0.2203481048345565
P0006,2025-11-01,0.2445537596940994,0.1535700559616089,-0.0784041658043861
P0006,2025-12-01,0.2445537596940994,0.1535700559616089,-0.0784041658043861
P0007,2025-01-01,0.2266534268856048,0.1888599842786789,-0.0752193480730056
P0007,2025-02-01,0.4230107963085174,0.355099469423294,0.066799484193325
P0007,2025-03-01,0.5751481056213379,0.5294809937477112,0.2010223418474197
P0007,2025-04-01,0.3731754720211029,0.3014542162418365,0.0138905523344874
P0007,2025-05-01,0.2173439264297485,0.1797394007444381,-0.1124858111143112
P0007,2025-06-01,0.205960065126419,0.1756736487150192,-0.1290288418531417
P0007,2025-07-01,0.1259228289127349,0.1052607074379921,-0.161340519785881
P0007,2025-08-01,0.1246228516101837,0.1068520247936248,-0.146285593509674
P0007,2025-09-01,0.1198877319693565,0.1025916710495948,-0.146828219294548
P0007,2025-10-01,0.1103456616401672,0.0953803732991218,-0.1479317396879196
P0007,2025-11-01,0.1899243593215942,0.1403792649507522,-0.101155012845993
P0007,2025-12-01,0.1899243593215942,0.1403792649507522,-0.101155012845993
P0008,2025-01-01,0.5907904505729675,0.4821825325489044,0.1874478161334991
P0008,2025-02-01,0.8492926955223083,0.7349110245704651,0.4072591662406921
P0008,2025-03-01,0.8075606822967529,0.7523453831672668,0.4573042690753937
P0008,2025-04-01,0.5325570106506348,0.3476682603359222,0.1262661516666412
P0008,2025-05-01,0.2130702435970306,0.1642661690711975,-0.1625843495130539
P0008,2025-06-01,0.1416161358356475,0.1155698224902153,-0.2157414704561233
P0008,2025-07-01,0.0932318121194839,0.0702841952443122,-0.2153266966342926
P0008,2025-08-01,0.1026153564453125,0.077720858156681,-0.2062597423791885
P0008,2025-09-01,0.1612244844436645,0.1150140315294265,-0.1877757608890533
P0008,2025-10-01,0.1639418751001358,0.1271723806858062,-0.1490703821182251
P0008,2025-11-01,0.1623430997133255,0.0839875340461731,-0.2334437072277069
P0008,2025-12-01,0.1623430997133255,0.0839875340461731,-0.2334437072277069
P0009,2025-01-01,0.2513775825500488,0.1603078991174698,-0.1308547407388687
P0009,2025-02-01,0.3995639085769653,0.2570036053657532,-0.0104066291823983
P0009,2025-03-01,0.5417239665985107,0.4109279215335846,0.1796176135540008
P0009,2025-04-01,0.6094716787338257,0.4552565217018127,0.2274047136306762
P0009,2025-05-01,0.3350043594837188,0.2557063996791839,-0.0022805016487836
P0009,2025-06-01,0.1661774665117263,0.1131924614310264,-0.1694806218147277
P0009,2025-07-01,0.0810632705688476,0.0526511035859584,-0.247898519039154
P0009,2025-08-01,0.0694820061326026,0.0464120954275131,-0.2319988012313842
P0009,2025-09-01,0.0685530230402946,0.0428505688905715,-0.2597609460353851
P0009,2025-10-01,0.1897735893726349,0.1182063072919845,-0.1897089332342147
P0009,2025-11-01,0.3181551098823547,0.1774479001760482,-0.0465363375842571
P0009,2025-12-01,0.3181551098823547,0.1774479001760482,-0.0465363375842571
P0010,2025-01-01,0.9200565218925476,0.6181907653808594,0.4324552118778229
P0010,2025-02-01,0.9200565218925476,0.6181907653808594,0.4324552118778229
P0010,2025-03-01,0.817905604839325,0.697481632232666,0.4824909269809723
P0010,2025-04-01,0.6039339751005173,0.476924791932106,0.2763111516833305
P0010,2025-05-01,0.3899623453617096,0.256367951631546,0.0701313763856887
P0010,2025-06-01,0.3641769886016845,0.2480476945638656,-0.0015668523265048
P0010,2025-07-01,0.2128924131393432,0.1757586449384689,-0.0720531642436981
P0010,2025-08-01,0.1758890300989151,0.1465561687946319,-0.0850746259093284
P0010,2025-09-01,0.1657202690839767,0.1370590925216674,-0.08706846088171
P0010,2025-10-01,0.3488852083683014,0.1608175933361053,-0.2225130945444107
P0010,2025-11-01,0.2468805760145187,0.0580664090812206,-0.411937803030014
P0010,2025-12-01,0.2468805760145187,0.0580664090812206,-0.411937803030014
P0011,2025-01-01,0.2873601019382477,0.1650970131158828,-0.2507662773132324
P0011,2025-02-01,0.8058890104293823,0.6267836093902588,0.3470180630683899
P0011,2025-03-01,0.5687949433922768,0.4357744318743546,0.1524238089720408
P0011,2025-04-01,0.3317008763551712,0.24476525435845048,-0.04217044512430829
P0011,2025-05-01,0.0946068093180656,0.0537560768425464,-0.2367646992206573
P0011,2025-06-01,0.0887989774346351,0.0605576522648334,-0.2040784507989883
P0011,2025-07-01,0.1192086562514305,0.0938973352313041,-0.1753052622079849
P0011,2025-08-01,0.1041775941848754,0.0809232890605926,-0.1879418939352035
P0011,2025-09-01,0.1030883938074112,0.0734156444668769,-0.2412833273410797
P0011,2025-10-01,0.1499003916978836,0.0584829412400722,-0.3762830793857574
P0011,2025-11-01,0.2095447033643722,0.0745394974946975,-0.3246554434299469
P0011,2025-12-01,0.2095447033643722,0.0745394974946975,-0.3246554434299469
P0012,2025-01-01,0.074554294347763,0.0275339186191558,-0.4382942616939544
P0012,2025-02-01,0.074554294347763,0.0275339186191558,-0.4382942616939544
P0012,2025-03-01,0.5453069806098938,0.3722716569900512,0.0724610462784767
P0012,2025-04-01,0.837803065776825,0.780431866645813,0.3975415527820587
P0012,2025-05-01,0.8853302597999573,0.916824221611023,0.5077637434005737
P0012,2025-06-01,0.2831562459468841,0.1940556168556213,0.0393688231706619
P0012,2025-07-01,0.2113852798938751,0.1461697667837143,-0.1063494309782981
P0012,2025-08-01,0.1794819980859756,0.122253768146038,-0.1420370936393737
P0012,2025-09-01,0.2390595972537994,0.1507854908704757,-0.1758786141872406
P0012,2025-10-01,0.3044155836105346,0.1129834577441215,-0.300362229347229
P0012,2025-11-01,0.2823275923728943,0.0790362805128097,-0.3002744019031524
P0012,2025-12-01,0.2823275923728943,0.0790362805128097,-0.3002744019031524
P0013,2025-01-01,0.3541235625743866,0.2045485526323318,-0.1257633566856384
P0013,2025-02-01,0.6713522672653198,0.4252591133117676,0.1840270906686782
P0013,2025-03-01,0.7539868354797363,0.5940892696380615,0.3787397742271423
P0013,2025-04-01,0.5703170746564865,0.41263752430677414,0.17306774109601974
P0013,2025-05-01,0.3866473138332367,0.2311857789754867,-0.0326042920351028
P0013,2025-06-01,0.1104437112808227,0.0807708650827407,-0.2205902338027954
P0013,2025-07-01,0.1094609424471855,0.0801751241087913,-0.1988613754510879
P0013,2025-08-01,0.0298206731677055,0.0208721160888671,-0.2670299708843231
P0013,2025-09-01,0.0412058122456073,0.0277859028428792,-0.2834328413009643
P0013,2025-10-01,0.2006287574768066,0.1221464350819587,-0.2236185520887375
P0013,2025-11-01,0.3653934597969055,0.1431972235441208,-0.1106115132570266
P0013,2025-12-01,0.3653934597969055,0.1431972235441208,-0.1106115132570266
P0014,2025-01-01,0.2298149317502975,0.2341289520263672,-0.058832686394453
P0014,2025-02-01,0.7374184131622314,0.617397129535675,0.3220637738704681
P0014,2025-03-01,0.7085435390472412,0.6464630961418152,0.4676394164562225
P0014,2025-04-01,0.8122263550758362,0.7650940418243408,0.5949310660362244
P0014,2025-05-01,0.2621976137161255,0.194412350654602,-0.0924233496189117
P0014,2025-06-01,0.1833393275737762,0.1447278708219528,-0.1132533401250839
P0014,2025-07-01,0.2114464491605758,0.1580206900835037,-0.0961142405867576
P0014,2025-08-01,0.2051330059766769,0.1538829058408737,-0.0990196093916893
P0014,2025-09-01,0.1432926803827285,0.0862845852971077,-0.2174160480499267
P0014,2025-10-01,0.2052220553159713,0.1331792026758194,-0.1927100419998169
P0014,2025-11-01,0.2726340889930725,0.134833738207817,-0.1111906468868255
P0014,2025-12-01,0.2726340889930725,0.134833738207817,-0.1111906468868255
P0015,2025-01-01,0.4467018544673919,0.3040261566638946,0.0419992394745349
P0015,2025-02-01,0.6667435169219971,0.4930081963539123,0.3187956213951111
P0015,2025-03-01,0.6979826092720032,0.5852404832839966,0.4018615186214447
P0015,2025-04-01,0.5640468299388885,0.4134370610117912,0.2192782964557409
P0015,2025-05-01,0.4301110506057739,0.2416336387395858,0.0366950742900371
P0015,2025-06-01,0.2336220294237136,0.1673347353935241,-0.0707594528794288
P0015,2025-07-01,0.3607843220233917,0.2951761782169342,0.0714189857244491
P0015,2025-08-01,0.3573077619075775,0.2864872515201568,0.0446965545415878
P0015,2025-09-01,0.3764279186725616,0.2945265769958496,0.0532815307378768
P0015,2025-10-01,0.2088963985443115,0.0736988484859466,-0.2807370126247406
P0015,2025-11-01,0.2541156709194183,0.1094903796911239,-0.1600226163864135
P0015,2025-12-01,0.2541156709194183,0.1094903796911239,-0.1600226163864135
P0016,2025-01-01,0.4088139832019806,0.2998569905757904,0.0214990433305501
P0016,2025-02-01,0.7933884263038635,0.6134291291236877,0.3478260934352875
P0016,2025-03-01,0.7689720392227173,0.6181768774986267,0.3614301979541778
P0016,2025-04-01,0.7722563147544861,0.6254281401634216,0.3113753795623779
P0016,2025-05-01,0.3279126286506653,0.2120013833045959,-0.0946549698710441
P0016,2025-06-01,0.1116295158863067,0.085411325097084,-0.2109652906656265
P0016,2025-07-01,0.1549358814954757,0.123867429792881,-0.1443879753351211
P0016,2025-08-01,0.1431584805250167,0.1188974529504776,-0.1209040805697441
P0016,2025-09-01,0.1488130539655685,0.1225621998310089,-0.1348603367805481
P0016,2025-10-01,0.3065184354782104,0.2150044292211532,-0.1448344737291336
P0016,2025-11-01,0.2697653174400329,0.1708957552909851,-0.1011290326714515
P0016,2025-12-01,0.2697653174400329,0.1708957552909851,-0.1011290326714515
P0017,2025-01-01,0.139384925365448,0.126390591263771,-0.1373309940099716
P0017,2025-02-01,0.5487170219421387,0.4713455140590668,0.1626186519861221
P0017,2025-03-01,0.7230371236801147,0.6614466309547424,0.356473296880722
P0017,2025-04-01,0.8298673033714294,0.6936856508255005,0.4094584286212921
P0017,2025-05-01,0.160075843334198,0.0955012589693069,-0.2245156615972519
P0017,2025-06-01,0.088357925415039,0.0725572854280471,-0.2064772546291351
P0017,2025-07-01,0.0954640582203865,0.0844590440392494,-0.1650000065565109
P0017,2025-08-01,0.0976256653666496,0.0930787026882171,-0.1369414031505584
P0017,2025-09-01,0.097590684890747,0.0914069861173629,-0.1575940102338791
P0017,2025-10-01,0.0766182318329811,0.0618129782378673,-0.2584167420864105
P0017,2025-11-01,0.1624472588300705,0.1064189225435257,-0.108414240181446
P0017,2025-12-01,0.1624472588300705,0.1064189225435257,-0.108414240181446
P0018,2025-01-01,0.3466666638851166,0.2143879532814026,-0.0840177983045578
P0018,2025-02-01,0.4494929015636444,0.1949125677347183,-0.1468481421470642
P0018,2025-03-01,0.5747451782226562,0.4613077342510223,0.2051133960485458
P0018,2025-04-01,0.4000903069972992,0.2599689066410064,-0.0127368252724409
P0018,2025-05-01,0.1673852354288101,0.1008280143141746,-0.2537289261817932
P0018,2025-06-01,0.1393367052078247,0.0870954766869545,-0.2620823383331299
P0018,2025-07-01,0.1218458712100982,0.0727746710181236,-0.2489727586507797
P0018,2025-08-01,0.1613550186157226,0.0981242582201957,-0.2090163975954055
P0018,2025-09-01,0.1560789942741394,0.0909746512770652,-0.2312925159931183
P0018,2025-10-01,0.1465216428041458,0.0914001911878585,-0.2324495166540146
P0018,2025-11-01,0.1887332946062088,0.0885418206453323,-0.248037040233612
P0018,2025-12-01,0.1887332946062088,0.0885418206453323,-0.248037040233612
P0019,2025-01-01,0.2509989738464355,0.2254299968481063,-0.0577416121959686
P0019,2025-02-01,0.6052950620651245,0.5371456742286682,0.2652755081653595
P0019,2025-03-01,0.7349525094032288,0.7047387361526489,0.5441729426383972
P0019,2025-04-01,0.8278248310089111,0.8541739583015442,0.6883235573768616
P0019,2025-05-01,0.3386789858341217,0.1983065903186798,-0.0163770727813243
P0019,2025-06-01,0.2587253451347351,0.2221035361289978,-0.0115586277097463
P0019,2025-07-01,0.1756051331758499,0.1415094286203384,-0.0975224673748016
P0019,2025-08-01,0.1504629701375961,0.1234864965081214,-0.0977853089570999
P0019,2025-09-01,0.1736052632331848,0.1359592378139495,-0.1120887547731399
P0019,2025-10-01,0.1861559152603149,0.1248835325241088,-0.2062659263610839
P0019,2025-11-01,0.217086836695671,0.1192381083965301,-0.1229309663176536
P0019,2025-12-01,0.217086836695671,0.1192381083965301,-0.1229309663176536
P0020,2025-01-01,0.4341526627540588,0.2768702805042267,-0.0471033193171024
P0020,2025-02-01,0.8712823987007141,0.6385575532913208,0.3873699009418487
P0020,2025-03-01,0.884742796421051,0.809302031993866,0.486795037984848
P0020,2025-04-01,0.6973016262054443,0.4437417089939117,0.2055028527975082
P0020,2025-05-01,0.1533690392971038,0.0909942463040351,-0.2500458359718323
P0020,2025-06-01,-0.0378343127667903,-0.0256176199764013,-0.3858431577682495
P0020,2025-07-01,0.1307349950075149,0.10502440482378,-0.1612793058156967
P0020,2025-08-01,0.1525243371725082,0.1224963366985321,-0.1341254413127899
P0020,2025-09-01,0.1584655195474624,0.1245261877775192,-0.1467572748661041
P0020,2025-10-01,0.2836095690727234,0.1976498812437057,-0.1379689425230026
P0020,2025-11-01,0.1414545476436615,0.0643656104803085,-0.2195425182580948
P0020,2025-12-01,0.1414545476436615,0.0643656104803085,-0.2195425182580948
P0021,2025-01-01,0.2119677364826202,0.1545616239309311,-0.0898718163371086
P0021,2025-02-01,0.4735276699066162,0.3490819931030273,0.1082774028182029
P0021,2025-03-01,0.7067592740058899,0.6405847072601318,0.3642518520355224
P0021,2025-04-01,0.5881820321083069,0.4175237715244293,0.1760268211364746
P0021,2025-05-01,0.2129845023155212,0.1576621830463409,-0.1435413211584091
P0021,2025-06-01,0.1911842823028564,0.1485107690095901,-0.1626431047916412
P0021,2025-07-01,0.1031187996268272,0.0741374418139457,-0.1728845685720443
P0021,2025-08-01,0.1133478432893753,0.0810404270887374,-0.1540581434965133
P0021,2025-09-01,0.1071010529994964,0.0720188915729522,-0.1697147041559219
P0021,2025-10-01,0.0757302045822143,0.0593972876667976,-0.178168848156929
P0021,2025-11-01,0.1632835865020752,0.0817687138915062,-0.1733135282993316
P0021,2025-12-01,0.1632835865020752,0.0817687138915062,-0.1733135282993316
P0022,2025-01-01,0.2613047361373901,0.2213608622550964,-0.0600692592561244
P0022,2025-02-01,0.6212942600250244,0.5432789325714111,0.2401825189590454
P0022,2025-03-01,0.7215028405189514,0.632777750492096,0.377956211566925
P0022,2025-04-01,0.7741259932518005,0.6177335381507874,0.4022170603275299
P0022,2025-05-01,0.1860171556472778,0.1202990338206291,-0.1868835389614105
P0022,2025-06-01,0.076677992939949,0.0543363727629184,-0.2465814501047134
P0022,2025-07-01,0.1188556030392646,0.0882545858621597,-0.1875348538160324
P0022,2025-08-01,0.1081722006201744,0.0825169757008552,-0.1809356808662414
P0022,2025-09-01,0.113689549267292,0.0836345925927162,-0.1894692033529281
P0022,2025-10-01,0.1038432195782661,0.0672801062464714,-0.2550669908523559
P0022,2025-11-01,0.1555491685867309,0.0920725688338279,-0.1889000982046127
P0022,2025-12-01,0.1555491685867309,0.0920725688338279,-0.1889000982046127
P0023,2025-01-01,0.4108077883720398,0.3194800019264221,0.0122082103043794
P0023,2025-02-01,0.6673679947853088,0.5079426169395447,0.2203572541475296
P0023,2025-03-01,0.6458712220191956,0.5490275025367737,0.2479657977819442
P0023,2025-04-01,0.3901450634002685,0.2689389586448669,-0.0273134335875511
P0023,2025-05-01,0.2072308659553527,0.1505060940980911,-0.1652234643697738
P0023,2025-06-01,0.2618827223777771,0.2235659956932068,-0.0930567905306816
P0023,2025-07-01,0.1580961197614669,0.1266055554151535,-0.1555629968643188
P0023,2025-08-01,0.1448137909173965,0.1158039793372154,-0.1796426922082901
P0023,2025-09-01,0.1403917968273162,0.1124197021126747,-0.1744513213634491
P0023,2025-10-01,0.238535076379776,0.1829480528831482,-0.1240114644169807
P0023,2025-11-01,0.1737804859876632,0.1036189720034599,-0.2168674767017364
P0023,2025-12-01,0.1737804859876632,0.1036189720034599,-0.2168674767017364
P0024,2025-01-01,0.4782867431640625,0.3952284157276153,0.0272840019315481
P0024,2025-02-01,0.8670353293418884,0.6387727856636047,0.3988470435142517
P0024,2025-03-01,0.8868116140365601,0.7260023355484009,0.6207016706466675
P0024,2025-04-01,0.6230236440896988,0.4748775139451027,0.3328777700662613
P0024,2025-05-01,0.3592356741428375,0.2237526923418045,0.0450538694858551
P0024,2025-06-01,0.1695309728384018,0.1248187720775604,-0.0695057660341262
P0024,2025-07-01,0.1246526390314102,0.1049301549792289,-0.1116337403655052
P0024,2025-08-01,0.0482704415917396,0.0382621251046657,-0.2053635269403457
P0024,2025-09-01,0.0431452244520187,0.0340471714735031,-0.2025573551654815
P0024,2025-10-01,0.2627760171890259,0.1417727619409561,-0.19747394323349
P0024,2025-11-01,0.2730815410614013,0.1487104147672653,-0.1186968237161636
P0024,2025-12-01,0.2730815410614013,0.1487104147672653,-0.1186968237161636
P0025,2025-01-01,0.3220378160476684,0.2384854406118393,-0.0484486483037471
P0025,2025-02-01,0.4517707228660583,0.3280102908611297,0.0426706820726394
P0025,2025-03-01,0.5695533752441406,0.5099985003471375,0.2490842491388321
P0025,2025-04-01,0.5261532664299011,0.449425995349884,0.1987161189317703
P0025,2025-05-01,0.0688183531165123,0.0440032742917537,-0.2863757908344269
P0025,2025-06-01,0.1352929323911667,0.1015044376254081,-0.1838182061910629
P0025,2025-07-01,0.1334364712238311,0.0987972542643547,-0.1764788478612899
P0025,2025-08-01,0.1411609500646591,0.1055078208446502,-0.160659834742546
P0025,2025-09-01,0.1434864699840545,0.1005527451634407,-0.1960176974534988
P0025,2025-10-01,-0.0299251861870288,-0.0175689738243818,-0.3776000142097473
P0025,2025-11-01,-0.0054666143842041,-0.0024578652810305,-0.3574672043323517
P0025,2025-12-01,-0.0054666143842041,-0.0024578652810305,-0.3574672043323517
P0026,2025-01-01,0.4364244639873504,0.4058378934860229,0.1385450810194015
P0026,2025-02-01,0.651822566986084,0.5523264408111572,0.3553853034973144
P0026,2025-03-01,0.5933724045753479,0.4977424144744873,0.2937416434288025
P0026,2025-04-01,0.6005253791809082,0.4731580018997192,0.2867121398448944
P0026,2025-05-01,0.1118037104606628,0.1148563921451568,-0.118506833910942
P0026,2025-06-01,0.0712727308273315,0.0664262697100639,-0.1537400931119918
P0026,2025-07-01,0.0311055071651935,0.0286325998604297,-0.1710037142038345
P0026,2025-08-01,0.0232719220221042,0.0215572547167539,-0.1936469823122024
P0026,2025-09-01,0.0167247392237186,0.0155751109123229,-0.1970280706882476
P0026,2025-10-01,-0.0318158753216266,-0.0260886456817388,-0.2493111193180084
P0026,2025-11-01,0.0358119197189807,0.0199640337377786,-0.2049937099218368
P0026,2025-12-01,0.0358119197189807,0.0199640337377786,-0.2049937099218368
P0027,2025-01-01,0.5266314744949341,0.378657191991806,0.103920891880989
P0027,2025-02-01,0.798502504825592,0.7489543557167053,0.4216756522655487
P0027,2025-03-01,0.7487179636955261,0.7072317004203796,0.3929371535778045
P0027,2025-04-01,0.4768211841583252,0.3149504363536834,0.0487719923257827
P0027,2025-05-01,0.1141470894217491,0.0717611163854599,-0.2685666382312774
P0027,2025-06-01,0.127868115901947,0.0879127606749534,-0.2441027164459228
P0027,2025-07-01,0.1789456456899643,0.1412728726863861,-0.1457888484001159
P0027,2025-08-01,0.1463948786258697,0.113713689148426,-0.1774446964263916
P0027,2025-09-01,0.1415694653987884,0.1079543903470039,-0.1857034862041473
P0027,2025-10-01,-0.0134986229240894,-0.0076352530159056,-0.4097577035427093
P0027,2025-11-01,0.0170257128775119,0.0079034809023141,-0.3989733159542084
P0027,2025-12-01,0.0170257128775119,0.0079034809023141,-0.3989733159542084
P0028,2025-01-01,0.7185168266296387,0.5512767434120178,0.2335280776023864
P0028,2025-02-01,0.8593155741691589,0.6585533022880554,0.3674946427345276
P0028,2025-03-01,0.8192235231399536,0.7625688314437866,0.4384043216705322
P0028,2025-04-01,0.6786951422691345,0.4094962775707245,0.1737989485263824
P0028,2025-05-01,0.2655038833618164,0.1592124104499817,-0.1683042198419571
P0028,2025-06-01,0.1923208236694336,0.1533416807651519,-0.182328850030899
P0028,2025-07-01,0.1572377979755401,0.1228283420205116,-0.160512700676918
P0028,2025-08-01,0.1589177399873733,0.1254603415727615,-0.1497832536697387
P0028,2025-09-01,0.1677625775337219,0.1248611211776733,-0.1840308010578155
P0028,2025-10-01,0.2504444122314453,0.1702973544597625,-0.1911332607269287
P0028,2025-11-01,0.2739779949188232,0.1145778521895408,-0.2935919761657715
P0028,2025-12-01,0.2739779949188232,0.1145778521895408,-0.2935919761657715
P0029,2025-01-01,0.2740937173366546,0.1576591879129409,-0.180007591843605
P0029,2025-02-01,0.7202422618865967,0.5308336615562439,0.254672110080719
P0029,2025-03-01,0.8691003322601318,0.8592051267623901,0.4655089676380157
P0029,2025-04-01,0.8153963088989258,0.5630158185958862,0.3226937353610992
P0029,2025-05-01,0.1724606156349182,0.1040915325284004,-0.2511708438396454
P0029,2025-06-01,0.1711553931236267,0.1558935344219207,-0.1283824443817138
P0029,2025-07-01,0.163578376173973,0.1360157579183578,-0.1243570670485496
P0029,2025-08-01,0.1556126326322555,0.1294425129890442,-0.1180675625801086
P0029,2025-09-01,0.144961804151535,0.10874904692173,-0.173776090145111
P0029,2025-10-01,0.1459667086601257,0.1124197021126747,-0.2132362127304077
P0029,2025-11-01,0.1358873546123504,0.0680528655648231,-0.2582852244377136
P0029,2025-12-01,0.1358873546123504,0.0680528655648231,-0.2582852244377136
P0030,2025-01-01,0.2610579133033752,0.1969384253025055,-0.0293085295706987
P0030,2025-02-01,0.5852586627006531,0.6539735198020935,0.3562144041061401
P0030,2025-03-01,0.4747430384159088,0.4804148972034454,0.2477326393127441
P0030,2025-04-01,0.4380128383636474,0.4486689567565918,0.2123003453016281
P0030,2025-05-01,-0.0176482666283845,-0.0145250642672181,-0.2703856229782104
P0030,2025-06-01,0.0085519924759864,0.0070001273415982,-0.245565578341484
P0030,2025-07-01,0.0557560436427593,0.0465193316340446,-0.1832775026559829
P0030,2025-08-01,0.1057067587971687,0.0890716984868049,-0.1301284730434417
P0030,2025-09-01,0.0804486572742462,0.0642471015453338,-0.1653719693422317
P0030,2025-10-01,0.0328605212271213,0.0231836680322885,-0.2487964183092117
P0030,2025-11-01,0.1476475149393081,0.0960692763328552,-0.1198165863752365
P0030,2025-12-01,0.1476475149393081,0.0960692763328552,-0.1198165863752365
P0031,2025-01-01,0.1811451166868209,0.1451587378978729,-0.1304505765438079
P0031,2025-02-01,0.4935660064220428,0.408651739358902,0.1131108775734901
P0031,2025-03-01,0.688599705696106,0.5880419611930847,0.2739214599132538
P0031,2025-04-01,0.5258886367082596,0.43427738547325134,0.1299975067377091
P0031,2025-05-01,0.3631775677204132,0.2805128097534179,-0.0139264464378356
P0031,2025-06-01,0.1692143082618713,0.1418248862028122,-0.1495441347360611
P0031,2025-07-01,0.1452432870864868,0.1206621974706649,-0.1485800743103027
P0031,2025-08-01,0.1633790731430053,0.1374128460884094,-0.1226689666509628
P0031,2025-09-01,0.1692895293235778,0.1394833624362945,-0.1375929713249206
P0031,2025-10-01,0.1337966918945312,0.1003440394997596,-0.1905470788478851
P0031,2025-11-01,0.1365187764167785,0.0882085859775543,-0.1746610254049301
P0031,2025-12-01,0.1365187764167785,0.0882085859775543,-0.1746610254049301
P0032,2025-01-01,0.4471894800662994,0.3228392899036407,0.0091670621186494
P0032,2025-02-01,0.6632217764854431,0.4847290515899658,0.2008110284805297
P0032,2025-03-01,0.632696807384491,0.5199859142303467,0.2747603952884674
P0032,2025-04-01,0.3891424536705017,0.251443475484848,-0.0241309478878974
P0032,2025-05-01,0.1915327161550521,0.1318290829658508,-0.2086904197931289
P0032,2025-06-01,0.1864077597856521,0.1334651559591293,-0.2211048156023025
P0032,2025-07-01,0.1571954488754272,0.1269324272871017,-0.1557865291833877
P0032,2025-08-01,0.1647621989250183,0.1351145952939987,-0.1339839249849319
P0032,2025-09-01,0.1679352968931198,0.1355259716510772,-0.1350557804107666
P0032,2025-10-01,0.1560889184474945,0.1294623762369156,-0.1880303174257278
P0032,2025-11-01,0.1618580520153045,0.0890334844589233,-0.2083742916584015
P0032,2025-12-01,0.1618580520153045,0.0890334844589233,-0.2083742916584015
P0033,2025-01-01,0.0743842348456382,0.0274615362286567,-0.4179343581199646
P0033,2025-02-01,0.161934345960617,0.0651646107435226,-0.3389702141284942
P0033,2025-03-01,0.2667214870452881,0.164141833782196,-0.0862171277403831
P0033,2025-04-01,0.3697310984134674,0.3144702613353729,0.0524919740855693
P0033,2025-05-01,0.6978490352630615,0.5797565579414368,0.2725475430488586
P0033,2025-06-01,0.7251923084259033,0.6289612650871277,0.3702459037303924
P0033,2025-07-01,0.2308826595544815,0.1604591310024261,-0.1595224440097808
P0033,2025-08-01,0.2504095137119293,0.1786914467811584,-0.0984647199511528
P0033,2025-09-01,0.329708456993103,0.2151463031768798,-0.0569412522017955
P0033,2025-10-01,0.1584302335977554,0.0834660604596138,-0.2743991315364837
P0033,2025-11-01,0.2554668486118316,0.1164925619959831,-0.1080147996544838
P0033,2025-12-01,0.2554668486118316,0.1164925619959831,-0.1080147996544838
P0034,2025-01-01,0.2666392624378204,0.1151689365506172,-0.2551340758800506
P0034,2025-02-01,0.8484216928482056,0.5358486175537109,0.3178344070911407
P0034,2025-03-01,0.81146639585495,0.6377153396606445,0.4609639048576355
P0034,2025-04-01,0.925999104976654,0.7293071746826172,0.5598434805870056
P0034,2025-05-01,0.1887406408786773,0.0999862104654312,-0.200481504201889
P0034,2025-06-01,0.1938981413841247,0.1220441162586212,-0.1442255526781082
P0034,2025-07-01,0.1114540994167327,0.0881340280175209,-0.1498695164918899
P0034,2025-08-01,0.1132997423410415,0.0919545963406562,-0.1210367679595947
P0034,2025-09-01,0.1178222745656967,0.0926866084337234,-0.1478491276502609
P0034,2025-10-01,0.1627417951822281,0.066099613904953,-0.3461811244487762
P0034,2025-11-01,0.1823114454746246,0.0606739148497581,-0.3084734976291656
P0034,2025-12-01,0.1823114454746246,0.0606739148497581,-0.3084734976291656
P0035,2025-01-01,0.7309406995773315,0.5706578493118286,0.286874383687973
P0035,2025-02-01,0.9343761205673218,0.8537306785583496,0.5367804765701294
P0035,2025-03-01,0.8351938128471375,0.8355047106742859,0.4863134026527405
P0035,2025-04-01,0.5300177335739136,0.2626945674419403,0.0328537188470363
P0035,2025-05-01,0.1283460408449173,0.1035765409469604,-0.2087270021438598
P0035,2025-06-01,0.1272871941328048,0.1088790893554687,-0.2047367841005325
P0035,2025-07-01,0.1621621549129486,0.1253755837678909,-0.172140434384346
P0035,2025-08-01,0.1628183424472808,0.1294266879558563,-0.1537130922079086
P0035,2025-09-01,0.1642233878374099,0.1303035318851471,-0.1511642634868621
P0035,2025-10-01,0.1529778987169265,0.0933853313326835,-0.2108809947967529
P0035,2025-11-01,0.1903262734413147,0.1016943976283073,-0.1961731761693954
P0035,2025-12-01,0.1903262734413147,0.1016943976283073,-0.1961731761693954
P0036,2025-01-01,0.2175607532262802,0.149063840508461,-0.1605816334486007
P0036,2025-02-01,0.3560074865818023,0.2448238134384155,-0.0524338446557521
P0036,2025-03-01,0.4008746445178985,0.3030827939510345,0.0322234146296978
P0036,2025-04-01,0.3712188601493835,0.2648365497589111,-0.0252964422106742
P0036,2025-05-01,-0.0008611410157755,-0.0006009073695167,-0.3312680125236511
P0036,2025-06-01,0.1460307538509369,0.1249601170420646,-0.1612279713153839
P0036,2025-07-01,0.1158527210354805,0.0968448147177696,-0.1665132343769073
P0036,2025-08-01,0.0968879386782646,0.0811734199523925,-0.1745500713586807
P0036,2025-09-01,0.0763762593269348,0.0613855607807636,-0.2148800194263458
P0036,2025-10-01,0.1123158782720565,0.0782742574810981,-0.2193826287984848
P0036,2025-11-01,0.0625462606549263,0.0277440324425697,-0.2937269508838653
P0036,2025-12-01,0.0625462606549263,0.0277440324425697,-0.2937269508838653
P0037,2025-01-01,0.3574051260948181,0.1529863774776458,-0.1661654114723205
P0037,2025-02-01,0.8520747423171997,0.5326310992240906,0.3331053256988525
P0037,2025-03-01,0.8093779683113098,0.6187851428985596,0.3903675675392151
P0037,2025-04-01,0.5344079732894897,0.3852079585194587,0.134751845151186
P0037,2025-05-01,0.2594379782676697,0.1516307741403579,-0.1208638772368431
P0037,2025-06-01,0.1189170032739639,0.0909829437732696,-0.192774161696434
P0037,2025-07-01,0.0794774964451789,0.0612849220633506,-0.1902007013559341
P0037,2025-08-01,0.1294770240783691,0.0994207561016082,-0.1488116532564163
P0037,2025-09-01,0.1207937896251678,0.0880879908800125,-0.1874139904975891
P0037,2025-10-01,0.0938582643866539,0.0463914312422275,-0.3365806937217712
P0037,2025-11-01,0.2313400208950042,0.0906292721629142,-0.2001701146364212
P0037,2025-12-01,0.2313400208950042,0.0906292721629142,-0.2001701146364212
P0038,2025-01-01,0.3732123076915741,0.2330013662576675,-0.091521106660366
P0038,2025-02-01,0.6920537352561951,0.5172924399375916,0.2305106520652771
P0038,2025-03-01,0.7521079182624817,0.650947093963623,0.3886248767375946
P0038,2025-04-01,0.8783307075500488,0.7488890886306763,0.4949321746826172
P0038,2025-05-01,0.3669305741786957,0.2018695920705795,-0.0757669359445571
P0038,2025-06-01,0.3181146085262298,0.2446478903293609,-0.0534908398985862
P0038,2025-07-01,0.2709336578845978,0.2155907750129699,-0.0566190034151077
P0038,2025-08-01,0.1866489052772522,0.1493014395236969,-0.0826181471347808
P0038,2025-09-01,0.1987643390893936,0.1500013321638107,-0.1304737478494644
P0038,2025-10-01,0.1980874389410019,0.117245614528656,-0.2298911064863205
P0038,2025-11-01,0.3349312841892242,0.1732174158096313,-0.0736305192112922
P0038,2025-12-01,0.3349312841892242,0.1732174158096313,-0.0736305192112922
P0039,2025-01-01,0.3336084485054016,0.289965271949768,0.0276011191308498
P0039,2025-02-01,0.5570627450942993,0.4765441119670868,0.2045613527297973
P0039,2025-03-01,0.5430040955543518,0.4754510819911957,0.2101529836654663
P0039,2025-04-01,0.5383943915367126,0.4718135297298431,0.1916993409395218
P0039,2025-05-01,0.3942887485027313,0.3383664786815643,0.052906509488821
P0039,2025-06-01,0.3190667629241943,0.2868294715881347,0.0107743311673402
P0039,2025-07-01,0.2970981895923614,0.2625215947628021,0.0105423452332615
P0039,2025-08-01,0.3103701472282409,0.2821170091629028,0.0340790525078773
P0039,2025-09-01,0.3121165633201599,0.2787823975086212,0.0206394661217927
P0039,2025-10-01,0.3077505230903625,0.2830687761306762,0.035106636583805
P0039,2025-11-01,0.3800975084304809,0.2588132321834564,0.0476110354065895
P0039,2025-12-01,0.3800975084304809,0.2588132321834564,0.0476110354065895
P0040,2025-01-01,0.5159313678741455,0.3729888796806335,0.0050373738631606
P0040,2025-02-01,0.8435171246528625,0.6954049468040466,0.4465419352054596
P0040,2025-03-01,0.7735191583633423,0.6913847327232361,0.5066209435462952
P0040,2025-04-01,0.5757824033498764,0.4654674455523491,0.2523816216853447
P0040,2025-05-01,0.3780456483364105,0.2395501583814621,-0.0018577001756057
P0040,2025-06-01,0.1572233289480209,0.1270245015621185,-0.1160465702414512
P0040,2025-07-01,0.1859484016895294,0.1458609104156494,-0.0891076773405075
P0040,2025-08-01,0.1778545528650283,0.1398845762014389,-0.0981355533003807
P0040,2025-09-01,0.1784956753253936,0.1392707973718643,-0.0929298028349876
P0040,2025-10-01,0.3375089466571808,0.1695982217788696,-0.1743261218070984
P0040,2025-11-01,0.374825656414032,0.189100757241249,-0.0908462107181549
P0040,2025-12-01,0.374825656414032,0.189100757241249,-0.0908462107181549
P0041,2025-01-01,0.5782291293144226,0.3619388043880462,0.0358258709311485
P0041,2025-02-01,0.85975182056427,0.6732673048973083,0.4827328622341156
P0041,2025-03-01,0.6223764419555664,0.5403156280517578,0.4910388886928558
P0041,2025-04-01,0.8280632495880127,0.7763180136680603,0.664485514163971
P0041,2025-05-01,0.2964052855968475,0.2266370952129364,-0.0871817618608474
P0041,2025-06-01,0.1247079968452453,0.1028818786144256,-0.1622272729873657
P0041,2025-07-01,0.1834845095872879,0.1405535340309143,-0.1130151525139808
P0041,2025-08-01,0.0977221354842186,0.0767026096582412,-0.1468918919563293
P0041,2025-09-01,0.0686948001384735,0.0501389577984809,-0.1879194676876068
P0041,2025-10-01,0.1706161201000213,0.0651754140853881,-0.3774853050708771
P0041,2025-11-01,0.3454094231128692,0.1404188424348831,-0.2005308121442794
P0041,2025-12-01,0.3454094231128692,0.1404188424348831,-0.2005308121442794
P0045,2025-01-01,0.2277397215366363,0.1044185534119606,-0.2305215746164322
P0045,2025-02-01,0.8546125292778015,0.6183034777641296,0.3677431046962738
P0045,2025-03-01,0.828576385974884,0.7679974436759949,0.4558600783348083
P0045,2025-04-01,0.8629535436630249,0.6511579155921936,0.4132187962532043
P0045,2025-05-01,0.2572041749954223,0.1400106847286224,-0.177001804113388
P0045,2025-06-01,0.2449199855327606,0.1875258088111877,-0.1127771362662315
P0045,2025-07-01,0.1382127106189727,0.1021986007690429,-0.1627208292484283
P0045,2025-08-01,0.1419854909181594,0.1023635119199752,-0.1484259665012359
P0045,2025-09-01,0.1526104360818863,0.100640669465065,-0.1892655342817306
P0045,2025-10-01,0.1542023569345474,0.0899003818631172,-0.2512766718864441
P0045,2025-11-01,0.2387895435094833,0.1273548901081085,-0.1269872039556503
P0045,2025-12-01,0.2387895435094833,0.1273548901081085,-0.1269872039556503
P0050,2025-01-01,0.087420754134655,0.0456971414387226,-0.3338102996349334
P0050,2025-02-01,0.1994935274124145,0.1205741316080093,-0.2271573543548584
P0050,2025-03-01,0.5417455434799194,0.4325340986251831,0.1395927220582962
P0050,2025-04-01,0.7249289751052856,0.5821665525436401,0.272361010313034
P0050,2025-05-01,0.3189265429973602,0.1954436898231506,-0.1431455314159393
P0050,2025-06-01,0.1093046516180038,0.0684223696589469,-0.2735462784767151
P0050,2025-07-01,0.0632044225931167,0.0415903218090534,-0.2747965157032013
P0050,2025-08-01,0.111712135374546,0.0720417350530624,-0.2593230903148651
P0050,2025-09-01,0.1150373965501785,0.0694877207279205,-0.3029667735099792
P0050,2025-10-01,0.1232655718922615,0.0656447634100914,-0.319718599319458
P0050,2025-11-01,0.1771685779094696,0.0773877575993537,-0.2476464360952377
P0050,2025-12-01,0.1771685779094696,0.0773877575993537,-0.2476464360952377
P0055,2025-01-01,0.7187255024909973,0.4899238049983978,0.2452223300933838
P0055,2025-02-01,0.7187255024909973,0.4899238049983978,0.2452223300933838
P0055,2025-03-01,0.7718576192855835,0.6323950886726379,0.3941405117511749
P0055,2025-04-01,0.6152951121330261,0.4491819888353348,0.22492260485887527
P0055,2025-05-01,0.4587326049804687,0.2659688889980316,0.0557046979665756
P0055,2025-06-01,0.223483994603157,0.151599183678627,-0.0759862810373306
P0055,2025-07-01,0.2094657868146896,0.1668242365121841,-0.0694628059864044
P0055,2025-08-01,0.2118447721004486,0.1755459606647491,-0.0391504019498825
P0055,2025-09-01,0.2224340140819549,0.1817071139812469,-0.0351811125874519
P0055,2025-10-01,0.1501877307891845,0.0653784722089767,-0.3165592551231384
P0055,2025-11-01,0.2204953879117965,0.0828134715557098,-0.2146874964237213
P0055,2025-12-01,0.2204953879117965,0.0828134715557098,-0.2146874964237213
P0061,2025-01-01,0.8729859590530396,0.7368161082267761,0.4568684995174408
P0061,2025-02-01,0.8729859590530396,0.7368161082267761,0.4568684995174408
P0061,2025-03-01,0.7726610898971558,0.7115081548690796,0.4317847788333893
P0061,2025-04-01,0.6259229779243469,0.5073027163743973,0.2212633858434856
P0061,2025-05-01,0.4791848659515381,0.3030972778797149,0.0107419928535819
P0061,2025-06-01,0.2478936463594436,0.1899024695158004,-0.0636414736509323
P0061,2025-07-01,0.2279014885425567,0.1746200025081634,-0.0811663717031478
P0061,2025-08-01,0.1856277585029602,0.1459046304225921,-0.1109610870480537
P0061,2025-09-01,0.194248229265213,0.1493598818778991,-0.1092574000358581
P0061,2025-10-01,0.1283724904060363,0.056548073887825,-0.3628992736339569
P0061,2025-11-01,0.2498770356178283,0.0972472131252288,-0.2446492314338684
P0061,2025-12-01,0.2498770356178283,0.0972472131252288,-0.2446492314338684
P0066,2025-01-01,0.5296671390533447,0.2314600050449371,-0.1685894131660461
P0066,2025-02-01,0.8880914449691772,0.6208421587944031,0.4194644391536712
P0066,2025-03-01,0.8315379619598389,0.6444278955459595,0.4735386371612549
P0066,2025-04-01,0.5120575875043869,0.3799589350819587,0.18514949083328247
P0066,2025-05-01,0.1925772130489349,0.115489974617958,-0.1032396554946899
P0066,2025-06-01,0.2161365002393722,0.1513185054063797,-0.0849579945206642
P0066,2025-07-01,0.1530718058347702,0.1262731105089187,-0.1102353185415268
P0066,2025-08-01,0.1546530723571777,0.1283135265111923,-0.0951262488961219
P0066,2025-09-01,0.1580898761749267,0.1325244307518005,-0.0898601412773132
P0066,2025-10-01,0.4024114608764648,0.1127914860844612,-0.3520194888114929
P0066,2025-11-01,0.4480421543121338,0.1236286535859108,-0.3327550292015075
P0066,2025-12-01,0.4480421543121338,0.1236286535859108,-0.3327550292015075
P0071,2025-01-01,0.4998389780521393,0.2593756318092346,0.071313552558422
P0071,2025-02-01,0.6117486357688904,0.3753184974193573,0.210547924041748
P0071,2025-03-01,0.5705188512802124,0.3969738781452179,0.2229568362236023
P0071,2025-04-01,0.4795967787504196,0.3218691274523735,0.11234752985183145
P0071,2025-05-01,0.3886747062206268,0.2467643767595291,0.0017382234800606
P0071,2025-06-01,0.2758466005325317,0.1815980672836303,-0.0690558031201362
P0071,2025-07-01,0.2666960656642914,0.1663367450237274,-0.0815087109804153
P0071,2025-08-01,0.2606417834758758,0.1644854694604873,-0.0755562633275985
P0071,2025-09-01,0.2737017571926117,0.1620181053876876,-0.0844178050756454
P0071,2025-10-01,0.2830451726913452,0.1523337811231613,-0.0803517922759056
P0071,2025-11-01,0.3651012778282165,0.1394065171480178,-0.0036962365265935
P0071,2025-12-01,0.3651012778282165,0.1394065171480178,-0.0036962365265935
P0077,2025-01-01,0.3265306055545807,0.2613321840763092,-0.0704167783260345
P0077,2025-02-01,0.7632550597190857,0.718346357345581,0.376785010099411
P0077,2025-03-01,0.7368656992912292,0.7347163558006287,0.4285538792610168
P0077,2025-04-01,0.7668169140815735,0.7098269462585449,0.4436715841293335
P0077,2025-05-01,0.110530711710453,0.0809239745140075,-0.2285921573638916
P0077,2025-06-01,0.1220267191529274,0.1018798127770423,-0.1833274066448211
P0077,2025-07-01,0.1248017773032188,0.103186048567295,-0.1702152490615844
P0077,2025-08-01,0.1335398852825164,0.1120266169309616,-0.158094584941864
P0077,2025-09-01,0.1355364024639129,0.1128359138965606,-0.1823198050260543
P0077,2025-10-01,0.1099346727132797,0.0760219320654869,-0.2512158155441284
P0077,2025-11-01,0.174337089061737,0.0926766023039817,-0.1952798664569854
P0077,2025-12-01,0.174337089061737,0.0926766023039817,-0.1952798664569854
P0082,2025-01-01,0.5190052390098572,0.4001558721065521,0.0813183635473251
P0082,2025-02-01,0.7760111689567566,0.5011168122291565,0.331172913312912
P0082,2025-03-01,0.7883873581886292,0.7005245089530945,0.4499530792236328
P0082,2025-04-01,0.5396461486816406,0.4477802589535713,0.2325237095355987
P0082,2025-05-01,0.2909049391746521,0.1950360089540481,0.0150943398475646
P0082,2025-06-01,0.1753889620304107,0.1247628331184387,-0.1306232213973999
P0082,2025-07-01,0.1458106637001037,0.1164378449320793,-0.1292380392551422
P0082,2025-08-01,0.1211553439497947,0.0957953706383705,-0.1347150206565857
P0082,2025-09-01,0.115774467587471,0.0902558267116546,-0.1384370774030685
P0082,2025-10-01,0.1458978354930877,0.0652113780379295,-0.2608587145805359
P0082,2025-11-01,0.2418569773435592,0.1074517667293548,-0.1395590156316757
P0082,2025-12-01,0.2418569773435592,0.1074517667293548,-0.1395590156316757
P0088,2025-01-01,0.7075985074043274,0.5607509016990662,0.2865813672542572
P0088,2025-02-01,0.8407316207885742,0.6757515668869019,0.4129988849163055
P0088,2025-03-01,0.7454577088356018,0.6703638434410095,0.4145547151565552
P0088,2025-04-01,0.5682399272918701,0.3940664231777191,0.1391656845808029
P0088,2025-05-01,0.2191011309623718,0.1502867043018341,-0.1709963381290435
P0088,2025-06-01,0.2103777974843979,0.1770635396242141,-0.1451505720615387
P0088,2025-07-01,0.1553791314363479,0.1234488412737846,-0.1461925357580185
P0088,2025-08-01,0.1649095267057418,0.1332214623689651,-0.1220351010560989
P0088,2025-09-01,0.166268765926361,0.1304487437009811,-0.1386649906635284
P0088,2025-10-01,0.1734070926904678,0.1308779865503311,-0.1811767816543579
P0088,2025-11-01,0.2124654650688171,0.1075302213430404,-0.1729842871427536
P0088,2025-12-01,0.2124654650688171,0.1075302213430404,-0.1729842871427536
P0091,2025-01-01,0.1130522117018699,0.0823388323187828,-0.1988726705312729
P0091,2025-02-01,0.3697755932807922,0.2721459567546844,-0.0300335325300693
P0091,2025-03-01,0.6896920204162598,0.5992822051048279,0.2994249761104584
P0091,2025-04-01,0.6434804797172546,0.4322413802146911,0.1483142077922821
P0091,2025-05-01,0.0934343412518501,0.0624328888952732,-0.2527455389499664
P0091,2025-06-01,0.0219449866563081,0.0185613669455051,-0.2683740556240082
P0091,2025-07-01,0.0598410479724407,0.0482206083834171,-0.1990342736244201
P0091,2025-08-01,0.0657572075724601,0.0541584603488445,-0.1813257932662964
P0091,2025-09-01,0.053687822073698,0.0423224605619907,-0.2179503440856933
P0091,2025-10-01,-0.0290992315858602,-0.0236312467604875,-0.2941526174545288
P0091,2025-11-01,0.0809537023305893,0.0440661609172821,-0.2265423536300659
P0091,2025-12-01,0.0809537023305893,0.0440661609172821,-0.2265423536300659
P0093,2025-01-01,0.2833394110202789,0.2372212558984756,-0.058689534664154
P0093,2025-02-01,0.5861652493476868,0.5304070711135864,0.2388844043016433
P0093,2025-03-01,0.5944772362709045,0.5344429016113281,0.2673937082290649
P0093,2025-04-01,0.5520581007003784,0.4681577086448669,0.2033212929964065
P0093,2025-05-01,0.3052132725715637,0.2488177269697189,-0.0534781403839588
P0093,2025-06-01,0.1560585498809814,0.1290640383958816,-0.1553096175193786
P0093,2025-07-01,0.1361013203859329,0.1108094677329063,-0.1556058675050735
P0093,2025-08-01,0.1244403272867202,0.103660263121128,-0.1467900723218917
P0093,2025-09-01,0.1178700923919677,0.0952825173735618,-0.1703168898820877
P0093,2025-10-01,0.1431470215320587,0.1121225282549858,-0.1806161552667617
P0093,2025-11-01,0.2413723468780517,0.1764376163482666,-0.057895541191101
P0093,2025-12-01,0.2413723468780517,0.1764376163482666,-0.057895541191101
P0096,2025-01-01,0.7810894250869751,0.4342691600322723,0.1525160670280456
P0096,2025-02-01,0.7701292037963867,0.5440468788146973,0.2981592714786529
P0096,2025-03-01,0.5446122884750366,0.4230552613735199,0.1930616050958633
P0096,2025-04-01,0.4558141231536865,0.32974100857973093,0.08028499595820904
P0096,2025-05-01,0.3670159578323364,0.236426755785942,-0.0324916131794452
P0096,2025-06-01,0.2058619558811187,0.1578877419233322,-0.0974818244576454
P0096,2025-07-01,0.1730957776308059,0.1319659054279327,-0.1104362905025482
P0096,2025-08-01,0.129656046628952,0.0999731123447418,-0.1309596449136734
P0096,2025-09-01,0.1307704895734787,0.0986320376396179,-0.1484597325325012
P0096,2025-10-01,0.1412363946437835,0.0883648172020912,-0.2387644797563552
P0096,2025-11-01,0.279534101486206,0.1342153251171112,-0.1336187422275543
P0096,2025-12-01,0.279534101486206,0.1342153251171112,-0.1336187422275543
P0098,2025-01-01,0.7098025679588318,0.3937023282051086,0.2657269537448883
P0098,2025-02-01,0.7098025679588318,0.3937023282051086,0.2657269537448883
P0098,2025-03-01,0.4603128731250763,0.3452546596527099,0.224137932062149
P0098,2025-04-01,0.8771782517433167,0.7276464104652405,0.5095390677452087
P0098,2025-05-01,0.6557620763778687,0.4644875824451446,0.1770613044500351
P0098,2025-06-01,0.3170887529850006,0.2336082309484481,-0.0903880074620246
P0098,2025-07-01,0.2600569725036621,0.2011067122220993,-0.0444114468991756
P0098,2025-08-01,0.2804014086723327,0.2063004821538925,-0.0528384298086166
P0098,2025-09-01,0.2493325173854828,0.1759114414453506,-0.0862250253558158
P0098,2025-10-01,0.0706476047635078,0.0172974746674299,-0.4536480605602264
P0098,2025-11-01,0.0584677420556545,0.0168676562607288,-0.356617659330368
P0098,2025-12-01,0.0584677420556545,0.0168676562607288,-0.356617659330368
P0101,2025-01-01,0.1719421595335006,0.0873848125338554,-0.305143654346466
P0101,2025-02-01,0.4388701617717743,0.2158228605985641,-0.0852318406105041
P0101,2025-03-01,0.5795365571975708,0.4058340787887573,0.2363969832658767
P0101,2025-04-01,0.47510330379009247,0.32281365990638733,0.15910848975181574
P0101,2025-05-01,0.3706700503826141,0.2397932410240173,0.0818199962377548
P0101,2025-06-01,0.1493379175662994,0.1031538993120193,-0.1777192950248718
P0101,2025-07-01,0.1367541700601577,0.0921725705265998,-0.1824579536914825
P0101,2025-08-01,0.1155347377061843,0.0743618980050087,-0.2086025476455688
P0101,2025-09-01,0.1170212775468826,0.0698496624827385,-0.2341809570789337
P0101,2025-10-01,0.155317947268486,0.0573518425226211,-0.3584375083446502
P0101,2025-11-01,0.1302521079778671,0.0438118316233158,-0.2958115041255951
P0101,2025-12-01,0.1302521079778671,0.0438118316233158,-0.2958115041255951
P0103,2025-01-01,0.2568189203739166,0.2378995418548584,-0.0567270927131176
P0103,2025-02-01,0.783170759677887,0.5767296552658081,0.3146916031837463
P0103,2025-03-01,0.8210253715515137,0.7522724270820618,0.4247031509876251
P0103,2025-04-01,0.9104267358779908,0.7862258553504944,0.477198451757431
P0103,2025-05-01,0.1649167686700821,0.0981318354606628,-0.0394847989082336
P0103,2025-06-01,0.1338511556386947,0.0979640409350395,-0.080427773296833
P0103,2025-07-01,0.1250175982713699,0.1020830422639846,-0.1190607398748397
P0103,2025-08-01,0.3688080608844757,0.1776593029499054,-0.1644223928451538
P0103,2025-09-01,0.1812212765216827,0.1314243972301483,-0.1843735873699188
P0103,2025-10-01,0.1739537119865417,0.1194720119237899,-0.1659468412399292
P0103,2025-11-01,0.2054235637187957,0.1328903585672378,-0.0656622052192688
P0103,2025-12-01,0.2054235637187957,0.1328903585672378,-0.0656622052192688
P0106,2025-01-01,0.5240184664726257,0.3781288564205169,0.0714401677250862
P0106,2025-02-01,0.7389889359474182,0.5681211352348328,0.3418717682361603
P0106,2025-03-01,0.620999813079834,0.541478157043457,0.233026310801506
P0106,2025-04-01,0.4035721123218536,0.3041324317455292,-0.0312131140381097
P0106,2025-05-01,0.2989397943019867,0.2303965985774994,-0.1224098205566406
P0106,2025-06-01,0.2299385219812393,0.1877322942018509,-0.1561609506607055
P0106,2025-07-01,0.1582157164812088,0.1165716648101806,-0.1923450827598571
P0106,2025-08-01,0.1769347041845321,0.1350001245737075,-0.1748852580785751
P0106,2025-09-01,0.171701118350029,0.1274754106998443,-0.185435339808464
P0106,2025-10-01,0.2891794443130493,0.2074666172266006,-0.1313840597867965
P0106,2025-11-01,0.1626940071582794,0.0874709412455558,-0.2640350759029388
P0106,2025-12-01,0.1626940071582794,0.0874709412455558,-0.2640350759029388
P0108,2025-01-01,0.5226141214370728,0.3897208869457245,0.1290769279003143
P0108,2025-02-01,0.5529918670654297,0.3575292527675628,0.1668889373540878
P0108,2025-03-01,0.5907524824142456,0.4901754260063171,0.24775992333889
P0108,2025-04-01,0.2885767817497253,0.2024541497230529,-0.0700094625353813
P0108,2025-05-01,0.2387845963239669,0.1865523308515548,-0.1026734262704849
P0108,2025-06-01,0.2197108119726181,0.1662182211875915,-0.1234921738505363
P0108,2025-07-01,0.2019995898008346,0.1294625401496887,-0.1505407392978668
P0108,2025-08-01,0.2188658267259597,0.1481992751359939,-0.1350604891777038
P0108,2025-09-01,0.2230711877346038,0.1491031348705291,-0.1279564201831817
P0108,2025-10-01,0.2009467780590057,0.1426088958978653,-0.1348777115345001
P0108,2025-11-01,0.2795251011848449,0.173856720328331,-0.0604160279035568
P0108,2025-12-01,0.2795251011848449,0.173856720328331,-0.0604160279035568
P0110,2025-01-01,0.6272976398468018,0.3082599937915802,0.19948111474514
P0110,2025-02-01,0.6754087209701538,0.3766381740570068,0.2590222656726837
P0110,2025-03-01,0.6091797947883606,0.4005786478519439,0.2476310729980468
P0110,2025-04-01,0.6776217222213745,0.4228661060333252,0.274398535490036
P0110,2025-05-01,0.5618279576301575,0.3586409389972687,0.0932469144463539
P0110,2025-06-01,0.4492370784282684,0.2904682457447052,0.0085766799747943
P0110,2025-07-01,0.3826979398727417,0.229285255074501,-0.066521480679512
P0110,2025-08-01,0.3716508150100708,0.2256428152322769,-0.069753810763359
P0110,2025-09-01,0.4112823903560638,0.2263456135988235,-0.0844680815935134
P0110,2025-10-01,0.707744300365448,0.4200102090835571,0.2716247141361236
P0110,2025-11-01,0.7361344695091248,0.3990815579891205,0.3125794231891632
P0110,2025-12-01,0.7361344695091248,0.3990815579891205,0.3125794231891632
P0113,2025-01-01,0.6829801201820374,0.5164040327072144,0.3009626865386963
P0113,2025-02-01,0.8507217168807983,0.746895968914032,0.5377258062362671
P0113,2025-03-01,0.715833306312561,0.646876335144043,0.4249134957790375
P0113,2025-04-01,0.7077198624610901,0.5742654204368591,0.3448761999607086
P0113,2025-05-01,0.2003690004348755,0.1015978753566742,-0.261688619852066
P0113,2025-06-01,0.3168011009693146,0.2651384472846985,-0.0094242189079523
P0113,2025-07-01,0.3032030761241913,0.2486317008733749,-0.010567863471806
P0113,2025-08-01,0.3240142166614532,0.2736528813838959,0.0190298501402139
P0113,2025-09-01,0.339057981967926,0.2794282436370849,0.0204742774367332
P0113,2025-10-01,0.3612276911735534,0.2202706634998321,-0.0410275347530841
P0113,2025-11-01,0.4288946390151977,0.2205711305141449,0.0276615526527166
P0113,2025-12-01,0.4288946390151977,0.2205711305141449,0.0276615526527166
P0114,2025-01-01,0.2288481146097183,0.0929144918918609,-0.31777024269104
P0114,2025-02-01,0.7118756175041199,0.4169896245002746,0.1815068423748016
P0114,2025-03-01,0.7580645084381104,0.5794006586074829,0.3772913217544555
P0114,2025-04-01,0.5437518805265427,0.37591626495122904,0.1910422299988567
P0114,2025-05-01,0.329439252614975,0.1724318712949752,0.0047931382432579
P0114,2025-06-01,0.1594650149345398,0.1326049268245697,-0.0826744213700294
P0114,2025-07-01,0.1294914335012436,0.1096932813525199,-0.0810658857226371
P0114,2025-08-01,0.1405595391988754,0.1226675510406494,-0.0575161948800087
P0114,2025-09-01,0.1602730304002761,0.1397186517715454,-0.0478377789258956
P0114,2025-10-01,0.1753770560026168,0.090645395219326,-0.2563248872756958
P0114,2025-11-01,0.2130339592695236,0.0762595534324646,-0.310398519039154
P0114,2025-12-01,0.2130339592695236,0.0762595534324646,-0.310398519039154
P0117,2025-01-01,0.4782112836837768,0.3651058971881866,0.0188708920031785
P0117,2025-02-01,0.6714784502983093,0.5054683089256287,0.2431168854236602
P0117,2025-03-01,0.6608296632766724,0.5397214293479919,0.2732939124107361
P0117,2025-04-01,0.6426879167556763,0.507241427898407,0.2264029532670974
P0117,2025-05-01,0.380927711725235,0.2598458528518677,-0.1001350879669189
P0117,2025-06-01,0.1723331958055496,0.1234023123979568,-0.2020538002252578
P0117,2025-07-01,0.1489581167697906,0.1048595607280731,-0.2161857783794403
P0117,2025-08-01,0.1564303338527679,0.1116439178586006,-0.2049029320478439
P0117,2025-09-01,0.1697006523609161,0.1229087933897972,-0.1916410326957702
P0117,2025-10-01,0.1416414976119995,0.0878477320075035,-0.2739175856113434
P0117,2025-11-01,0.3923200070858001,0.2245997190475464,-0.04478595033288
P0117,2025-12-01,0.3923200070858001,0.2245997190475464,-0.04478595033288
P0119,2025-01-01,0.1617533564567566,0.1397855132818222,-0.1013610288500785
P0119,2025-02-01,0.2631497085094452,0.2275602221488952,-0.0266218967735767
P0119,2025-03-01,0.3524590134620666,0.297253280878067,0.0557372383773326
P0119,2025-04-01,0.3529411852359772,0.2670378088951111,-0.0082975253462791
P0119,2025-05-01,0.2200468480587005,0.1858657300472259,-0.1033083274960517
P0119,2025-06-01,0.1267369091510772,0.1098145097494125,-0.1886750906705856
P0119,2025-07-01,0.0701998248696327,0.0542821064591407,-0.217606708407402
P0119,2025-08-01,0.0584210529923439,0.0445628017187118,-0.2208446264266967
P0119,2025-09-01,0.0640978813171386,0.0472091473639011,-0.2221332192420959
P0119,2025-10-01,0.1414490789175033,0.1074365004897117,-0.166961133480072
P0119,2025-11-01,0.2820698022842407,0.1729991436004638,-0.0480700507760047
P0119,2025-12-01,0.2820698022842407,0.1729991436004638,-0.0480700507760047
P0121,2025-01-01,0.4911423325538635,0.3849345743656158,0.0645442679524421
P0121,2025-02-01,0.8066254258155823,0.6703150868415833,0.3344634473323822
P0121,2025-03-01,0.8114418983459473,0.6850440502166748,0.3726039528846741
P0121,2025-04-01,0.6964762210845947,0.443632036447525,0.2539463341236114
P0121,2025-05-01,0.1708422750234604,0.1077988594770431,-0.203796848654747
P0121,2025-06-01,0.1389262974262237,0.0973386913537979,-0.2026135027408599
P0121,2025-07-01,0.1080916970968246,0.0832320228219032,-0.1719795763492584
P0121,2025-08-01,0.0901627093553543,0.0699138790369033,-0.1785151809453964
P0121,2025-09-01,0.0891792774200439,0.0559197291731834,-0.2556791603565216
P0121,2025-10-01,0.1275562345981598,0.073888711631298,-0.286361426115036
P0121,2025-11-01,0.1261651068925857,0.0613447278738021,-0.2772911787033081
P0121,2025-12-01,0.1261651068925857,0.0613447278738021,-0.2772911787033081
P0124,2025-01-01,0.3757707774639129,0.1917311251163482,-0.1898761242628097
P0124,2025-02-01,0.6968981623649597,0.3912549614906311,0.1174511536955833
P0124,2025-03-01,0.8019822239875793,0.6581043004989624,0.4308903217315674
P0124,2025-04-01,0.926447868347168,0.8000199794769287,0.5572721362113953
P0124,2025-05-01,0.2014015913009643,0.1087457239627838,-0.1623114496469497
P0124,2025-06-01,0.1894736886024475,0.1530728787183761,-0.0990122556686401
P0124,2025-07-01,0.1713611632585525,0.1374009698629379,-0.0950210765004158
P0124,2025-08-01,0.172177717089653,0.1403867155313491,-0.0933979302644729
P0124,2025-09-01,0.1661301851272583,0.1248253285884857,-0.1654722243547439
P0124,2025-10-01,0.1397321373224258,0.0565226823091506,-0.3725731074810028
P0124,2025-11-01,0.1732351630926132,0.0700255557894706,-0.2839016616344452
P0124,2025-12-01,0.1732351630926132,0.0700255557894706,-0.2839016616344452
P0126,2025-01-01,0.3517862558364868,0.3025186657905578,0.0480714216828346
P0126,2025-02-01,0.7535458207130432,0.6728448271751404,0.3516398668289184
P0126,2025-03-01,0.7689164876937866,0.7619062066078186,0.4272283315658569
P0126,2025-04-01,0.6114206314086914,0.3782135248184204,0.1274605393409729
P0126,2025-05-01,0.1058927252888679,0.0929548814892768,-0.1515649110078811
P0126,2025-06-01,0.1387796550989151,0.1239126473665237,-0.1249634474515914
P0126,2025-07-01,0.1102024391293525,0.0916776359081268,-0.1368563622236251
P0126,2025-08-01,0.1336218267679214,0.1121752560138702,-0.1064599454402923
P0126,2025-09-01,0.1384758353233337,0.1143590211868286,-0.0980330258607864
P0126,2025-10-01,0.1190899014472961,0.1097181886434555,-0.1096688732504844
P0126,2025-11-01,0.2242094278335571,0.1229077279567718,-0.1564565151929855
P0126,2025-12-01,0.2242094278335571,0.1229077279567718,-0.1564565151929855
P0128,2025-01-01,0.683742344379425,0.4141121506690979,0.1653927862644195
P0128,2025-02-01,0.890651285648346,0.6528095602989197,0.4450771510601043
P0128,2025-03-01,0.7903196811676025,0.7032656073570251,0.4273578226566314
P0128,2025-04-01,0.5737230777740479,0.314281702041626,0.0831306651234626
P0128,2025-05-01,0.2014306187629699,0.117497831583023,-0.1992753595113754
P0128,2025-06-01,0.0395577400922775,0.0249666590243577,-0.3313843309879303
P0128,2025-07-01,0.1116537526249885,0.0837777033448219,-0.1815251111984253
P0128,2025-08-01,0.3273278474807739,0.2454173564910888,-0.0090509112924337
P0128,2025-09-01,0.2876610457897186,0.1631305366754531,-0.1397119611501693
P0128,2025-10-01,0.4387215077877044,0.2880477011203766,-0.0100854458287358
P0128,2025-11-01,0.3655685484409332,0.1614821255207061,-0.1458010226488113
P0128,2025-12-01,0.3655685484409332,0.1614821255207061,-0.1458010226488113
P0131,2025-01-01,0.2463809251785278,0.1510405838489532,-0.1963762789964676
P0131,2025-02-01,0.7293492555618286,0.505560040473938,0.2470791041851043
P0131,2025-03-01,0.8001495599746704,0.708585798740387,0.4523378610610962
P0131,2025-04-01,0.5545698404312134,0.4555695205926895,0.20670334994792938
P0131,2025-05-01,0.3089901208877563,0.202553242444992,-0.0389311611652374
P0131,2025-06-01,0.240127831697464,0.1616968959569931,-0.0853535383939743
P0131,2025-07-01,0.0775529891252517,0.0593380667269229,-0.1917379200458526
P0131,2025-08-01,0.2317497134208679,0.1567742079496383,-0.1439845412969589
P0131,2025-09-01,0.1819583624601364,0.115140676498413,-0.2264087498188018
P0131,2025-10-01,0.0459088087081909,0.0246091000735759,-0.3411371111869812
P0131,2025-11-01,0.2107009589672088,0.089185394346714,-0.2076547294855117
P0131,2025-12-01,0.2107009589672088,0.089185394346714,-0.2076547294855117
P0133,2025-01-01,0.8033877611160278,0.2969721257686615,0.3839368522167206
P0133,2025-02-01,0.9097382426261902,0.733833372592926,0.5511141419410706
P0133,2025-03-01,0.8505768775939941,0.7520318627357483,0.5225045680999756
P0133,2025-04-01,0.9126574397087096,0.7607834935188293,0.4923473596572876
P0133,2025-05-01,0.3242749571800232,0.2222152650356292,0.0687430873513221
P0133,2025-06-01,0.1590021699666977,0.1069823130965232,-0.1143709570169448
P0133,2025-07-01,0.0704057291150093,0.051956221461296,-0.1795374304056167
P0133,2025-08-01,0.0813606902956962,0.0616791620850563,-0.1622062176465988
P0133,2025-09-01,0.0090029258280992,0.005957877729088,-0.2305183708667755
P0133,2025-10-01,0.1657346189022064,0.0618079788982868,-0.222975268959999
P0133,2025-11-01,0.1251074820756912,0.0512323938310146,-0.1892812848091125
P0133,2025-12-01,0.1251074820756912,0.0512323938310146,-0.1892812848091125
P0136,2025-01-01,0.3134680092334747,0.177787110209465,-0.2817160785198211
P0136,2025-02-01,0.6157692074775696,0.3190768361091614,-0.0150058614090085
P0136,2025-03-01,0.7485977411270142,0.651226818561554,0.3265957534313202
P0136,2025-04-01,0.830366313457489,0.8084461092948914,0.5376761555671692
P0136,2025-05-01,0.3294515311717987,0.1614387780427932,-0.0585262030363082
P0136,2025-06-01,0.1854876279830932,0.1199095025658607,-0.1619660258293151
P0136,2025-07-01,0.1643997579813003,0.119710624217987,-0.1863636374473571
P0136,2025-08-01,0.0051640341989696,0.0028816489502787,-0.3990192413330078
P0136,2025-09-01,-0.0790538415312767,-0.0419155731797218,-0.455064445734024
P0136,2025-10-01,0.1992101818323135,0.0863741859793663,-0.3712905347347259
P0136,2025-11-01,0.3213315308094024,0.0945735201239585,-0.3508010804653168
P0136,2025-12-01,0.3213315308094024,0.0945735201239585,-0.3508010804653168
P0138,2025-01-01,0.7779390215873718,0.642707884311676,0.3728786408901214
P0138,2025-02-01,0.7779390215873718,0.642707884311676,0.3728786408901214
P0138,2025-03-01,0.7818408608436584,0.707848846912384,0.4108757078647613
P0138,2025-04-01,0.7245025336742401,0.6082485020160675,0.37372845411300654
P0138,2025-05-01,0.6671642065048218,0.508648157119751,0.3365812003612518
P0138,2025-06-01,0.1810961067676544,0.1442928314208984,-0.0492327362298965
P0138,2025-07-01,0.0311171822249889,0.0241637006402015,-0.1860771626234054
P0138,2025-08-01,0.045049674808979,0.0334528982639312,-0.2199207246303558
P0138,2025-09-01,0.0559210516512393,0.0412094928324222,-0.2081277519464492
P0138,2025-10-01,0.2155315577983856,0.0986541956663131,-0.2595497071743011
P0138,2025-11-01,0.4526791870594024,0.2301351428031921,0.0094294007867574
P0138,2025-12-01,0.4526791870594024,0.2301351428031921,0.0094294007867574
P0140,2025-01-01,0.5353559851646423,0.3830934762954712,0.1053373292088508
P0140,2025-02-01,0.8547516465187073,0.7711919546127319,0.4978197813034057
P0140,2025-03-01,0.8021636009216309,0.7602920532226562,0.4812070727348327
P0140,2025-04-01,0.6043981909751892,0.4321801662445068,0.1991869956254959
P0140,2025-05-01,0.1483465284109115,0.1006128415465354,-0.2110400050878524
P0140,2025-06-01,0.1578608304262161,0.1130769252777099,-0.2103412896394729
P0140,2025-07-01,0.1369954794645309,0.1083443686366081,-0.1734842956066131
P0140,2025-08-01,0.1154708489775657,0.093210257589817,-0.165868267416954
P0140,2025-09-01,0.1159548163414001,0.0904958695173263,-0.1894628852605819
P0140,2025-10-01,0.2360868006944656,0.1859868764877319,-0.1071925163269043
P0140,2025-11-01,0.3416557013988495,0.2056441456079483,-0.0465072840452194
P0140,2025-12-01,0.3416557013988495,0.2056441456079483,-0.0465072840452194
P0143,2025-01-01,0.6527050733566284,0.4681688249111175,0.2090096622705459
P0143,2025-02-01,0.8163554668426514,0.6075637936592102,0.4036529660224914
P0143,2025-03-01,0.7692606449127197,0.6524243950843811,0.4480622708797455
P0143,2025-04-01,0.645423948764801,0.3944478631019592,0.1823683679103851
P0143,2025-05-01,0.1621116548776626,0.1082345619797706,-0.2001607716083526
P0143,2025-06-01,0.1937453746795654,0.1503187268972396,-0.1618812531232834
P0143,2025-07-01,0.0760685354471206,0.0539818294346332,-0.2117241322994232
P0143,2025-08-01,0.0685886591672897,0.048433881253004,-0.2087344825267791
P0143,2025-09-01,0.0786169990897178,0.0527901388704776,-0.223900482058525
P0143,2025-10-01,0.138018786907196,0.0961695834994316,-0.1979856491088867
P0143,2025-11-01,0.2340360581874847,0.1197660937905311,-0.1632483899593353
P0143,2025-12-01,0.2340360581874847,0.1197660937905311,-0.1632483899593353
P0145,2025-01-01,0.560832679271698,0.429646372795105,0.1892516165971756
P0145,2025-02-01,0.5746695399284363,0.4843566417694092,0.2337298840284347
P0145,2025-03-01,0.1865173429250717,0.1362963914871215,-0.1137387380003929
P0145,2025-04-01,0.2802523151040077,0.20449586212635035,-0.0763210467994213
P0145,2025-05-01,0.3739872872829437,0.2726953327655792,-0.0389033555984497
P0145,2025-06-01,0.324559599161148,0.2474480867385864,-0.0435498356819152
P0145,2025-07-01,0.3017629384994507,0.2368126660585403,-0.0353022925555706
P0145,2025-08-01,0.3188650906085968,0.2503171265125274,-0.0222872272133827
P0145,2025-09-01,0.3220640420913696,0.2450066208839416,-0.0312907434999942
P0145,2025-10-01,0.2296811789274215,0.156465083360672,-0.1266145706176757
P0145,2025-11-01,0.5640586614608765,0.3662718832492828,0.2309024482965469
P0145,2025-12-01,0.5640586614608765,0.3662718832492828,0.2309024482965469
P0147,2025-01-01,0.6542350053787231,0.5094471573829651,0.2017300426959991
P0147,2025-02-01,0.8331924080848694,0.6612859964370728,0.3706923723220825
P0147,2025-03-01,0.8614182472229004,0.7414274215698242,0.4684210419654846
P0147,2025-04-01,0.7304548025131226,0.5030616521835327,0.231230691075325
P0147,2025-05-01,0.3393867909908294,0.2312909811735153,-0.103126972913742
P0147,2025-06-01,0.16449536383152,0.1396402418613433,-0.1995036751031875
P0147,2025-07-01,0.1159007027745246,0.0900161564350128,-0.1866748183965683
P0147,2025-08-01,0.0873271152377128,0.0677750334143638,-0.1854216903448104
P0147,2025-09-01,0.2537741363048553,0.1781163662672042,-0.1220393404364585
P0147,2025-10-01,0.2502045929431915,0.1605450361967086,-0.1552391499280929
P0147,2025-11-01,0.1303533166646957,0.070579707622528,-0.1565807908773422
P0147,2025-12-01,0.1303533166646957,0.070579707622528,-0.1565807908773422
P0150,2025-01-01,0.2973768711090088,0.1877006292343139,-0.1200072616338729
P0150,2025-02-01,0.7408003807067871,0.5689003467559814,0.312467485666275
P0150,2025-03-01,0.7530341744422913,0.6624284386634827,0.4538660943508148
P0150,2025-04-01,0.771109402179718,0.6744047403335571,0.4416705071926117
P0150,2025-05-01,0.2199889868497848,0.1420090943574905,-0.1609543710947036
P0150,2025-06-01,0.0745052397251129,0.0496000982820987,-0.2586345374584198
P0150,2025-07-01,0.2079458981752395,0.1641181707382202,-0.1102117076516151
P0150,2025-08-01,0.2117258757352829,0.1750623881816864,-0.0743275731801986
P0150,2025-09-01,0.2217339873313903,0.1775756627321243,-0.0917200669646263
P0150,2025-10-01,0.2388636320829391,0.1644860357046127,-0.1603512018918991
P0150,2025-11-01,0.3285670876502991,0.182852491736412,-0.069068431854248
P0150,2025-12-01,0.3285670876502991,0.182852491736412,-0.069068431854248
P0152,2025-01-01,0.5552502870559692,0.3157438039779663,0.0115147903561592
P0152,2025-02-01,0.9425638914108276,0.7693130373954773,0.5448071956634521
P0152,2025-03-01,0.8321125507354736,0.7120472192764282,0.514741063117981
P0152,2025-04-01,0.5157163515686989,0.4108985476195812,0.15730869770050054
P0152,2025-05-01,0.1993201524019241,0.1097498759627342,-0.2001236677169799
P0152,2025-06-01,0.1816225200891494,0.1474541574716568,-0.135328322649002
P0152,2025-07-01,0.1885538250207901,0.1519308090209961,-0.1172787472605705
P0152,2025-08-01,0.1407309770584106,0.1011811271309852,-0.1780914962291717
P0152,2025-09-01,0.1835365891456604,0.1270649880170822,-0.1725167036056518
P0152,2025-10-01,0.2460678070783615,0.1128566861152648,-0.242295429110527
P0152,2025-11-01,0.3106968402862549,0.1198465973138809,-0.1480092257261276
P0152,2025-12-01,0.3106968402862549,0.1198465973138809,-0.1480092257261276
P0154,2025-01-01,0.4432730972766876,0.1838281154632568,-0.2092959284782409
P0154,2025-02-01,0.6943463087081909,0.389293909072876,0.1156351789832115
P0154,2025-03-01,0.7073465585708618,0.5241950154304504,0.3049501180648803
P0154,2025-04-01,0.7582491636276245,0.5819522738456726,0.3703638911247253
P0154,2025-05-01,0.0702031627297401,0.0453776121139526,-0.2506717145442962
P0154,2025-06-01,0.0333892628550529,0.0252903942018747,-0.2390659749507904
P0154,2025-07-01,0.1863050907850265,0.1571974456310272,-0.0764277428388595
P0154,2025-08-01,0.2969087958335876,0.2389422357082367,0.015367860905826
P0154,2025-09-01,0.3080765902996063,0.2366757988929748,0.0014023457188159
P0154,2025-10-01,0.1868162751197815,0.1018099561333656,-0.2226713150739669
P0154,2025-11-01,0.2072920948266983,0.0857336521148681,-0.2035135179758072
P0154,2025-12-01,0.2072920948266983,0.0857336521148681,-0.2035135179758072
P0157,2025-01-01,0.2811872363090515,0.1789518594741821,-0.1323862820863723
P0157,2025-02-01,0.7361353039741516,0.5129093527793884,0.2535464167594909
P0157,2025-03-01,0.7424604296684265,0.5734682679176331,0.3427520394325256
P0157,2025-04-01,0.8462379574775696,0.658396303653717,0.4037917852401733
P0157,2025-05-01,0.5668248534202576,0.427859365940094,0.1195084080100059
P0157,2025-06-01,0.4517886340618133,0.3546483516693115,0.061330147087574
P0157,2025-07-01,0.2321246564388275,0.1920852214097976,-0.0746937915682792
P0157,2025-08-01,0.2073752731084823,0.1710278391838073,-0.0786802023649215
P0157,2025-09-01,0.2797969877719879,0.2223870456218719,-0.0689614117145538
P0157,2025-10-01,0.3284023702144623,0.2305902540683746,-0.0878927409648895
P0157,2025-11-01,0.3446229994297027,0.2027459442615509,-0.0222901310771703
P0157,2025-12-01,0.3446229994297027,0.2027459442615509,-0.0222901310771703
P0159,2025-01-01,0.4830053746700287,0.3535485863685608,0.0305451955646276
P0159,2025-02-01,0.8694117665290833,0.6670156717300415,0.4177373349666595
P0159,2025-03-01,0.7738258838653564,0.6693636178970337,0.4073900878429413
P0159,2025-04-01,0.5408463776111603,0.4354410097002983,0.19248132314532998
P0159,2025-05-01,0.3078668713569641,0.2015184015035629,-0.0224274415522813
P0159,2025-06-01,0.1226983591914177,0.0937795862555503,-0.1410092264413833
P0159,2025-07-01,0.0472344979643821,0.0367568582296371,-0.1910310685634613
P0159,2025-08-01,-0.0290566813200712,-0.0201951246708631,-0.2839897274971008
P0159,2025-09-01,-0.028829226270318,-0.0191851444542408,-0.2902862727642059
P0159,2025-10-01,0.0249576997011899,0.011021445505321,-0.3638750314712524
P0159,2025-11-01,0.0272801294922828,0.0118124121800065,-0.2874894142150879
P0159,2025-12-01,0.0272801294922828,0.0118124121800065,-0.2874894142150879
P0162,2025-01-01,0.3900353908538818,0.2359803020954132,-0.2183355391025543
P0162,2025-02-01,0.7005297541618347,0.4323742091655731,0.1284119039773941
P0162,2025-03-01,0.7706251740455627,0.5837206244468689,0.3554527759552002
P0162,2025-04-01,0.5153089910745621,0.3554233610630035,0.10020887851715088
P0162,2025-05-01,0.2599928081035614,0.1271260976791381,-0.1550350189208984
P0162,2025-06-01,0.1994381994009018,0.1491053700447082,-0.148157998919487
P0162,2025-07-01,0.1359894126653671,0.1124975681304931,-0.1488213241100311
P0162,2025-08-01,0.1315447837114334,0.1113036721944809,-0.1303624808788299
P0162,2025-09-01,0.1407572329044342,0.1170428171753883,-0.1357705295085907
P0162,2025-10-01,0.1749546229839325,0.0878984630107879,-0.3206715583801269
P0162,2025-11-01,0.1936208456754684,0.0803504884243011,-0.2989445924758911
P0162,2025-12-01,0.1936208456754684,0.0803504884243011,-0.2989445924758911
P0164,2025-01-01,0.1490004658699035,0.0963417217135429,-0.2323342114686966
P0164,2025-02-01,0.6706189513206482,0.4873845279216766,0.1816504597663879
P0164,2025-03-01,0.8052546977996826,0.675130307674408,0.4367118775844574
P0164,2025-04-01,0.5251639038324356,0.4052323475480079,0.12367464601993566
P0164,2025-05-01,0.2450731098651886,0.1353343874216079,-0.1893625855445861
P0164,2025-06-01,0.0772300437092781,0.0511695891618728,-0.2684521079063415
P0164,2025-07-01,0.1190009787678718,0.0961360931396484,-0.1864467114210128
P0164,2025-08-01,0.1142172515392303,0.0930674523115158,-0.1755319088697433
P0164,2025-09-01,0.1197019889950752,0.0956146866083145,-0.1863570809364318
P0164,2025-10-01,0.1680708527565002,0.1121813356876373,-0.215808555483818
P0164,2025-11-01,0.1813884824514389,0.0956893041729927,-0.1639138609170913
P0164,2025-12-01,0.1813884824514389,0.0956893041729927,-0.1639138609170913
P0167,2025-01-01,0.200334683060646,0.1316616386175155,-0.1658082753419876
P0167,2025-02-01,0.6490780115127563,0.4041260480880737,0.1822249293327331
P0167,2025-03-01,0.7156631946563721,0.571682870388031,0.3261013627052307
P0167,2025-04-01,0.8293269276618958,0.6443123817443848,0.4338814616203308
P0167,2025-05-01,0.2579247951507568,0.1858630627393722,-0.073386512696743
P0167,2025-06-01,0.2476517409086227,0.19174824655056,-0.0875825658440589
P0167,2025-07-01,0.1604191213846206,0.1321580559015274,-0.1242900118231773
P0167,2025-08-01,0.132579505443573,0.1116719841957092,-0.1278841942548751
P0167,2025-09-01,0.1160779744386673,0.0964935794472694,-0.1503960788249969
P0167,2025-10-01,0.073752224445343,0.0508229956030845,-0.2742469906806946
P0167,2025-11-01,0.0601611956954002,0.0308205038309097,-0.2304638475179672
P0167,2025-12-01,0.0601611956954002,0.0308205038309097,-0.2304638475179672
P0169,2025-01-01,0.3342061340808868,0.2169344872236251,-0.0672324821352958
P0169,2025-02-01,0.5326144099235535,0.3454216718673706,0.127297356724739
P0169,2025-03-01,0.7025696039199829,0.5627208352088928,0.3722816705703735
P0169,2025-04-01,0.4768682271242142,0.355230487883091,0.08578675240278244
P0169,2025-05-01,0.2511668503284454,0.1477401405572891,-0.2007081657648086
P0169,2025-06-01,0.1490669995546341,0.1059213504195213,-0.2341718524694442
P0169,2025-07-01,0.1337280571460724,0.0924253538250923,-0.2282140403985977
P0169,2025-08-01,-0.0098780998960137,-0.0066386056132614,-0.3046494424343109
P0169,2025-09-01,-0.017728904262185,-0.0114112375304102,-0.3219209909439087
P0169,2025-10-01,0.1642512083053589,0.0999721437692642,-0.2084701806306839
P0169,2025-11-01,0.1945683062076568,0.0820456743240356,-0.210765928030014
P0169,2025-12-01,0.1945683062076568,0.0820456743240356,-0.210765928030014
P0172,2025-01-01,0.1845869868993759,0.0729873701930046,-0.3481462597846985
P0172,2025-02-01,0.6325268745422363,0.4105311036109924,0.1151303723454475
P0172,2025-03-01,0.7529271841049194,0.6317858099937439,0.3562106490135193
P0172,2025-04-01,0.8259613513946533,0.6428843140602112,0.3558343052864074
P0172,2025-05-01,0.4530601799488067,0.291604071855545,0.0144848814234137
P0172,2025-06-01,0.4583833515644073,0.3539426624774933,0.0687683299183845
P0172,2025-07-01,0.3051259815692901,0.2420533150434494,-0.0305885393172502
P0172,2025-08-01,0.2432762831449508,0.1885489970445633,-0.0630429089069366
P0172,2025-09-01,0.3032786846160888,0.2229112237691879,-0.0591715984046459
P0172,2025-10-01,0.3738317787647247,0.2045731991529464,-0.123990774154663
P0172,2025-11-01,0.3374393284320831,0.1525944471359253,-0.1648018658161163
P0172,2025-12-01,0.3374393284320831,0.1525944471359253,-0.1648018658161163
P0174,2025-01-01,0.0877059176564216,0.0781143829226493,-0.1553950011730194
P0174,2025-02-01,0.2536185383796692,0.2227464020252227,-0.030713751912117
P0174,2025-03-01,0.4472508728504181,0.4311932027339935,0.1404126286506652
P0174,2025-04-01,0.2850326001644134,0.2489442080259323,-0.0295495502650737
P0174,2025-05-01,0.1203644499182701,0.1053588911890983,-0.1735644340515136
P0174,2025-06-01,0.1037511155009269,0.0938872247934341,-0.1837296336889267
P0174,2025-07-01,0.1000438779592514,0.0861851722002029,-0.1669251173734665
P0174,2025-08-01,0.0939823240041732,0.0832277461886406,-0.1598621159791946
P0174,2025-09-01,0.0908451676368713,0.0816584527492523,-0.1604978293180465
P0174,2025-10-01,0.0052007152698934,0.0044414834119379,-0.2395180165767669
P0174,2025-11-01,0.0189986582845449,0.0128764463588595,-0.2572499215602875
P0174,2025-12-01,0.0189986582845449,0.0128764463588595,-0.2572499215602875
P0177,2025-01-01,0.4387590587139129,0.2063516080379486,-0.1147744208574295
P0177,2025-02-01,0.8607667684555054,0.5670122504234314,0.3192315697669983
P0177,2025-03-01,0.8356726169586182,0.6701298952102661,0.428259402513504
P0177,2025-04-01,0.8423926830291748,0.6060497760772705,0.4171439409255981
P0177,2025-05-01,0.1498979330062866,0.0855924859642982,-0.1934956014156341
P0177,2025-06-01,0.1269404888153076,0.1054653897881507,-0.1534256488084793
P0177,2025-07-01,0.1090101972222328,0.0865264162421226,-0.1593968123197555
P0177,2025-08-01,0.0801545158028602,0.0638641640543937,-0.1602852791547775
P0177,2025-09-01,0.0757338926196098,0.0584575794637203,-0.1886545270681381
P0177,2025-10-01,0.0700173303484916,0.0339575707912445,-0.3090868294239044
P0177,2025-11-01,0.1158743649721145,0.0472154952585697,-0.2936593294143677
P0177,2025-12-01,0.1158743649721145,0.0472154952585697,-0.2936593294143677
P0179,2025-01-01,0.6803770065307617,0.4454001486301422,0.1313461512327194
P0179,2025-02-01,0.6520396173000336,0.4846455901861191,0.18815730512142181
P0179,2025-03-01,0.6237022280693054,0.523891031742096,0.2449684590101242
P0179,2025-04-01,0.6125187873840332,0.5033093243837357,0.19090930372476575
P0179,2025-05-01,0.601335346698761,0.4827276170253753,0.1368501484394073
P0179,2025-06-01,0.3801853358745575,0.2855296432971954,-0.0629213452339172
P0179,2025-07-01,0.3259164988994598,0.23362497985363,-0.1012640073895454
P0179,2025-08-01,0.2731302976608276,0.2105247527360916,-0.0895933806896209
P0179,2025-09-01,0.3061179518699646,0.2148859947919845,-0.1136499419808387
P0179,2025-10-01,0.3951922953128814,0.2182841747999191,-0.1248492151498794
P0179,2025-11-01,0.5562664866447449,0.2686100602149963,0.0347847864031791
P0179,2025-12-01,0.5562664866447449,0.2686100602149963,0.0347847864031791
P0182,2025-01-01,0.4641803205013275,0.2948997616767883,-0.0060109291225671
P0182,2025-02-01,0.7749558091163635,0.5960793495178223,0.3719699680805206
P0182,2025-03-01,0.7124561667442322,0.6408799886703491,0.3878856897354126
P0182,2025-04-01,0.757365345954895,0.6513669490814209,0.4247680008411407
P0182,2025-05-01,0.3525067269802093,0.2471829056739807,0.0535216182470321
P0182,2025-06-01,0.1465326249599456,0.113393634557724,-0.1200470775365829
P0182,2025-07-01,0.1405103653669357,0.1064318194985389,-0.1011814996600151
P0182,2025-08-01,0.1390615254640579,0.1066237762570381,-0.1091262623667717
P0182,2025-09-01,0.1291055232286453,0.0930004268884658,-0.1539468467235565
P0182,2025-10-01,0.1457899361848831,0.0793650820851326,-0.2738072872161865
P0182,2025-11-01,0.2665750682353973,0.1299397200345993,-0.1516336798667907
P0182,2025-12-01,0.2665750682353973,0.1299397200345993,-0.1516336798667907
P0184,2025-01-01,0.576600968837738,0.397885650396347,0.0408130064606666
P0184,2025-02-01,0.9120798707008362,0.6719899773597717,0.4560459852218628
P0184,2025-03-01,0.9558887481689452,0.77414470911026,0.5036752223968506
P0184,2025-04-01,0.8137750029563904,0.7346083521842957,0.4955247044563293
P0184,2025-05-01,0.191281720995903,0.1308023184537887,-0.0966946259140968
P0184,2025-06-01,0.051243856549263,0.0406340807676315,-0.1924705356359481
P0184,2025-07-01,0.0567563585937023,0.0457237623631954,-0.1667246371507644
P0184,2025-08-01,0.1018159240484237,0.0797200053930282,-0.1550821214914322
P0184,2025-09-01,0.1215844750404357,0.0945721641182899,-0.1393300294876098
P0184,2025-10-01,0.1730972528457641,0.1031138822436332,-0.2317410856485366
P0184,2025-11-01,0.2888212203979492,0.1174556016921997,-0.153670385479927
P0184,2025-12-01,0.2888212203979492,0.1174556016921997,-0.153670385479927
P0187,2025-01-01,0.3718397617340088,0.1651978641748428,-0.2034778743982315
P0187,2025-02-01,0.8696090579032898,0.6219785213470459,0.3957823514938354
P0187,2025-03-01,0.8365051746368408,0.781022846698761,0.5001413226127625
P0187,2025-04-01,0.8307772874832153,0.7210927605628967,0.5302257537841797
P0187,2025-05-01,0.2528600692749023,0.1406841576099395,-0.1238974332809448
P0187,2025-06-01,0.1333473324775695,0.0914142578840255,-0.1986636966466903
P0187,2025-07-01,0.1383892446756363,0.1057454198598861,-0.146830216050148
P0187,2025-08-01,0.1474625915288925,0.1136633828282356,-0.1252351850271225
P0187,2025-09-01,0.1529001146554947,0.1145076155662536,-0.1484163999557495
P0187,2025-10-01,0.1304533779621124,0.048708040267229,-0.3849197030067444
P0187,2025-11-01,0.1366401463747024,0.0478108525276184,-0.3101391792297363
P0187,2025-12-01,0.1366401463747024,0.0478108525276184,-0.3101391792297363
P0189,2025-01-01,0.3749223947525024,0.1210420876741409,-0.0190434008836746
P0189,2025-02-01,0.8228174448013306,0.695501983165741,0.4605723321437835
P0189,2025-03-01,0.7343992590904236,0.694366991519928,0.5117034316062927
P0189,2025-04-01,0.8724526762962341,0.7954545617103577,0.6198646426200867
P0189,2025-05-01,0.1114595234394073,0.0654743984341621,-0.2766233682632446
P0189,2025-06-01,0.1876793205738067,0.1533454656600952,-0.1093532443046569
P0189,2025-07-01,0.0947543382644653,0.0696140676736831,-0.1880821883678436
P0189,2025-08-01,0.0861510783433914,0.063363142311573,-0.1689830720424652
P0189,2025-09-01,0.0947513282299041,0.065467782318592,-0.1939499229192733
P0189,2025-10-01,0.1960486322641372,0.1036544218659401,-0.2387308925390243
P0189,2025-11-01,0.2091106325387954,0.0841245427727699,-0.2175744026899337
P0189,2025-12-01,0.2091106325387954,0.0841245427727699,-0.2175744026899337
P0192,2025-01-01,0.8792074918746948,0.7237557172775269,0.3970541656017303
P0192,2025-02-01,0.938448131084442,0.8845281600952148,0.5500558018684387
P0192,2025-03-01,0.7351331114768982,0.6231995224952698,0.4216550588607788
P0192,2025-04-01,0.7505192756652832,0.5353262424468994,0.4137931168079376
P0192,2025-05-01,0.1582118570804596,0.1228567957878112,-0.2053607106208801
P0192,2025-06-01,0.1805580258369445,0.1503092050552368,-0.1753972172737121
P0192,2025-07-01,0.0030614475253969,0.0020849467255175,-0.304262101650238
P0192,2025-08-01,-0.0232712756842374,-0.0154425390064716,-0.3174848854541778
P0192,2025-09-01,-0.0321551300585269,-0.0198328588157892,-0.349769115447998
P0192,2025-10-01,0.0386922620236873,0.0202188026160001,-0.3469734191894531
P0192,2025-11-01,0.1404239237308502,0.0607062205672264,-0.2497510015964508
P0192,2025-12-01,0.1404239237308502,0.0607062205672264,-0.2497510015964508
P0194,2025-01-01,0.326909989118576,0.2232889384031295,-0.1189221739768982
P0194,2025-02-01,0.8658227920532227,0.5662668347358704,0.2641509473323822
P0194,2025-03-01,0.9174597263336182,0.7806715965270996,0.4346120357513428
P0194,2025-04-01,0.7740547060966492,0.4477399587631225,0.1894064247608184
P0194,2025-05-01,0.3520437479019165,0.2059546709060669,-0.149248331785202
P0194,2025-06-01,0.3693931400775909,0.2990345358848572,-0.0465401113033294
P0194,2025-07-01,0.1729440242052078,0.1301724314689636,-0.1673003733158111
P0194,2025-08-01,0.1644770503044128,0.1244673952460289,-0.163500428199768
P0194,2025-09-01,0.1602096259593963,0.1178608834743499,-0.187762051820755
P0194,2025-10-01,0.0280351042747497,0.01606728695333,-0.3729368150234222
P0194,2025-11-01,0.0119201028719544,0.0055578923784196,-0.3943308889865875
P0194,2025-12-01,0.0119201028719544,0.0055578923784196,-0.3943308889865875
P0197,2025-01-01,0.3020982444286346,0.1934882849454879,-0.0887702330946922
P0197,2025-02-01,0.7157976031303406,0.4741629958152771,0.1861170530319214
P0197,2025-03-01,0.7437967658042908,0.6086242198944092,0.3008667528629303
P0197,2025-04-01,0.4691525399684906,0.3205385506153106,0.0942602232098579
P0197,2025-05-01,0.2188912630081176,0.1447496712207794,-0.1491446644067764
P0197,2025-06-01,0.1941016465425491,0.1374407559633255,-0.1519607901573181
P0197,2025-07-01,0.1339127570390701,0.1044989824295044,-0.131533533334732
P0197,2025-08-01,0.0850025713443756,0.0478932745754718,-0.2486217319965362
P0197,2025-09-01,0.0721504762768745,0.0379986390471458,-0.2710441052913666
P0197,2025-10-01,0.0618556700646877,0.0387911349534988,-0.2702139616012573
P0197,2025-11-01,0.3903213143348694,0.1614702939987182,-0.0898467898368835
P0197,2025-12-01,0.3903213143348694,0.1614702939987182,-0.0898467898368835
P0199,2025-01-01,0.468894898891449,0.3822649121284485,0.1169384494423866
P0199,2025-02-01,0.7002118825912476,0.6890748739242554,0.3649617433547973
P0199,2025-03-01,0.6232557892799377,0.5922335982322693,0.3061040043830871
P0199,2025-04-01,0.2645022571086883,0.1789058893918991,-0.0949940234422683
P0199,2025-05-01,0.0249580033123493,0.0172659959644079,-0.3205536007881164
P0199,2025-06-01,0.0184062365442514,0.0135852191597223,-0.322529524564743
P0199,2025-07-01,0.1207541301846504,0.1020435020327568,-0.1714088171720504
P0199,2025-08-01,0.1172320619225502,0.1000332981348037,-0.1622959971427917
P0199,2025-09-01,0.1342054307460785,0.1102063581347465,-0.1668050736188888
P0199,2025-10-01,0.2012308835983276,0.15960593521595,-0.1698672473430633
P0199,2025-11-01,0.2333562076091766,0.1537302136421203,-0.1426526755094528
P0199,2025-12-01,0.2333562076091766,0.1537302136421203,-0.1426526755094528
P0202,2025-01-01,0.8863407373428345,0.6377384662628174,0.4424744546413421
P0202,2025-02-01,0.8863407373428345,0.6377384662628174,0.4424744546413421
P0202,2025-03-01,0.8298981785774231,0.5934581160545349,0.4245118796825409
P0202,2025-04-01,0.8877284526824951,0.7524428963661194,0.501197874546051
P0202,2025-05-01,0.5167958736419678,0.3670092225074768,0.1511856019496917
P0202,2025-06-01,0.2885973751544952,0.2147598564624786,-0.0395607687532901
P0202,2025-07-01,0.2817822098731994,0.2201080322265625,-0.0298177078366279
P0202,2025-08-01,0.2807388007640838,0.2179553657770156,-0.0383040532469749
P0202,2025-09-01,0.2886241972446441,0.2241948097944259,-0.0267275106161832
P0202,2025-10-01,0.3690560758113861,0.1071899756789207,-0.2921100854873657
P0202,2025-11-01,0.4200913310050964,0.129270538687706,-0.1928068250417709
P0202,2025-12-01,0.4200913310050964,0.129270538687706,-0.1928068250417709
P0204,2025-01-01,0.2634399235248565,0.2107417434453964,-0.0854604616761207
P0204,2025-02-01,0.6489994525909424,0.5433633923530579,0.2566286623477936
P0204,2025-03-01,0.7173676490783691,0.6248223781585693,0.3713086247444153
P0204,2025-04-01,0.7580138444900513,0.5905203223228455,0.3778325021266937
P0204,2025-05-01,0.2518308460712433,0.1597051620483398,-0.1541899442672729
P0204,2025-06-01,0.1585725396871566,0.130530297756195,-0.1445755511522293
P0204,2025-07-01,0.1557796746492386,0.125302642583847,-0.138744369149208
P0204,2025-08-01,0.1393158882856369,0.1187300831079483,-0.1149956956505775
P0204,2025-09-01,0.1455858051776886,0.1188867837190628,-0.1468413919210434
P0204,2025-10-01,0.130973070859909,0.0876428037881851,-0.2398540079593658
P0204,2025-11-01,0.1911121904850006,0.114442765712738,-0.1421825885772705
P0204,2025-12-01,0.1911121904850006,0.114442765712738,-0.1421825885772705
P0207,2025-01-01,0.6752201318740845,0.4859149754047394,0.168655663728714
P0207,2025-02-01,0.9087199568748474,0.7302381992340088,0.5230505466461182
P0207,2025-03-01,0.8432561755180359,0.7543479204177856,0.5214621424674988
P0207,2025-04-01,0.6410707086324692,0.5360705852508545,0.337018646299839
P0207,2025-05-01,0.4388852417469024,0.3177932500839233,0.1525751501321792
P0207,2025-06-01,0.2011013627052307,0.1404398381710052,-0.0650896951556205
P0207,2025-07-01,0.11464474350214,0.0890683382749557,-0.1330839842557907
P0207,2025-08-01,0.1175328567624092,0.0925229266285896,-0.123873084783554
P0207,2025-09-01,0.1151616871356964,0.0899559184908866,-0.1302641034126281
P0207,2025-10-01,0.2113526612520218,0.0950019881129264,-0.2698374092578888
P0207,2025-11-01,0.2607373595237732,0.1197207644581794,-0.1583354473114013
P0207,2025-12-01,0.2607373595237732,0.1197207644581794,-0.1583354473114013
P0210,2025-01-01,0.5592585802078247,0.4683582186698913,0.1814989894628524
P0210,2025-02-01,0.8574273586273193,0.7988741993904114,0.4674796760082245
P0210,2025-03-01,0.7935580611228943,0.7392264008522034,0.438302993774414
P0210,2025-04-01,0.538084089756012,0.3689759075641632,0.103049598634243
P0210,2025-05-01,0.2008214443922042,0.1390510350465774,-0.1675408333539962
P0210,2025-06-01,0.2431253492832183,0.1837782114744186,-0.133051186800003
P0210,2025-07-01,0.1285526901483535,0.106496013700962,-0.1429994404315948
P0210,2025-08-01,0.1236957684159278,0.105021446943283,-0.1290700137615203
P0210,2025-09-01,0.1230176389217376,0.1027431190013885,-0.1461573094129562
P0210,2025-10-01,0.1735972464084625,0.126750111579895,-0.1800304502248764
P0210,2025-11-01,0.1110810786485672,0.0600736662745475,-0.2640529870986938
P0210,2025-12-01,0.1110810786485672,0.0600736662745475,-0.2640529870986938
P0212,2025-01-01,0.2628733217716217,0.1629896908998489,-0.1595270782709121
P0212,2025-02-01,0.5532273650169373,0.3869348466396332,0.1025816351175308
P0212,2025-03-01,0.6596425175666809,0.5587607026100159,0.3179441094398498
P0212,2025-04-01,0.409272663295269,0.3312226012349129,0.057427339255809784
P0212,2025-05-01,0.1589028090238571,0.1036844998598098,-0.2030894309282302
P0212,2025-06-01,0.1551663130521774,0.1199496686458587,-0.1655163615942001
P0212,2025-07-01,0.1340292990207672,0.1031595841050148,-0.1757434904575348
P0212,2025-08-01,0.1366894692182541,0.1074979528784751,-0.155122309923172
P0212,2025-09-01,0.1438736617565155,0.107796736061573,-0.1773589551448822
P0212,2025-10-01,0.2060834765434265,0.1302533596754074,-0.202774316072464
P0212,2025-11-01,0.2001912593841552,0.1000414192676544,-0.173435777425766
P0212,2025-12-01,0.2001912593841552,0.1000414192676544,-0.173435777425766
P0215,2025-01-01,0.5940278172492981,0.4490471184253692,0.219780221581459
P0215,2025-02-01,0.5945945978164673,0.4509971141815185,0.2017272263765335
P0215,2025-03-01,0.5786547064781189,0.5083837509155273,0.24907748401165
P0215,2025-04-01,0.4573035836219787,0.3540538847446441,0.0600701533257961
P0215,2025-05-01,0.2527174055576324,0.2013975083827972,-0.1135751828551292
P0215,2025-06-01,0.2530864179134369,0.2119840085506439,-0.1068965494632721
P0215,2025-07-01,0.2205712050199508,0.1621184647083282,-0.1240825355052948
P0215,2025-08-01,0.2420488148927688,0.1833898425102234,-0.0882313027977943
P0215,2025-09-01,0.2434147298336029,0.1799573600292205,-0.0929873809218406
P0215,2025-10-01,0.1298927217721939,0.0730569809675216,-0.2798004150390625
P0215,2025-11-01,0.2015285640954971,0.0872062668204307,-0.2087417244911193
P0215,2025-12-01,0.2015285640954971,0.0872062668204307,-0.2087417244911193
P0217,2025-01-01,0.823186993598938,0.6116637587547302,0.3953963220119476
P0217,2025-02-01,0.823186993598938,0.6116637587547302,0.3953963220119476
P0217,2025-03-01,0.7274415691693624,0.5407015681266785,0.3210307657718658
P0217,2025-04-01,0.6316961447397867,0.4697393774986267,0.24666520953178397
P0217,2025-05-01,0.5359507203102112,0.3987771868705749,0.1722996532917022
P0217,2025-06-01,0.3140659034252167,0.2329801619052887,0.006345369387418
P0217,2025-07-01,0.2447766065597534,0.1934852749109268,-0.0412230752408504
P0217,2025-08-01,0.2555294930934906,0.2038552016019821,-0.0377552323043346
P0217,2025-09-01,0.2681209146976471,0.2058714926242828,-0.0362876914441585
P0217,2025-10-01,0.1486068069934845,0.0482936240732669,-0.4126029014587402
P0217,2025-11-01,0.2912813723087311,0.0884795933961868,-0.3209447860717773
P0217,2025-12-01,0.2912813723087311,0.0884795933961868,-0.3209447860717773
P0219,2025-01-01,0.5537806153297424,0.4126591086387634,0.141627550125122
P0219,2025-02-01,0.7002492547035217,0.5343838334083557,0.257296472787857
P0219,2025-03-01,0.6681322455406189,0.5881715416908264,0.3168124258518219
P0219,2025-04-01,0.4698145687580108,0.3255737423896789,0.0708451122045517
P0219,2025-05-01,0.2552545964717865,0.1788208186626434,-0.1484639197587967
P0219,2025-06-01,0.1907580941915512,0.1567991375923156,-0.1750028431415558
P0219,2025-07-01,0.155132457613945,0.1200727894902229,-0.1666268557310104
P0219,2025-08-01,0.1514630019664764,0.1195652186870575,-0.1488549560308456
P0219,2025-09-01,0.1512659192085266,0.117898441851139,-0.1538461595773697
P0219,2025-10-01,0.1130834966897964,0.074161373078823,-0.2801870703697204
P0219,2025-11-01,0.2437086105346679,0.1359418332576751,-0.1784776896238327
P0219,2025-12-01,0.2437086105346679,0.1359418332576751,-0.1784776896238327
P0222,2025-01-01,0.1682823449373245,0.1389896720647812,-0.1108933687210083
P0222,2025-02-01,0.2305184751749038,0.1941836476325988,-0.0482650995254516
P0222,2025-03-01,0.2948023080825805,0.2541091740131378,0.0264155715703964
P0222,2025-04-01,0.2813706696033478,0.2396547049283981,-0.001253918511793
P0222,2025-05-01,0.1782869845628738,0.1598116308450698,-0.0935182198882103
P0222,2025-06-01,0.1208351850509643,0.1024379208683967,-0.159933403134346
P0222,2025-07-01,0.0949349179863929,0.0799780711531639,-0.1714132726192474
P0222,2025-08-01,0.0928160101175308,0.0797953829169273,-0.1663877815008163
P0222,2025-09-01,0.0827536210417747,0.0684767216444015,-0.1881995052099228
P0222,2025-10-01,0.1013222858309745,0.0783695206046104,-0.1741727441549301
P0222,2025-11-01,0.1596902459859848,0.1020080745220184,-0.13516466319561
P0222,2025-12-01,0.1596902459859848,0.1020080745220184,-0.13516466319561
P0223,2025-01-01,0.3966677486896515,0.2131909728050232,-0.1522753834724426
P0223,2025-02-01,0.82892906665802,0.5508725047111511,0.3149999976158142
P0223,2025-03-01,0.8283777832984924,0.6519046425819397,0.4664211869239807
P0223,2025-04-01,0.5271317213773727,0.3840121850371361,0.13428931683301926
P0223,2025-05-01,0.225885659456253,0.1161197274923324,-0.1978425532579422
P0223,2025-06-01,0.1265633702278137,0.0940178036689758,-0.2128603160381317
P0223,2025-07-01,0.1821543425321579,0.1447072625160217,-0.1357545852661132
P0223,2025-08-01,0.1628012061119079,0.1329054832458496,-0.1246031746268272
P0223,2025-09-01,0.139188066124916,0.1095375940203666,-0.1772379130125045
P0223,2025-10-01,0.1533385068178177,0.0642172023653984,-0.3685441017150879
P0223,2025-11-01,0.1305939853191375,0.0530245453119277,-0.2675276696681976
P0223,2025-12-01,0.1305939853191375,0.0530245453119277,-0.2675276696681976
P0226,2025-01-01,0.7584978342056274,0.5161542892456055,0.3462749123573303
P0226,2025-02-01,0.7584978342056274,0.5161542892456055,0.3462749123573303
P0226,2025-03-01,0.7572513222694397,0.6709904670715332,0.4324024021625519
P0226,2025-04-01,0.869269609451294,0.7770715951919556,0.5255231261253357
P0226,2025-05-01,0.4388671517372131,0.3141689300537109,0.093821108341217
P0226,2025-06-01,0.224137932062149,0.1646869778633117,-0.0395636372268199
P0226,2025-07-01,0.1961398869752884,0.1558853536844253,-0.0492985434830188
P0226,2025-08-01,0.2121984362602234,0.1692182570695877,-0.0328046642243862
P0226,2025-09-01,0.1667868793010711,0.1266949772834777,-0.0690548121929168
P0226,2025-10-01,0.1510067135095596,0.0855542868375778,-0.2268442660570144
P0226,2025-11-01,0.1015838310122489,0.0357898771762847,-0.2728911340236664
P0226,2025-12-01,0.1015838310122489,0.0357898771762847,-0.2728911340236664
P0228,2025-01-01,0.1444262713193893,0.0891877859830856,-0.2415982633829116
P0228,2025-02-01,0.211480364203453,0.1194724589586258,-0.2173527330160141
P0228,2025-03-01,0.5794073939323425,0.4404472410678863,0.1589238196611404
P0228,2025-04-01,0.7592437863349915,0.6985407471656799,0.4415958225727081
P0228,2025-05-01,0.4794564843177795,0.2687216699123382,-0.0080260299146175
P0228,2025-06-01,0.273203581571579,0.1662668138742447,-0.1366942971944809
P0228,2025-07-01,0.215051844716072,0.1561891436576843,-0.127807006239891
P0228,2025-08-01,0.1882587671279907,0.1433855146169662,-0.1134135723114013
P0228,2025-09-01,0.2065376192331314,0.1463319957256317,-0.1369039863348007
P0228,2025-10-01,0.1516628414392471,0.0811001434922218,-0.2833184599876404
P0228,2025-11-01,0.3178545832633972,0.1487333178520202,-0.0929137766361236
P0228,2025-12-01,0.3178545832633972,0.1487333178520202,-0.0929137766361236
P0230,2025-01-01,-0.6901041865348816,-0.1789976060390472,-0.8326300978660583
P0230,2025-02-01,0.6451736688613892,0.5637156367301941,0.3312111794948578
P0230,2025-03-01,0.6718281507492065,0.6402729153633118,0.3903350830078125
P0230,2025-04-01,0.6806709170341492,0.6668649315834045,0.4221411049365997
P0230,2025-05-01,0.4230000078678131,0.3486301898956299,0.0852654054760932
P0230,2025-06-01,0.3391560316085815,0.2679651379585266,-0.0102988108992576
P0230,2025-07-01,0.3291003406047821,0.2587176561355591,-0.0085390256717801
P0230,2025-08-01,0.2266506999731063,0.1883975565433502,-0.0597875975072383
P0230,2025-09-01,0.2524898648262024,0.2041029334068298,-0.0664008781313896
P0230,2025-10-01,0.273850530385971,0.2210089266300201,-0.0634400621056556
P0230,2025-11-01,0.4079110026359558,0.2791122496128082,0.0747310817241668
P0230,2025-12-01,0.4079110026359558,0.2791122496128082,0.0747310817241668
P0233,2025-01-01,0.3271394968032837,0.1840129494667053,-0.1209915056824684
P0233,2025-02-01,0.734189510345459,0.5068245530128479,0.2436142414808273
P0233,2025-03-01,0.70426344871521,0.5261383652687073,0.2972184121608734
P0233,2025-04-01,0.8638855218887329,0.521967887878418,0.3432082533836365
P0233,2025-05-01,0.2046834379434585,0.1091043576598167,-0.231606125831604
P0233,2025-06-01,0.1496940553188324,0.0976200625300407,-0.226778358221054
P0233,2025-07-01,0.1371096819639206,0.0897889658808708,-0.2128308117389679
P0233,2025-08-01,0.13091641664505,0.0847944095730781,-0.2117085456848144
P0233,2025-09-01,0.129755437374115,0.0780016332864761,-0.2443199008703231
P0233,2025-10-01,0.0819729045033454,0.0347969681024551,-0.3450378477573395
P0233,2025-11-01,0.0682628601789474,0.0220329500734806,-0.3444826602935791
P0233,2025-12-01,0.0682628601789474,0.0220329500734806,-0.3444826602935791
P0235,2025-01-01,0.3301858007907867,0.2199764549732208,-0.1755710840225219
P0235,2025-02-01,0.7762951254844666,0.5539168119430542,0.3083445727825165
P0235,2025-03-01,0.7200927138328552,0.7415719628334045,0.4035817980766296
P0235,2025-04-01,0.5322799384593964,0.4948043078184128,0.2167604379355907
P0235,2025-05-01,0.3444671630859375,0.248036652803421,0.0299390777945518
P0235,2025-06-01,0.1984827369451522,0.1674022674560547,-0.0765835642814636
P0235,2025-07-01,0.1344585865736007,0.1137326061725616,-0.1099764332175254
P0235,2025-08-01,0.2224406749010086,0.198272630572319,-0.0241031385958194
P0235,2025-09-01,0.2112830132246017,0.1805266290903091,-0.0680533871054649
P0235,2025-10-01,0.0417398959398269,0.0184179916977882,-0.4008086919784546
P0235,2025-11-01,0.2494095414876938,0.1008711606264114,-0.2344428300857544
P0235,2025-12-01,0.2494095414876938,0.1008711606264114,-0.2344428300857544
P0238,2025-01-01,0.6018778085708618,0.5594855546951294,0.217908576130867
P0238,2025-02-01,0.7715834975242615,0.6106857061386108,0.3575465381145477
P0238,2025-03-01,0.7635217308998108,0.6346336007118225,0.4143835604190826
P0238,2025-04-01,0.8159598708152771,0.6633380651473999,0.4723916053771972
P0238,2025-05-01,0.2218863368034362,0.1622840613126754,-0.0941281914710998
P0238,2025-06-01,0.1949458420276641,0.1586590856313705,-0.1230128705501556
P0238,2025-07-01,0.1690962165594101,0.140676274895668,-0.1394849717617035
P0238,2025-08-01,0.1812596023082733,0.1489230394363403,-0.1100681498646736
P0238,2025-09-01,0.1941960155963897,0.1554146856069564,-0.1271344721317291
P0238,2025-10-01,0.2984745800495147,0.2557511329650879,-0.0492678098380565
P0238,2025-11-01,0.3357774913311004,0.209015354514122,-0.0026430054567754
P0238,2025-12-01,0.3357774913311004,0.209015354514122,-0.0026430054567754
P0240,2025-01-01,0.1019724607467651,0.0727485120296478,-0.1043557152152061
P0240,2025-02-01,0.5772684812545776,0.3482029438018799,0.1388640403747558
P0240,2025-03-01,0.5692534446716309,0.2406061887741089,0.2713887691497803
P0240,2025-04-01,0.603607177734375,0.3464037775993347,0.2575470730662346
P0240,2025-05-01,0.6379609107971191,0.4522013664245605,0.2437053769826889
P0240,2025-06-01,0.3326617479324341,0.2365338057279586,0.0162171386182308
P0240,2025-07-01,0.1307260543107986,0.0958220511674881,-0.1628686338663101
P0240,2025-08-01,0.118773266673088,0.0894764959812164,-0.1652116328477859
P0240,2025-09-01,0.0946114137768745,0.0701310336589813,-0.1799893379211425
P0240,2025-10-01,0.1189986318349838,0.0597451776266098,-0.2612633109092712
P0240,2025-11-01,0.1660595089197158,0.0868364199995994,-0.1411001831293106
P0240,2025-12-01,0.1660595089197158,0.0868364199995994,-0.1411001831293106
P0242,2025-01-01,0.3661859035491943,0.2349533885717392,-0.1272820383310318
P0242,2025-02-01,0.7102094292640686,0.4925026297569275,0.1967393308877945
P0242,2025-03-01,0.7909851670265198,0.7000740766525269,0.4246596097946167
P0242,2025-04-01,0.8808928728103638,0.8230445981025696,0.5305143594741821
P0242,2025-05-01,0.3788931667804718,0.2374729812145233,0.097520999610424
P0242,2025-06-01,0.2997124195098877,0.2163147926330566,0.0353460982441902
P0242,2025-07-01,0.1875283122062683,0.1520605236291885,-0.0896990746259689
P0242,2025-08-01,0.0280866008251905,0.0194138102233409,-0.2455989718437194
P0242,2025-09-01,0.0266168564558029,0.0170894041657447,-0.2979402840137481
P0242,2025-10-01,0.266783207654953,0.1319019496440887,-0.2572775781154632
P0242,2025-11-01,0.2289021611213684,0.10758538544178,-0.2143709659576416
P0242,2025-12-01,0.2289021611213684,0.10758538544178,-0.2143709659576416
P0244,2025-01-01,0.4534680545330047,0.4547580182552337,0.0878289937973022
P0244,2025-02-01,0.8407800793647766,0.6120395064353943,0.4027464389801025
P0244,2025-03-01,0.5554505586624146,0.3678894937038421,0.3332433104515075
P0244,2025-04-01,0.8275783658027649,0.6459907293319702,0.4123946726322174
P0244,2025-05-01,0.3339726030826568,0.2040987163782119,-0.0424778759479522
P0244,2025-06-01,0.1838280409574508,0.1337981969118118,-0.14604252576828
P0244,2025-07-01,0.1210501492023468,0.0975300818681716,-0.1425994932651519
P0244,2025-08-01,0.1122166067361831,0.0900877341628074,-0.1515490859746933
P0244,2025-09-01,0.1103532686829567,0.0865236967802047,-0.16973976790905
P0244,2025-10-01,0.0878464803099632,0.0385435782372951,-0.3438785970211029
P0244,2025-11-01,0.1500696390867233,0.073808953166008,-0.2241014838218689
P0244,2025-12-01,0.1500696390867233,0.073808953166008,-0.2241014838218689
P0247,2025-01-01,0.4201494455337524,0.2769668698310852,0.0763582959771156
P0247,2025-02-01,0.8301166296005249,0.7037428617477417,0.4725008010864258
P0247,2025-03-01,0.7952286005020142,0.7143089175224304,0.4253121018409729
P0247,2025-04-01,0.1492058187723159,0.1333474218845367,-0.0809459462761879
P0247,2025-05-01,0.3603460490703583,0.3295017778873443,0.0460222661495208
P0247,2025-06-01,0.2490112036466598,0.2286345511674881,-0.0434178970754146
P0247,2025-07-01,0.1771615594625473,0.1346446573734283,-0.1247136294841766
P0247,2025-08-01,0.1865889281034469,0.1425474435091018,-0.1107064858078956
P0247,2025-09-01,0.1857699453830719,0.1377862989902496,-0.1143950968980789
P0247,2025-10-01,0.2159685790538787,0.1364403069019317,-0.1267155408859253
P0247,2025-11-01,0.3498985767364502,0.1806030571460724,0.0254237279295921
P0247,2025-12-01,0.3498985767364502,0.1806030571460724,0.0254237279295921
P0249,2025-01-01,0.2183524221181869,0.189149722456932,-0.0857995226979255
P0249,2025-02-01,0.3685795366764068,0.2997695207595825,0.0357908830046653
P0249,2025-03-01,0.4428044259548187,0.3760632872581482,0.0898593068122863
P0249,2025-04-01,0.3666310608386993,0.2999271750450134,0.0013046314707025
P0249,2025-05-01,0.2496036887168884,0.2254562526941299,-0.0620876140892505
P0249,2025-06-01,0.1654556989669799,0.1564119309186935,-0.1187469884753227
P0249,2025-07-01,0.1339646279811859,0.115959495306015,-0.117002822458744
P0249,2025-08-01,-0.007867133244872,-0.0058429418131709,-0.2635608613491058
P0249,2025-09-01,0.0081690642982721,0.0061227204278111,-0.2539098560810089
P0249,2025-10-01,0.1061933040618896,0.0874414071440696,-0.1724581718444824
P0249,2025-11-01,0.0896429494023323,0.0517150722444057,-0.2493021637201309
P0249,2025-12-01,0.0896429494023323,0.0517150722444057,-0.2493021637201309
P0251,2025-01-01,0.2602470517158508,0.1600925624370575,-0.2172624170780182
P0251,2025-02-01,0.7454493045806885,0.4783092439174652,0.198373332619667
P0251,2025-03-01,0.7863507866859436,0.631744384765625,0.3867049217224121
P0251,2025-04-01,0.9080820083618164,0.6835433840751648,0.4649009108543396
P0251,2025-05-01,0.3804945051670074,0.2268780916929245,0.0100502511486411
P0251,2025-06-01,0.1923148334026336,0.1448870003223419,-0.115411102771759
P0251,2025-07-01,0.156326413154602,0.1239218935370445,-0.1140381693840026
P0251,2025-08-01,0.1493906825780868,0.1229266449809074,-0.0937146767973899
P0251,2025-09-01,0.1445575356483459,0.1117869913578033,-0.1600202620029449
P0251,2025-10-01,0.1799784153699875,0.1097400486469268,-0.2675041854381561
P0251,2025-11-01,0.1798063665628433,0.0706112384796142,-0.2885738015174866
P0251,2025-12-01,0.1798063665628433,0.0706112384796142,-0.2885738015174866
P0254,2025-01-01,0.2236717194318771,0.1434656977653503,-0.1669626981019973
P0254,2025-02-01,0.7128837704658508,0.4993654489517212,0.2329288125038147
P0254,2025-03-01,0.7613160610198975,0.6348942518234253,0.3903667628765106
P0254,2025-04-01,0.8666009902954102,0.740703284740448,0.4705060422420501
P0254,2025-05-01,0.3410578072071075,0.2078142166137695,-0.057662833482027
P0254,2025-06-01,0.1870109587907791,0.1531148254871368,-0.0913991406559944
P0254,2025-07-01,0.1582813560962677,0.1315274238586425,-0.0809413865208625
P0254,2025-08-01,0.156168520450592,0.132488876581192,-0.0825438275933265
P0254,2025-09-01,0.1542281359434127,0.1267037838697433,-0.1093204095959663
P0254,2025-10-01,0.116725206375122,0.0681495517492294,-0.2948302328586578
P0254,2025-11-01,0.1809891313314438,0.0823229104280471,-0.2156999707221985
P0254,2025-12-01,0.1809891313314438,0.0823229104280471,-0.2156999707221985
P0256,2025-01-01,-0.0124768950045108,-0.00526705943048,-0.5049803256988525
P0256,2025-02-01,0.6242711544036865,0.3305546045303345,0.041841983795166
P0256,2025-03-01,0.7604732513427734,0.6515453457832336,0.3881327509880066
P0256,2025-04-01,0.6537861526012421,0.5293249934911728,0.2866808772087097
P0256,2025-05-01,0.5470990538597107,0.4071046411991119,0.1852290034294128
P0256,2025-06-01,0.159090906381607,0.1246567517518997,-0.1355932205915451
P0256,2025-07-01,0.0609827153384685,0.0434109382331371,-0.2467944324016571
P0256,2025-08-01,0.0358539782464504,0.0240967366844415,-0.2861635088920593
P0256,2025-09-01,0.0335388407111167,0.0207203365862369,-0.3287956416606903
P0256,2025-10-01,0.3171221911907196,0.1454699635505676,-0.2416107356548309
P0256,2025-11-01,0.2966978847980499,0.1129837483167648,-0.2752066254615783
P0256,2025-12-01,0.2966978847980499,0.1129837483167648,-0.2752066254615783
P0259,2025-01-01,0.2649388015270233,0.1746172308921814,-0.1088757365942001
P0259,2025-02-01,0.5931129455566406,0.3737457990646362,0.1198683157563209
P0259,2025-03-01,0.8077152371406555,0.6687300205230713,0.3428360521793365
P0259,2025-04-01,0.5441873669624329,0.3253116607666015,0.0397972576320171
P0259,2025-05-01,0.205967977643013,0.1339666098356247,-0.2009323239326477
P0259,2025-06-01,0.1570011973381042,0.1347691565752029,-0.1829177737236023
P0259,2025-07-01,0.0626501888036727,0.0497004352509975,-0.1912475526332855
P0259,2025-08-01,0.1019357144832611,0.0793146342039108,-0.1743180304765701
P0259,2025-09-01,0.0920720696449279,0.0708973854780197,-0.1761587560176849
P0259,2025-10-01,0.0670459792017936,0.0552542209625244,-0.182781770825386
P0259,2025-11-01,0.1358581334352493,0.0704444870352745,-0.2002116441726684
P0259,2025-12-01,0.1358581334352493,0.0704444870352745,-0.2002116441726684
P0261,2025-01-01,0.2862977385520935,0.2016279846429824,-0.0595700219273567
P0261,2025-02-01,0.6083704233169556,0.467163473367691,0.1642031371593475
P0261,2025-03-01,0.7581300735473633,0.6572792530059814,0.3475428521633148
P0261,2025-04-01,0.4996140897274017,0.3060002624988556,0.0344276838004589
P0261,2025-05-01,0.1965833753347396,0.1212759912014007,-0.2375304698944091
P0261,2025-06-01,0.2093081772327423,0.1332351118326187,-0.2580645084381103
P0261,2025-07-01,0.1127182021737098,0.0853839740157127,-0.200071707367897
P0261,2025-08-01,0.103043332695961,0.0767524912953376,-0.188587412238121
P0261,2025-09-01,0.1085178852081298,0.0786750018596649,-0.1892599016427993
P0261,2025-10-01,0.071090817451477,0.0508763343095779,-0.2316060364246368
P0261,2025-11-01,0.0802556797862052,0.0452168807387352,-0.2293531447649002
P0261,2025-12-01,0.0802556797862052,0.0452168807387352,-0.2293531447649002
P0264,2025-01-01,0.5803530812263489,0.2510181665420532,-0.0803477317094802
P0264,2025-02-01,0.9377170205116272,0.7617049813270569,0.4695523381233215
P0264,2025-03-01,0.8663960695266724,0.794079601764679,0.5002127885818481
P0264,2025-04-01,0.9145824313163756,0.7443761825561523,0.5138260722160339
P0264,2025-05-01,0.1625868827104568,0.088878609240055,-0.1956930756568908
P0264,2025-06-01,0.1613609492778778,0.1300676167011261,-0.1379094719886779
P0264,2025-07-01,0.1686686724424362,0.1321534067392349,-0.1266674995422363
P0264,2025-08-01,0.1440256685018539,0.1150308698415756,-0.1201430857181549
P0264,2025-09-01,0.1534400880336761,0.1172389686107635,-0.1438087821006775
P0264,2025-10-01,0.1523037552833557,0.062574490904808,-0.3452121317386627
P0264,2025-11-01,0.1968057751655578,0.0685570687055587,-0.334955632686615
P0264,2025-12-01,0.1968057751655578,0.0685570687055587,-0.334955632686615
P0266,2025-01-01,0.3071198165416717,0.1816048175096511,-0.1140070632100105
P0266,2025-02-01,0.5586318969726562,0.3642404079437256,0.0783966481685638
P0266,2025-03-01,0.6768180131912231,0.5604634284973145,0.2729438245296478
P0266,2025-04-01,0.4834812581539154,0.3040310144424438,0.0056827678345143
P0266,2025-05-01,0.239671304821968,0.1522842645645141,-0.1572005003690719
P0266,2025-06-01,0.190399020910263,0.1294516175985336,-0.1790752857923507
P0266,2025-07-01,0.1637145280838012,0.1172182857990264,-0.1392775326967239
P0266,2025-08-01,0.1490795463323593,0.1081023067235946,-0.1333829164505005
P0266,2025-09-01,0.1523076891899109,0.1071866825222969,-0.1407265812158584
P0266,2025-10-01,0.1187147423624992,0.0636892393231391,-0.2707067430019378
P0266,2025-11-01,0.1505896598100662,0.0710271820425987,-0.2495069056749344
P0266,2025-12-01,0.1505896598100662,0.0710271820425987,-0.2495069056749344
P0269,2025-01-01,0.0870980098843574,0.0607379339635372,-0.2319448143243789
P0269,2025-02-01,0.3468668758869171,0.2633282542228699,-0.0023345234803855
P0269,2025-03-01,0.612389087677002,0.5524755120277405,0.2980158627033233
P0269,2025-04-01,0.7335515022277832,0.6573545336723328,0.4262434542179107
P0269,2025-05-01,0.2041101306676864,0.1496401578187942,-0.1549986004829406
P0269,2025-06-01,0.080535776913166,0.0621906816959381,-0.2264837920665741
P0269,2025-07-01,0.0901390463113784,0.0697381123900413,-0.1935445666313171
P0269,2025-08-01,0.1135670766234397,0.0902417749166488,-0.1581191718578338
P0269,2025-09-01,0.1219317838549614,0.0942791625857353,-0.1646095365285873
P0269,2025-10-01,0.0569739937782287,0.0343080051243305,-0.2917788624763489
P0269,2025-11-01,0.1177293062210083,0.0607942230999469,-0.2004400938749313
P0269,2025-12-01,0.1177293062210083,0.0607942230999469,-0.2004400938749313
P0271,2025-01-01,0.7840521931648254,0.5115529894828796,0.3425154685974121
P0271,2025-02-01,0.7840521931648254,0.5115529894828796,0.3425154685974121
P0271,2025-03-01,0.7754411697387695,0.5779763460159302,0.3969189822673797
P0271,2025-04-01,0.8966666460037231,0.7090640664100647,0.4994729459285736
P0271,2025-05-01,0.3763950765132904,0.2247509211301803,0.0813239812850952
P0271,2025-06-01,0.2591484487056732,0.1716044843196869,-0.0330505482852458
P0271,2025-07-01,0.1455508768558502,0.1151323914527893,-0.0905604362487793
P0271,2025-08-01,0.178329199552536,0.1399527490139007,-0.0781674683094024
P0271,2025-09-01,0.1392249763011932,0.1052519977092742,-0.1006367653608322
P0271,2025-10-01,0.0651041641831398,0.0238886978477239,-0.2804363071918487
P0271,2025-11-01,0.1339046657085418,0.0466122217476367,-0.1756230592727661
P0271,2025-12-01,0.1339046657085418,0.0466122217476367,-0.1756230592727661
P0274,2025-01-01,0.7155088186264038,0.5179007649421692,0.3040163516998291
P0274,2025-02-01,0.8215354084968567,0.6768968105316162,0.4479315280914306
P0274,2025-03-01,0.685143768787384,0.651170551776886,0.3567845523357391
P0274,2025-04-01,0.3584180772304535,0.2317493706941604,-0.1132910475134849
P0274,2025-05-01,0.0559490099549293,0.0322888270020484,-0.3114224076271057
P0274,2025-06-01,0.1776754856109619,0.1092154011130333,-0.1844118535518646
P0274,2025-07-01,0.9385299682617188,0.6696778535842896,0.401210069656372
P0274,2025-08-01,0.7799136638641357,0.4071100950241089,0.1202469170093536
P0274,2025-09-01,0.5960217118263245,0.3015222549438476,0.0572592243552207
P0274,2025-10-01,0.1426886767148971,0.0834413692355156,-0.243559718132019
P0274,2025-11-01,0.1893909573554992,0.0809050649404525,-0.2645772695541382
P0274,2025-12-01,0.1893909573554992,0.0809050649404525,-0.2645772695541382
P0276,2025-01-01,0.3414483964443207,0.2004124075174331,-0.1314844340085983
P0276,2025-02-01,0.7304697036743164,0.5213338136672974,0.2507262229919433
P0276,2025-03-01,0.8064082860946655,0.7036193609237671,0.4491303563117981
P0276,2025-04-01,0.913619577884674,0.8760896921157837,0.5652352571487427
P0276,2025-05-01,0.4877898097038269,0.2779343426227569,0.0963553562760353
P0276,2025-06-01,0.1648377925157547,0.1072914749383926,-0.1842632740736007
P0276,2025-07-01,0.1502538025379181,0.1077366545796394,-0.1909454464912414
P0276,2025-08-01,0.1372347027063369,0.0981605947017669,-0.1883823573589325
P0276,2025-09-01,0.1403634697198867,0.0919572636485099,-0.2290656268596649
P0276,2025-10-01,0.2400243729352951,0.133927047252655,-0.2157580405473709
P0276,2025-11-01,0.2021110206842422,0.0901199281215667,-0.2405532300472259
P0276,2025-12-01,0.2021110206842422,0.0901199281215667,-0.2405532300472259
P0279,2025-01-01,0.1629510819911956,0.1283379197120666,-0.140469416975975
P0279,2025-02-01,0.3340433835983276,0.2452304512262344,0.0013081395300105
P0279,2025-03-01,0.5810372829437256,0.4993314445018768,0.2128559052944183
P0279,2025-04-01,0.3092962503433227,0.2334854900836944,-0.0661792010068893
P0279,2025-05-01,0.0874035954475402,0.0758038014173507,-0.1816515624523162
P0279,2025-06-01,0.098914198577404,0.0881686434149742,-0.176849827170372
P0279,2025-07-01,0.0753371566534042,0.0590092279016971,-0.1928089410066604
P0279,2025-08-01,0.089697353541851,0.0695829913020134,-0.187156394124031
P0279,2025-09-01,0.0765141770243644,0.0582407601177692,-0.1992571353912353
P0279,2025-10-01,0.0683436170220375,0.0513979755342006,-0.2104524672031402
P0279,2025-11-01,0.1712488383054733,0.0989179611206054,-0.1609080284833908
P0279,2025-12-01,0.1712488383054733,0.0989179611206054,-0.1609080284833908
P0281,2025-01-01,0.4887903332710266,0.3259833753108978,0.0418965518474578
P0281,2025-02-01,0.930961549282074,0.8000859618186951,0.4871149361133575
P0281,2025-03-01,0.880372941493988,0.8538192510604858,0.5225847959518433
P0281,2025-04-01,0.6344770193099976,0.389158546924591,0.1623376607894897
P0281,2025-05-01,0.206780806183815,0.1122817248106002,-0.2907871305942535
P0281,2025-06-01,0.2103490531444549,0.1225910037755966,-0.277595043182373
P0281,2025-07-01,0.1523885279893875,0.1224317476153373,-0.1630623340606689
P0281,2025-08-01,0.1439162641763687,0.1193461269140243,-0.1308813840150833
P0281,2025-09-01,0.1563286483287811,0.1276194602251052,-0.1280419677495956
P0281,2025-10-01,0.3286699950695038,0.2241595685482025,-0.0670165494084358
P0281,2025-11-01,0.1435391455888748,0.0678460747003555,-0.2489548474550247
P0281,2025-12-01,0.1435391455888748,0.0678460747003555,-0.2489548474550247
P0284,2025-01-01,0.3096628487110138,0.2364719063043594,-0.0274164211004972
P0284,2025-02-01,0.5491260886192322,0.4705677032470703,0.1678393185138702
P0284,2025-03-01,0.5727880001068115,0.5041436553001404,0.2129522264003753
P0284,2025-04-01,0.2778302729129791,0.2038269490003585,-0.065127208828926
P0284,2025-05-01,0.2006662786006927,0.1521138548851013,-0.1507969498634338
P0284,2025-06-01,0.1966908276081085,0.1547869890928268,-0.1562459021806717
P0284,2025-07-01,0.1825494021177292,0.1402810961008072,-0.1530369371175766
P0284,2025-08-01,0.2571770250797272,0.2040843963623047,-0.076333962380886
P0284,2025-09-01,0.2379025220870971,0.1864364743232727,-0.0985392108559608
P0284,2025-10-01,0.2232604324817657,0.1565680503845214,-0.1347208619117736
P0284,2025-11-01,0.1831683218479156,0.0978957861661911,-0.198935329914093
P0284,2025-12-01,0.1831683218479156,0.0978957861661911,-0.198935329914093
P0286,2025-01-01,0.1953447312116623,0.1125980764627456,-0.2388367801904678
P0286,2025-02-01,0.670134961605072,0.4314683973789215,0.1416762769222259
P0286,2025-03-01,0.7406090497970581,0.5764506459236145,0.3230275511741638
P0286,2025-04-01,0.8781386613845825,0.6755272150039673,0.4073882400989532
P0286,2025-05-01,0.3242471516132355,0.2168252170085907,-0.0344501212239265
P0286,2025-06-01,0.1790532320737838,0.1130135953426361,-0.1713497638702392
P0286,2025-07-01,0.1332866847515106,0.0994985923171043,-0.1557206213474273
P0286,2025-08-01,0.0946701988577842,0.0776532515883445,-0.1459912657737732
P0286,2025-09-01,0.1105325073003768,0.0859254598617553,-0.1863384544849395
P0286,2025-10-01,0.1461626589298248,0.0967458188533783,-0.2375800013542175
P0286,2025-11-01,0.1500771641731262,0.0681810230016708,-0.2434010207653045
P0286,2025-12-01,0.1500771641731262,0.0681810230016708,-0.2434010207653045
P0288,2025-01-01,0.1650000065565109,0.0765442699193954,-0.3193258345127105
P0288,2025-02-01,0.1289279162883758,0.0525502897799015,-0.3697110414505005
P0288,2025-03-01,0.4369492530822754,0.2620262503623962,-0.0229338835924863
P0288,2025-04-01,0.6219990253448486,0.5611780285835266,0.2382485801354051
P0288,2025-05-01,0.8070487976074219,0.860329806804657,0.4994310438632965
P0288,2025-06-01,0.1858956664800644,0.157913252711296,-0.0534258633852005
P0288,2025-07-01,0.12646484375,0.0942480787634849,-0.1317275166511535
P0288,2025-08-01,0.1140578985214233,0.0844976380467414,-0.1480646878480911
P0288,2025-09-01,0.1258366852998733,0.0872887447476387,-0.1737543791532516
P0288,2025-10-01,0.1885130405426025,0.0912222042679786,-0.2826456725597381
P0288,2025-11-01,0.2488458007574081,0.0960270836949348,-0.2313157171010971
P0288,2025-12-01,0.2488458007574081,0.0960270836949348,-0.2313157171010971
P0291,2025-01-01,0.3824828267097473,0.264282077550888,-0.0810502246022224
P0291,2025-02-01,0.7053738236427307,0.5225353240966797,0.255202054977417
P0291,2025-03-01,0.7791164517402649,0.6803380250930786,0.4294714331626892
P0291,2025-04-01,0.8503773808479309,0.7542338967323303,0.4956535100936889
P0291,2025-05-01,0.1270863115787506,0.0833959206938743,-0.2028667777776718
P0291,2025-06-01,0.1804712563753128,0.1456898301839828,-0.1480288654565811
P0291,2025-07-01,0.1972886770963668,0.1660268902778625,-0.1059902310371398
P0291,2025-08-01,0.1537791639566421,0.1230936497449874,-0.1498780995607376
P0291,2025-09-01,0.1492941379547119,0.1130804196000099,-0.1865589916706085
P0291,2025-10-01,0.1724221855401992,0.1162790730595588,-0.2365795671939849
P0291,2025-11-01,0.3956858813762665,0.201600432395935,-0.03225052729249
P0291,2025-12-01,0.3956858813762665,0.201600432395935,-0.03225052729249
P0293,2025-01-01,0.5439210534095764,0.3371872901916504,-0.0694417804479599
P0293,2025-02-01,0.9440574049949646,0.7991881370544434,0.5524464249610901
P0293,2025-03-01,0.8509736061096191,0.7337833046913147,0.5095912218093872
P0293,2025-04-01,0.7787182331085205,0.1573648750782013,0.4994903206825256
P0293,2025-05-01,0.1234084218740463,0.0648392736911773,-0.2302013486623764
P0293,2025-06-01,0.1834421753883361,0.1315426975488662,-0.1402456015348434
P0293,2025-07-01,0.176341563463211,0.1469083428382873,-0.0955593064427375
P0293,2025-08-01,0.1914542764425277,0.1615515053272247,-0.0797823071479797
P0293,2025-09-01,0.2100694477558136,0.171101689338684,-0.0910492017865181
P0293,2025-10-01,0.1731016784906387,0.0540681779384613,-0.4418248534202575
P0293,2025-11-01,0.2454427033662796,0.0746239125728607,-0.3524035215377807
P0293,2025-12-01,0.2454427033662796,0.0746239125728607,-0.3524035215377807
P0296,2025-01-01,0.2753324210643768,0.1758058369159698,-0.0966222807765007
P0296,2025-02-01,0.3774601221084595,0.2669440507888794,0.0091060856357216
P0296,2025-03-01,0.4604735076427459,0.3520910739898681,0.1042172312736511
P0296,2025-04-01,0.4566437900066376,0.336077868938446,0.0743864998221397
P0296,2025-05-01,0.3829525411128998,0.3046870529651642,0.0381266474723815
P0296,2025-06-01,0.2223398685455322,0.1706993281841278,-0.1044602468609809
P0296,2025-07-01,0.1921207010746002,0.1456606835126876,-0.1087855622172355
P0296,2025-08-01,0.1770191788673401,0.1308056414127349,-0.1248200982809066
P0296,2025-09-01,0.1988960057497024,0.1457083225250244,-0.1219353154301643
P0296,2025-10-01,0.2656389772891998,0.1716967523097992,-0.1155347377061843
P0296,2025-11-01,0.3408668041229248,0.1940072625875473,-0.0337229371070861
P0296,2025-12-01,0.3408668041229248,0.1940072625875473,-0.0337229371070861
P0298,2025-01-01,0.194642573595047,0.1583045423030853,-0.0894043743610382
P0298,2025-02-01,0.319534957408905,0.2469572722911834,0.0153158036991953
P0298,2025-03-01,0.4471777677536011,0.3815082013607025,0.129982903599739
P0298,2025-04-01,0.138090968132019,0.1107750684022903,-0.130032017827034
P0298,2025-05-01,0.1064179092645645,0.0875426679849624,-0.1708981096744537
P0298,2025-06-01,0.0973438620567321,0.0822655782103538,-0.183440163731575
P0298,2025-07-01,0.0774943977594375,0.0632433667778968,-0.1794023513793945
P0298,2025-08-01,0.046046320348978,0.0376200824975967,-0.2042326927185058
P0298,2025-09-01,0.0347538255155086,0.0282764807343482,-0.2051906734704971
P0298,2025-10-01,0.0566621795296669,0.0464392863214015,-0.1838877350091934
P0298,2025-11-01,0.0692516341805458,0.050906702876091,-0.182705208659172
P0298,2025-12-01,0.0692516341805458,0.050906702876091,-0.182705208659172
P0300,2025-01-01,0.8246653079986572,0.5740966200828552,0.3080472350120544
P0300,2025-02-01,0.934544563293457,0.6710389852523804,0.5434868931770325
P0300,2025-03-01,0.8107368350028992,0.653642475605011,0.4831867516040802
P0300,2025-04-01,0.8646175265312195,0.6494078636169434,0.4895969927310943
P0300,2025-05-01,0.1125586256384849,0.0858005434274673,-0.193324938416481
P0300,2025-06-01,0.1046043783426284,0.0886475592851638,-0.1696908622980117
P0300,2025-07-01,0.123367428779602,0.0992832332849502,-0.1508266925811767
P0300,2025-08-01,0.1216244101524353,0.0838306322693824,-0.2066200077533722
P0300,2025-09-01,0.1623241901397705,0.1047556698322296,-0.2088826149702072
P0300,2025-10-01,0.1542056053876876,0.089533656835556,-0.252314805984497
P0300,2025-11-01,0.1996070742607116,0.0860346183180809,-0.215973287820816
P0300,2025-12-01,0.1996070742607116,0.0860346183180809,-0.215973287820816
P0303,2025-01-01,0.7407407164573669,0.4634667336940765,0.1711809337139129
P0303,2025-02-01,0.9020418524742126,0.6419925689697266,0.4656442999839782
P0303,2025-03-01,0.6037315726280212,0.4508213698863983,0.2654361724853515
P0303,2025-04-01,0.8552631735801697,0.5665380954742432,0.4061107635498047
P0303,2025-05-01,0.4268292784690857,0.2599758207798004,0.0217303000390529
P0303,2025-06-01,0.3223943412303924,0.2097997665405273,-0.0472857952117919
P0303,2025-07-01,0.2614233791828155,0.1863380819559097,-0.070193737745285
P0303,2025-08-01,0.3410731852054596,0.2539000213146209,0.0108839534223079
P0303,2025-09-01,0.3418454825878143,0.2424067258834839,-0.0160503536462783
P0303,2025-10-01,0.3252788186073303,0.1593342572450637,-0.1718931496143341
P0303,2025-11-01,0.234304204583168,0.0713075697422027,-0.2735238075256347
P0303,2025-12-01,0.234304204583168,0.0713075697422027,-0.2735238075256347
P0305,2025-01-01,0.6585416793823242,0.5111908912658691,0.2106143534183502
P0305,2025-02-01,0.7620350122451782,0.662051260471344,0.3755160272121429
P0305,2025-03-01,0.5390939116477966,0.4380157887935638,0.1914863586425781
P0305,2025-04-01,0.4513117969036102,0.2892856001853943,0.021484375
P0305,2025-05-01,0.277060329914093,0.1840529143810272,-0.1468235254287719
P0305,2025-06-01,0.1818533539772033,0.1328960061073303,-0.1709865629673004
P0305,2025-07-01,0.1710023581981659,0.1242991611361503,-0.1608656048774719
P0305,2025-08-01,0.1725924611091613,0.125938668847084,-0.1530520021915435
P0305,2025-09-01,0.1676787436008453,0.1157601475715637,-0.189200222492218
P0305,2025-10-01,0.109375,0.0634736567735672,-0.2933594286441803
P0305,2025-11-01,0.1779887229204177,0.0927213728427887,-0.1892609298229217
P0305,2025-12-01,0.1779887229204177,0.0927213728427887,-0.1892609298229217
P0307,2025-01-01,0.4876063764095306,0.258745938539505,-0.1422781497240066
P0307,2025-02-01,0.8975555300712585,0.7205294966697693,0.4626584351062774
P0307,2025-03-01,0.8190259337425232,0.7204053997993469,0.4833874106407165
P0307,2025-04-01,0.8908378481864929,0.8491331934928894,0.5344112515449524
P0307,2025-05-01,0.5434131622314453,0.3184992671012878,0.1946697533130645
P0307,2025-06-01,0.2336623072624206,0.1457522213459015,-0.1298212558031082
P0307,2025-07-01,0.1791208833456039,0.1442733258008957,-0.1138508766889572
P0307,2025-08-01,0.2772197127342224,0.2306427210569381,-0.0273905005306005
P0307,2025-09-01,0.2871187925338745,0.2164508700370788,-0.0926449820399284
P0307,2025-10-01,0.1372319757938385,0.0645918995141983,-0.3714716732501983
P0307,2025-11-01,0.1384115219116211,0.0550546869635582,-0.339886873960495
P0307,2025-12-01,0.1384115219116211,0.0550546869635582,-0.339886873960495
P0309,2025-01-01,-0.3014003932476043,-0.1552866399288177,-0.5671465396881104
P0309,2025-02-01,0.1952647715806961,0.1223714873194694,-0.1774702221155166
P0309,2025-03-01,0.5010607242584229,0.4126691520214081,0.1542340219020843
P0309,2025-04-01,0.2678914740681648,0.2169953752309084,-0.08826208114624026
P0309,2025-05-01,0.0347222238779068,0.0213215984404087,-0.3307581841945648
P0309,2025-06-01,0.0269022285938262,0.0193390101194381,-0.291158527135849
P0309,2025-07-01,0.1599261909723281,0.1299382746219635,-0.1251449733972549
P0309,2025-08-01,0.1321787983179092,0.1094765216112136,-0.1317820698022842
P0309,2025-09-01,0.1311939656734466,0.1049663946032524,-0.1467726677656173
P0309,2025-10-01,-0.3799862563610077,-0.1822289675474167,-0.6240617036819458
P0309,2025-11-01,-0.2343667894601822,-0.0784686282277107,-0.5339091420173645
P0309,2025-12-01,-0.2343667894601822,-0.0784686282277107,-0.5339091420173645
P0312,2025-01-01,0.2912395298480987,0.5753651857376099,-0.033821478486061
P0312,2025-02-01,0.9631131887435912,0.8503273725509644,0.5664971470832825
P0312,2025-03-01,0.8577989935874939,0.7899788618087769,0.511280357837677
P0312,2025-04-01,0.593436598777771,0.5076179429888725,0.2818205133080482
P0312,2025-05-01,0.3290742039680481,0.2252570241689682,0.0523606687784194
P0312,2025-06-01,0.1348843425512313,0.1154598817229271,-0.1074563711881637
P0312,2025-07-01,0.1293620467185974,0.105726383626461,-0.1037429720163345
P0312,2025-08-01,0.1315068453550338,0.1055482253432273,-0.1145339682698249
P0312,2025-09-01,0.1351222544908523,0.1071545481681823,-0.1412612646818161
P0312,2025-10-01,0.2309635579586029,0.1198726370930671,-0.2723976075649261
P0312,2025-11-01,0.3564220070838928,0.1476456522941589,-0.182019367814064
P0312,2025-12-01,0.3564220070838928,0.1476456522941589,-0.182019367814064
P0317,2025-01-01,0.7753880023956299,0.6052685976028442,0.3638221621513366
P0317,2025-02-01,0.7753880023956299,0.6052685976028442,0.3638221621513366
P0317,2025-03-01,0.7799999713897705,0.6832287907600403,0.4210766553878784
P0317,2025-04-01,0.7971788644790649,0.6279249787330627,0.4281589686870575
P0317,2025-05-01,0.3266343176364898,0.2217274010181427,-0.0678461268544197
P0317,2025-06-01,0.2257371544837951,0.1695014685392379,-0.1621729880571365
P0317,2025-07-01,0.2036280483007431,0.1631274372339248,-0.1373858004808426
P0317,2025-08-01,0.1929912865161895,0.1562542468309402,-0.1580878049135208
P0317,2025-09-01,0.179084300994873,0.1448839604854583,-0.162787914276123
P0317,2025-10-01,0.1480186432600021,0.1018999963998794,-0.2380878776311874
P0317,2025-11-01,0.2029573768377304,0.1129360124468803,-0.1399253755807876
P0317,2025-12-01,0.2029573768377304,0.1129360124468803,-0.1399253755807876
P0323,2025-01-01,0.2344224900007248,0.1221685409545898,-0.2349894046783447
P0323,2025-02-01,0.5487536787986755,0.2935409247875213,0.0631605461239814
P0323,2025-03-01,0.7578142285346985,0.5894287824630737,0.4361565411090851
P0323,2025-04-01,0.5375121384859085,0.3948088362812996,0.2221690868027508
P0323,2025-05-01,0.3172100484371185,0.2001888900995254,0.0081816324964165
P0323,2025-06-01,0.1855333894491195,0.1403401792049408,-0.0705475360155105
P0323,2025-07-01,0.1910309642553329,0.154831200838089,-0.0569876171648502
P0323,2025-08-01,0.2268598973751068,0.1681322157382965,-0.0634311810135841
P0323,2025-09-01,0.2372342497110366,0.1724735647439956,-0.0536474175751209
P0323,2025-10-01,0.1061519905924797,0.0494530200958251,-0.3301680088043213
P0323,2025-11-01,0.228588655591011,0.0748745501041412,-0.2527512907981872
P0323,2025-12-01,0.228588655591011,0.0748745501041412,-0.2527512907981872
P0328,2025-01-01,0.3737135529518127,0.2804866135120392,0.0084999212995171
P0328,2025-02-01,0.7769138813018799,0.6502586603164673,0.3976791501045227
P0328,2025-03-01,0.7085921168327332,0.6212373375892639,0.4571807086467743
P0328,2025-04-01,0.8373696208000183,0.732466459274292,0.5478656888008118
P0328,2025-05-01,0.2448142170906067,0.1703842431306839,-0.1191935464739799
P0328,2025-06-01,0.1646067351102829,0.1267922520637512,-0.1401907950639724
P0328,2025-07-01,0.1659090965986251,0.1299715191125869,-0.1105628162622451
P0328,2025-08-01,0.1621151566505432,0.1275279819965362,-0.1081297546625137
P0328,2025-09-01,0.172777771949768,0.1304056197404861,-0.1166131943464279
P0328,2025-10-01,0.1640950292348861,0.1052995547652244,-0.1916666626930236
P0328,2025-11-01,0.2059071660041809,0.1168097555637359,-0.1200738921761512
P0328,2025-12-01,0.2059071660041809,0.1168097555637359,-0.1200738921761512
P0333,2025-01-01,0.2978313267230987,0.1046110093593597,-0.3450875580310821
P0333,2025-02-01,0.2111687511205673,0.1079664230346679,-0.234079509973526
P0333,2025-03-01,0.3491408824920654,0.2325084656476974,-0.0483193285763263
P0333,2025-04-01,0.5947498977184296,0.533088855445385,0.18981643579900265
P0333,2025-05-01,0.8403589129447937,0.8336692452430725,0.4279522001743316
P0333,2025-06-01,0.161455750465393,0.1215956956148147,-0.1120526120066642
P0333,2025-07-01,0.1544655859470367,0.0884968116879463,-0.2530786097049713
P0333,2025-08-01,0.156084656715393,0.0915528684854507,-0.2450133562088012
P0333,2025-09-01,0.1597617864608764,0.0874631404876709,-0.263079971075058
P0333,2025-10-01,0.2113196849822998,0.1095385551452636,-0.2709688544273376
P0333,2025-11-01,0.2315400838851928,0.0766009390354156,-0.2654922902584076
P0333,2025-12-01,0.2315400838851928,0.0766009390354156,-0.2654922902584076
P0337,2025-01-01,0.3719548285007477,0.3398357033729553,0.0280498657375574
P0337,2025-02-01,0.7603503465652466,0.5189465284347534,0.3578300774097442
P0337,2025-03-01,0.716083288192749,0.5461525321006775,0.3680467009544372
P0337,2025-04-01,0.54876908659935,0.4085583835840225,0.22680740058422086
P0337,2025-05-01,0.3814548850059509,0.2709642350673675,0.0855681002140045
P0337,2025-06-01,0.2572796940803528,0.1932763457298278,0.0036702859215438
P0337,2025-07-01,0.1155045330524444,0.0977218225598335,-0.1061776056885719
P0337,2025-08-01,0.1116700172424316,0.0930004343390464,-0.1009995341300964
P0337,2025-09-01,0.1097505688667297,0.0896672680974006,-0.1127628684043884
P0337,2025-10-01,0.2336858361959457,0.1512167453765869,-0.1736351102590561
P0337,2025-11-01,0.1852649748325348,0.0772408843040466,-0.163321167230606
P0337,2025-12-01,0.1852649748325348,0.0772408843040466,-0.163321167230606
P0339,2025-01-01,0.5823459625244141,0.4982092082500458,0.2352397143840789
P0339,2025-02-01,0.5823459625244141,0.4982092082500458,0.2352397143840789
P0339,2025-03-01,0.5581479668617249,0.5191615223884583,0.228608101606369
P0339,2025-04-01,0.41946253180503845,0.3745608329772949,0.04169589281082156
P0339,2025-05-01,0.280777096748352,0.2299601435661316,-0.1452163159847259
P0339,2025-06-01,0.154969111084938,0.1302952170372009,-0.2379599958658218
P0339,2025-07-01,0.149961307644844,0.1204201504588127,-0.2423508465290069
P0339,2025-08-01,0.1434300988912582,0.1165425181388855,-0.2342031151056289
P0339,2025-09-01,0.1408209800720214,0.1151264682412147,-0.2331374585628509
P0339,2025-10-01,0.1533782333135604,0.116582453250885,-0.2325816750526428
P0339,2025-11-01,0.3243577182292938,0.2293529957532882,-0.0504782162606716
P0339,2025-12-01,0.3243577182292938,0.2293529957532882,-0.0504782162606716
P0341,2025-01-01,0.2842310070991516,0.1816472709178924,-0.1042546778917312
P0341,2025-02-01,0.2448201924562454,0.1427341699600219,-0.1696584522724151
P0341,2025-03-01,0.6175196766853333,0.4907236397266388,0.1967666745185852
P0341,2025-04-01,0.6197928190231323,0.4421800673007965,0.1429238021373748
P0341,2025-05-01,0.1490757316350937,0.0961292013525962,-0.2539682686328888
P0341,2025-06-01,0.1827704459428787,0.1258487254381179,-0.214748203754425
P0341,2025-07-01,0.1789961755275726,0.1132797524333,-0.1874131709337234
P0341,2025-08-01,0.1953574419021606,0.1213350668549537,-0.1765954494476318
P0341,2025-09-01,0.2134565711021423,0.1279078722000122,-0.1768737286329269
P0341,2025-10-01,0.2259534299373626,0.1551923900842666,-0.1649425327777862
P0341,2025-11-01,0.3111313879489898,0.1516723930835724,-0.108376421034336
P0341,2025-12-01,0.3111313879489898,0.1516723930835724,-0.108376421034336
P0343,2025-01-01,0.2714717984199524,0.1937879770994186,-0.0175412949174642
P0343,2025-02-01,0.2676185369491577,0.1927031129598617,-0.0075952997431159
P0343,2025-03-01,0.2979041934013366,0.238659992814064,0.030643243342638
P0343,2025-04-01,0.2261261194944381,0.1642756164073944,-0.0726355984807014
P0343,2025-05-01,0.2256020307540893,0.1919022500514984,-0.0474991798400878
P0343,2025-06-01,0.2193937599658966,0.1828999072313308,-0.065094769001007
P0343,2025-07-01,0.2017136216163635,0.1643397957086563,-0.0621103942394256
P0343,2025-08-01,0.213900625705719,0.1722842901945114,-0.051571037620306
P0343,2025-09-01,0.2170296460390091,0.1707642078399658,-0.0614648945629596
P0343,2025-10-01,0.2490754425525665,0.1758302003145218,-0.0640155225992202
P0343,2025-11-01,0.3421187400817871,0.1943652927875518,0.0660569071769714
P0343,2025-12-01,0.3421187400817871,0.1943652927875518,0.0660569071769714
P0346,2025-01-01,0.3931164145469665,0.2172620743513107,-0.0751517340540885
P0346,2025-02-01,0.826010525226593,0.5874161124229431,0.3059795200824737
P0346,2025-03-01,0.9056379795074464,0.7826176285743713,0.5177249312400818
P0346,2025-04-01,0.6785028874874115,0.5173143148422241,0.2664092341437935
P0346,2025-05-01,0.4513677954673767,0.2520110011100769,0.0150935370475053
P0346,2025-06-01,0.3237075805664062,0.2366960048675537,-0.0192998200654983
P0346,2025-07-01,0.1685575395822525,0.1349948048591613,-0.1214135363698005
P0346,2025-08-01,0.1543013900518417,0.1235723868012428,-0.1198547184467315
P0346,2025-09-01,0.1658718287944793,0.1286764740943908,-0.1249440684914588
P0346,2025-10-01,0.3684916794300079,0.1962549984455108,-0.1116724759340286
P0346,2025-11-01,0.4353645741939544,0.1980071067810058,0.0162094756960868
P0346,2025-12-01,0.4353645741939544,0.1980071067810058,0.0162094756960868
P0349,2025-01-01,0.2252559661865234,0.0452654212713241,-0.3056092858314514
P0349,2025-02-01,0.549719512462616,0.2247706353664398,-0.1373829096555709
P0349,2025-03-01,0.8191848397254944,0.6410572528839111,0.4216082990169525
P0349,2025-04-01,0.5138032659888268,0.37786195799708366,0.1293770745396614
P0349,2025-05-01,0.2084216922521591,0.1146666631102562,-0.1628541499376297
P0349,2025-06-01,0.1761890053749084,0.1481818109750747,-0.1350215822458267
P0349,2025-07-01,0.1399270743131637,0.1148751452565193,-0.1407466828823089
P0349,2025-08-01,0.1307812482118606,0.1072032377123832,-0.1354676932096481
P0349,2025-09-01,0.1390527784824371,0.1121976301074028,-0.13721464574337
P0349,2025-10-01,-0.0114698382094502,-0.0049822852015495,-0.4804643988609314
P0349,2025-11-01,0.093252882361412,0.0324377939105033,-0.3804787099361419
P0349,2025-12-01,0.093252882361412,0.0324377939105033,-0.3804787099361419
P0351,2025-01-01,0.7232899069786072,0.5870316028594971,0.2562518715858459
P0351,2025-02-01,0.9075294733047484,0.7615982890129089,0.4062131941318512
P0351,2025-03-01,0.7469442486763,0.6329503059387207,0.3507088124752044
P0351,2025-04-01,0.6569305658340454,0.4306493401527405,0.163966879248619
P0351,2025-05-01,0.2496592402458191,0.1666818261146545,-0.1385844051837921
P0351,2025-06-01,0.1531823128461837,0.1263794898986816,-0.1797654330730438
P0351,2025-07-01,0.0912914797663688,0.0710285827517509,-0.1833760738372802
P0351,2025-08-01,0.105964183807373,0.083728976547718,-0.1548292189836502
P0351,2025-09-01,0.1313844621181488,0.0993640720844268,-0.1698999851942062
P0351,2025-10-01,0.1599091291427612,0.1170316189527511,-0.2049592733383178
P0351,2025-11-01,0.2714090347290039,0.1414394825696945,-0.1523166745901107
P0351,2025-12-01,0.2714090347290039,0.1414394825696945,-0.1523166745901107
P0352,2025-01-01,0.2761178612709045,0.2072763293981552,0.0025902541819959
P0352,2025-02-01,0.689989447593689,0.5389655232429504,0.317830741405487
P0352,2025-03-01,0.8253164291381836,0.7766095995903015,0.4561734199523926
P0352,2025-04-01,0.9044103622436525,0.7858811020851135,0.5174962282180786
P0352,2025-05-01,0.4095528423786163,0.2085417658090591,-0.0275765359401702
P0352,2025-06-01,0.2648988664150238,0.156119093298912,-0.0938111990690231
P0352,2025-07-01,0.1768151968717575,0.1365356147289276,-0.0905473977327346
P0352,2025-08-01,0.1758804768323898,0.1264851242303848,-0.0956992805004119
P0352,2025-09-01,0.2001404464244842,0.1326527446508407,-0.1102047935128212
P0352,2025-10-01,0.166132315993309,0.0948577150702476,-0.140494093298912
P0352,2025-11-01,0.2033418267965316,0.1141675934195518,-0.0443094931542873
P0352,2025-12-01,0.2033418267965316,0.1141675934195518,-0.0443094931542873
P0353,2025-01-01,0.5702720880508423,0.4442575871944427,0.1384088695049286
P0353,2025-02-01,0.6611413955688477,0.5384483933448792,0.2655051052570343
P0353,2025-03-01,0.6179795861244202,0.5476706624031067,0.2625108361244201
P0353,2025-04-01,0.4629193991422653,0.3841154798865318,0.06699839234352112
P0353,2025-05-01,0.3078592121601105,0.2205602973699569,-0.1285140514373779
P0353,2025-06-01,0.2290061563253402,0.182518720626831,-0.1343101412057876
P0353,2025-07-01,0.2202979475259781,0.1702256202697754,-0.1302097141742706
P0353,2025-08-01,0.2292304933071136,0.1813981384038925,-0.1053252890706062
P0353,2025-09-01,0.2459903061389923,0.1897186636924743,-0.1077724322676658
P0353,2025-10-01,0.1389950811862945,0.0876769870519638,-0.2655397057533264
P0353,2025-11-01,0.3049670159816742,0.1622560620307922,-0.1404712945222854
P0353,2025-12-01,0.3049670159816742,0.1622560620307922,-0.1404712945222854
P0354,2025-01-01,0.4420682191848755,0.2786594331264496,-0.0467072315514087
P0354,2025-02-01,0.8306151032447815,0.6123956441879272,0.3249578475952148
P0354,2025-03-01,0.8441226482391357,0.7770598530769348,0.4545820951461792
P0354,2025-04-01,0.7551769018173218,0.5759170651435852,0.2895404100418091
P0354,2025-05-01,0.2010626345872879,0.1209826692938804,-0.2129375040531158
P0354,2025-06-01,0.2000512331724167,0.127153143286705,-0.2200765758752823
P0354,2025-07-01,0.175042524933815,0.1409292370080948,-0.1340170949697494
P0354,2025-08-01,0.1482320874929428,0.1214138939976692,-0.1441603749990463
P0354,2025-09-01,0.1407848596572876,0.1148594766855239,-0.1489919126033783
P0354,2025-10-01,0.1161750108003616,0.0908478274941444,-0.2231833934783935
P0354,2025-11-01,0.1467452347278595,0.0774562358856201,-0.2573142051696777
P0354,2025-12-01,0.1467452347278595,0.0774562358856201,-0.2573142051696777
P0355,2025-01-01,0.5427456498146057,0.3116597533226013,-0.0774289369583129
P0355,2025-02-01,0.9353846311569214,0.7158642411231995,0.5095071196556091
P0355,2025-03-01,0.8409909009933472,0.6853238344192505,0.5116481184959412
P0355,2025-04-01,0.5770974457263947,0.4281444102525711,0.24912448227405548
P0355,2025-05-01,0.3132039904594421,0.1709649860858917,-0.0133991539478302
P0355,2025-06-01,0.2125776410102844,0.1775708198547363,-0.0565422251820564
P0355,2025-07-01,0.1355480849742889,0.1152123138308525,-0.1064416468143463
P0355,2025-08-01,0.1242191940546035,0.1054699718952179,-0.1105245426297187
P0355,2025-09-01,0.0459167473018169,0.0359757021069526,-0.1952322721481323
P0355,2025-10-01,0.2453222423791885,0.0727825984358787,-0.3957632780075073
P0355,2025-11-01,0.2359307408332824,0.0661943331360817,-0.4033437967300415
P0355,2025-12-01,0.2359307408332824,0.0661943331360817,-0.4033437967300415
P0356,2025-01-01,0.1620772927999496,0.09796192497015,-0.2119574099779129
P0356,2025-02-01,0.5265536904335022,0.3726449906826019,0.1237730830907821
P0356,2025-03-01,0.6706705093383789,0.5921365022659302,0.3288179039955139
P0356,2025-04-01,0.4201297387480736,0.3435554541647434,0.04490268975496298
P0356,2025-05-01,0.1695889681577682,0.0949744060635566,-0.239012524485588
P0356,2025-06-01,0.0849629119038581,0.0552373155951499,-0.2586392164230346
P0356,2025-07-01,0.0799067392945289,0.050632569938898,-0.2497422993183136
P0356,2025-08-01,0.0843899399042129,0.055155549198389,-0.2347073554992675
P0356,2025-09-01,0.0819560810923576,0.0504782870411872,-0.2653343677520752
P0356,2025-10-01,0.097623087465763,0.0521526187658309,-0.2912479341030121
P0356,2025-11-01,0.0543795637786388,0.0234512723982334,-0.2660061120986938
P0356,2025-12-01,0.0543795637786388,0.0234512723982334,-0.2660061120986938
P0357,2025-01-01,0.4249084293842315,0.235650435090065,-0.1120564416050911
P0357,2025-02-01,0.7955566048622131,0.5992522835731506,0.337735503911972
P0357,2025-03-01,0.7601587772369385,0.6672196388244629,0.4050995707511902
P0357,2025-04-01,0.818810760974884,0.722989022731781,0.4474702477455139
P0357,2025-05-01,0.234770119190216,0.1396915465593338,-0.1893982291221618
P0357,2025-06-01,0.2304450422525406,0.1866364479064941,-0.1079198271036148
P0357,2025-07-01,0.2559093832969665,0.2044214904308319,-0.0802981108427047
P0357,2025-08-01,0.2556415796279907,0.2045873999595642,-0.0686621889472007
P0357,2025-09-01,0.2737361192703247,0.2126320451498031,-0.0811944082379341
P0357,2025-10-01,0.2177441865205764,0.1271906942129135,-0.2335740774869918
P0357,2025-11-01,0.2391603589057922,0.1214610263705253,-0.1763494908809662
P0357,2025-12-01,0.2391603589057922,0.1214610263705253,-0.1763494908809662
P0359,2025-01-01,0.3353238403797149,0.1505340933799743,-0.1956281065940857
P0359,2025-02-01,0.75394207239151,0.4135656058788299,0.1954511404037475
P0359,2025-03-01,0.8193510174751282,0.7042277455329895,0.4535251259803772
P0359,2025-04-01,0.9161097407341005,0.8604228496551514,0.5660485625267029
P0359,2025-05-01,0.3146263360977173,0.1811424344778061,0.0139044625684618
P0359,2025-06-01,0.1634105443954467,0.1403740048408508,-0.05401112139225
P0359,2025-07-01,0.154765248298645,0.128333643078804,-0.0505085512995719
P0359,2025-08-01,0.1642754673957824,0.1369518935680389,-0.0389625765383243
P0359,2025-09-01,0.1448615789413452,0.0703058838844299,-0.3006717562675476
P0359,2025-10-01,0.132402241230011,0.0468231402337551,-0.3665624856948852
P0359,2025-11-01,0.1897689700126648,0.0670840814709663,-0.2546519637107849
P0359,2025-12-01,0.1897689700126648,0.0670840814709663,-0.2546519637107849
P0362,2025-01-01,0.7322485446929932,0.4881079196929931,0.1516522467136383
P0362,2025-02-01,0.988683581352234,0.7690511345863342,0.5776841044425964
P0362,2025-03-01,0.8689194917678833,0.6920967102050781,0.6352165937423706
P0362,2025-04-01,0.537582091987133,0.41689530760049814,0.2858635745942593
P0362,2025-05-01,0.2062446922063827,0.1416939049959182,-0.063489444553852
P0362,2025-06-01,0.2007134854793548,0.1497828215360641,-0.0772005766630172
P0362,2025-07-01,0.0682079270482063,0.055295567959547,-0.1867278963327407
P0362,2025-08-01,0.0520862899720668,0.041928481310606,-0.1826901882886886
P0362,2025-09-01,0.0536664687097072,0.0432699173688888,-0.191858485341072
P0362,2025-10-01,0.0860952362418174,0.0411088466644287,-0.3707790672779083
P0362,2025-11-01,0.1197874099016189,0.0532921068370342,-0.2918820977210998
P0362,2025-12-01,0.1197874099016189,0.0532921068370342,-0.2918820977210998
P0365,2025-01-01,0.2620266079902649,0.1401459872722625,-0.2545344531536102
P0365,2025-02-01,0.538744330406189,0.342318058013916,0.0137879634276032
P0365,2025-03-01,0.7035083770751953,0.5373029708862305,0.3090748786926269
P0365,2025-04-01,0.6411502063274384,0.47454144060611725,0.25841098278760904
P0365,2025-05-01,0.5787920355796814,0.411779910326004,0.2077470868825912
P0365,2025-06-01,0.2498242259025573,0.1578698009252548,-0.071876086294651
P0365,2025-07-01,0.0214555449783802,0.0157589502632617,-0.2451801151037216
P0365,2025-08-01,0.0159031972289085,0.0117278126999735,-0.240991860628128
P0365,2025-09-01,0.2425461411476135,0.1570640504360199,-0.174371063709259
P0365,2025-10-01,0.1342769712209701,0.0623091682791709,-0.3683425784111023
P0365,2025-11-01,0.1991831660270691,0.1067375987768173,-0.2092396914958953
P0365,2025-12-01,0.1991831660270691,0.1067375987768173,-0.2092396914958953
P0367,2025-01-01,0.2395209521055221,0.1278643310070037,-0.212927758693695
P0367,2025-02-01,0.4933291971683502,0.2863420248031616,-0.0137295080348849
P0367,2025-03-01,0.6807191371917725,0.546794593334198,0.2848341166973114
P0367,2025-04-01,0.7834491729736328,0.6213394999504089,0.344742864370346
P0367,2025-05-01,0.3215304315090179,0.2108856290578842,-0.0199154037982225
P0367,2025-06-01,0.1329164952039718,0.0941589996218681,-0.1651307940483093
P0367,2025-07-01,0.077451154589653,0.0580321811139583,-0.1998692750930786
P0367,2025-08-01,0.0852301865816116,0.0651593655347824,-0.1764935106039047
P0367,2025-09-01,0.0835494622588157,0.0606036186218261,-0.2013926804065704
P0367,2025-10-01,0.1768055111169815,0.095401331782341,-0.2489959895610809
P0367,2025-11-01,0.2228037416934967,0.0994559973478317,-0.2250651568174362
P0367,2025-12-01,0.2228037416934967,0.0994559973478317,-0.2250651568174362
P0370,2025-01-01,0.9014614820480348,0.7310109734535217,0.5131277441978455
P0370,2025-02-01,0.9014614820480348,0.7310109734535217,0.5131277441978455
P0370,2025-03-01,0.8224766254425049,0.8151947855949402,0.5008630752563477
P0370,2025-04-01,0.9001953601837158,0.8830293416976929,0.5657365322113037
P0370,2025-05-01,0.5166912078857422,0.35773766040802,0.1314777582883834
P0370,2025-06-01,0.2654728889465332,0.2109290808439254,-0.0352551341056823
P0370,2025-07-01,0.34085214138031,0.2842110395431518,0.0407369248569011
P0370,2025-08-01,0.3558282256126404,0.2943626046180725,0.0356885381042957
P0370,2025-09-01,0.3827652037143707,0.3125731647014618,0.0563397407531738
P0370,2025-10-01,0.4295348823070526,0.3119089305400848,0.0416878499090671
P0370,2025-11-01,0.4766903221607208,0.2709152102470398,0.1094873547554016
P0370,2025-12-01,0.4766903221607208,0.2709152102470398,0.1094873547554016
P0372,2025-01-01,0.1812068372964859,0.1332994699478149,-0.155535340309143
P0372,2025-02-01,0.2729664146900177,0.1873246878385543,-0.1058840230107307
P0372,2025-03-01,0.6257059574127197,0.559038519859314,0.221736341714859
P0372,2025-04-01,0.4273627698421478,0.3055924475193023,-0.0087417596951127
P0372,2025-05-01,0.1685464978218078,0.1148458570241928,-0.2173603177070617
P0372,2025-06-01,0.1500379294157028,0.109022244811058,-0.2192892134189605
P0372,2025-07-01,0.1347228586673736,0.1054997071623802,-0.1616826653480529
P0372,2025-08-01,0.1313693076372146,0.1014650911092758,-0.1638524830341339
P0372,2025-09-01,0.1266782432794571,0.0949000120162963,-0.1777521669864654
P0372,2025-10-01,0.0449988879263401,0.0266624428331851,-0.321128785610199
P0372,2025-11-01,0.0573899373412132,0.0301445294171571,-0.3086017966270447
P0372,2025-12-01,0.0573899373412132,0.0301445294171571,-0.3086017966270447
P0375,2025-01-01,0.4818142056465149,0.3676519691944122,0.0066984221339225
P0375,2025-02-01,0.8460463881492615,0.5589603781700134,0.3377201855182647
P0375,2025-03-01,0.8665609359741211,0.6790101528167725,0.4694132208824157
P0375,2025-04-01,0.939902663230896,0.6952093243598938,0.5493587255477905
P0375,2025-05-01,0.2852815091609955,0.1767834722995758,-0.0288057997822761
P0375,2025-06-01,0.211355835199356,0.1480076909065246,-0.0403393618762493
P0375,2025-07-01,0.1250862926244735,0.1039968803524971,-0.1063713133335113
P0375,2025-08-01,0.0835242271423339,0.0633215755224227,-0.1947354674339294
P0375,2025-09-01,0.0931078344583511,0.0694218426942825,-0.1998136341571808
P0375,2025-10-01,0.108310766518116,0.0741057395935058,-0.2260363698005676
P0375,2025-11-01,0.1447042673826217,0.0805069208145141,-0.1932919770479202
P0375,2025-12-01,0.1447042673826217,0.0805069208145141,-0.1932919770479202
P0377,2025-01-01,0.7331606149673462,0.469043493270874,0.2665124237537384
P0377,2025-02-01,0.7331606149673462,0.469043493270874,0.2665124237537384
P0377,2025-03-01,0.6952938437461853,0.5545753240585327,0.3233451843261719
P0377,2025-04-01,0.5729758739471436,0.4144572466611862,0.1831733454018831
P0377,2025-05-01,0.4506579041481018,0.2743391692638397,0.0430015064775943
P0377,2025-06-01,0.3018786311149597,0.2118181884288787,-0.0392031855881214
P0377,2025-07-01,0.2328598946332931,0.179609939455986,-0.0625333338975906
P0377,2025-08-01,0.2280219793319702,0.1722801923751831,-0.0723574981093406
P0377,2025-09-01,0.1778221726417541,0.1247616931796073,-0.1279585808515548
P0377,2025-10-01,0.2349094599485397,0.090088352560997,-0.2758111953735351
P0377,2025-11-01,0.2484258711338043,0.0835997983813285,-0.2400696873664856
P0377,2025-12-01,0.2484258711338043,0.0835997983813285,-0.2400696873664856
P0378,2025-01-01,0.3357924818992615,0.2377261817455291,-0.0305699482560157
P0378,2025-02-01,0.696094274520874,0.5286622047424316,0.2714830338954925
P0378,2025-03-01,0.7804554104804993,0.6958684325218201,0.4050613939762115
P0378,2025-04-01,0.5116562768816948,0.43890687823295593,0.1790863499045372
P0378,2025-05-01,0.2428571432828903,0.1819453239440918,-0.0468886941671371
P0378,2025-06-01,0.0342493839561939,0.0245913714170455,-0.2460756450891494
P0378,2025-07-01,0.0181638691574335,0.013151123188436,-0.2531498968601227
P0378,2025-08-01,-0.0024178924504667,-0.0017286582151427,-0.2623659074306488
P0378,2025-09-01,0.0037069341633468,0.0025544702075421,-0.2751181125640869
P0378,2025-10-01,0.1275936812162399,0.0712162032723426,-0.248658686876297
P0378,2025-11-01,0.2192118167877197,0.1083026230335235,-0.151982381939888
P0378,2025-12-01,0.2192118167877197,0.1083026230335235,-0.151982381939888
P0379,2025-01-01,0.7278868556022644,0.559522271156311,0.2494275718927383
P0379,2025-02-01,0.9011051654815674,0.784401535987854,0.4706662595272064
P0379,2025-03-01,0.7833821773529053,0.6226088404655457,0.3712584376335144
P0379,2025-04-01,0.7516821622848511,0.4253853261470794,0.2065769135951995
P0379,2025-05-01,0.216447040438652,0.1352175325155258,-0.1970038712024688
P0379,2025-06-01,0.2014112919569015,0.1450011581182479,-0.1752249151468277
P0379,2025-07-01,0.1391798257827758,0.1022724285721778,-0.1896704137325287
P0379,2025-08-01,0.1076180934906005,0.0816053673624992,-0.1882238239049911
P0379,2025-09-01,0.1149339750409126,0.083026573061943,-0.2177713960409164
P0379,2025-10-01,0.1107556000351905,0.0676000490784645,-0.2810259759426117
P0379,2025-11-01,0.1944177150726318,0.0943719446659088,-0.1851608604192733
P0379,2025-12-01,0.1944177150726318,0.0943719446659088,-0.1851608604192733
P0380,2025-01-01,0.3444806039333343,0.1948051899671554,-0.0873844921588897
P0380,2025-02-01,0.9085037708282472,0.7251357436180115,0.5115089416503906
P0380,2025-03-01,0.810074508190155,0.6782748699188232,0.4582346379756927
P0380,2025-04-01,0.8406059145927429,0.6343843936920166,0.4235005974769592
P0380,2025-05-01,0.1611683815717697,0.0816987752914428,-0.2405034899711609
P0380,2025-06-01,0.1363185793161392,0.111239954829216,-0.1434798836708068
P0380,2025-07-01,0.1084751337766647,0.0839623138308525,-0.1413181275129318
P0380,2025-08-01,0.0831186696887016,0.0623165257275104,-0.1661819070577621
P0380,2025-09-01,0.0846482291817665,0.0613942965865135,-0.1857580840587616
P0380,2025-10-01,0.0869659036397934,0.0598348975181579,-0.2218445837497711
P0380,2025-11-01,0.1143353208899498,0.0717800185084343,-0.1888427585363388
P0380,2025-12-01,0.1143353208899498,0.0717800185084343,-0.1888427585363388
P0381,2025-01-01,0.2121344357728958,0.1001855283975601,-0.3155040740966797
P0381,2025-02-01,0.857309103012085,0.6611021161079407,0.4373986721038818
P0381,2025-03-01,0.7914760708808899,0.6522632837295532,0.4538552463054657
P0381,2025-04-01,0.8701018691062927,0.7493841052055359,0.5596405267715454
P0381,2025-05-01,0.0087719298899173,0.0043572224676609,-0.2778196334838867
P0381,2025-06-01,0.2836196720600128,0.250969797372818,0.0617420077323913
P0381,2025-07-01,0.2132840454578399,0.1965183466672897,0.0070899468846619
P0381,2025-08-01,0.0429612584412097,0.0210312847048044,-0.3561449348926544
P0381,2025-09-01,0.1162570863962173,0.0639603435993194,-0.2819213569164276
P0381,2025-10-01,-0.3098256587982178,-0.080198548734188,-0.675000011920929
P0381,2025-11-01,-0.2620209157466888,-0.0733429566025734,-0.6160261034965515
P0381,2025-12-01,-0.2620209157466888,-0.0733429566025734,-0.6160261034965515
P0382,2025-01-01,0.2677322626113891,0.1343178898096084,-0.1915480941534042
P0382,2025-02-01,0.3652207553386688,0.16778165102005,-0.1446250975131988
P0382,2025-03-01,0.3367048799991607,0.2376947700977325,0.0256985165178775
P0382,2025-04-01,0.3443756103515625,0.2307569533586502,-0.0033568905200809
P0382,2025-05-01,0.8190732002258301,0.8940562605857849,0.4796241521835327
P0382,2025-06-01,0.4950792193412781,0.4486365616321563,0.1416380107402801
P0382,2025-07-01,0.212175041437149,0.1720390617847442,-0.0872948318719863
P0382,2025-08-01,0.1955035924911499,0.1484242677688598,-0.0952769815921783
P0382,2025-09-01,0.2258364260196685,0.1664930880069732,-0.0817321091890335
P0382,2025-10-01,0.1991262286901474,0.1266229897737503,-0.1516186743974685
P0382,2025-11-01,0.2435024678707122,0.1212373301386833,-0.1084738224744796
P0382,2025-12-01,0.2435024678707122,0.1212373301386833,-0.1084738224744796
P0383,2025-01-01,0.3793202042579651,0.2650698721408844,0.0125812543556094
P0383,2025-02-01,0.6759429574012756,0.5120387673377991,0.320587158203125
P0383,2025-03-01,0.7482301592826843,0.6819760799407959,0.4730804562568664
P0383,2025-04-01,0.7301343381404877,0.5524436384439468,0.28452625498175615
P0383,2025-05-01,0.712038516998291,0.4229111969470978,0.0959720537066459
P0383,2025-06-01,0.271098256111145,0.212518498301506,-0.145355612039566
P0383,2025-07-01,0.219617411494255,0.1671806275844574,-0.1379904597997665
P0383,2025-08-01,0.2379679083824157,0.1437286883592605,-0.1848591566085815
P0383,2025-09-01,0.2703593671321869,0.151269182562828,-0.1836864352226257
P0383,2025-10-01,0.322802186012268,0.136941060423851,-0.1943669766187667
P0383,2025-11-01,0.3780251741409302,0.147609144449234,-0.1606721729040146
P0383,2025-12-01,0.3780251741409302,0.147609144449234,-0.1606721729040146
P0384,2025-01-01,0.4922196865081787,0.3703129887580871,0.040031898766756
P0384,2025-02-01,0.6346855163574219,0.482434868812561,0.2295166254043579
P0384,2025-03-01,0.6672446727752686,0.5869889259338379,0.3376101553440094
P0384,2025-04-01,0.739625871181488,0.5979489088058472,0.3568673431873321
P0384,2025-05-01,0.486848771572113,0.330347329378128,0.0710511952638626
P0384,2025-06-01,0.3039784431457519,0.222171738743782,-0.0594828873872756
P0384,2025-07-01,0.1735992431640625,0.1252123415470123,-0.1659017205238342
P0384,2025-08-01,0.1537927389144897,0.1170564144849777,-0.141990453004837
P0384,2025-09-01,0.1392911523580551,0.1004286408424377,-0.1844223141670227
P0384,2025-10-01,0.1857993155717849,0.0791752710938453,-0.3417512476444244
P0384,2025-11-01,0.1985507309436798,0.0767994597554206,-0.2653242647647857
P0384,2025-12-01,0.1985507309436798,0.0767994597554206,-0.2653242647647857
P0385,2025-01-01,0.4274979829788208,0.2981924414634704,-0.0111142378300428
P0385,2025-02-01,0.891837477684021,0.798826277256012,0.4854145646095276
P0385,2025-03-01,0.8301724195480347,0.772179126739502,0.4585050940513611
P0385,2025-04-01,0.5207084193825722,0.4531345069408417,0.14203112572431564
P0385,2025-05-01,0.2112444192171096,0.1340898871421814,-0.1744428426027298
P0385,2025-06-01,0.125743106007576,0.0914690047502517,-0.2067783772945404
P0385,2025-07-01,0.1167104393243789,0.0852886140346527,-0.1887669861316681
P0385,2025-08-01,0.1238291785120964,0.0935117229819297,-0.1655074805021286
P0385,2025-09-01,0.1355711221694946,0.0995644032955169,-0.1677812337875366
P0385,2025-10-01,0.1391633450984954,0.0905807018280029,-0.2333050370216369
P0385,2025-11-01,0.2608197331428528,0.130649521946907,-0.0961577966809272
P0385,2025-12-01,0.2608197331428528,0.130649521946907,-0.0961577966809272
P0386,2025-01-01,0.4317986965179443,0.2739278674125671,-0.0037803421728312
P0386,2025-02-01,0.8181118369102478,0.5834461450576782,0.3689395487308502
P0386,2025-03-01,0.8214907646179199,0.7845453023910522,0.4562795758247375
P0386,2025-04-01,0.6857758462429047,0.5872774869203568,0.319606602191925
P0386,2025-05-01,0.5500609278678894,0.3900096714496612,0.1829336285591125
P0386,2025-06-01,0.2589885294437408,0.1839122325181961,-0.075304701924324
P0386,2025-07-01,0.2146094888448715,0.1603908836841583,-0.0615571103990078
P0386,2025-08-01,0.204149067401886,0.149514615535736,-0.0858536586165428
P0386,2025-09-01,0.1900556683540344,0.1325975656509399,-0.107543908059597
P0386,2025-10-01,0.188140332698822,0.103113830089569,-0.2231019139289856
P0386,2025-11-01,0.1858513206243515,0.0795905813574791,-0.1886792480945587
P0386,2025-12-01,0.1858513206243515,0.0795905813574791,-0.1886792480945587
P0387,2025-01-01,0.5961538553237915,0.4815779626369476,0.20962755382061
P0387,2025-02-01,0.7759088277816772,0.6770619750022888,0.390399307012558
P0387,2025-03-01,0.6707247495651245,0.5678487420082092,0.2782709896564483
P0387,2025-04-01,0.4194036424160003,0.2883758246898651,0.0120166381821036
P0387,2025-05-01,0.2720077335834503,0.2026579976081848,-0.1171110793948173
P0387,2025-06-01,0.1730859130620956,0.1462103873491287,-0.1717494279146194
P0387,2025-07-01,0.0979183986783027,0.0743494406342506,-0.1952886581420898
P0387,2025-08-01,0.1115615367889404,0.0854615941643714,-0.1944770812988281
P0387,2025-09-01,0.0713621601462364,0.0423541739583015,-0.2695721089839935
P0387,2025-10-01,0.1300569325685501,0.0619698986411094,-0.3010194599628448
P0387,2025-11-01,0.275468111038208,0.128764271736145,-0.1667012274265289
P0387,2025-12-01,0.275468111038208,0.128764271736145,-0.1667012274265289
P0388,2025-01-01,0.5198556184768677,0.3183023929595947,-0.0423904061317443
P0388,2025-02-01,0.9024612307548524,0.5733590722084045,0.3885562121868133
P0388,2025-03-01,0.831228494644165,0.6369202733039856,0.4539653658866882
P0388,2025-04-01,0.8915386199951172,0.6904634833335876,0.5364127159118652
P0388,2025-05-01,0.258142352104187,0.167801022529602,-0.0413602925837039
P0388,2025-06-01,0.1682147979736328,0.1453000009059906,-0.0929682254791259
P0388,2025-07-01,0.1668316125869751,0.1408148109912872,-0.0755012854933738
P0388,2025-08-01,0.1838432252407074,0.1561714112758636,-0.0492527186870574
P0388,2025-09-01,0.1878120452165603,0.1591073125600814,-0.0617097802460193
P0388,2025-10-01,0.2818515002727508,0.1202957481145858,-0.2606396973133087
P0388,2025-11-01,0.331618070602417,0.1153723746538162,-0.2115775197744369
P0388,2025-12-01,0.331618070602417,0.1153723746538162,-0.2115775197744369
P0389,2025-01-01,0.8531058430671692,0.5946850180625916,0.2884151935577392
P0389,2025-02-01,0.8726159930229187,0.6353070139884949,0.3731008172035217
P0389,2025-03-01,0.7907348275184631,0.7077944874763489,0.4524906277656555
P0389,2025-04-01,0.8345719575881958,0.540579080581665,0.3873855173587799
P0389,2025-05-01,0.2311715483665466,0.163326233625412,-0.1663125157356262
P0389,2025-06-01,0.2076991945505142,0.1598104387521743,-0.1364742070436477
P0389,2025-07-01,0.1339185684919357,0.0969416722655296,-0.1733387857675552
P0389,2025-08-01,0.132310464978218,0.0980129987001419,-0.1541262120008468
P0389,2025-09-01,0.1472505033016204,0.1018080413341522,-0.1765823662281036
P0389,2025-10-01,0.1944331526756286,0.1383467763662338,-0.1723215579986572
P0389,2025-11-01,0.2409005612134933,0.1056511849164962,-0.1983030289411544
P0389,2025-12-01,0.2409005612134933,0.1056511849164962,-0.1983030289411544
P0390,2025-01-01,0.4482661485671997,0.2807005047798157,-0.0291060283780097
P0390,2025-02-01,0.7684021592140198,0.5413609743118286,0.2972718775272369
P0390,2025-03-01,0.7677383422851562,0.6854851841926575,0.4251452386379242
P0390,2025-04-01,0.8678543567657471,0.7497293949127197,0.4910142123699188
P0390,2025-05-01,0.4376820921897888,0.2436387240886688,0.0318308547139167
P0390,2025-06-01,0.1688099205493927,0.1092383563518524,-0.1304574757814407
P0390,2025-07-01,0.1581782549619674,0.1182861328125,-0.1132358461618423
P0390,2025-08-01,0.1442927867174148,0.1141379177570343,-0.0918938219547271
P0390,2025-09-01,0.1572045087814331,0.1168529912829399,-0.1119745224714279
P0390,2025-10-01,0.2197932004928589,0.1207674592733383,-0.1990300714969635
P0390,2025-11-01,0.2798913121223449,0.123840607702732,-0.1366849988698959
P0390,2025-12-01,0.2798913121223449,0.123840607702732,-0.1366849988698959
P0391,2025-01-01,0.4539670646190643,0.2397517561912536,-0.1603630930185318
P0391,2025-02-01,0.6844886541366577,0.4225352108478546,0.1310791075229644
P0391,2025-03-01,0.6866858005523682,0.5468420386314392,0.2649445235729217
P0391,2025-04-01,0.6406210064888,0.4970438480377197,0.20956666022539133
P0391,2025-05-01,0.5945562124252319,0.4472456574440002,0.154188796877861
P0391,2025-06-01,0.2397959232330322,0.16423000395298,-0.0754831805825233
P0391,2025-07-01,0.2159194946289062,0.1586746573448181,-0.1304632276296615
P0391,2025-08-01,0.1913456320762634,0.1433770209550857,-0.1323138326406479
P0391,2025-09-01,0.3957231044769287,0.2730453312397003,0.0012652222067117
P0391,2025-10-01,0.0997987911105156,0.0455748327076435,-0.3876316249370575
P0391,2025-11-01,0.2896341383457184,0.1226937249302864,-0.2348837256431579
P0391,2025-12-01,0.2896341383457184,0.1226937249302864,-0.2348837256431579
P0392,2025-01-01,0.4193971157073974,0.1808863431215286,-0.1885614395141601
P0392,2025-02-01,0.7651403546333313,0.4761379659175873,0.2549884617328644
P0392,2025-03-01,0.819301426410675,0.6768071055412292,0.4339592754840851
P0392,2025-04-01,0.7381669282913208,0.5711860060691833,0.3996881544589996
P0392,2025-05-01,0.3755620121955871,0.2333990782499313,-0.0491773299872875
P0392,2025-06-01,0.3526102602481842,0.2352429032325744,-0.0311089623719453
P0392,2025-07-01,0.1515327841043472,0.105324201285839,-0.1756944507360458
P0392,2025-08-01,0.1337465047836303,0.0926413163542747,-0.1837939023971557
P0392,2025-09-01,0.081156313419342,0.0527517199516296,-0.2449528872966766
P0392,2025-10-01,0.1374676972627639,0.047183196991682,-0.4229155778884887
P0392,2025-11-01,0.215613380074501,0.0560754910111427,-0.3493832051753998
P0392,2025-12-01,0.215613380074501,0.0560754910111427,-0.3493832051753998
P0393,2025-01-01,0.705300509929657,0.6142917275428772,0.2976849973201751
P0393,2025-02-01,0.7818692326545715,0.7342223525047302,0.4311670958995819
P0393,2025-03-01,0.4897706210613251,0.3761785328388214,0.1214996874332428
P0393,2025-04-01,0.3241299390792846,0.2207439243793487,-0.095419242978096
P0393,2025-05-01,0.2745915353298187,0.2305818498134613,-0.0958013013005256
P0393,2025-06-01,0.1870095133781433,0.1527300477027893,-0.153388112783432
P0393,2025-07-01,0.1649637371301651,0.1315754950046539,-0.1591530889272689
P0393,2025-08-01,0.1590538322925567,0.1270259022712707,-0.1609589010477066
P0393,2025-09-01,0.1652892529964447,0.1257121413946151,-0.183464765548706
P0393,2025-10-01,0.2946725785732269,0.2204539179801941,-0.0919823572039604
P0393,2025-11-01,0.3512471616268158,0.2256175726652145,-0.0028447122313082
P0393,2025-12-01,0.3512471616268158,0.2256175726652145,-0.0028447122313082
P0394,2025-01-01,0.3629484176635742,0.2309283465147018,-0.0555447675287723
P0394,2025-02-01,0.4226771593093872,0.2448190301656723,-0.0019885108340531
P0394,2025-03-01,0.3760786056518554,0.2641680836677551,-0.0214760527014732
P0394,2025-04-01,0.3682688176631927,0.2725087404251098,-0.036810778081417
P0394,2025-05-01,0.3018640875816345,0.2428562194108963,-0.0788540616631507
P0394,2025-06-01,0.2874547839164734,0.2407218515872955,-0.0876837968826294
P0394,2025-07-01,0.2176131308078766,0.1546391695737838,-0.13857501745224
P0394,2025-08-01,0.2392652183771133,0.1661988049745559,-0.122010737657547
P0394,2025-09-01,0.2435866743326187,0.1657963395118713,-0.1254425942897796
P0394,2025-10-01,0.2899854183197021,0.1950238645076751,-0.1100117415189743
P0394,2025-11-01,0.3984780311584472,0.2027455121278762,-0.0396674573421478
P0394,2025-12-01,0.3984780311584472,0.2027455121278762,-0.0396674573421478
P0395,2025-01-01,0.3308367133140564,0.2382199764251709,-0.0235515777021646
P0395,2025-02-01,0.584280788898468,0.5057622194290161,0.2711528241634369
P0395,2025-03-01,0.7252853512763977,0.6883295178413391,0.4046590626239776
P0395,2025-04-01,0.6284593939781189,0.4557618200778961,0.1778148412704467
P0395,2025-05-01,0.1532710343599319,0.1104691177606582,-0.2189873456954956
P0395,2025-06-01,0.142831802368164,0.1130935624241828,-0.1987809389829635
P0395,2025-07-01,0.1027515903115272,0.0736714303493499,-0.203142374753952
P0395,2025-08-01,0.1219754070043563,0.0857095047831535,-0.1967911422252655
P0395,2025-09-01,0.1100879907608032,0.0760166198015213,-0.2077978998422622
P0395,2025-10-01,0.2905142307281494,0.2004523575305938,-0.0758509412407875
P0395,2025-11-01,0.2020396888256073,0.1112831756472587,-0.1782551407814026
P0395,2025-12-01,0.2020396888256073,0.1112831756472587,-0.1782551407814026
P0396,2025-01-01,0.2668977379798889,0.1746540963649749,-0.1063569709658622
P0396,2025-02-01,0.6120098829269409,0.3928609192371368,0.165312185883522
P0396,2025-03-01,0.8560276031494141,0.7561178803443909,0.4360162913799286
P0396,2025-04-01,0.7968503832817078,0.5860745310783386,0.3652991354465484
P0396,2025-05-01,0.359725683927536,0.249086245894432,0.0212267823517322
P0396,2025-06-01,0.2820982635021209,0.2132802903652191,-0.0019445164361968
P0396,2025-07-01,0.1200170218944549,0.0991073325276374,-0.1083126291632652
P0396,2025-08-01,0.0857740566134452,0.0719584375619888,-0.1147373244166374
P0396,2025-09-01,0.0857864990830421,0.0701093524694442,-0.1286242753267288
P0396,2025-10-01,0.1648635864257812,0.1041542813181877,-0.1743623912334442
P0396,2025-11-01,0.137663260102272,0.0637901127338409,-0.2306039631366729
P0396,2025-12-01,0.137663260102272,0.0637901127338409,-0.2306039631366729
P0397,2025-01-01,0.4896126687526703,0.4786904454231262,0.029443971812725
P0397,2025-02-01,0.8643954396247864,0.6950761079788208,0.416511595249176
P0397,2025-03-01,0.8210062384605408,0.6910514235496521,0.4748376607894897
P0397,2025-04-01,0.5685333162546158,0.42527701705694193,0.1793409325182438
P0397,2025-05-01,0.3160603940486908,0.1595026105642318,-0.1161557957530021
P0397,2025-06-01,0.2590565681457519,0.1597454398870468,-0.086594820022583
P0397,2025-07-01,0.1759629845619201,0.1577885001897812,-0.0514475926756858
P0397,2025-08-01,0.2572073936462402,0.22964508831501,0.0029676735866814
P0397,2025-09-01,0.23015758395195,0.2011523246765136,-0.0495923161506652
P0397,2025-10-01,0.1544895470142364,0.1020374968647956,-0.270366907119751
P0397,2025-11-01,0.2099697887897491,0.1174264177680015,-0.1541710644960403
P0397,2025-12-01,0.2099697887897491,0.1174264177680015,-0.1541710644960403
P0398,2025-01-01,0.5766801834106445,0.4124060571193695,0.1578337252140045
P0398,2025-02-01,0.7182169556617737,0.5147178769111633,0.26253342628479
P0398,2025-03-01,0.7421830892562866,0.6401808857917786,0.3770904242992401
P0398,2025-04-01,0.6787413954734802,0.4343191683292389,0.206346184015274
P0398,2025-05-01,0.3206317722797394,0.2339181303977966,-0.0569575652480125
P0398,2025-06-01,0.3137876391410827,0.2439358234405517,-0.0490695908665657
P0398,2025-07-01,0.1679294854402542,0.1336878687143325,-0.1243913769721984
P0398,2025-08-01,0.1559276133775711,0.1170823350548744,-0.1315120756626129
P0398,2025-09-01,0.1504708081483841,0.1059597358107566,-0.1681644916534423
P0398,2025-10-01,0.1565341353416443,0.1143348291516304,-0.1899350583553314
P0398,2025-11-01,0.3998054563999176,0.1982570141553878,-0.0728092789649963
P0398,2025-12-01,0.3998054563999176,0.1982570141553878,-0.0728092789649963
P0399,2025-01-01,0.296635091304779,0.1607648730278015,-0.1843403279781341
P0399,2025-02-01,0.4442165791988373,0.2044630646705627,-0.1013272106647491
P0399,2025-03-01,0.6761390566825867,0.5044859051704407,0.2683490216732025
P0399,2025-04-01,0.8212619423866272,0.6892324686050415,0.4495398104190826
P0399,2025-05-01,0.5520728230476379,0.4251276850700378,0.2254510670900344
P0399,2025-06-01,0.125660166144371,0.0926174521446228,-0.1705582439899444
P0399,2025-07-01,0.0847543478012085,0.0624238364398479,-0.17880879342556
P0399,2025-08-01,0.0737457871437072,0.0524921119213104,-0.194762036204338
P0399,2025-09-01,0.2544689774513244,0.1736609488725662,-0.1176035478711128
P0399,2025-10-01,-0.0101289134472608,-0.0054855546914041,-0.3998883366584778
P0399,2025-11-01,0.1778797209262848,0.0641614869236946,-0.2796134650707245
P0399,2025-12-01,0.1778797209262848,0.0641614869236946,-0.2796134650707245
P0400,2025-01-01,0.790337085723877,0.6195610165596008,0.3722011744976043
P0400,2025-02-01,0.7778452634811401,0.6469815373420715,0.3912836909294128
P0400,2025-03-01,0.6103097200393677,0.4839197993278503,0.2319052219390869
P0400,2025-04-01,0.6125118732452393,0.4492950737476349,0.1750736683607101
P0400,2025-05-01,0.4390243887901306,0.2892290651798248,-0.0815199166536331
P0400,2025-06-01,0.3175303339958191,0.2321981489658355,-0.1095380038022995
P0400,2025-07-01,0.3078097701072693,0.2156766802072525,-0.1182526871562004
P0400,2025-08-01,0.3391397893428802,0.2400085180997848,-0.0850719958543777
P0400,2025-09-01,0.3725535869598388,0.2517951726913452,-0.0875154882669448
P0400,2025-10-01,0.4529702961444855,0.2824558317661285,-0.0547504015266895
P0400,2025-11-01,0.5338523983955383,0.2825050950050354,0.0323536098003387
P0400,2025-12-01,0.5338523983955383,0.2825050950050354,0.0323536098003387
P0401,2025-01-01,0.5540177822113037,0.4251070022583008,0.1123761609196662
P0401,2025-02-01,0.7813032269477844,0.6038511991500854,0.3066229224205017
P0401,2025-03-01,0.6746761798858643,0.5776835083961487,0.2800975739955902
P0401,2025-04-01,0.5084137320518494,0.3504268229007721,0.0524420775473117
P0401,2025-05-01,0.2826836705207824,0.2229689359664917,-0.0965743437409401
P0401,2025-06-01,0.1991150379180908,0.1660051941871643,-0.1428727209568023
P0401,2025-07-01,0.1624496430158615,0.1250217109918594,-0.145986258983612
P0401,2025-08-01,0.1555591970682144,0.1204910948872566,-0.1558612436056137
P0401,2025-09-01,0.1581783443689346,0.1200717762112617,-0.1639899611473083
P0401,2025-10-01,0.2670290470123291,0.1976513117551803,-0.1258642971515655
P0401,2025-11-01,0.3149909377098083,0.1947361081838607,-0.1137057393789291
P0401,2025-12-01,0.3149909377098083,0.1947361081838607,-0.1137057393789291
P0402,2025-01-01,0.8298139572143555,0.5957623720169067,0.3385435938835144
P0402,2025-02-01,0.912001609802246,0.7711561322212219,0.5366564393043518
P0402,2025-03-01,0.7584795355796814,0.6386436223983765,0.4561743438243866
P0402,2025-04-01,0.7453041076660156,0.5550004839897156,0.4196071326732635
P0402,2025-05-01,0.2121302634477615,0.1188602820038795,-0.2111607939004898
P0402,2025-06-01,0.1561677455902099,0.1199266985058784,-0.1678454130887985
P0402,2025-07-01,0.1509722918272018,0.1205231621861457,-0.1383539587259292
P0402,2025-08-01,0.1680155843496322,0.1348101049661636,-0.1132225766777992
P0402,2025-09-01,0.1774898767471313,0.1373330354690551,-0.1318209022283554
P0402,2025-10-01,0.2031690180301666,0.0949856787919998,-0.2629421949386596
P0402,2025-11-01,0.2117077410221099,0.0837337225675582,-0.2154459953308105
P0402,2025-12-01,0.2117077410221099,0.0837337225675582,-0.2154459953308105
P0403,2025-01-01,0.2845668494701385,0.1042498648166656,-0.3430164456367492
P0403,2025-02-01,0.4961240291595459,0.219585046172142,-0.1264643222093582
P0403,2025-03-01,0.7987288236618042,0.699042558670044,0.3970082402229309
P0403,2025-04-01,0.9076030254364014,0.942230463027954,0.5393204689025879
P0403,2025-05-01,0.5796296000480652,0.3804744184017181,0.2203147411346435
P0403,2025-06-01,0.1562920659780502,0.1234682723879814,-0.0993316769599914
P0403,2025-07-01,0.1300984472036361,0.08479755371809,-0.2224193513393402
P0403,2025-08-01,0.1798715144395828,0.1185733526945114,-0.1895734667778015
P0403,2025-09-01,0.1938553601503372,0.1177383661270141,-0.2156127244234085
P0403,2025-10-01,0.2384686321020126,0.1008229628205299,-0.3796210587024688
P0403,2025-11-01,0.2925211191177368,0.0960053876042366,-0.2976073324680328
P0403,2025-12-01,0.2925211191177368,0.0960053876042366,-0.2976073324680328
P0404,2025-01-01,0.4661785364151001,0.2535654604434967,-0.1119324192404747
P0404,2025-02-01,0.7735313177108765,0.6048290729522705,0.3469895422458648
P0404,2025-03-01,0.7603822946548462,0.7013270258903503,0.4094323813915252
P0404,2025-04-01,0.6228141039609909,0.4962390214204788,0.24740841612219805
P0404,2025-05-01,0.4852459132671356,0.2911510169506073,0.0853844508528709
P0404,2025-06-01,0.3366192579269409,0.2726868093013763,0.013106320053339
P0404,2025-07-01,0.297575831413269,0.2489011883735656,0.0299573689699172
P0404,2025-08-01,0.1704467386007309,0.1114673539996147,-0.163419023156166
P0404,2025-09-01,0.1520405411720276,0.0875011533498764,-0.2171470075845718
P0404,2025-10-01,0.1262928694486618,0.0446033775806427,-0.4027136266231537
P0404,2025-11-01,0.355975478887558,0.129993662238121,-0.1893129795789718
P0404,2025-12-01,0.355975478887558,0.129993662238121,-0.1893129795789718
P0405,2025-01-01,0.5864741802215576,0.3931195139884949,0.0744026079773902
P0405,2025-02-01,0.8332574963569641,0.6545746922492981,0.3705782294273376
P0405,2025-03-01,0.7804906368255615,0.623613566160202,0.344046801328659
P0405,2025-04-01,0.7277237772941589,0.592652440071106,0.3175153732299804
P0405,2025-05-01,0.2592348158359527,0.1774052828550338,-0.1251145750284195
P0405,2025-06-01,0.1616565436124801,0.1304482519626617,-0.1508882641792297
P0405,2025-07-01,0.1561043858528137,0.1219393834471702,-0.1408288180828094
P0405,2025-08-01,0.1500678062438964,0.1178921461105346,-0.1330077201128006
P0405,2025-09-01,0.1551040560007095,0.1164405643939971,-0.1575713753700256
P0405,2025-10-01,0.3033080101013183,0.2005556970834732,-0.1177182644605636
P0405,2025-11-01,0.2502689063549042,0.1143474951386451,-0.1507549881935119
P0405,2025-12-01,0.2502689063549042,0.1143474951386451,-0.1507549881935119
P0406,2025-01-01,0.3578702211380005,0.2107102423906326,-0.0874071195721626
P0406,2025-02-01,0.5410647988319397,0.400057889521122,0.12427396699786183
P0406,2025-03-01,0.7242593765258789,0.5894055366516113,0.3359550535678863
P0406,2025-04-01,0.5693941563367844,0.44109663367271423,0.19999596849083895
P0406,2025-05-01,0.4145289361476898,0.2927877306938171,0.0640368834137916
P0406,2025-06-01,0.2834898233413696,0.1938190758228302,-0.0848979577422142
P0406,2025-07-01,0.1977750360965728,0.1465048193931579,-0.1184039488434791
P0406,2025-08-01,0.1954725682735443,0.1506353914737701,-0.0987792760133743
P0406,2025-09-01,0.1951308846473693,0.1433990746736526,-0.1333952695131302
P0406,2025-10-01,0.1314688920974731,0.077996589243412,-0.2743881940841675
P0406,2025-11-01,0.2111711651086807,0.0967220142483711,-0.2084314674139022
P0406,2025-12-01,0.2111711651086807,0.0967220142483711,-0.2084314674139022
P0407,2025-01-01,0.5629677772521973,0.346707284450531,-0.0041467966511845
P0407,2025-02-01,0.9318383932113647,0.8905973434448242,0.6110121607780457
P0407,2025-03-01,0.8122659921646118,0.7504282593727112,0.4992625415325165
P0407,2025-04-01,0.8670943975448608,0.7903619408607483,0.5471669435501099
P0407,2025-05-01,0.1690140813589096,0.1006082519888877,-0.1464004814624786
P0407,2025-06-01,0.1897986978292465,0.160699188709259,-0.1012918725609779
P0407,2025-07-01,0.0359991826117038,0.0249037817120552,-0.279311329126358
P0407,2025-08-01,0.1879045367240905,0.1366337239742279,-0.1541120558977127
P0407,2025-09-01,0.2010127753019333,0.138956531882286,-0.1697108000516891
P0407,2025-10-01,0.2316282391548156,0.1190079599618911,-0.2884495258331299
P0407,2025-11-01,0.2907839119434356,0.1097166165709495,-0.2374843508005142
P0407,2025-12-01,0.2907839119434356,0.1097166165709495,-0.2374843508005142
P0408,2025-01-01,0.287766546010971,0.1876298934221267,-0.1101287454366684
P0408,2025-02-01,0.4542504847049713,0.3126023411750793,0.0657894760370254
P0408,2025-03-01,0.5166573524475098,0.4173933863639831,0.138446494936943
P0408,2025-04-01,0.4212213456630707,0.3412012159824371,0.0652330592274665
P0408,2025-05-01,0.3687460422515869,0.3122821152210235,0.0071062440983951
P0408,2025-06-01,0.3275392949581146,0.2801913619041443,-0.0269222240895032
P0408,2025-07-01,0.1767823547124862,0.1296356618404388,-0.1456057578325271
P0408,2025-08-01,0.1372391581535339,0.1029178127646446,-0.1570493727922439
P0408,2025-09-01,0.1579383462667465,0.117738626897335,-0.1522688716650009
P0408,2025-10-01,0.1384083032608032,0.099429465830326,-0.1724757403135299
P0408,2025-11-01,0.1923243701457977,0.1161085963249206,-0.1494199484586715
P0408,2025-12-01,0.1923243701457977,0.1161085963249206,-0.1494199484586715
P0409,2025-01-01,0.363471508026123,0.224782109260559,-0.0913328751921653
P0409,2025-02-01,0.5060106515884399,0.3032130599021911,0.0731075704097747
P0409,2025-03-01,0.5522739887237549,0.4405133426189422,0.1641527414321899
P0409,2025-04-01,0.2395494878292083,0.1536239087581634,-0.1733352541923523
P0409,2025-05-01,0.1430756151676178,0.1011581495404243,-0.2082156240940094
P0409,2025-06-01,0.1919336766004562,0.144993856549263,-0.1584693342447281
P0409,2025-07-01,0.202328160405159,0.1354628056287765,-0.1408766806125641
P0409,2025-08-01,0.2253283262252807,0.148996353149414,-0.1397523730993271
P0409,2025-09-01,0.2183563262224197,0.1385786831378936,-0.1578438133001327
P0409,2025-10-01,0.1232062354683876,0.0718057751655578,-0.2648597955703735
P0409,2025-11-01,0.1734330505132675,0.0705817565321922,-0.3093691170215606
P0409,2025-12-01,0.1734330505132675,0.0705817565321922,-0.3093691170215606
P0410,2025-01-01,0.7742668390274048,0.6392810940742493,0.4311177730560303
P0410,2025-02-01,0.7742668390274048,0.6392810940742493,0.4311177730560303
P0410,2025-03-01,0.7575694918632507,0.6353867650032043,0.4209825098514557
P0410,2025-04-01,0.6163696348667145,0.5001293420791626,0.26128364726901054
P0410,2025-05-01,0.4751697778701782,0.3648719191551208,0.1015847846865654
P0410,2025-06-01,0.3498331606388092,0.2733514904975891,0.0227560047060251
P0410,2025-07-01,0.2419165670871734,0.1922974437475204,-0.0368974916636943
P0410,2025-08-01,0.2368690371513366,0.1881043314933776,-0.0374253466725349
P0410,2025-09-01,0.3485045433044433,0.2680842578411102,0.0343402661383152
P0410,2025-10-01,0.2187073975801468,0.1372488588094711,-0.1646728962659835
P0410,2025-11-01,0.3292372822761535,0.1464766412973404,-0.0870197936892509
P0410,2025-12-01,0.3292372822761535,0.1464766412973404,-0.0870197936892509
P0411,2025-01-01,0.4173561930656433,0.317538321018219,0.0355352386832237
P0411,2025-02-01,0.7516212463378906,0.5715929865837097,0.2827291488647461
P0411,2025-03-01,0.7852737903594971,0.6781794428825378,0.4096207618713379
P0411,2025-04-01,0.6358580589294434,0.3988372087478637,0.1325632631778717
P0411,2025-05-01,0.3165081739425659,0.2070175409317016,-0.1367125064134597
P0411,2025-06-01,0.2969137132167816,0.202451542019844,-0.1482467800378799
P0411,2025-07-01,0.1690207123756408,0.1330385208129882,-0.1361475139856338
P0411,2025-08-01,0.1514100432395935,0.1219334453344345,-0.1322877556085586
P0411,2025-09-01,0.1559819132089615,0.1254390329122543,-0.1345322877168655
P0411,2025-10-01,0.1904198676347732,0.1420838981866836,-0.1926470547914505
P0411,2025-11-01,0.2303803563117981,0.1506564617156982,-0.1678606271743774
P0411,2025-12-01,0.2303803563117981,0.1506564617156982,-0.1678606271743774
P0412,2025-01-01,0.423828125,0.3099606335163116,-0.0003047386999242
P0412,2025-02-01,0.5965596437454224,0.4458653330802917,0.1632687151432037
P0412,2025-03-01,0.7396461367607117,0.6330714821815491,0.3813493847846985
P0412,2025-04-01,0.8109291791915894,0.6989529728889465,0.4509534835815429
P0412,2025-05-01,0.4464406669139862,0.2406094670295715,-0.0532504990696907
P0412,2025-06-01,0.1789600998163223,0.1163595169782638,-0.1985862255096435
P0412,2025-07-01,0.2334140390157699,0.1863978505134582,-0.0832633450627327
P0412,2025-08-01,0.1497120857238769,0.1146139428019523,-0.1576323211193084
P0412,2025-09-01,0.1277818977832794,0.0936854109168052,-0.195528507232666
P0412,2025-10-01,0.2848620414733886,0.1853229403495788,-0.1762549728155136
P0412,2025-11-01,0.2039262801408767,0.0928154662251472,-0.2249161750078201
P0412,2025-12-01,0.2039262801408767,0.0928154662251472,-0.2249161750078201
P0413,2025-01-01,0.6061730980873108,0.4338005781173706,0.2418804913759231
P0413,2025-02-01,0.6061730980873108,0.4338005781173706,0.2418804913759231
P0413,2025-03-01,0.6793258190155029,0.5454483032226562,0.3636521100997925
P0413,2025-04-01,0.7281750440597534,0.5488116145133972,0.4548044204711914
P0413,2025-05-01,0.496687114238739,0.3395631313323974,0.0904702320694923
P0413,2025-06-01,0.2281957119703292,0.1722376346588134,-0.071626953780651
P0413,2025-07-01,0.1284639686346054,0.0877928659319877,-0.1656666249036789
P0413,2025-08-01,0.162118449807167,0.1125077158212661,-0.1387265920639038
P0413,2025-09-01,0.1442369669675827,0.0953976288437843,-0.172718808054924
P0413,2025-10-01,0.1479066610336303,0.0703880339860916,-0.248145654797554
P0413,2025-11-01,0.2195024043321609,0.0911909863352775,-0.1289767771959304
P0413,2025-12-01,0.2195024043321609,0.0911909863352775,-0.1289767771959304
P0414,2025-01-01,0.4816828072071075,0.3473074436187744,0.027704918757081
P0414,2025-02-01,0.9300917983055116,0.7589741945266724,0.4853059351444244
P0414,2025-03-01,0.849834680557251,0.7753119468688965,0.4473791718482971
P0414,2025-04-01,0.6172866225242615,0.4447702765464782,0.2013979256153106
P0414,2025-05-01,0.2134803235530853,0.1393295228481292,-0.198974534869194
P0414,2025-06-01,0.1533660292625427,0.1338486671447754,-0.1890282183885574
P0414,2025-07-01,0.1136710420250892,0.095400296151638,-0.1588106453418731
P0414,2025-08-01,0.1069415584206581,0.0913884416222572,-0.1467931866645813
P0414,2025-09-01,0.0946938768029213,0.0778983533382415,-0.1852976977825164
P0414,2025-10-01,0.1542018502950668,0.1107069626450538,-0.1981843560934066
P0414,2025-11-01,0.1760738343000412,0.0817618370056152,-0.2149289101362228
P0414,2025-12-01,0.1760738343000412,0.0817618370056152,-0.2149289101362228
P0415,2025-01-01,0.4513550996780395,0.2263539433479309,-0.0171764697879552
P0415,2025-02-01,0.698890209197998,0.4304576218128204,0.2418872714042663
P0415,2025-03-01,0.6028753519058228,0.4305817484855652,0.2175080627202987
P0415,2025-04-01,0.6563841104507446,0.4243990480899811,0.2177085429430008
P0415,2025-05-01,0.3839357495307922,0.2377084493637085,-0.0292957741767168
P0415,2025-06-01,0.234087198972702,0.1543855369091034,-0.1417220681905746
P0415,2025-07-01,0.2522273957729339,0.1684804111719131,-0.1207923740148544
P0415,2025-08-01,0.2081695050001144,0.1361272931098938,-0.1418153643608093
P0415,2025-09-01,0.2380832284688949,0.1436484307050705,-0.1607112288475036
P0415,2025-10-01,0.3844437301158905,0.2014229893684387,-0.0916126370429992
P0415,2025-11-01,0.493914395570755,0.2201070785522461,0.0198338255286216
P0415,2025-12-01,0.493914395570755,0.2201070785522461,0.0198338255286216
P0416,2025-01-01,0.1913114488124847,0.1408873796463012,-0.1301563680171966
P0416,2025-02-01,0.425940603017807,0.3330958783626556,0.081881009042263
P0416,2025-03-01,0.5058935284614563,0.4163276851177215,0.1999697089195251
P0416,2025-04-01,0.31707677245140076,0.257067047059536,0.0231235399842262
P0416,2025-05-01,0.1282600164413452,0.0978064090013504,-0.1537226289510727
P0416,2025-06-01,0.1622647494077682,0.1401294767856598,-0.0870807468891143
P0416,2025-07-01,0.1104013100266456,0.0909876376390457,-0.1244995445013046
P0416,2025-08-01,0.0683817416429519,0.0558447204530239,-0.1553601920604705
P0416,2025-09-01,0.0723816454410553,0.0552070252597332,-0.1715617030858993
P0416,2025-10-01,0.1024226918816566,0.0754673182964325,-0.1742401868104934
P0416,2025-11-01,0.1308858692646026,0.0772831514477729,-0.1460425853729248
P0416,2025-12-01,0.1308858692646026,0.0772831514477729,-0.1460425853729248
P0417,2025-01-01,0.0577658750116825,0.025675032287836,-0.4070340991020202
P0417,2025-02-01,0.545708954334259,0.3115569055080414,0.0388714745640754
P0417,2025-03-01,0.790894091129303,0.6964787840843201,0.4769114255905151
P0417,2025-04-01,0.5923706442117691,0.4526899755001068,0.21422307938337326
P0417,2025-05-01,0.3938471972942352,0.2089011669158935,-0.0484652668237686
P0417,2025-06-01,0.1465988308191299,0.1072452589869499,-0.1621919274330139
P0417,2025-07-01,0.1384150683879852,0.1001955047249794,-0.1537445485591888
P0417,2025-08-01,0.1015805676579475,0.0711700543761253,-0.1906245499849319
P0417,2025-09-01,0.1063015908002853,0.0717547312378883,-0.192861333489418
P0417,2025-10-01,0.0185746774077415,0.0083820866420865,-0.4201553761959076
P0417,2025-11-01,0.1304573863744735,0.0459437705576419,-0.3332311511039734
P0417,2025-12-01,0.1304573863744735,0.0459437705576419,-0.3332311511039734
P0418,2025-01-01,0.1617802828550338,0.074971355497837,-0.2665031254291534
P0418,2025-02-01,0.6796371936798096,0.421612411737442,0.1593295633792877
P0418,2025-03-01,0.7212719321250916,0.5678914189338684,0.3490890264511108
P0418,2025-04-01,0.8473262190818787,0.5810840725898743,0.3643364906311035
P0418,2025-05-01,0.3725786805152893,0.2097389698028564,-0.0530382134020328
P0418,2025-06-01,0.1137859374284744,0.0889737531542778,-0.1822227835655212
P0418,2025-07-01,0.0975159481167793,0.0746134519577026,-0.1810895502567291
P0418,2025-08-01,0.2208713293075561,0.1547723859548568,-0.093303233385086
P0418,2025-09-01,0.1860628873109817,0.1148542985320091,-0.179249882698059
P0418,2025-10-01,0.0953669250011444,0.0448088459670543,-0.2947964370250702
P0418,2025-11-01,0.0885660722851753,0.0324285365641117,-0.2794665098190307
P0418,2025-12-01,0.0885660722851753,0.0324285365641117,-0.2794665098190307
P0419,2025-01-01,0.2021426111459732,0.1650605201721191,-0.1188208013772964
P0419,2025-02-01,0.438345730304718,0.3513918220996856,0.0552293062210083
P0419,2025-03-01,0.8359737396240234,0.8153327703475952,0.4141501188278198
P0419,2025-04-01,0.724252462387085,0.5327815413475037,0.2730989456176758
P0419,2025-05-01,0.2879083454608917,0.1809573471546173,-0.1060913726687431
P0419,2025-06-01,0.2415908128023147,0.1632964164018631,-0.0990667641162872
P0419,2025-07-01,0.1391026526689529,0.1107079312205314,-0.1365837603807449
P0419,2025-08-01,0.1273716539144516,0.1065369099378585,-0.1279810070991516
P0419,2025-09-01,0.1299394220113754,0.1084862500429153,-0.1324327290058136
P0419,2025-10-01,0.1213934570550918,0.0831844434142112,-0.2146385312080383
P0419,2025-11-01,0.1548368632793426,0.085180751979351,-0.188781663775444
P0419,2025-12-01,0.1548368632793426,0.085180751979351,-0.188781663775444
P0420,2025-01-01,0.5880829095840454,0.4511291682720184,0.0861791223287582
P0420,2025-02-01,0.8678977489471436,0.741016685962677,0.482047975063324
P0420,2025-03-01,0.7843053936958313,0.6431751847267151,0.4103939533233642
P0420,2025-04-01,0.8118393421173096,0.6185345649719238,0.4123786985874176
P0420,2025-05-01,0.3178353607654571,0.2063675373792648,-0.0347971729934215
P0420,2025-06-01,0.0437476523220539,0.0327339135110378,-0.2482758611440658
P0420,2025-07-01,0.0061253062449395,0.0045720557682216,-0.2515297532081604
P0420,2025-08-01,0.0217468179762363,0.0162098053842782,-0.2403049767017364
P0420,2025-09-01,0.0186205580830574,0.0135587593540549,-0.2664203643798828
P0420,2025-10-01,0.3189248144626617,0.1617896407842636,-0.2214837074279785
P0420,2025-11-01,0.5084628462791443,0.2669277787208557,-0.00342309451662
P0420,2025-12-01,0.5084628462791443,0.2669277787208557,-0.00342309451662
P0421,2025-01-01,0.4710937440395355,0.3204265236854553,0.0414822995662689
P0421,2025-02-01,0.9352643489837646,0.8781127333641052,0.5020314455032349
P0421,2025-03-01,0.8889408111572266,0.8780540227890015,0.4735115468502044
P0421,2025-04-01,0.6862621307373047,0.511865496635437,0.2423160523176193
P0421,2025-05-01,0.3059210479259491,0.2007838636636734,-0.121083103120327
P0421,2025-06-01,0.2921052575111389,0.1989701092243194,-0.1523854434490203
P0421,2025-07-01,0.2437719851732254,0.2147657722234726,-0.0595934875309467
P0421,2025-08-01,0.1811688244342804,0.1633183509111404,-0.0687077641487121
P0421,2025-09-01,0.1670128852128982,0.1464658677577972,-0.0931884199380874
P0421,2025-10-01,0.0738483592867851,0.0580428838729858,-0.1950826346874237
P0421,2025-11-01,0.2180942595005035,0.1050817146897316,-0.1646614819765091
P0421,2025-12-01,0.2180942595005035,0.1050817146897316,-0.1646614819765091
P0422,2025-01-01,0.6029658913612366,0.4082831144332886,0.062106043100357
P0422,2025-02-01,0.8647584319114685,0.6087101101875305,0.3896281719207763
P0422,2025-03-01,0.8061766028404236,0.7029804587364197,0.4722779989242553
P0422,2025-04-01,0.5986339151859283,0.49231043457984924,0.272017490118742
P0422,2025-05-01,0.3910912275314331,0.2816404104232788,0.0717569813132286
P0422,2025-06-01,0.1790730357170105,0.1551359146833419,-0.0707327872514724
P0422,2025-07-01,0.1727712452411651,0.1444485485553741,-0.0710532069206237
P0422,2025-08-01,0.1716731786727905,0.1401284784078598,-0.0899440050125122
P0422,2025-09-01,0.2227351367473602,0.18172687292099,-0.0691170021891594
P0422,2025-10-01,0.2139886617660522,0.1030665040016174,-0.2859684228897095
P0422,2025-11-01,0.3056586384773254,0.1222181022167205,-0.2338051199913025
P0422,2025-12-01,0.3056586384773254,0.1222181022167205,-0.2338051199913025
P0423,2025-01-01,0.5546135902404785,0.4318788945674896,0.1253032684326172
P0423,2025-02-01,0.7403614521026611,0.5855541229248047,0.2751213908195495
P0423,2025-03-01,0.7040350437164307,0.5816769599914551,0.3267634809017181
P0423,2025-04-01,0.500953733921051,0.3293000161647796,0.0386074893176555
P0423,2025-05-01,0.2558886408805847,0.176186129450798,-0.1392720937728881
P0423,2025-06-01,0.1900739222764969,0.1584666520357132,-0.1549914330244064
P0423,2025-07-01,0.1406685262918472,0.1098038256168365,-0.1642857193946838
P0423,2025-08-01,0.1418482363224029,0.1133579909801483,-0.1521811932325363
P0423,2025-09-01,0.1460509151220321,0.1139430701732635,-0.1672990322113037
P0423,2025-10-01,0.1464409530162811,0.0957869738340377,-0.2231896072626114
P0423,2025-11-01,0.147671177983284,0.0895926654338836,-0.193392664194107
P0423,2025-12-01,0.147671177983284,0.0895926654338836,-0.193392664194107
P0424,2025-01-01,0.2919179797172546,0.2119608968496322,-0.130540668964386
P0424,2025-02-01,0.9403012990951538,0.8463285565376282,0.5259182453155518
P0424,2025-03-01,0.8503801226615906,0.9002277851104736,0.5166372656822205
P0424,2025-04-01,0.8926334977149963,0.79896479845047,0.5091042518615723
P0424,2025-05-01,0.2519600987434387,0.1225728169083595,-0.1739948242902755
P0424,2025-06-01,0.1558143347501754,0.1228596568107605,-0.1640569418668747
P0424,2025-07-01,0.1671776622533798,0.1285455524921417,-0.1455404609441757
P0424,2025-08-01,0.1734951138496399,0.1355577409267425,-0.1339690685272216
P0424,2025-09-01,0.174692615866661,0.1337954550981521,-0.14948071539402
P0424,2025-10-01,0.1087486892938613,0.0552975796163082,-0.3017998337745666
P0424,2025-11-01,0.1649525314569473,0.0751920342445373,-0.246417611837387
P0424,2025-12-01,0.1649525314569473,0.0751920342445373,-0.246417611837387
P0425,2025-01-01,0.5296646356582642,0.3452785909175873,-0.0178505703806877
P0425,2025-02-01,0.8517594933509827,0.5840553045272827,0.3599918484687805
P0425,2025-03-01,0.8093891143798828,0.7252669334411621,0.4833075702190399
P0425,2025-04-01,0.6933314800262451,0.5618373304605484,0.33768582344055176
P0425,2025-05-01,0.5772738456726074,0.3984077274799347,0.1920640766620636
P0425,2025-06-01,0.3041516244411468,0.2363386452198028,-0.0534521155059337
P0425,2025-07-01,0.2366964071989059,0.1884551346302032,-0.0711562931537628
P0425,2025-08-01,0.2187354415655136,0.1749633401632309,-0.0773844495415687
P0425,2025-09-01,0.2283950597047805,0.1799296736717224,-0.0766210556030273
P0425,2025-10-01,0.2764847576618194,0.1274415552616119,-0.2588536739349365
P0425,2025-11-01,0.3031413555145263,0.1118062809109687,-0.2523280382156372
P0425,2025-12-01,0.3031413555145263,0.1118062809109687,-0.2523280382156372
P0426,2025-01-01,0.2932045459747314,0.1473852097988128,-0.2087378650903701
P0426,2025-02-01,0.6082134246826172,0.3641421496868133,0.114457830786705
P0426,2025-03-01,0.6361451148986816,0.4779967069625854,0.2297963201999664
P0426,2025-04-01,0.3579960763454437,0.4279442429542541,0.1171897947788238
P0426,2025-05-01,0.250815212726593,0.1538692414760589,-0.133634477853775
P0426,2025-06-01,0.1973490417003631,0.1359262764453888,-0.1375966072082519
P0426,2025-07-01,0.193071037530899,0.1437422186136245,-0.1216354817152023
P0426,2025-08-01,0.177094966173172,0.1279326230287552,-0.1402339488267898
P0426,2025-09-01,0.2564058899879455,0.199542686343193,-0.0679254829883575
P0426,2025-10-01,0.2406343966722488,0.1390117555856704,-0.2166781723499298
P0426,2025-11-01,0.3239586949348449,0.1553643345832824,-0.122670441865921
P0426,2025-12-01,0.3239586949348449,0.1553643345832824,-0.122670441865921
P0427,2025-01-01,0.977366268634796,0.7669261693954468,0.541436493396759
P0427,2025-02-01,0.977366268634796,0.7669261693954468,0.541436493396759
P0427,2025-03-01,0.8623132705688477,0.7501999139785767,0.5363349318504333
P0427,2025-04-01,0.5448986440896988,0.43859948962926865,0.25649386458098894
P0427,2025-05-01,0.2274840176105499,0.1269990652799606,-0.0233472026884555
P0427,2025-06-01,0.1891262978315353,0.1282382309436798,-0.0388166904449462
P0427,2025-07-01,0.1920961141586303,0.160366415977478,-0.0375175327062606
P0427,2025-08-01,0.1711085885763168,0.1442882418632507,-0.0478331036865711
P0427,2025-09-01,0.1560636162757873,0.1320691257715225,-0.0480589345097541
P0427,2025-10-01,0.226973682641983,0.1096011325716972,-0.171724647283554
P0427,2025-11-01,0.2693714797496795,0.1333904266357422,-0.068797267973423
P0427,2025-12-01,0.2693714797496795,0.1333904266357422,-0.068797267973423
P0428,2025-01-01,0.1080729141831398,0.0670696198940277,-0.2001879662275314
P0428,2025-02-01,0.7304738759994507,0.641531765460968,0.4122592508792877
P0428,2025-03-01,0.6766950488090515,0.6442463397979736,0.5048735737800598
P0428,2025-04-01,0.855202853679657,0.8229336738586426,0.6319247484207153
P0428,2025-05-01,0.0324530005455017,0.0223083794116973,-0.2557276487350464
P0428,2025-06-01,0.0233236160129308,0.0175989214330911,-0.2328427731990814
P0428,2025-07-01,0.0285438764840364,0.0210000574588775,-0.2148115485906601
P0428,2025-08-01,0.1048463135957717,0.0791932567954063,-0.141538456082344
P0428,2025-09-01,0.0925779715180397,0.067047894001007,-0.1710349023342132
P0428,2025-10-01,0.0922043025493621,0.0543788447976112,-0.2226898819208145
P0428,2025-11-01,0.055327869951725,0.029480580240488,-0.205772191286087
P0428,2025-12-01,0.055327869951725,0.029480580240488,-0.205772191286087
P0429,2025-01-01,0.2301943153142929,0.1284489333629608,-0.1701956093311309
P0429,2025-02-01,0.6052136421203613,0.3993615806102752,0.1372810304164886
P0429,2025-03-01,0.7195899486541748,0.5511549711227417,0.2981943190097809
P0429,2025-04-01,0.7686052322387695,0.5480775833129883,0.3159149289131164
P0429,2025-05-01,0.2309865206480026,0.1629018932580948,-0.1105354055762291
P0429,2025-06-01,0.1732923686504364,0.1362757980823516,-0.1328792721033096
P0429,2025-07-01,0.126696839928627,0.0965038016438484,-0.1670012027025222
P0429,2025-08-01,0.1456872373819351,0.1130735352635383,-0.1324837356805801
P0429,2025-09-01,0.1551656126976013,0.1133450493216514,-0.157584473490715
P0429,2025-10-01,0.2498107552528381,0.1547648757696151,-0.1178984865546226
P0429,2025-11-01,0.2878006994724273,0.1589586287736892,-0.0716350153088569
P0429,2025-12-01,0.2878006994724273,0.1589586287736892,-0.0716350153088569
P0430,2025-01-01,0.5161020755767822,0.2480401992797851,-0.1414021849632263
P0430,2025-02-01,0.8765167593955994,0.6687481999397278,0.3979085385799408
P0430,2025-03-01,0.825606644153595,0.7467160224914551,0.4764206111431122
P0430,2025-04-01,0.9012956023216248,0.8555015921592712,0.5475232601165771
P0430,2025-05-01,0.2335110902786255,0.1381646692752838,-0.1288404315710067
P0430,2025-06-01,0.2062406092882156,0.1701354533433914,-0.0976157784461975
P0430,2025-07-01,0.2042468637228012,0.1715422123670578,-0.0732424184679985
P0430,2025-08-01,0.1925050467252731,0.1582715362310409,-0.0765803754329681
P0430,2025-09-01,0.2069956064224243,0.1643677502870559,-0.0934128686785698
P0430,2025-10-01,0.3501901030540466,0.1743129640817642,-0.2330453544855117
P0430,2025-11-01,0.4946876466274261,0.2214696109294891,-0.0845913589000701
P0430,2025-12-01,0.4946876466274261,0.2214696109294891,-0.0845913589000701
P0431,2025-01-01,0.2374259084463119,0.2000399529933929,-0.1062866896390914
P0431,2025-02-01,0.6155431866645813,0.4847402572631836,0.1688292324542999
P0431,2025-03-01,0.8550066947937012,0.8058080077171326,0.4156943261623382
P0431,2025-04-01,0.8013100624084473,0.5607429146766663,0.3230577409267425
P0431,2025-05-01,0.2903771698474884,0.1802762001752853,-0.0908006802201271
P0431,2025-06-01,0.1735475212335586,0.143246591091156,-0.1439991295337677
P0431,2025-07-01,0.1020854339003562,0.0752075314521789,-0.196542426943779
P0431,2025-08-01,0.1629844903945922,0.1192637160420417,-0.1546696722507476
P0431,2025-09-01,0.1637194454669952,0.1184452623128891,-0.1521424502134323
P0431,2025-10-01,0.1026729568839073,0.0869901180267334,-0.1868042647838592
P0431,2025-11-01,0.1449921280145645,0.0846186801791191,-0.2100217044353485
P0431,2025-12-01,0.1449921280145645,0.0846186801791191,-0.2100217044353485
P0432,2025-01-01,0.3645139932632446,0.184182196855545,-0.1875123828649521
P0432,2025-02-01,0.8552899360656738,0.6011368632316589,0.3160743415355682
P0432,2025-03-01,0.8126682043075562,0.6557541489601135,0.3704225420951843
P0432,2025-04-01,0.5188300013542175,0.3868097588419914,0.073707215487957
P0432,2025-05-01,0.2249917984008789,0.1178653687238693,-0.2230081111192703
P0432,2025-06-01,0.190450057387352,0.1467437297105789,-0.1509655565023422
P0432,2025-07-01,0.2126056551933288,0.1567240953445434,-0.1444314867258072
P0432,2025-08-01,0.1963655650615692,0.1485227793455124,-0.1338612884283065
P0432,2025-09-01,0.2119065821170807,0.1528752148151397,-0.1528168022632599
P0432,2025-10-01,0.1333124190568924,0.0669839903712272,-0.3221388459205627
P0432,2025-11-01,0.1790341585874557,0.0746757537126541,-0.3195105493068695
P0432,2025-12-01,0.1790341585874557,0.0746757537126541,-0.3195105493068695
P0433,2025-01-01,0.3718820810317993,0.1850598007440567,-0.1442715674638748
P0433,2025-02-01,0.927775740623474,0.8401142954826355,0.5382221937179565
P0433,2025-03-01,0.8251476883888245,0.7278501391410828,0.4712010622024536
P0433,2025-04-01,0.9036415815353394,0.744881808757782,0.5164602398872375
P0433,2025-05-01,0.2669748663902282,0.1506849378347396,-0.1203610822558403
P0433,2025-06-01,0.3001960813999176,0.2219290882349014,-0.0259988252073526
P0433,2025-07-01,0.1461538523435592,0.11501494795084,-0.1337209343910217
P0433,2025-08-01,0.1377685368061065,0.1129853576421737,-0.0941293314099311
P0433,2025-09-01,0.1378349065780639,0.1060483306646347,-0.1334041059017181
P0433,2025-10-01,0.1558408886194229,0.0882847905158996,-0.270459234714508
P0433,2025-11-01,0.165993720293045,0.0593881420791149,-0.2863810956478119
P0433,2025-12-01,0.165993720293045,0.0593881420791149,-0.2863810956478119
P0434,2025-01-01,0.3104113042354584,0.1010671705007553,-0.3567823469638824
P0434,2025-02-01,0.6080760359764099,0.280234694480896,0.0137765798717737
P0434,2025-03-01,0.5749220848083496,0.4080313146114349,0.3111776411533355
P0434,2025-04-01,0.5394671261310577,0.38341970741748804,0.23398748785257334
P0434,2025-05-01,0.5040121674537659,0.3588081002235412,0.1567973345518112
P0434,2025-06-01,0.1501736044883728,0.1186296567320823,-0.0945742800831794
P0434,2025-07-01,0.1646706610918045,0.1236314624547958,-0.0838182345032692
P0434,2025-08-01,0.1486583203077316,0.1139667555689811,-0.0828453078866005
P0434,2025-09-01,0.1627668291330337,0.1135387420654296,-0.122793436050415
P0434,2025-10-01,0.297213613986969,0.0978872701525688,-0.2864441275596618
P0434,2025-11-01,0.2709776759147644,0.071731336414814,-0.3593325614929199
P0434,2025-12-01,0.2709776759147644,0.071731336414814,-0.3593325614929199
P0435,2025-01-01,0.6150514483451843,0.2436513453722,0.2135882824659347
P0435,2025-02-01,0.8079297542572021,0.6107980012893677,0.341850221157074
P0435,2025-03-01,0.789165735244751,0.6962763071060181,0.4181627631187439
P0435,2025-04-01,0.6475158333778381,0.5126369297504425,0.26692492514848704
P0435,2025-05-01,0.5058659315109253,0.3289975523948669,0.1156870871782302
P0435,2025-06-01,0.1980327814817428,0.1358606070280075,-0.1454630494117736
P0435,2025-07-01,0.1340715885162353,0.0916166678071022,-0.1824661493301391
P0435,2025-08-01,0.1267067193984985,0.0915452167391777,-0.1700415760278701
P0435,2025-09-01,0.1395440995693206,0.0971892401576042,-0.1914205402135849
P0435,2025-10-01,0.2488986849784851,0.1305108219385147,-0.2299185097217559
P0435,2025-11-01,0.3260350227355957,0.1427724659442901,-0.1662077605724334
P0435,2025-12-01,0.3260350227355957,0.1427724659442901,-0.1662077605724334
P0436,2025-01-01,0.5350258350372314,0.2432975620031356,-0.1108387783169746
P0436,2025-02-01,0.8914946913719177,0.5603600740432739,0.3599370419979095
P0436,2025-03-01,0.8485836386680603,0.7089590430259705,0.4899802803993225
P0436,2025-04-01,0.9228855967521667,0.8131849765777588,0.5711382031440735
P0436,2025-05-01,0.167677491903305,0.0833215117454528,-0.1829755306243896
P0436,2025-06-01,0.1422702372074127,0.1193149909377098,-0.1085381805896759
P0436,2025-07-01,0.123036652803421,0.098969429731369,-0.1251199543476104
P0436,2025-08-01,-0.4723858535289764,-0.2146921008825302,-0.6637728810310364
P0436,2025-09-01,-0.2667977809906006,-0.1370370388031005,-0.5384774208068848
P0436,2025-10-01,0.3008185625076294,0.0923366844654083,-0.3482570052146911
P0436,2025-11-01,0.3855869174003601,0.1074534133076667,-0.2525050044059753
P0436,2025-12-01,0.3855869174003601,0.1074534133076667,-0.2525050044059753
P0437,2025-01-01,0.6404977440834045,0.4814953505992889,0.2788359820842743
P0437,2025-02-01,0.7260698676109314,0.5774036645889282,0.3677916228771209
P0437,2025-03-01,0.6632070541381836,0.6020728349685669,0.3659610748291015
P0437,2025-04-01,0.425874650478363,0.2719470262527466,0.0033652142155915
P0437,2025-05-01,0.1409061402082443,0.0957036390900611,-0.2092848569154739
P0437,2025-06-01,0.1115836352109909,0.0773463621735572,-0.2000874429941177
P0437,2025-07-01,0.0700652971863746,0.040222592651844,-0.2524561285972595
P0437,2025-08-01,0.0778775066137313,0.0429916344583034,-0.2441688328981399
P0437,2025-09-01,0.0804235860705375,0.0418578311800956,-0.2632708847522735
P0437,2025-10-01,0.0513727106153965,0.0330090336501598,-0.2446204423904419
P0437,2025-11-01,0.2289416790008545,0.116556704044342,-0.1223005726933479
P0437,2025-12-01,0.2289416790008545,0.116556704044342,-0.1223005726933479
P0438,2025-01-01,0.2919470071792602,0.2180068790912628,-0.0512052699923515
P0438,2025-02-01,0.4643835723400116,0.3596217334270477,0.0818273797631263
P0438,2025-03-01,0.534895658493042,0.4685346186161041,0.2005619406700134
P0438,2025-04-01,0.4278607070446014,0.3278138637542724,0.0579475089907646
P0438,2025-05-01,0.2578578591346741,0.1961739957332611,-0.109930582344532
P0438,2025-06-01,0.2723141312599182,0.2199060469865799,-0.0931588485836982
P0438,2025-07-01,0.2086221426725387,0.1643448919057846,-0.109158881008625
P0438,2025-08-01,0.2147840559482574,0.1725242137908935,-0.0918912217020988
P0438,2025-09-01,0.2247036546468734,0.1795470118522644,-0.0935791507363319
P0438,2025-10-01,0.2796424627304077,0.2184569835662841,-0.1039724126458168
P0438,2025-11-01,0.2162542194128036,0.1206842437386512,-0.1689085364341735
P0438,2025-12-01,0.2162542194128036,0.1206842437386512,-0.1689085364341735
P0439,2025-01-01,0.2210268080234527,0.1620357483625412,-0.0896425545215606
P0439,2025-02-01,0.2987385392189026,0.2161407172679901,-0.0383526757359504
P0439,2025-03-01,0.3503292500972748,0.2695581614971161,0.0193154383450746
P0439,2025-04-01,0.2628125548362732,0.2001296430826187,-0.0606780126690864
P0439,2025-05-01,0.2289896160364151,0.1890789121389389,-0.0767320916056633
P0439,2025-06-01,0.1971237659454345,0.1698542982339859,-0.0980628207325935
P0439,2025-07-01,0.1675435751676559,0.1278159618377685,-0.114257201552391
P0439,2025-08-01,0.1909483522176742,0.1479590535163879,-0.0949197858572006
P0439,2025-09-01,0.1984633058309555,0.151628702878952,-0.0887507796287536
P0439,2025-10-01,0.1239520981907844,0.0825073719024658,-0.1816596388816833
P0439,2025-11-01,0.2105395793914795,0.1213662773370742,-0.1151861399412155
P0439,2025-12-01,0.2105395793914795,0.1213662773370742,-0.1151861399412155
P0440,2025-01-01,0.6725120544433594,0.3131251335144043,-0.0175122320652008
P0440,2025-02-01,0.7493090033531189,0.4928373992443084,0.2429300844669342
P0440,2025-03-01,0.6789817810058594,0.5258015990257263,0.248408704996109
P0440,2025-04-01,0.6134634912014008,0.4373301863670349,0.18443642184138295
P0440,2025-05-01,0.5479452013969421,0.3488587737083435,0.1204641386866569
P0440,2025-06-01,0.3000799715518951,0.2193674743175506,-0.0315711088478565
P0440,2025-07-01,0.2483480125665664,0.1837616115808487,-0.0799513012170791
P0440,2025-08-01,0.1672506481409073,0.1083371192216873,-0.1901134550571441
P0440,2025-09-01,0.2309505045413971,0.1378943771123886,-0.187381163239479
P0440,2025-10-01,0.2634382545948028,0.1026686280965805,-0.2780852317810058
P0440,2025-11-01,0.2024647891521453,0.0651164576411247,-0.3165443539619446
P0440,2025-12-01,0.2024647891521453,0.0651164576411247,-0.3165443539619446
P0441,2025-01-01,0.2805349230766296,0.148110955953598,-0.1148315519094467
P0441,2025-02-01,0.6018588542938232,0.3973465859889984,0.1485950946807861
P0441,2025-03-01,0.7698066234588623,0.6263747215270996,0.3496669828891754
P0441,2025-04-01,0.8654600977897644,0.6897810101509094,0.4267845153808594
P0441,2025-05-01,0.25840824842453,0.1339131593704223,-0.1637530475854873
P0441,2025-06-01,0.1629834324121475,0.1004426255822181,-0.1937674134969711
P0441,2025-07-01,0.1627704054117202,0.1202257648110389,-0.1493299305438995
P0441,2025-08-01,0.1623115539550781,0.1225403398275375,-0.1297968327999115
P0441,2025-09-01,0.1668490171432495,0.1195578351616859,-0.1542426645755767
P0441,2025-10-01,0.0996999740600586,0.0604804828763008,-0.2612403035163879
P0441,2025-11-01,0.0055460752919316,0.0020779387559741,-0.3598587810993194
P0441,2025-12-01,0.0055460752919316,0.0020779387559741,-0.3598587810993194
P0442,2025-01-01,0.3263781666755676,0.2010983377695083,-0.1094776913523674
P0442,2025-02-01,0.6826606392860413,0.5384989976882935,0.2638824582099914
P0442,2025-03-01,0.6709964275360107,0.6042789220809937,0.3063869476318359
P0442,2025-04-01,0.6848932504653931,0.5609676241874695,0.2721108794212341
P0442,2025-05-01,0.2214844673871994,0.1437055766582489,-0.1525172740221023
P0442,2025-06-01,0.1521899104118347,0.1164100095629692,-0.1774829179048538
P0442,2025-07-01,0.1466071456670761,0.1093121692538261,-0.1747847348451614
P0442,2025-08-01,0.1514261066913604,0.1146206781268119,-0.1554456651210785
P0442,2025-09-01,0.1547796875238418,0.1108881756663322,-0.177526593208313
P0442,2025-10-01,0.1610074192285537,0.1021048426628112,-0.2222054898738861
P0442,2025-11-01,0.2045646607875824,0.1099466904997825,-0.1554721444845199
P0442,2025-12-01,0.2045646607875824,0.1099466904997825,-0.1554721444845199
P0443,2025-01-01,0.6563836336135864,0.4237655699253082,0.1067346930503845
P0443,2025-02-01,0.9105124473571776,0.8240690231323242,0.5341905951499939
P0443,2025-03-01,0.8406619429588318,0.8363648056983948,0.5292654037475586
P0443,2025-04-01,0.5803959667682648,0.5362383723258972,0.2581776594743133
P0443,2025-05-01,0.3201299905776977,0.2361119389533996,-0.012910084798932
P0443,2025-06-01,0.2322127968072891,0.1902457326650619,-0.0676626712083816
P0443,2025-07-01,0.1812745928764343,0.1452051997184753,-0.1016036346554756
P0443,2025-08-01,0.1892709285020828,0.1505749523639679,-0.0890135318040847
P0443,2025-09-01,0.1905016005039215,0.145805537700653,-0.1185302287340164
P0443,2025-10-01,0.1044967845082283,0.047035239636898,-0.3602083921432495
P0443,2025-11-01,0.2608315050601959,0.1137491390109062,-0.1979398727416992
P0443,2025-12-01,0.2608315050601959,0.1137491390109062,-0.1979398727416992
P0445,2025-01-01,0.3516810536384582,0.2078790068626403,-0.1175213679671287
P0445,2025-02-01,0.4299601316452026,0.2840721905231476,-0.0459005497395992
P0445,2025-03-01,0.6050010323524475,0.4814599156379699,0.1649697571992874
P0445,2025-04-01,0.44774679839611053,0.34345858544111246,0.025609485805034637
P0445,2025-05-01,0.2904925644397735,0.205457255244255,-0.1137507855892181
P0445,2025-06-01,0.1990676820278167,0.1642122715711593,-0.1424867212772369
P0445,2025-07-01,0.1666020154953003,0.1233840882778167,-0.1538894325494766
P0445,2025-08-01,0.1773974001407623,0.1313742399215698,-0.1406871080398559
P0445,2025-09-01,0.1971741914749145,0.1385718882083892,-0.1572149693965912
P0445,2025-10-01,0.1566025167703628,0.1085723042488098,-0.2485989332199096
P0445,2025-11-01,0.3409546613693237,0.1529106944799423,-0.1737518608570099
P0445,2025-12-01,0.3409546613693237,0.1529106944799423,-0.1737518608570099
P0448,2025-01-01,0.2946394979953766,0.2364148497581482,-0.0152189517393708
P0448,2025-02-01,0.4516947567462921,0.3767537474632263,0.1467640250921249
P0448,2025-03-01,0.462165504693985,0.4006267488002777,0.1538246423006057
P0448,2025-04-01,0.4748362898826599,0.397892951965332,0.1511390209197998
P0448,2025-05-01,0.2821334302425384,0.226921334862709,-0.0589293129742145
P0448,2025-06-01,0.2212406396865844,0.1744027584791183,-0.1137282252311706
P0448,2025-07-01,0.1506488919258117,0.1177615672349929,-0.1506796181201934
P0448,2025-08-01,0.1386569291353225,0.1088084280490875,-0.1468978077173233
P0448,2025-09-01,0.1635984033346176,0.1223528087139129,-0.1600219160318374
P0448,2025-10-01,0.169879749417305,0.1306287795305252,-0.1505197435617447
P0448,2025-11-01,0.2761465609073639,0.1758071929216385,-0.027012025937438
P0448,2025-12-01,0.2761465609073639,0.1758071929216385,-0.027012025937438
P0450,2025-01-01,0.8214953541755676,0.7334045171737671,0.4332990050315857
P0450,2025-02-01,0.8214953541755676,0.7334045171737671,0.4332990050315857
P0450,2025-03-01,0.7850713729858398,0.622281014919281,0.4517050385475158
P0450,2025-04-01,0.5791681855916977,0.44635508954524994,0.27824901416897774
P0450,2025-05-01,0.3732649981975555,0.2704291641712188,0.1047929897904396
P0450,2025-06-01,0.2224060893058776,0.1764520555734634,0.0101189659908413
P0450,2025-07-01,0.1511233001947403,0.1285127252340316,-0.0652312263846397
P0450,2025-08-01,0.1476133167743683,0.126849889755249,-0.0846752673387527
P0450,2025-09-01,0.1484693139791488,0.1289954334497451,-0.0766874402761459
P0450,2025-10-01,0.0612594969570636,0.0433576144278049,-0.2713660895824432
P0450,2025-11-01,0.1640227437019348,0.0925206840038299,-0.1554831713438034
P0450,2025-12-01,0.1640227437019348,0.0925206840038299,-0.1554831713438034
P0453,2025-01-01,0.3094623684883117,0.2072710543870926,-0.0669629201292991
P0453,2025-02-01,0.6531656384468079,0.4896915555000305,0.2276397049427032
P0453,2025-03-01,0.7100591659545898,0.6263444423675537,0.3347795605659485
P0453,2025-04-01,0.8374119400978088,0.7325419187545776,0.4428592324256897
P0453,2025-05-01,0.4533186554908752,0.269130140542984,0.0371462255716323
P0453,2025-06-01,0.2393527776002884,0.1967624574899673,-0.0660301372408866
P0453,2025-07-01,0.2357546687126159,0.1910828053951263,-0.0517356470227241
P0453,2025-08-01,0.244691327214241,0.2000459879636764,-0.0335226021707057
P0453,2025-09-01,0.2541269958019256,0.1984481066465377,-0.0651916712522506
P0453,2025-10-01,0.2344338595867157,0.1500538885593414,-0.1503736525774002
P0453,2025-11-01,0.2661038041114807,0.129907801747322,-0.0939807593822479
P0453,2025-12-01,0.2661038041114807,0.129907801747322,-0.0939807593822479
P0456,2025-01-01,0.5550661087036133,0.3563348352909088,0.1175046563148498
P0456,2025-02-01,0.4871162176132202,0.2963247001171112,0.0581236593425273
P0456,2025-03-01,0.5204830765724182,0.3616440296173095,0.1461977809667587
P0456,2025-04-01,0.45704102516174316,0.3222366124391556,0.07477751094847915
P0456,2025-05-01,0.3935989737510681,0.2828291952610016,0.0033572409301996
P0456,2025-06-01,0.2526697516441345,0.1838224530220031,-0.1009399890899658
P0456,2025-07-01,0.2421240359544754,0.1699488162994384,-0.1031473502516746
P0456,2025-08-01,0.2384491711854934,0.1660883128643036,-0.0988159626722335
P0456,2025-09-01,0.2581621706485748,0.1705081015825271,-0.1121452525258064
P0456,2025-10-01,0.309615820646286,0.1988843828439712,-0.0851198956370353
P0456,2025-11-01,0.3931968808174133,0.2176410555839538,-0.0016525511164218
P0456,2025-12-01,0.3931968808174133,0.2176410555839538,-0.0016525511164218
P0458,2025-01-01,0.8064010739326477,0.6235937476158142,0.393473744392395
P0458,2025-02-01,0.8064010739326477,0.6235937476158142,0.393473744392395
P0458,2025-03-01,0.8931972980499268,0.2767939865589142,0.5384190082550049
P0458,2025-04-01,0.7390944361686707,0.4541598856449127,0.25203737616539
P0458,2025-05-01,0.343340128660202,0.2029984444379806,-0.0715149044990539
P0458,2025-06-01,0.3921608328819275,0.2913749516010284,-0.0174860246479511
P0458,2025-07-01,0.1212314590811729,0.0979230031371116,-0.1358495205640792
P0458,2025-08-01,0.1189087182283401,0.0929727107286453,-0.1444502770900726
P0458,2025-09-01,0.3202939331531524,0.2186679244041443,-0.0827327296137809
P0458,2025-10-01,0.1717139184474945,0.0932763963937759,-0.2284683883190155
P0458,2025-11-01,0.3092783391475677,0.1442256271839141,-0.1203181147575378
P0458,2025-12-01,0.3092783391475677,0.1442256271839141,-0.1203181147575378
P0460,2025-01-01,0.2349596470594406,0.1941674053668975,-0.0986613109707832
P0460,2025-02-01,0.4598459228873253,0.3748234659433365,0.10421973094344142
P0460,2025-03-01,0.68473219871521,0.5554795265197754,0.307100772857666
P0460,2025-04-01,0.8126771450042725,0.5727255940437317,0.3810365200042724
P0460,2025-05-01,0.4499607980251312,0.292290449142456,0.0781037509441375
P0460,2025-06-01,0.309908777475357,0.2279936522245407,-0.0396656543016433
P0460,2025-07-01,0.1530831605195999,0.1202878579497337,-0.152902603149414
P0460,2025-08-01,0.1546138674020767,0.1219449266791343,-0.1336852461099624
P0460,2025-09-01,0.0469607189297676,0.0316035076975822,-0.290029764175415
P0460,2025-10-01,0.037744328379631,0.0264275595545768,-0.3058310747146606
P0460,2025-11-01,0.2264887690544128,0.1183110103011131,-0.1545536071062088
P0460,2025-12-01,0.2264887690544128,0.1183110103011131,-0.1545536071062088
P0463,2025-01-01,0.153662770986557,0.1013552173972129,-0.2184701263904571
P0463,2025-02-01,0.5261054635047913,0.3322566449642181,0.0484992675483226
P0463,2025-03-01,0.7522374987602234,0.5902706384658813,0.3333887159824371
P0463,2025-04-01,0.5315407365560532,0.39327629655599594,0.12273737788200378
P0463,2025-05-01,0.3108439743518829,0.1962819546461105,-0.0879139602184295
P0463,2025-06-01,0.2541942000389099,0.1912289708852768,-0.0983187109231948
P0463,2025-07-01,0.1761479377746582,0.1342891305685043,-0.1346708238124847
P0463,2025-08-01,0.1859751492738723,0.145055890083313,-0.1152701452374458
P0463,2025-09-01,0.184166669845581,0.136342316865921,-0.1517430692911148
P0463,2025-10-01,0.0598194114863872,0.0362487360835075,-0.3096603453159332
P0463,2025-11-01,0.1496549248695373,0.0636608079075813,-0.2217850983142852
P0463,2025-12-01,0.1496549248695373,0.0636608079075813,-0.2217850983142852
P0465,2025-01-01,0.6280660629272461,0.4381663799285888,0.2097791731357574
P0465,2025-02-01,0.8013169765472412,0.5956922173500061,0.427825778722763
P0465,2025-03-01,0.7423551082611084,0.6608313918113708,0.4232680201530456
P0465,2025-04-01,0.5466161519289017,0.422533743083477,0.15351631492376322
P0465,2025-05-01,0.3508771955966949,0.1842360943555832,-0.1162353903055191
P0465,2025-06-01,0.3374409973621368,0.2088878750801086,-0.1013037338852882
P0465,2025-07-01,0.4284280240535736,0.2982529699802398,0.0244780424982309
P0465,2025-08-01,0.4260354936122894,0.312508761882782,0.0466517247259616
P0465,2025-09-01,0.4070316255092621,0.2568569779396057,-0.026448979973793
P0465,2025-10-01,0.4553571343421936,0.2546960115432739,-0.0130859371274709
P0465,2025-11-01,0.5639017224311829,0.2770586907863617,0.1146917045116424
P0465,2025-12-01,0.5639017224311829,0.2770586907863617,0.1146917045116424
P0468,2025-01-01,0.3484975099563598,0.1576364040374755,-0.1644685864448547
P0468,2025-02-01,0.5600840449333191,0.2565138638019562,-0.0185038335621356
P0468,2025-03-01,0.5293607115745544,0.3265291452407837,0.0659274160861969
P0468,2025-04-01,0.37064482271671295,0.23151028901338574,-0.07175483554601664
P0468,2025-05-01,0.2119289338588714,0.1364914327859878,-0.2094370871782302
P0468,2025-06-01,0.2133010923862457,0.1433773338794708,-0.2018771916627884
P0468,2025-07-01,0.220556154847145,0.1293406635522842,-0.1771733164787292
P0468,2025-08-01,0.2307908833026886,0.133034810423851,-0.1657764166593551
P0468,2025-09-01,0.2554808557033539,0.1419753134250641,-0.1556909829378128
P0468,2025-10-01,0.3242414891719818,0.1752874553203582,-0.1492419838905334
P0468,2025-11-01,0.5075139403343201,0.2136968523263931,0.0165026057511568
P0468,2025-12-01,0.5075139403343201,0.2136968523263931,0.0165026057511568
P0470,2025-01-01,0.6730691194534302,0.55865079164505,0.3157894611358642
P0470,2025-02-01,0.6730691194534302,0.55865079164505,0.3157894611358642
P0470,2025-03-01,0.2738547325134277,0.2227712571620941,0.0003975352738052
P0470,2025-04-01,0.824661910533905,0.6196183562278748,0.4050476551055908
P0470,2025-05-01,0.3304236829280853,0.2444325387477874,-0.0172983165830373
P0470,2025-06-01,0.2243710160255432,0.17030069231987,-0.0951852351427078
P0470,2025-07-01,0.2078134566545486,0.1484251767396927,-0.1267376542091369
P0470,2025-08-01,0.2085789740085601,0.1520405411720276,-0.1186063736677169
P0470,2025-09-01,0.1876611709594726,0.1390358656644821,-0.119299791753292
P0470,2025-10-01,0.2614049911499023,0.1578022539615631,-0.1763523370027542
P0470,2025-11-01,0.4086134433746338,0.2098543494939804,-0.0161408651620149
P0470,2025-12-01,0.4086134433746338,0.2098543494939804,-0.0161408651620149
P0472,2025-01-01,0.5556720495223999,0.4176385402679443,0.0792842581868171
P0472,2025-02-01,0.9881933331489564,0.7839949131011963,0.5594967603683472
P0472,2025-03-01,0.8525598645210266,0.666895866394043,0.4903659224510193
P0472,2025-04-01,0.5756288170814514,0.4240204915404319,0.21321190148592
P0472,2025-05-01,0.2986977696418762,0.1811451166868209,-0.0639421194791793
P0472,2025-06-01,0.3217946290969848,0.2439882755279541,0.0113939037546515
P0472,2025-07-01,0.1305533349514007,0.1030431911349296,-0.174396812915802
P0472,2025-08-01,0.0894752368330955,0.0728236883878707,-0.1675864458084106
P0472,2025-09-01,0.0884842649102211,0.0695281103253364,-0.1974799782037735
P0472,2025-10-01,-0.002732987049967,-0.0016097356565296,-0.4057003259658813
P0472,2025-11-01,0.2417711615562439,0.104498341679573,-0.2152055501937866
P0472,2025-12-01,0.2417711615562439,0.104498341679573,-0.2152055501937866
P0475,2025-01-01,0.7503455877304077,0.5195849537849426,0.2667066752910614
P0475,2025-02-01,0.8658349514007568,0.7693225741386414,0.5090034008026123
P0475,2025-03-01,0.7021529078483582,0.6244346499443054,0.4864544868469238
P0475,2025-04-01,0.4321235194802284,0.3664461635053158,0.12945779412984848
P0475,2025-05-01,0.1620941311120987,0.1084576770663261,-0.2275388985872268
P0475,2025-06-01,0.1620174050331115,0.1185112670063972,-0.1984298080205917
P0475,2025-07-01,0.2211270630359649,0.159274011850357,-0.1396437138319015
P0475,2025-08-01,0.1508211940526962,0.1025673300027847,-0.1973217129707336
P0475,2025-09-01,0.1250902116298675,0.0819362178444862,-0.217631310224533
P0475,2025-10-01,0.1637407094240188,0.0852462500333786,-0.2653452754020691
P0475,2025-11-01,0.2252883017063141,0.0988470837473869,-0.2062433362007141
P0475,2025-12-01,0.2252883017063141,0.0988470837473869,-0.2062433362007141
P0477,2025-01-01,0.3356934487819671,0.1667011380195617,-0.278352826833725
P0477,2025-02-01,0.8618481159210205,0.544487714767456,0.3205710649490356
P0477,2025-03-01,0.8533841967582703,0.7506792545318604,0.5099409818649292
P0477,2025-04-01,0.5702503770589828,0.46699506789445877,0.2725351247936487
P0477,2025-05-01,0.2871165573596954,0.1833108812570572,0.0351292677223682
P0477,2025-06-01,0.196504145860672,0.1447036862373352,-0.0426910072565078
P0477,2025-07-01,0.2448516935110092,0.1705532521009445,-0.0070825796574354
P0477,2025-08-01,0.141266793012619,0.1239530220627784,-0.0696776881814003
P0477,2025-09-01,0.1509722173213958,0.1294263303279876,-0.0840057507157325
P0477,2025-10-01,0.2382534444332122,0.0990255251526832,-0.3501867949962616
P0477,2025-11-01,0.2097583264112472,0.0878231301903724,-0.3083941638469696
P0477,2025-12-01,0.2097583264112472,0.0878231301903724,-0.3083941638469696
P0480,2025-01-01,0.2218512296676635,0.1694290935993194,-0.1150073930621147
P0480,2025-02-01,0.598581075668335,0.5176940560340881,0.232070192694664
P0480,2025-03-01,0.7080475091934204,0.6487414240837097,0.2926057279109955
P0480,2025-04-01,0.4887628257274627,0.3447320759296417,0.0583216995000839
P0480,2025-05-01,0.1943118125200271,0.1379432380199432,-0.1777904778718948
P0480,2025-06-01,0.176062598824501,0.1357503235340118,-0.1733749955892563
P0480,2025-07-01,0.0821981430053711,0.0647276788949966,-0.1987392604351043
P0480,2025-08-01,0.0797480046749115,0.0633715093135833,-0.1946131736040115
P0480,2025-09-01,0.0811190977692604,0.0642501637339592,-0.1913724541664123
P0480,2025-10-01,0.1000412553548812,0.0667327120900154,-0.2331032454967498
P0480,2025-11-01,0.168206587433815,0.1018797531723976,-0.182932898402214
P0480,2025-12-01,0.168206587433815,0.1018797531723976,-0.182932898402214
P0482,2025-01-01,0.4381625354290008,0.2934401929378509,-0.0347826071083545
P0482,2025-02-01,0.8272029757499695,0.5619068145751953,0.2979323267936706
P0482,2025-03-01,0.9065187573432922,0.7186692357063293,0.4432830810546875
P0482,2025-04-01,0.4939948804676533,0.3826748672872782,0.08394253253936768
P0482,2025-05-01,0.0814710035920143,0.046680498868227,-0.2753980159759521
P0482,2025-06-01,0.278080403804779,0.1796969324350357,-0.1181313768029213
P0482,2025-07-01,0.1912780702114105,0.1619586199522018,-0.1163659691810607
P0482,2025-08-01,0.1711337268352508,0.1462267637252807,-0.1222472861409187
P0482,2025-09-01,0.3349767923355102,0.192218080163002,-0.1923144459724426
P0482,2025-10-01,0.1888589709997177,0.133956104516983,-0.2072631865739822
P0482,2025-11-01,0.3576027750968933,0.1291545927524566,-0.1163765341043472
P0482,2025-12-01,0.3576027750968933,0.1291545927524566,-0.1163765341043472
P0485,2025-01-01,0.289934366941452,0.160657986998558,-0.2645040452480316
P0485,2025-02-01,0.6664209365844727,0.3649723529815674,0.0738717317581176
P0485,2025-03-01,0.7517321109771729,0.5781938433647156,0.3410537540912628
P0485,2025-04-01,0.8209430575370789,0.6711467504501343,0.4264559149742126
P0485,2025-05-01,0.233783334493637,0.1270034313201904,-0.1834822446107864
P0485,2025-06-01,0.229272574186325,0.1847301125526428,-0.0886289775371551
P0485,2025-07-01,0.1866539269685745,0.1515151560306549,-0.0966294854879379
P0485,2025-08-01,0.1590403616428375,0.1272371411323547,-0.1166141927242279
P0485,2025-09-01,-0.0602668970823287,-0.0255483780056238,-0.4527450501918793
P0485,2025-10-01,-0.0279751326888799,-0.0119876693934202,-0.4859088659286499
P0485,2025-11-01,0.1026592478156089,0.0329731442034244,-0.4253947734832763
P0485,2025-12-01,0.1026592478156089,0.0329731442034244,-0.4253947734832763
P0487,2025-01-01,0.3249191045761108,0.2512680292129516,-0.0853440538048744
P0487,2025-02-01,0.8319088220596313,0.593825101852417,0.3625505566596985
P0487,2025-03-01,0.8179324865341187,0.6666551828384399,0.4467763602733612
P0487,2025-04-01,0.8524258732795715,0.6670299172401428,0.4771628081798553
P0487,2025-05-01,0.2105409950017929,0.127318724989891,-0.1253274232149124
P0487,2025-06-01,0.2855889499187469,0.2041008323431015,-0.0503888539969921
P0487,2025-07-01,0.1744799315929412,0.1488377898931503,-0.112771138548851
P0487,2025-08-01,0.1575810462236404,0.1328561604022979,-0.1011400818824768
P0487,2025-09-01,0.1143842488527298,0.0985246077179908,-0.1404344886541366
P0487,2025-10-01,0.1819186508655548,0.1325452625751495,-0.2024164646863937
P0487,2025-11-01,0.246173471212387,0.1068975701928138,-0.1725014150142669
P0487,2025-12-01,0.246173471212387,0.1068975701928138,-0.1725014150142669
P0489,2025-01-01,0.0017788319382816,0.0009624948143027,-0.3440108597278595
P0489,2025-02-01,-0.0033292977605015,-0.0017752816202118,-0.3631792664527893
P0489,2025-03-01,0.3779692053794861,0.2529699504375458,-0.0490001812577247
P0489,2025-04-01,0.49186307191848755,0.36094507575035095,0.1006866954267025
P0489,2025-05-01,0.605756938457489,0.4689202010631561,0.2503735721111297
P0489,2025-06-01,0.2069012224674224,0.1797216534614563,-0.0072350846603512
P0489,2025-07-01,0.1925635933876037,0.1678111851215362,-0.0304412394762039
P0489,2025-08-01,0.1005475372076034,0.0777680799365043,-0.1495063453912735
P0489,2025-09-01,0.0916624367237091,0.0687049999833107,-0.156870424747467
P0489,2025-10-01,0.0169151369482278,0.0091946143656969,-0.3128632307052612
P0489,2025-11-01,0.1553846150636673,0.0790965780615806,-0.1657409518957138
P0489,2025-12-01,0.1553846150636673,0.0790965780615806,-0.1657409518957138
P0492,2025-01-01,0.3533450663089752,0.285588264465332,0.0203079376369714
P0492,2025-02-01,0.4937780797481537,0.406690388917923,0.1602899730205536
P0492,2025-03-01,0.4546460211277008,0.4055082499980926,0.1395147293806076
P0492,2025-04-01,0.3013392984867096,0.2376374304294586,-0.02982590906322
P0492,2025-05-01,0.2188247293233871,0.1742335557937622,-0.1171739697456359
P0492,2025-06-01,0.2430019676685333,0.2086472958326339,-0.0837608724832534
P0492,2025-07-01,0.1854825466871261,0.1428968161344528,-0.1256797611713409
P0492,2025-08-01,0.1805532574653625,0.1387933939695358,-0.1328628808259964
P0492,2025-09-01,0.184055283665657,0.139645516872406,-0.124501496553421
P0492,2025-10-01,0.2027641683816909,0.1499159187078476,-0.1258741319179535
P0492,2025-11-01,0.1940135508775711,0.1226282194256782,-0.1411284059286117
P0492,2025-12-01,0.1940135508775711,0.1226282194256782,-0.1411284059286117
P0494,2025-01-01,0.2154630422592163,0.1535555124282837,-0.0886737182736396
P0494,2025-02-01,0.2949267625808716,0.2062770128250122,-0.0546426698565483
P0494,2025-03-01,0.4154529273509979,0.3205163478851318,0.0686603188514709
P0494,2025-04-01,0.3255853354930877,0.2406812757253646,-0.0294409934431314
P0494,2025-05-01,0.2392176538705825,0.1785535961389541,-0.1027596220374107
P0494,2025-06-01,0.183932676911354,0.1422384232282638,-0.1417637318372726
P0494,2025-07-01,0.1195916384458541,0.0849838778376579,-0.1756353676319122
P0494,2025-08-01,0.1099257916212081,0.0784439221024513,-0.1718768030405044
P0494,2025-09-01,0.1187004745006561,0.0832814425230026,-0.1674725860357284
P0494,2025-10-01,0.1671717166900634,0.1112654879689216,-0.1450240463018417
P0494,2025-11-01,0.2202143371105194,0.1310130953788757,-0.1115361079573631
P0494,2025-12-01,0.2202143371105194,0.1310130953788757,-0.1115361079573631
P0496,2025-01-01,0.3691392540931701,0.2019989341497421,-0.1508246511220932
P0496,2025-02-01,0.7987028956413269,0.5746383666992188,0.3503745198249817
P0496,2025-03-01,0.8017241358757019,0.6750734448432922,0.4490486979484558
P0496,2025-04-01,0.5294717699289322,0.41295308619737625,0.17676251381635671
P0496,2025-05-01,0.2572194039821625,0.1508327275514602,-0.0955236703157424
P0496,2025-06-01,0.2015455365180969,0.1389728933572769,-0.0799616202712059
P0496,2025-07-01,0.1815566122531891,0.1540903598070144,-0.0708224922418594
P0496,2025-08-01,0.176292672753334,0.1511708348989486,-0.0648116320371627
P0496,2025-09-01,0.138321653008461,0.1139181479811668,-0.1016350984573364
P0496,2025-10-01,-0.2761194109916687,-0.0941402092576026,-0.6330034732818604
P0496,2025-11-01,0.098946139216423,0.0329126752912998,-0.4090050458908081
P0496,2025-12-01,0.098946139216423,0.0329126752912998,-0.4090050458908081
P0499,2025-01-01,0.1583236306905746,0.0726314634084701,-0.2256809324026107
P0499,2025-02-01,0.1568694412708282,0.0796736702322959,-0.1857108473777771
P0499,2025-03-01,0.3474820256233215,0.2366641610860824,0.022938285022974
P0499,2025-04-01,0.4464530944824219,0.320382297039032,0.0947350189089775
P0499,2025-05-01,0.1120832338929176,0.074269063770771,-0.1852044314146042
P0499,2025-06-01,0.129275768995285,0.0882703512907028,-0.1695003509521484
P0499,2025-07-01,0.1095631644129753,0.0715872645378112,-0.1823560148477554
P0499,2025-08-01,0.1083627790212631,0.0699662342667579,-0.2087117433547973
P0499,2025-09-01,0.1089939028024673,0.0667392686009407,-0.2195601612329483
P0499,2025-10-01,0.1759894490242004,0.1042252629995346,-0.1822018325328827
P0499,2025-11-01,0.1895332336425781,0.0720172002911567,-0.208594724535942
P0499,2025-12-01,0.1895332336425781,0.0720172002911567,-0.208594724535942
P0502,2025-01-01,0.2810154557228088,0.1966752111911773,-0.0204253885895013
P0502,2025-02-01,0.533951997756958,0.3968841433525085,0.1781988888978958
P0502,2025-03-01,0.62264484167099,0.5315629839897156,0.3890748620033264
P0502,2025-04-01,0.8453844785690308,0.8221712112426758,0.6099270582199097
P0502,2025-05-01,0.2571166157722473,0.2008723616600036,-0.0391633920371532
P0502,2025-06-01,0.171161338686943,0.1446335464715957,-0.0897746533155441
P0502,2025-07-01,0.1641857624053955,0.1390955597162246,-0.0699250772595405
P0502,2025-08-01,0.2200171053409576,0.1758368015289306,-0.0240864921361207
P0502,2025-09-01,0.243598997592926,0.1882139891386032,-0.0332211926579475
P0502,2025-10-01,0.2693007588386535,0.1650890707969665,-0.0534987412393093
P0502,2025-11-01,0.2515184879302978,0.1424016058444976,-0.0278790481388568
P0502,2025-12-01,0.2515184879302978,0.1424016058444976,-0.0278790481388568
P0504,2025-01-01,0.6303076148033142,0.5451103448867798,0.245889812707901
P0504,2025-02-01,0.7263601422309875,0.5999005436897278,0.3745204508304596
P0504,2025-03-01,0.6019510626792908,0.5056396126747131,0.2436887472867965
P0504,2025-04-01,0.2899744808673858,0.2180133908987045,-0.0609825775027275
P0504,2025-05-01,0.1921127587556839,0.1684675365686416,-0.1432961523532867
P0504,2025-06-01,0.1708792746067047,0.1638139933347702,-0.1304912120103836
P0504,2025-07-01,0.1396623253822326,0.1210153475403785,-0.1430957615375518
P0504,2025-08-01,0.1312968134880066,0.1155755519866943,-0.146954596042633
P0504,2025-09-01,0.1262383610010147,0.1106520742177963,-0.1527777761220932
P0504,2025-10-01,0.1483817398548126,0.1275939792394638,-0.1739493757486343
P0504,2025-11-01,0.1316356509923935,0.0992819815874099,-0.1911229342222213
P0504,2025-12-01,0.1316356509923935,0.0992819815874099,-0.1911229342222213
P0506,2025-01-01,0.8438149690628052,0.5965679287910461,0.4275653958320617
P0506,2025-02-01,0.8438149690628052,0.5965679287910461,0.4275653958320617
P0506,2025-03-01,0.8273522853851318,0.6546506285667419,0.5798335075378418
P0506,2025-04-01,0.9179344177246094,0.7473309636116028,0.5475449562072754
P0506,2025-05-01,0.6098120808601379,0.4707038700580597,0.2853808999061584
P0506,2025-06-01,0.3703703582286834,0.2803419828414917,0.0268322601914405
P0506,2025-07-01,0.1758976280689239,0.1270520091056823,-0.1296296268701553
P0506,2025-08-01,0.1453201919794082,0.106338731944561,-0.1402360945940017
P0506,2025-09-01,-0.4032064080238342,-0.1746042817831039,-0.6222729682922363
P0506,2025-10-01,0.1288244724273681,0.0472459532320499,-0.320297360420227
P0506,2025-11-01,0.1424255520105362,0.0595839954912662,-0.2170955389738083
P0506,2025-12-01,0.1424255520105362,0.0595839954912662,-0.2170955389738083
P0509,2025-01-01,0.3856088519096374,0.1999387741088867,-0.075806051492691
P0509,2025-02-01,0.5226480960845947,0.2679741084575653,0.0407515205442905
P0509,2025-03-01,0.4182735085487366,0.2551574409008026,0.0124947056174278
P0509,2025-04-01,0.4332655966281891,0.2382904142141342,-0.0235402714461088
P0509,2025-05-01,0.2641056478023529,0.182615041732788,-0.1367437243461609
P0509,2025-06-01,0.1757078617811203,0.1130366697907447,-0.1926221996545791
P0509,2025-07-01,0.1785899400711059,0.1105442196130752,-0.1867286711931228
P0509,2025-08-01,0.2257447391748428,0.1380762904882431,-0.1560030132532119
P0509,2025-09-01,0.2551171779632568,0.1478933840990066,-0.1548142284154892
P0509,2025-10-01,0.3748313188552856,0.2003173381090164,-0.0805505439639091
P0509,2025-11-01,0.4562228620052337,0.2270354032516479,0.0205375254154205
P0509,2025-12-01,0.4562228620052337,0.2270354032516479,0.0205375254154205
P0511,2025-01-01,0.2684049010276794,0.2848704755306244,-0.0796502381563186
P0511,2025-02-01,0.8233784437179565,0.6366588473320007,0.3890863955020904
P0511,2025-03-01,0.733301043510437,0.7462074160575867,0.3860146999359131
P0511,2025-04-01,0.8498168587684631,0.7484633326530457,0.4318758249282837
P0511,2025-05-01,0.3726894557476043,0.2572649717330932,0.0316027104854583
P0511,2025-06-01,0.2376456409692764,0.1749792993068695,-0.090761512517929
P0511,2025-07-01,0.1678565740585327,0.1342673599720001,-0.1048279181122779
P0511,2025-08-01,0.1568500846624374,0.1258839070796966,-0.1108768433332443
P0511,2025-09-01,0.1507546454668045,0.1167944744229316,-0.132442444562912
P0511,2025-10-01,0.1075683236122131,0.0553631968796253,-0.2875817120075226
P0511,2025-11-01,0.2369067072868347,0.1031864807009697,-0.1665288060903549
P0511,2025-12-01,0.2369067072868347,0.1031864807009697,-0.1665288060903549
P0514,2025-01-01,0.8198323845863342,0.7081552743911743,0.3780027329921722
P0514,2025-02-01,0.935716450214386,0.9409423470497132,0.5284070372581482
P0514,2025-03-01,0.7425167560577393,0.7246460914611816,0.4792667627334595
P0514,2025-04-01,0.680273711681366,0.4693299531936645,0.3365240097045898
P0514,2025-05-01,0.229192167520523,0.1330656558275222,-0.2397804707288742
P0514,2025-06-01,0.2269954979419708,0.147357553243637,-0.2122914493083953
P0514,2025-07-01,0.1275384575128555,0.1090990453958511,-0.1499652117490768
P0514,2025-08-01,0.1263289600610733,0.0885007455945015,-0.2013303786516189
P0514,2025-09-01,0.1265492439270019,0.0853848159313201,-0.2002161145210266
P0514,2025-10-01,0.2004023492336273,0.169427216053009,-0.1203220710158348
P0514,2025-11-01,0.1595836877822876,0.0855389609932899,-0.2304297834634781
P0514,2025-12-01,0.1595836877822876,0.0855389609932899,-0.2304297834634781
P0516,2025-01-01,0.90617436170578,0.7896957993507385,0.4680652618408203
P0516,2025-02-01,0.9764132499694824,0.8491845726966858,0.572181761264801
P0516,2025-03-01,0.7664555907249451,0.6609299778938293,0.4115933179855346
P0516,2025-04-01,0.1598199158906936,0.1158868297934532,-0.1752701103687286
P0516,2025-05-01,0.1075488850474357,0.0658151060342788,-0.2891126573085785
P0516,2025-06-01,0.1395798176527023,0.0847383067011833,-0.2861896753311157
P0516,2025-07-01,0.1193490028381347,0.0657464042305946,-0.2903701364994049
P0516,2025-08-01,0.1235344558954238,0.0635537132620811,-0.2991437613964081
P0516,2025-09-01,0.1271033585071563,0.062501847743988,-0.3063979148864746
P0516,2025-10-01,0.1796791404485702,0.0762988999485969,-0.349262535572052
P0516,2025-11-01,0.2538006901741028,0.1007915735244751,-0.2387179434299469
P0516,2025-12-01,0.2538006901741028,0.1007915735244751,-0.2387179434299469
P0518,2025-01-01,0.3448997437953949,0.2641700804233551,0.0293607357889413
P0518,2025-02-01,0.5065543055534363,0.3851301372051239,0.1829142719507217
P0518,2025-03-01,0.502179741859436,0.4230704009532928,0.1897742301225662
P0518,2025-04-01,0.3359157741069793,0.2337507903575897,-0.044472862035036
P0518,2025-05-01,0.1692146211862564,0.1322726458311081,-0.1321615278720855
P0518,2025-06-01,0.1569332629442215,0.1271798908710479,-0.1405214816331863
P0518,2025-07-01,0.135275200009346,0.0924636647105217,-0.1761120408773422
P0518,2025-08-01,0.1570670753717422,0.1039785295724868,-0.1802684515714645
P0518,2025-09-01,0.1564375609159469,0.1018709987401962,-0.1797583103179931
P0518,2025-10-01,0.1521970182657241,0.1032799482345581,-0.1627397984266281
P0518,2025-11-01,0.1753739863634109,0.1007323563098907,-0.1734908521175384
P0518,2025-12-01,0.1753739863634109,0.1007323563098907,-0.1734908521175384
P0521,2025-01-01,0.3942208588123321,0.211462527513504,-0.1599999964237213
P0521,2025-02-01,0.8061037063598633,0.6236684918403625,0.3573029935359955
P0521,2025-03-01,0.817103385925293,0.744138777256012,0.4815937578678131
P0521,2025-04-01,0.5572998523712158,0.45710626244544983,0.19661227613687515
P0521,2025-05-01,0.2974963188171386,0.1700737476348877,-0.0883692055940628
P0521,2025-06-01,0.1742520630359649,0.1422780007123947,-0.1265388280153274
P0521,2025-07-01,0.1720908880233764,0.1397372335195541,-0.1143718808889389
P0521,2025-08-01,0.080298788845539,0.0599336549639701,-0.2003041207790374
P0521,2025-09-01,0.0565297044813632,0.0349514558911323,-0.3151823580265045
P0521,2025-10-01,0.2287808656692505,0.1085007488727569,-0.2996921837329864
P0521,2025-11-01,0.3044172525405884,0.110207699239254,-0.2595166265964508
P0521,2025-12-01,0.3044172525405884,0.110207699239254,-0.2595166265964508
P0523,2025-01-01,0.4987799823284149,0.3741724789142608,0.10097087174654
P0523,2025-02-01,0.7911367416381836,0.6303638815879822,0.3326925933361053
P0523,2025-03-01,0.7713020443916321,0.6688582897186279,0.3581907153129577
P0523,2025-04-01,0.3372691571712494,0.1777621805667877,-0.1678598374128341
P0523,2025-05-01,0.1495662629604339,0.0820506066083908,-0.3235345780849457
P0523,2025-06-01,0.164176344871521,0.1235081851482391,-0.2459075152873993
P0523,2025-07-01,0.1065067872405052,0.0773169472813606,-0.2275972366333007
P0523,2025-08-01,0.105254516005516,0.0790421217679977,-0.205219030380249
P0523,2025-09-01,0.0904291570186615,0.0671692788600921,-0.219051107764244
P0523,2025-10-01,0.1378096491098404,0.1154863089323043,-0.152471587061882
P0523,2025-11-01,0.1337766498327255,0.0871248766779899,-0.1944135576486587
P0523,2025-12-01,0.1337766498327255,0.0871248766779899,-0.1944135576486587
P0526,2025-01-01,0.394616425037384,0.2576178312301636,-0.035734225064516
P0526,2025-02-01,0.8593012094497681,0.7590164542198181,0.5197591781616211
P0526,2025-03-01,0.7272446155548096,0.6832171678543091,0.5384721159934998
P0526,2025-04-01,0.4758375808596611,0.421461746096611,0.1902280747890473
P0526,2025-05-01,0.2244305461645126,0.1597063243389129,-0.1580159664154052
P0526,2025-06-01,0.1564163714647293,0.1233817040920257,-0.1586750298738479
P0526,2025-07-01,0.1533706784248352,0.1138285994529724,-0.1600787788629531
P0526,2025-08-01,0.1711074858903885,0.1335710436105728,-0.1208327636122703
P0526,2025-09-01,0.1613701283931732,0.1220214143395423,-0.1430777907371521
P0526,2025-10-01,0.0773710459470748,0.0450654178857803,-0.3112923204898834
P0526,2025-11-01,0.0944976061582565,0.0417709462344646,-0.2845973372459411
P0526,2025-12-01,0.0944976061582565,0.0417709462344646,-0.2845973372459411
P0529,2025-01-01,0.9727996587753296,0.7730563879013062,0.5786586403846741
P0529,2025-02-01,0.9727996587753296,0.7730563879013062,0.5786586403846741
P0529,2025-03-01,0.573064386844635,0.7574037909507751,0.3811264634132385
P0529,2025-04-01,0.4874957203865051,0.51407091319561,0.2724523991346359
P0529,2025-05-01,0.4019270539283752,0.2707380354404449,0.1637783348560333
P0529,2025-06-01,0.1619810611009597,0.1353852152824401,-0.0787619799375534
P0529,2025-07-01,0.137635052204132,0.1109070554375648,-0.1072009280323982
P0529,2025-08-01,0.1306342780590057,0.0800847187638282,-0.1330711990594864
P0529,2025-09-01,0.1340048909187317,0.0742306411266326,-0.1512451469898224
P0529,2025-10-01,0.2370437085628509,0.097026489675045,-0.1271860152482986
P0529,2025-11-01,0.2927374243736267,0.1334782391786575,-0.015877516940236
P0529,2025-12-01,0.2927374243736267,0.1334782391786575,-0.015877516940236
P0531,2025-01-01,0.3646143674850464,0.2954905033111572,0.0093034645542502
P0531,2025-02-01,0.7021160125732422,0.5912079215049744,0.2999442815780639
P0531,2025-03-01,0.7147366404533386,0.6578786373138428,0.3346695899963379
P0531,2025-04-01,0.4472037553787231,0.3271723389625549,0.0867841392755508
P0531,2025-05-01,0.2625362873077392,0.1980545073747635,-0.0934241637587547
P0531,2025-06-01,0.2283730804920196,0.1788701713085174,-0.1165023669600486
P0531,2025-07-01,0.1494809687137603,0.1277713328599929,-0.1178969740867614
P0531,2025-08-01,0.1529646962881088,0.1328457742929458,-0.1021064668893814
P0531,2025-09-01,0.1522472649812698,0.1322825849056244,-0.1007057800889015
P0531,2025-10-01,0.190918892621994,0.157384991645813,-0.1086123436689376
P0531,2025-11-01,0.2350760847330093,0.155664637684822,-0.0944070965051651
P0531,2025-12-01,0.2350760847330093,0.155664637684822,-0.0944070965051651
P0533,2025-01-01,0.2201301753520965,0.1374974548816681,-0.1972778737545013
P0533,2025-02-01,0.3212058246135711,0.2212642878293991,-0.0853483006358146
P0533,2025-03-01,0.5004658102989197,0.4032790958881378,0.1706643402576446
P0533,2025-04-01,0.6719405055046082,0.5576649308204651,0.3442145586013794
P0533,2025-05-01,0.3156591653823852,0.2296469807624817,-0.0642699897289276
P0533,2025-06-01,0.1829468756914138,0.1365048289299011,-0.153956651687622
P0533,2025-07-01,0.1492359638214111,0.1010453924536705,-0.2017918676137924
P0533,2025-08-01,0.1335017532110214,0.0912229418754577,-0.1997530460357666
P0533,2025-09-01,0.1491317600011825,0.0981631353497505,-0.2099719047546386
P0533,2025-10-01,0.1710948944091797,0.0901871472597122,-0.2905907332897186
P0533,2025-11-01,0.2061503380537033,0.0900019854307174,-0.2130294740200042
P0533,2025-12-01,0.2061503380537033,0.0900019854307174,-0.2130294740200042
P0535,2025-01-01,0.3150959610939026,0.1898515671491623,-0.136218249797821
P0535,2025-02-01,0.7563071846961975,0.5069313049316406,0.2460660934448242
P0535,2025-03-01,0.8058419227600098,0.6981706023216248,0.4559027254581451
P0535,2025-04-01,0.5658766776323318,0.45459192246198654,0.2163255512714386
P0535,2025-05-01,0.3259114325046539,0.2110132426023483,-0.0232516229152679
P0535,2025-06-01,0.1943678557872772,0.1437560021877288,-0.0825896263122558
P0535,2025-07-01,-0.0416005626320838,-0.0302921403199434,-0.2790080904960632
P0535,2025-08-01,0.1922280937433242,0.1280794143676757,-0.1412719488143921
P0535,2025-09-01,0.1254620999097824,0.081656590104103,-0.2265798598527908
P0535,2025-10-01,0.1403881162405014,0.075152575969696,-0.2551000118255615
P0535,2025-11-01,0.2675182521343231,0.123888723552227,-0.1310983300209045
P0535,2025-12-01,0.2675182521343231,0.123888723552227,-0.1310983300209045
P0538,2025-01-01,0.2108534574508667,0.1446186155080795,-0.1531516462564468
P0538,2025-02-01,0.0326123125851154,0.0167047344148159,-0.2897688150405884
P0538,2025-03-01,0.2652431726455688,0.1814169287681579,-0.0643859654664993
P0538,2025-04-01,0.3517361879348755,0.2370849400758743,-0.0224028900265693
P0538,2025-05-01,0.0955612584948539,0.0754263550043106,-0.1895522326231002
P0538,2025-06-01,0.0680823102593422,0.0481290034949779,-0.2271503210067749
P0538,2025-07-01,0.0926454439759254,0.0630547180771827,-0.2076102495193481
P0538,2025-08-01,0.1067600101232528,0.0729011073708534,-0.2249118983745575
P0538,2025-09-01,0.1018841564655304,0.0662111490964889,-0.2389138787984848
P0538,2025-10-01,0.0346278324723243,0.0177782215178012,-0.3335418105125427
P0538,2025-11-01,0.0417721532285213,0.0168550796806812,-0.3364686965942383
P0538,2025-12-01,0.0417721532285213,0.0168550796806812,-0.3364686965942383
P0540,2025-01-01,0.6977177262306213,0.3183576464653015,0.4003073275089264
P0540,2025-02-01,0.7581461071968079,0.6271555423736572,0.4418257176876068
P0540,2025-03-01,0.4941760003566742,0.4779887199401855,0.2061640322208404
P0540,2025-04-01,0.7862753868103027,0.6094415783882141,0.3949837684631347
P0540,2025-05-01,0.4185531437397003,0.2850105464458465,0.0650286376476287
P0540,2025-06-01,0.2220774441957473,0.1747882962226867,-0.0876876041293144
P0540,2025-07-01,0.2411433756351471,0.2061507254838943,-0.0225122738629579
P0540,2025-08-01,0.2607598900794983,0.2230673730373382,-0.0125941475853323
P0540,2025-09-01,0.265193372964859,0.2214517444372177,-0.0186988711357116
P0540,2025-10-01,0.1151881068944931,0.0480918399989604,-0.2973368465900421
P0540,2025-11-01,0.2941941022872925,0.1268258094787597,-0.0737984478473663
P0540,2025-12-01,0.2941941022872925,0.1268258094787597,-0.0737984478473663
P0543,2025-01-01,0.4254014194011688,0.3423941433429718,0.0423482842743396
P0543,2025-02-01,0.6959247589111328,0.5444201231002808,0.2681668996810913
P0543,2025-03-01,0.7396761775016785,0.6501023173332214,0.3503247797489166
P0543,2025-04-01,0.788577139377594,0.6516411304473877,0.3732881844043731
P0543,2025-05-01,0.2480237185955047,0.1855246424674987,-0.0918895602226257
P0543,2025-06-01,0.1375075876712799,0.1164761781692504,-0.1714885085821151
P0543,2025-07-01,0.1405367255210876,0.1194678544998169,-0.1369174867868423
P0543,2025-08-01,0.2096462100744247,0.1849548816680908,-0.0631488785147667
P0543,2025-09-01,0.2122980207204818,0.1792300343513488,-0.1036504432559013
P0543,2025-10-01,0.2909029722213745,0.2317357361316681,-0.0444361455738544
P0543,2025-11-01,0.2957333326339721,0.167938694357872,-0.0474416762590408
P0543,2025-12-01,0.2957333326339721,0.167938694357872,-0.0474416762590408
P0545,2025-01-01,0.1506545841693878,0.1044751107692718,-0.187917560338974
P0545,2025-02-01,0.3659549355506897,0.2690485119819641,-0.0556314922869205
P0545,2025-03-01,0.6335979104042053,0.5274998545646667,0.2136740088462829
P0545,2025-04-01,0.5343084335327148,0.3845082223415375,0.1014515161514282
P0545,2025-05-01,0.1068452894687652,0.0848139002919197,-0.2322946190834045
P0545,2025-06-01,0.0530571714043617,0.0448000766336917,-0.2523166835308075
P0545,2025-07-01,0.0288385357707738,0.0220019333064556,-0.2475373744964599
P0545,2025-08-01,0.0223727747797966,0.0172154605388641,-0.2416734844446182
P0545,2025-09-01,0.0264735259115695,0.019793352112174,-0.2532703578472137
P0545,2025-10-01,0.0192164182662963,0.0134226437658071,-0.3065498769283294
P0545,2025-11-01,0.0175126902759075,0.009768390096724,-0.3124678432941437
P0545,2025-12-01,0.0175126902759075,0.009768390096724,-0.3124678432941437
P0548,2025-01-01,0.3588453531265259,0.2314656674861908,-0.1040684506297111
P0548,2025-02-01,0.7066702246665955,0.4787832498550415,0.2460395097732544
P0548,2025-03-01,0.7015384435653687,0.5769619941711426,0.3316744267940521
P0548,2025-04-01,0.8281779885292053,0.6947932243347168,0.4397296905517578
P0548,2025-05-01,0.2632591426372528,0.1571728587150573,-0.1267097294330597
P0548,2025-06-01,0.1408972144126892,0.0952114686369896,-0.1872479021549224
P0548,2025-07-01,0.1600458920001983,0.1351285874843597,-0.1087483465671539
P0548,2025-08-01,0.1382612586021423,0.1126719340682029,-0.1298329830169677
P0548,2025-09-01,0.155852735042572,0.1214085444808006,-0.1535485386848449
P0548,2025-10-01,0.1727049797773361,0.100031554698944,-0.2518248260021209
P0548,2025-11-01,0.2530750334262848,0.1332275718450546,-0.1156684011220932
P0548,2025-12-01,0.2530750334262848,0.1332275718450546,-0.1156684011220932
P0550,2025-01-01,0.1949243992567062,0.073427714407444,-0.2583780288696289
P0550,2025-02-01,0.1949243992567062,0.073427714407444,-0.2583780288696289
P0550,2025-03-01,-0.1337883919477462,-0.0459166951477527,-0.4255319237709045
P0550,2025-04-01,0.2892495170235634,0.2288841512054205,-0.09781324118375778
P0550,2025-05-01,0.712287425994873,0.5036849975585938,0.2299054414033889
P0550,2025-06-01,0.2815117537975311,0.2135573327541351,-0.021525502204895
P0550,2025-07-01,0.1521986722946167,0.0982035249471664,-0.178391546010971
P0550,2025-08-01,0.1795522719621658,0.1169432401657104,-0.1629544645547866
P0550,2025-09-01,0.1531274318695068,0.0910803079605102,-0.2127923518419265
P0550,2025-10-01,0.1302648782730102,0.0568957664072513,-0.324422538280487
P0550,2025-11-01,0.1727373003959655,0.0594446770846843,-0.2799051105976105
P0550,2025-12-01,0.1727373003959655,0.0594446770846843,-0.2799051105976105
P0553,2025-01-01,0.4121500849723816,0.331661194562912,0.0503543987870216
P0553,2025-02-01,0.6518653631210327,0.5264105796813965,0.2686079144477844
P0553,2025-03-01,0.6837607026100159,0.6176340579986572,0.3203392028808594
P0553,2025-04-01,0.6640350818634033,0.5889583826065063,0.2883727252483368
P0553,2025-05-01,0.2115342766046524,0.1538315415382385,-0.0987534373998642
P0553,2025-06-01,0.2207442075014114,0.1762392669916153,-0.0745434686541557
P0553,2025-07-01,0.1380185037851333,0.1159525662660598,-0.1209082528948783
P0553,2025-08-01,0.1481315344572067,0.1242072507739067,-0.1138670966029167
P0553,2025-09-01,0.1605674624443054,0.1312460452318191,-0.1296094805002212
P0553,2025-10-01,0.2831562459468841,0.2154062688350677,-0.0892458111047744
P0553,2025-11-01,0.3568566441535949,0.2400635033845901,0.0605533309280872
P0553,2025-12-01,0.3568566441535949,0.2400635033845901,0.0605533309280872
P0557,2025-01-01,0.4108209013938904,0.2181234657764434,-0.1757139712572097
P0557,2025-02-01,0.8353729844093323,0.5418225526809692,0.3054922223091125
P0557,2025-03-01,0.8692370653152466,0.7162066698074341,0.5348408818244934
P0557,2025-04-01,0.5294107347726822,0.4156686104834079,0.20719661563634872
P0557,2025-05-01,0.1895844042301178,0.1151305511593818,-0.1204476505517959
P0557,2025-06-01,0.1434386223554611,0.1154138371348381,-0.1774420291185379
P0557,2025-07-01,0.1445765197277069,0.1187947168946266,-0.1404820382595062
P0557,2025-08-01,0.1675377041101455,0.1423604935407638,-0.1124858111143112
P0557,2025-09-01,0.1700536459684372,0.1400455236434936,-0.1501948237419128
P0557,2025-10-01,0.1590421795845031,0.0802119746804237,-0.3401831090450287
P0557,2025-11-01,0.2372731268405914,0.0983089432120323,-0.2669813930988312
P0557,2025-12-01,0.2372731268405914,0.0983089432120323,-0.2669813930988312
P0562,2025-01-01,0.1353728920221328,0.1219829618930816,-0.0980494394898414
P0562,2025-02-01,0.2708964049816131,0.2515462040901184,0.0226670894771814
P0562,2025-03-01,0.4226386845111847,0.3904107809066772,0.1331502199172973
P0562,2025-04-01,0.3489695489406585,0.3066050410270691,0.063151516020298
P0562,2025-05-01,0.2252464890480041,0.204746276140213,-0.0400391705334186
P0562,2025-06-01,0.1503080129623413,0.1336319148540496,-0.1196437925100326
P0562,2025-07-01,0.1378847062587738,0.1268567889928817,-0.1053389683365821
P0562,2025-08-01,0.1386990398168563,0.1307487189769745,-0.0925056338310241
P0562,2025-09-01,0.13746277987957,0.1286137849092483,-0.0910908058285713
P0562,2025-10-01,0.1143746599555015,0.098556064069271,-0.129519984126091
P0562,2025-11-01,0.1605512499809265,0.1165203899145126,-0.0825275778770446
P0562,2025-12-01,0.1605512499809265,0.1165203899145126,-0.0825275778770446
P0567,2025-01-01,0.3952847421169281,0.2231247872114181,-0.0424458906054496
P0567,2025-02-01,0.8209987282752991,0.5809444189071655,0.4117530286312103
P0567,2025-03-01,0.8202181458473206,0.6965857148170471,0.5033783912658691
P0567,2025-04-01,0.8984876871109009,0.7920874357223511,0.5711827278137207
P0567,2025-05-01,0.2689965665340423,0.1653000116348266,-0.0932652279734611
P0567,2025-06-01,0.2233954519033432,0.1591304540634155,-0.0924589186906814
P0567,2025-07-01,0.1388521939516067,0.1125011891126632,-0.1224836036562919
P0567,2025-08-01,0.1885816603899002,0.131513237953186,-0.0967498123645782
P0567,2025-09-01,0.1804770082235336,0.1092196926474571,-0.1454254239797592
P0567,2025-10-01,0.1975540965795517,0.1010554656386375,-0.1839743554592132
P0567,2025-11-01,0.3817097544670105,0.1681084334850311,-0.011098463088274
P0567,2025-12-01,0.3817097544670105,0.1681084334850311,-0.011098463088274
P0573,2025-01-01,0.5906664133071899,0.5207700729370117,0.2200501859188079
P0573,2025-02-01,0.809404730796814,0.747183084487915,0.4404619634151459
P0573,2025-03-01,0.7559854388237,0.7314678430557251,0.4439374208450317
P0573,2025-04-01,0.5071626305580139,0.3262099623680115,0.0879898369312286
P0573,2025-05-01,0.1957732588052749,0.1615257710218429,-0.1401814073324203
P0573,2025-06-01,0.1430828869342804,0.1254566013813018,-0.1863176226615905
P0573,2025-07-01,0.1092270091176033,0.090747557580471,-0.1855300068855285
P0573,2025-08-01,0.1112571209669113,0.0946677923202514,-0.1666484177112579
P0573,2025-09-01,0.1201663836836814,0.0999231338500976,-0.1722449958324432
P0573,2025-10-01,0.1076048612594604,0.0759714394807815,-0.2177464067935943
P0573,2025-11-01,0.1093479543924331,0.0570096261799335,-0.2280666530132293
P0573,2025-12-01,0.1093479543924331,0.0570096261799335,-0.2280666530132293
P0578,2025-01-01,0.4275323152542114,0.2800225913524627,0.0263412743806839
P0578,2025-02-01,0.7463316917419434,0.5689058899879456,0.3098215758800506
P0578,2025-03-01,0.7736814022064209,0.7126840353012085,0.4066872000694275
P0578,2025-04-01,0.6227436661720276,0.4285106062889099,0.3198406100273132
P0578,2025-05-01,0.3949343264102936,0.22486113011837,0.0393755808472633
P0578,2025-06-01,0.2292125821113586,0.1570134460926056,-0.0613525100052356
P0578,2025-07-01,0.1854197382926941,0.1491423398256302,-0.0784291252493858
P0578,2025-08-01,0.2196859568357467,0.1809190809726715,-0.0390607118606567
P0578,2025-09-01,0.21580870449543,0.1729736328125,-0.05403483659029
P0578,2025-10-01,0.239122986793518,0.1209034845232963,-0.2281263321638107
P0578,2025-11-01,0.3364279270172119,0.1380273550748825,-0.1706447154283523
P0578,2025-12-01,0.3364279270172119,0.1380273550748825,-0.1706447154283523
P0583,2025-01-01,0.5264075994491577,0.3566726446151733,0.0655652210116386
P0583,2025-02-01,0.7516685724258423,0.5658742785453796,0.308181494474411
P0583,2025-03-01,0.6942715048789978,0.5667762160301208,0.3157640099525451
P0583,2025-04-01,0.7686514258384705,0.5753849148750305,0.3426835834980011
P0583,2025-05-01,0.2553378939628601,0.1772670298814773,-0.0859112069010734
P0583,2025-06-01,0.2152545303106308,0.1715954691171646,-0.1042586341500282
P0583,2025-07-01,0.2204499691724777,0.1731504648923874,-0.0870384350419044
P0583,2025-08-01,0.2214865088462829,0.1763542890548706,-0.0769326984882354
P0583,2025-09-01,0.2314123064279556,0.1783315539360046,-0.0896778404712677
P0583,2025-10-01,0.3885557353496551,0.2448279112577438,-0.0550926700234413
P0583,2025-11-01,0.4124952852725982,0.1927405744791031,-0.0193362943828105
P0583,2025-12-01,0.4124952852725982,0.1927405744791031,-0.0193362943828105
P0588,2025-01-01,0.9203426837921144,0.8453038930892944,0.5310274958610535
P0588,2025-02-01,0.9598058462142944,0.8240256309509277,0.5827191472053528
P0588,2025-03-01,0.7976062893867493,0.7221646904945374,0.4936915636062622
P0588,2025-04-01,0.3994974792003631,0.2646471261978149,0.0540168583393096
P0588,2025-05-01,0.133296862244606,0.1048750430345535,-0.2343230247497558
P0588,2025-06-01,0.1244184076786041,0.1014928743243217,-0.2357694953680038
P0588,2025-07-01,0.097401350736618,0.0717567652463913,-0.2398666739463806
P0588,2025-08-01,0.1253006309270858,0.0779613330960273,-0.2171657979488372
P0588,2025-09-01,0.1360751390457153,0.0811973586678505,-0.2213328629732132
P0588,2025-10-01,0.1555232554674148,0.0821484476327896,-0.2557573616504669
P0588,2025-11-01,0.2102249562740326,0.0865523889660835,-0.2371745258569717
P0588,2025-12-01,0.2102249562740326,0.0865523889660835,-0.2371745258569717
P0593,2025-01-01,0.4926376342773437,0.2981286942958832,-0.0657182931900024
P0593,2025-02-01,0.8788246512413025,0.6526836156845093,0.4405138790607452
P0593,2025-03-01,0.8432513475418091,0.7359831929206848,0.5180890560150146
P0593,2025-04-01,0.892794668674469,0.8159123063087463,0.587182879447937
P0593,2025-05-01,0.2601902186870575,0.174513965845108,-0.0542148202657699
P0593,2025-06-01,0.1116726472973823,0.0893649235367775,-0.1576281636953354
P0593,2025-07-01,0.13929283618927,0.1159616410732269,-0.1105298325419426
P0593,2025-08-01,0.1488466560840606,0.1249725967645645,-0.0976526886224746
P0593,2025-09-01,-0.174630120396614,-0.105266235768795,-0.4361226260662079
P0593,2025-10-01,0.1187080517411232,0.0525221787393093,-0.3687573969364166
P0593,2025-11-01,0.2323091179132461,0.0947804301977157,-0.2471558600664138
P0593,2025-12-01,0.2323091179132461,0.0947804301977157,-0.2471558600664138
P0598,2025-01-01,0.137983039021492,0.0991252064704895,-0.16960109770298
P0598,2025-02-01,0.2624741196632385,0.1903851479291916,-0.0780970677733421
P0598,2025-03-01,0.4566875696182251,0.3916722536087036,0.1378442794084549
P0598,2025-04-01,0.3821560144424438,0.3110269606113434,0.0400554239749908
P0598,2025-05-01,0.0227182935923337,0.015737472102046,-0.2876994907855987
P0598,2025-06-01,0.0206319708377122,0.0148383816704154,-0.2878080308437347
P0598,2025-07-01,0.1831210255622863,0.1497963219881057,-0.091888889670372
P0598,2025-08-01,0.0831159800291061,0.0596456192433834,-0.1958430111408233
P0598,2025-09-01,0.0754925459623336,0.0517938360571861,-0.2099283039569854
P0598,2025-10-01,0.0922330096364021,0.066810555756092,-0.200955182313919
P0598,2025-11-01,-0.0029617662075906,-0.0015799603424966,-0.3238999545574188
P0598,2025-12-01,-0.0029617662075906,-0.0015799603424966,-0.3238999545574188
P0604,2025-01-01,0.5375626087188721,0.3239045441150665,0.0145406480878591
P0604,2025-02-01,0.7019917368888855,0.3643456101417541,0.2093457877635955
P0604,2025-03-01,0.7345837354660034,0.5227264165878296,0.3671526908874511
P0604,2025-04-01,0.5879081338644028,0.3884958177804947,0.2084490898996591
P0604,2025-05-01,0.4412325322628021,0.2542652189731598,0.0497454889118671
P0604,2025-06-01,0.2425955832004547,0.1512455493211746,-0.095807209610939
P0604,2025-07-01,0.2352565079927444,0.1913577020168304,-0.0318176113069057
P0604,2025-08-01,0.1134638413786888,0.0531158819794654,-0.3251816034317016
P0604,2025-09-01,0.1556135714054107,0.0589795336127281,-0.3609586954116821
P0604,2025-10-01,0.2661406099796295,0.075928121805191,-0.3180061876773834
P0604,2025-11-01,0.3136388659477234,0.1096525117754936,-0.1872224062681198
P0604,2025-12-01,0.3136388659477234,0.1096525117754936,-0.1872224062681198
P0609,2025-01-01,0.7995530962944031,0.6168327331542969,0.324942409992218
P0609,2025-02-01,0.657748281955719,0.5011906027793884,0.2324952334165573
P0609,2025-03-01,0.6689301133155823,0.6163777112960815,0.3112556934356689
P0609,2025-04-01,0.6319661736488342,0.528826892375946,0.2320188879966735
P0609,2025-05-01,0.37490114569664,0.2429606318473816,-0.1070205494761467
P0609,2025-06-01,0.2801286280155182,0.2237756550312042,-0.0853791236877441
P0609,2025-07-01,0.2639016211032867,0.1950571089982986,-0.1195346489548683
P0609,2025-08-01,0.2668839395046234,0.1978842169046402,-0.1108145862817764
P0609,2025-09-01,0.2795018851757049,0.1952984780073166,-0.131956547498703
P0609,2025-10-01,0.2843169271945953,0.1461028009653091,-0.2196909636259079
P0609,2025-11-01,0.425493061542511,0.2024396955966949,-0.0547348037362098
P0609,2025-12-01,0.425493061542511,0.2024396955966949,-0.0547348037362098
P0614,2025-01-01,0.7106809616088867,0.3928312063217163,0.2064846456050872
P0614,2025-02-01,0.7758854031562805,0.5237991213798523,0.349424809217453
P0614,2025-03-01,0.7112312316894531,0.524155855178833,0.3522094190120697
P0614,2025-04-01,0.7301886677742004,0.4899088442325592,0.3038797378540039
P0614,2025-05-01,0.6779757142066956,0.4433023929595947,0.1404688656330108
P0614,2025-06-01,0.4763133227825165,0.3458080887794494,0.0535564869642257
P0614,2025-07-01,0.5032694935798645,0.3497581779956817,0.0604612864553928
P0614,2025-08-01,0.5375494360923767,0.3792028725147247,0.0985049828886985
P0614,2025-09-01,0.6136303544044495,0.4002075493335724,0.1083788722753524
P0614,2025-10-01,0.6971303820610046,0.4064375460147857,0.1488597989082336
P0614,2025-11-01,0.7978940010070801,0.4298104345798492,0.3107974231243133
P0614,2025-12-01,0.7978940010070801,0.4298104345798492,0.3107974231243133
P0619,2025-01-01,0.1549578458070755,0.1511196941137313,-0.1053177118301391
P0619,2025-02-01,0.1611530035734176,0.1664698272943496,-0.0916270241141319
P0619,2025-03-01,0.2191511690616607,0.23258076608181,-0.0181453730911016
P0619,2025-04-01,0.1503683924674987,0.1654222160577774,-0.0954972356557846
P0619,2025-05-01,0.1183932349085807,0.1282638609409332,-0.131888061761856
P0619,2025-06-01,0.1049897149205207,0.1160536929965019,-0.1450464725494384
P0619,2025-07-01,0.0807230398058891,0.0812825709581375,-0.1717430502176284
P0619,2025-08-01,0.0771054252982139,0.0765173435211181,-0.1802297979593277
P0619,2025-09-01,0.0821273550391197,0.0827420279383659,-0.1628883332014084
P0619,2025-10-01,0.0329515151679515,0.0282607525587081,-0.2607523798942566
P0619,2025-11-01,0.0468283593654632,0.0350431390106678,-0.2480568140745163
P0619,2025-12-01,0.0468283593654632,0.0350431390106678,-0.2480568140745163
P0625,2025-01-01,0.6003246903419495,0.3604569435119629,0.085922010242939
P0625,2025-02-01,0.790326714515686,0.5526770353317261,0.3172439932823181
P0625,2025-03-01,0.8220920562744141,0.762661874294281,0.4568446278572082
P0625,2025-04-01,0.7569805979728699,0.5520275831222534,0.2722755372524261
P0625,2025-05-01,0.5026503205299377,0.4200397133827209,0.1100459098815918
P0625,2025-06-01,0.365674614906311,0.282772809267044,-0.0437621548771858
P0625,2025-07-01,0.1354252696037292,0.1075607314705848,-0.1585067361593246
P0625,2025-08-01,-0.0266592092812061,-0.0192535538226366,-0.287915974855423
P0625,2025-09-01,0.0521134920418262,0.0375678315758705,-0.2479304671287536
P0625,2025-10-01,0.3991343677043915,0.3139803409576416,-0.0065473010763525
P0625,2025-11-01,0.4385314881801605,0.2364607155323028,-0.0183865781873464
P0625,2025-12-01,0.4385314881801605,0.2364607155323028,-0.0183865781873464
P0630,2025-01-01,0.6057884097099304,0.3418434262275696,0.1441099792718887
P0630,2025-02-01,0.9219455122947692,0.8894191980361938,0.5806185603141785
P0630,2025-03-01,0.8337013721466064,0.7764102816581726,0.5034818649291992
P0630,2025-04-01,0.5317077189683914,0.4745146632194519,0.21899977698922163
P0630,2025-05-01,0.2297140657901764,0.1726190447807312,-0.065482310950756
P0630,2025-06-01,0.2029616683721542,0.1634950041770935,-0.054627601057291
P0630,2025-07-01,0.200390487909317,0.1562370210886001,-0.0599110387265682
P0630,2025-08-01,0.2179396152496338,0.1723411381244659,-0.0370734445750713
P0630,2025-09-01,0.2313229590654373,0.1739677488803863,-0.0501275695860385
P0630,2025-10-01,0.2375886589288711,0.1278315484523773,-0.1174712628126144
P0630,2025-11-01,0.3051271438598633,0.1322206556797027,-0.0772178024053573
P0630,2025-12-01,0.3051271438598633,0.1322206556797027,-0.0772178024053573
P0635,2025-01-01,0.7832963466644287,0.5154093503952026,0.2762112915515899
P0635,2025-02-01,0.7832963466644287,0.5154093503952026,0.2762112915515899
P0635,2025-03-01,0.8290302753448486,0.6917492151260376,0.4360734224319458
P0635,2025-04-01,0.6181904822587967,0.487493097782135,0.280460212379694
P0635,2025-05-01,0.4073506891727447,0.2832369804382324,0.1248470023274421
P0635,2025-06-01,0.2083553671836853,0.1543725878000259,-0.048841405659914
P0635,2025-07-01,0.1507332175970077,0.1232077851891517,-0.1050553768873214
P0635,2025-08-01,0.1520824283361435,0.1242589503526687,-0.1143462732434272
P0635,2025-09-01,0.153447538614273,0.1258054673671722,-0.1052925437688827
P0635,2025-10-01,0.1822115331888198,0.0695974752306938,-0.349298745393753
P0635,2025-11-01,0.1551993787288665,0.0677844583988189,-0.2654735147953033
P0635,2025-12-01,0.1551993787288665,0.0677844583988189,-0.2654735147953033
P0640,2025-01-01,0.6883364915847778,0.4601899087429046,0.1666666716337204
P0640,2025-02-01,0.8107324242591858,0.5917013883590698,0.3785425126552582
P0640,2025-03-01,0.8388985395431519,0.6544981002807617,0.4208410084247589
P0640,2025-04-01,0.7560585141181946,0.5712360739707947,0.354912668466568
P0640,2025-05-01,0.464699387550354,0.2971257269382477,0.0401488430798053
P0640,2025-06-01,0.3021082282066345,0.2060480266809463,-0.0627346709370613
P0640,2025-07-01,0.2196555286645889,0.1510254144668579,-0.1051144823431968
P0640,2025-08-01,0.2973349392414093,0.2115226835012436,-0.0467631146311759
P0640,2025-09-01,0.2893081903457641,0.202034518122673,-0.0447918213903903
P0640,2025-10-01,0.3487821519374847,0.1818662881851196,-0.1544008553028106
P0640,2025-11-01,0.4192835092544555,0.1789354532957077,-0.1147586181759834
P0640,2025-12-01,0.4192835092544555,0.1789354532957077,-0.1147586181759834
P0646,2025-01-01,0.3575488328933716,0.300869882106781,0.0301927477121353
P0646,2025-02-01,0.328824058175087,0.30140526592731476,0.04707176983356475
P0646,2025-03-01,0.3000992834568023,0.3019406497478485,0.0639507919549942
P0646,2025-04-01,0.4810207039117813,0.37126338481903076,0.0860674940049648
P0646,2025-05-01,0.6619421243667603,0.440586119890213,0.1081841960549354
P0646,2025-06-01,0.1894572079181671,0.1451845169067382,-0.0472408011555671
P0646,2025-07-01,0.0940159782767295,0.0825439170002937,-0.0986082628369331
P0646,2025-08-01,0.058072842657566,0.0491910800337791,-0.1417771577835083
P0646,2025-09-01,0.0732645839452743,0.0608586706221103,-0.1731293797492981
P0646,2025-10-01,0.0900482386350631,0.0746733024716377,-0.189989373087883
P0646,2025-11-01,0.2573440074920654,0.162546768784523,-0.0312383081763982
P0646,2025-12-01,0.2573440074920654,0.162546768784523,-0.0312383081763982
P0651,2025-01-01,0.7586511373519897,0.6795609593391418,0.3852037191390991
P0651,2025-02-01,0.8229759335517883,0.6332076191902161,0.3519960939884186
P0651,2025-03-01,0.7398454546928406,0.6323026418685913,0.378492921590805
P0651,2025-04-01,0.554269552230835,0.3608022928237915,0.1310125440359115
P0651,2025-05-01,0.2880307137966156,0.2029647827148437,-0.105364553630352
P0651,2025-06-01,0.1850408315658569,0.1404660642147064,-0.1863132417201995
P0651,2025-07-01,0.0585137493908405,0.0407254546880722,-0.2462500035762787
P0651,2025-08-01,-0.0326651819050312,-0.0191916245967149,-0.3373453021049499
P0651,2025-09-01,-0.0131932571530342,-0.0078811403363943,-0.3164664208889007
P0651,2025-10-01,0.2705391645431518,0.1400099694728851,-0.2473383992910385
P0651,2025-11-01,0.4321784973144531,0.1460085660219192,-0.2291403263807296
P0651,2025-12-01,0.4321784973144531,0.1460085660219192,-0.2291403263807296
P0656,2025-01-01,0.3142158091068268,0.2050299793481826,-0.1495162695646286
P0656,2025-02-01,0.783470630645752,0.5479723215103149,0.3047654926776886
P0656,2025-03-01,0.8181990385055542,0.7168720960617065,0.4527415931224823
P0656,2025-04-01,0.5417440384626389,0.43543393909931183,0.19233130663633352
P0656,2025-05-01,0.2652890384197235,0.1539957821369171,-0.0680789798498153
P0656,2025-06-01,0.1859477758407592,0.1280514597892761,-0.0887294113636016
P0656,2025-07-01,0.1414884775876999,0.1161995083093643,-0.1017263978719711
P0656,2025-08-01,0.1683873832225799,0.1378998309373855,-0.0871392861008644
P0656,2025-09-01,0.1731608062982559,0.140451431274414,-0.0789864137768745
P0656,2025-10-01,0.0350177288055419,0.0140644470229744,-0.4047922492027282
P0656,2025-11-01,0.1269841343164444,0.0510168895125389,-0.3079557418823242
P0656,2025-12-01,0.1269841343164444,0.0510168895125389,-0.3079557418823242
P0662,2025-01-01,0.4661493301391601,0.3157284259796142,-0.0402872674167156
P0662,2025-02-01,0.7752997875213623,0.5759227871894836,0.3207850158214569
P0662,2025-03-01,0.7706422209739685,0.6801057457923889,0.4018677771091461
P0662,2025-04-01,0.45891366899013514,0.3873441629111767,0.1297728419303894
P0662,2025-05-01,0.1471851170063018,0.0945825800299644,-0.1423220932483673
P0662,2025-06-01,0.0410813130438327,0.0279718246310949,-0.2693456709384918
P0662,2025-07-01,0.1295247077941894,0.1011653095483779,-0.150550365447998
P0662,2025-08-01,0.1366192996501922,0.1106316670775413,-0.1221993565559387
P0662,2025-09-01,0.1095254495739936,0.0842035710811615,-0.1861521005630493
P0662,2025-10-01,0.1117597967386245,0.0682118982076644,-0.2934629023075104
P0662,2025-11-01,0.1607482582330703,0.0864568054676055,-0.2243643999099731
P0662,2025-12-01,0.1607482582330703,0.0864568054676055,-0.2243643999099731
P0665,2025-01-01,0.2728853821754455,0.2670751810073852,0.016027258709073
P0665,2025-02-01,0.41825005412101746,0.4001549780368805,0.148941078223288
P0665,2025-03-01,0.5636147260665894,0.5332347750663757,0.281854897737503
P0665,2025-04-01,0.634618878364563,0.563270628452301,0.3399760127067566
P0665,2025-05-01,0.5053648352622986,0.4139131009578705,0.1373216658830642
P0665,2025-06-01,0.3043196499347687,0.2278976440429687,-0.0761817321181297
P0665,2025-07-01,0.2784460783004761,0.203077808022499,-0.102201908826828
P0665,2025-08-01,0.1375224888324737,0.1309663206338882,-0.1265545785427093
P0665,2025-09-01,0.1289688497781753,0.1228717118501663,-0.1463358849287033
P0665,2025-10-01,0.0858395025134086,0.0854597985744476,-0.1707063764333725
P0665,2025-11-01,0.1384717375040054,0.0985880047082901,-0.1055006086826324
P0665,2025-12-01,0.1384717375040054,0.0985880047082901,-0.1055006086826324
P0668,2025-01-01,0.4495395123958587,0.3623905777931213,0.0861127078533172
P0668,2025-02-01,0.8522458672523499,0.8060497641563416,0.4686035513877868
P0668,2025-03-01,0.7466825842857361,0.7187759876251221,0.4980818331241607
P0668,2025-04-01,0.6627442836761475,0.5177961587905884,0.3085827827453613
P0668,2025-05-01,0.2492447197437286,0.1838235259056091,-0.1142900884151458
P0668,2025-06-01,0.1898550689220428,0.163079559803009,-0.1486346423625946
P0668,2025-07-01,0.1434754729270935,0.1167370975017547,-0.1522462517023086
P0668,2025-08-01,0.1409469842910766,0.1163122802972793,-0.1473077833652496
P0668,2025-09-01,0.1374476253986358,0.1131149679422378,-0.1505415141582489
P0668,2025-10-01,0.1664905995130539,0.1151070743799209,-0.2257747799158096
P0668,2025-11-01,0.1852345466613769,0.1025921106338501,-0.2000359743833542
P0668,2025-12-01,0.1852345466613769,0.1025921106338501,-0.2000359743833542
P0670,2025-01-01,0.3899711370468139,0.2070722579956054,-0.1037450581789016
P0670,2025-02-01,0.8669629096984863,0.6089590787887573,0.4091536700725555
P0670,2025-03-01,0.8474839925765991,0.7292606830596924,0.4920759499073028
P0670,2025-04-01,0.9144152402877808,0.809662401676178,0.5634933114051819
P0670,2025-05-01,0.2878433763980865,0.1661213636398315,-0.0452772974967956
P0670,2025-06-01,0.161664605140686,0.1352190673351287,-0.1064969077706337
P0670,2025-07-01,0.1544256061315536,0.1290744394063949,-0.0806414410471916
P0670,2025-08-01,0.1622371524572372,0.1349972039461136,-0.0605524070560932
P0670,2025-09-01,0.1611211001873016,0.1341000944375991,-0.0703228116035461
P0670,2025-10-01,0.181912675499916,0.0923645347356796,-0.2282805442810058
P0670,2025-11-01,0.3157894611358642,0.1154021918773651,-0.1764513999223709
P0670,2025-12-01,0.3157894611358642,0.1154021918773651,-0.1764513999223709
P0672,2025-01-01,0.31773641705513,0.1898308098316192,-0.1194958239793777
P0672,2025-02-01,0.5674871802330017,0.3395151495933532,0.0676123797893524
P0672,2025-03-01,0.7050628066062927,0.5810155272483826,0.2347591370344162
P0672,2025-04-01,0.4362069070339203,0.2690426409244537,-0.0268691591918468
P0672,2025-05-01,0.2485274076461792,0.163166344165802,-0.1680253595113754
P0672,2025-06-01,0.2454599887132644,0.1753385663032531,-0.1506532430648803
P0672,2025-07-01,0.1699844151735305,0.1228974759578704,-0.1661732047796249
P0672,2025-08-01,0.1521335840225219,0.1106178387999534,-0.1629702299833297
P0672,2025-09-01,0.1558757126331329,0.1117749586701393,-0.1624952852725982
P0672,2025-10-01,0.1909393370151519,0.1009008064866066,-0.2507246434688568
P0672,2025-11-01,0.1604390442371368,0.0882420912384986,-0.2136414051055908
P0672,2025-12-01,0.1604390442371368,0.0882420912384986,-0.2136414051055908
P0675,2025-01-01,0.8336743116378784,0.7102025151252747,0.5061334371566772
P0675,2025-02-01,0.8336743116378784,0.7102025151252747,0.5061334371566772
P0675,2025-03-01,0.6928186615308126,0.5506241271893183,0.33160605343679594
P0675,2025-04-01,0.5519630114237468,0.391045739253362,0.1570786697169146
P0675,2025-05-01,0.4111073613166809,0.2314673513174057,-0.0174487140029668
P0675,2025-06-01,0.1813244521617889,0.1449214518070221,-0.1077147051692009
P0675,2025-07-01,0.1433869004249572,0.1105243116617202,-0.125
P0675,2025-08-01,0.1213285103440284,0.0840638726949691,-0.1690942645072937
P0675,2025-09-01,0.1473317891359329,0.0992094501852989,-0.1472667753696441
P0675,2025-10-01,0.1387814283370971,0.0556438788771629,-0.2303921580314636
P0675,2025-11-01,0.2360570728778839,0.1000953316688537,-0.0818882435560226
P0675,2025-12-01,0.2360570728778839,0.1000953316688537,-0.0818882435560226
P0678,2025-01-01,0.7827514410018921,0.7136778831481934,0.4334352314472198
P0678,2025-02-01,0.8097327947616577,0.671297013759613,0.420461356639862
P0678,2025-03-01,0.674347996711731,0.5817716717720032,0.3472761213779449
P0678,2025-04-01,0.3262890875339508,0.1890241950750351,-0.1427790969610214
P0678,2025-05-01,0.1195902153849601,0.0771222114562988,-0.2566629648208618
P0678,2025-06-01,0.1179983541369438,0.0777054503560066,-0.2606564164161682
P0678,2025-07-01,0.1201306879520416,0.0677898824214935,-0.2641571760177612
P0678,2025-08-01,0.1272584497928619,0.0694365054368972,-0.2767136991024017
P0678,2025-09-01,0.1476878672838211,0.0746355876326561,-0.2824358642101288
P0678,2025-10-01,0.1871423721313476,0.0837475508451461,-0.3192434012889862
P0678,2025-11-01,0.2167194932699203,0.0861933156847953,-0.2801218926906585
P0678,2025-12-01,0.2167194932699203,0.0861933156847953,-0.2801218926906585
P0680,2025-01-01,0.4151168465614319,0.2803903818130493,-0.0311785824596881
P0680,2025-02-01,0.7528458833694458,0.5818163156509399,0.3325012624263763
P0680,2025-03-01,0.7666804194450378,0.6289913654327393,0.3929209411144256
P0680,2025-04-01,0.8264849781990051,0.6688029766082764,0.4220122694969177
P0680,2025-05-01,-0.0449518375098705,-0.0215723868459463,-0.3745326995849609
P0680,2025-06-01,0.0169522762298584,0.012564186938107,-0.2729548215866089
P0680,2025-07-01,0.1028886213898658,0.0840428099036216,-0.158295452594757
P0680,2025-08-01,0.142491340637207,0.1173668131232261,-0.1228171586990356
P0680,2025-09-01,0.1276249438524246,0.1013994142413139,-0.1606688499450683
P0680,2025-10-01,0.169083371758461,0.1002856492996215,-0.2212831974029541
P0680,2025-11-01,0.2068424373865127,0.1049530208110809,-0.1639486849308014
P0680,2025-12-01,0.2068424373865127,0.1049530208110809,-0.1639486849308014
P0683,2025-01-01,0.2538520693778991,0.127589538693428,-0.2690321207046509
P0683,2025-02-01,0.4399383962154388,0.1747980713844299,-0.1398344039916992
P0683,2025-03-01,0.4808002710342407,0.2818126678466797,0.0349571481347084
P0683,2025-04-01,0.4182577282190323,0.245012067258358,-0.023447822779417003
P0683,2025-05-01,0.3557151854038238,0.2082114666700363,-0.0818527936935424
P0683,2025-06-01,0.3996531367301941,0.2721444368362427,-0.0177360456436872
P0683,2025-07-01,0.1328181624412536,0.084915854036808,-0.2324934601783752
P0683,2025-08-01,0.0856207534670829,0.0538485907018184,-0.2680814862251282
P0683,2025-09-01,0.0546218492090702,0.0289423204958438,-0.3586871027946472
P0683,2025-10-01,0.1958827227354049,0.0633090063929557,-0.3834030330181122
P0683,2025-11-01,0.2354014664888382,0.0763283520936966,-0.3371409773826599
P0683,2025-12-01,0.2354014664888382,0.0763283520936966,-0.3371409773826599
P0685,2025-01-01,0.6093618869781494,0.4801362752914428,0.158682182431221
P0685,2025-02-01,0.8099934458732605,0.6429167985916138,0.3852733969688415
P0685,2025-03-01,0.5772600769996643,0.4566504955291748,0.2446574419736862
P0685,2025-04-01,0.4836500287055969,0.3454315960407257,0.105713814496994
P0685,2025-05-01,0.1986618638038635,0.1600951105356216,-0.1599134355783462
P0685,2025-06-01,0.1243488490581512,0.1000135168433189,-0.2099421471357345
P0685,2025-07-01,0.1108129471540451,0.0889328047633171,-0.1930045932531356
P0685,2025-08-01,0.1060376241803169,0.0874252691864967,-0.1796804666519165
P0685,2025-09-01,0.1087237447500228,0.0860107839107513,-0.1943890154361724
P0685,2025-10-01,-0.0191283300518989,-0.0115470066666603,-0.3666354119777679
P0685,2025-11-01,-0.0817539915442466,-0.0362677201628685,-0.4289346039295196
P0685,2025-12-01,-0.0817539915442466,-0.0362677201628685,-0.4289346039295196
P0688,2025-01-01,0.3322442770004272,0.3511101603507995,0.1293140202760696
P0688,2025-02-01,0.7269012331962585,0.5670669078826904,0.3333917558193207
P0688,2025-03-01,0.6905930638313293,0.578095018863678,0.3666721880435943
P0688,2025-04-01,0.7555605173110962,0.5973272323608398,0.376285970211029
P0688,2025-05-01,0.5856003761291504,0.4356853663921356,0.1824064403772354
P0688,2025-06-01,0.3824458420276642,0.292422890663147,0.0237259808927774
P0688,2025-07-01,0.315543532371521,0.2101900428533554,-0.0790289267897605
P0688,2025-08-01,0.2303444594144821,0.1460292041301727,-0.1772463470697403
P0688,2025-09-01,0.259608656167984,0.1369231939315796,-0.1803092360496521
P0688,2025-10-01,0.2191833555698394,0.1079696416854858,-0.2440888434648513
P0688,2025-11-01,0.2544507086277008,0.1089259833097457,-0.1505439579486847
P0688,2025-12-01,0.2544507086277008,0.1089259833097457,-0.1505439579486847
P0690,2025-01-01,0.2666357457637787,0.1862408518791198,-0.1202898547053337
P0690,2025-02-01,0.5276809334754944,0.4035134613513946,0.1039533764123916
P0690,2025-03-01,0.6277434229850769,0.4969803392887115,0.2305090278387069
P0690,2025-04-01,0.6663753390312195,0.5210646986961365,0.2436001896858215
P0690,2025-05-01,0.2920539081096649,0.2026700228452682,-0.0780835524201393
P0690,2025-06-01,0.1666666716337204,0.1273595988750457,-0.1719302982091903
P0690,2025-07-01,0.1180382370948791,0.0945078954100608,-0.1740358620882034
P0690,2025-08-01,0.1080410331487655,0.0869368389248848,-0.167557492852211
P0690,2025-09-01,0.1176366209983825,0.0918918922543525,-0.185965359210968
P0690,2025-10-01,0.1913567036390304,0.1360440254211425,-0.1786243766546249
P0690,2025-11-01,0.210882768034935,0.1403830647468567,-0.1439656615257263
P0690,2025-12-01,0.210882768034935,0.1403830647468567,-0.1439656615257263
P0692,2025-01-01,0.5902619361877441,0.36276775598526,0.1972132921218872
P0692,2025-02-01,0.9222379326820374,0.7783839106559753,0.5382252931594849
P0692,2025-03-01,0.7878673076629639,0.6780214309692383,0.4729033410549164
P0692,2025-04-01,0.8912280797958374,0.6781048774719238,0.5180248022079468
P0692,2025-05-01,0.2760275900363922,0.1545231640338897,-0.1581551879644394
P0692,2025-06-01,0.2290748953819275,0.1523797810077667,-0.1413994133472442
P0692,2025-07-01,0.1971739530563354,0.155135840177536,-0.1036118194460868
P0692,2025-08-01,0.2013455927371978,0.1562420427799224,-0.0942719280719757
P0692,2025-09-01,0.1809846460819244,0.1245302706956863,-0.1769690215587616
P0692,2025-10-01,0.2174222618341446,0.1349480003118515,-0.2173050493001938
P0692,2025-11-01,0.2391612380743026,0.1272771209478378,-0.139173224568367
P0692,2025-12-01,0.2391612380743026,0.1272771209478378,-0.139173224568367
P0696,2025-01-01,0.8469808101654053,0.66297847032547,0.4610095918178558
P0696,2025-02-01,0.8469808101654053,0.66297847032547,0.4610095918178558
P0696,2025-03-01,0.7568079630533854,0.5805733402570088,0.3619030465682347
P0696,2025-04-01,0.6666351159413656,0.49816821018854773,0.26279650131861365
P0696,2025-05-01,0.5764622688293457,0.4157630801200866,0.1636899560689926
P0696,2025-06-01,0.3214069008827209,0.2429558038711547,-0.0200869441032409
P0696,2025-07-01,0.2290532290935516,0.1749208569526672,-0.0921240448951721
P0696,2025-08-01,0.1970357447862625,0.1514826565980911,-0.0853983461856842
P0696,2025-09-01,0.1983769088983535,0.1476787626743316,-0.0845846533775329
P0696,2025-10-01,0.1570498943328857,0.0675675645470619,-0.267307698726654
P0696,2025-11-01,0.282661497592926,0.1070207059383392,-0.1453074365854263
P0696,2025-12-01,0.282661497592926,0.1070207059383392,-0.1453074365854263
P0702,2025-01-01,0.1827531605958938,0.0481631308794021,-0.4635809063911438
P0702,2025-02-01,0.2409200966358184,0.1144818589091301,-0.2490842491388321
P0702,2025-03-01,0.4266296923160553,0.280217170715332,0.0031207334250211
P0702,2025-04-01,0.5146018862724304,0.3145552277565002,0.0521033518016338
P0702,2025-05-01,0.5419721007347107,0.4093441963195801,0.0259597226977348
P0702,2025-06-01,0.3111689686775207,0.2192032039165496,-0.0696776360273361
P0702,2025-07-01,0.2878479361534118,0.1943112015724182,-0.1206736713647842
P0702,2025-08-01,0.2191269397735595,0.1296648830175399,-0.1984516680240631
P0702,2025-09-01,0.3419962227344513,0.1674782335758209,-0.2092765271663665
P0702,2025-10-01,0.1018164455890655,0.0404067225754261,-0.4030044078826904
P0702,2025-11-01,0.2077059298753738,0.0863116085529327,-0.2850026190280914
P0702,2025-12-01,0.2077059298753738,0.0863116085529327,-0.2850026190280914
P0707,2025-01-01,0.2759586870670318,0.2125421464443206,-0.0864986851811409
P0707,2025-02-01,0.9836231470108032,0.8556102514266968,0.4978626072406769
P0707,2025-03-01,0.8238722085952759,0.7195153832435608,0.4189821481704712
P0707,2025-04-01,0.8077013492584229,0.5839217901229858,0.3655551671981811
P0707,2025-05-01,0.1771920621395111,0.1092447787523269,-0.2017342001199722
P0707,2025-06-01,0.1612047404050827,0.1380130350589752,-0.1434327214956283
P0707,2025-07-01,0.1341172903776168,0.1117477789521217,-0.1427767723798751
P0707,2025-08-01,0.1122807040810585,0.0940556824207305,-0.1383059620857238
P0707,2025-09-01,0.1182623878121376,0.0973009169101715,-0.1429684907197952
P0707,2025-10-01,0.0792314335703849,0.0505690760910511,-0.2626843750476837
P0707,2025-11-01,0.1143007650971412,0.0610889010131359,-0.1922489553689956
P0707,2025-12-01,0.1143007650971412,0.0610889010131359,-0.1922489553689956
P0711,2025-01-01,0.6290944218635559,0.3593704104423523,0.0522713139653205
P0711,2025-02-01,0.6187255382537842,0.3223174214363098,0.0925036072731018
P0711,2025-03-01,0.6158730387687683,0.4169559776782989,0.1458008587360382
P0711,2025-04-01,0.6229507923126221,0.3856076598167419,0.0921839922666549
P0711,2025-05-01,0.2887640595436096,0.1995775550603866,-0.1536304652690887
P0711,2025-06-01,0.2721346020698547,0.1980834603309631,-0.1531569361686706
P0711,2025-07-01,0.2261847704648971,0.1430128067731857,-0.1822825223207473
P0711,2025-08-01,0.2367366254329681,0.1519600450992584,-0.1678565740585327
P0711,2025-09-01,0.250629723072052,0.1546327620744705,-0.1723620593547821
P0711,2025-10-01,0.354015588760376,0.2019985318183899,-0.1397610902786255
P0711,2025-11-01,0.3812584578990936,0.18274687230587,-0.073098748922348
P0711,2025-12-01,0.3812584578990936,0.18274687230587,-0.073098748922348
P0716,2025-01-01,0.3686700165271759,0.2100773751735687,-0.1392825841903686
P0716,2025-02-01,0.8020774722099304,0.5233175754547119,0.2741167247295379
P0716,2025-03-01,0.7791982889175415,0.6134843826293945,0.3818579614162445
P0716,2025-04-01,0.8441953063011169,0.6347032189369202,0.4078102707862854
P0716,2025-05-01,0.2861941456794739,0.1478294134140014,-0.1623277217149734
P0716,2025-06-01,0.0820875242352485,0.0487002506852149,-0.2825734317302704
P0716,2025-07-01,0.1251370161771774,0.0918821766972541,-0.191838338971138
P0716,2025-08-01,0.1508531272411346,0.1192186549305915,-0.1277495771646499
P0716,2025-09-01,0.1714486926794052,0.1284113377332687,-0.1472321897745132
P0716,2025-10-01,0.2002074718475341,0.0939874053001403,-0.2979368865489959
P0716,2025-11-01,0.2500979900360107,0.1044189855456352,-0.2408950179815292
P0716,2025-12-01,0.2500979900360107,0.1044189855456352,-0.2408950179815292
P0721,2025-01-01,0.3382619321346283,0.1830144375562667,-0.169631153345108
P0721,2025-02-01,0.8585055470466614,0.6735806465148926,0.3904842734336853
P0721,2025-03-01,0.7723622918128967,0.6662800312042236,0.4274326860904693
P0721,2025-04-01,0.7921121120452881,0.5804115533828735,0.3534900546073913
P0721,2025-05-01,0.3119379878044128,0.1734303385019302,-0.1605158746242523
P0721,2025-06-01,0.0969085693359375,0.066516175866127,-0.275452584028244
P0721,2025-07-01,0.2150368094444275,0.1629049330949783,-0.1388647407293319
P0721,2025-08-01,0.2248812019824981,0.1720689833164215,-0.1116445064544677
P0721,2025-09-01,0.1920233517885208,0.1379724889993667,-0.1771420836448669
P0721,2025-10-01,0.1475764065980911,0.0738315135240554,-0.3052336573600769
P0721,2025-11-01,0.201244056224823,0.0882286876440048,-0.2584142684936523
P0721,2025-12-01,0.201244056224823,0.0882286876440048,-0.2584142684936523
P0727,2025-01-01,0.182175874710083,0.1211756393313407,-0.0855273157358169
P0727,2025-02-01,0.4529932141304016,0.3228738903999328,0.100841648876667
P0727,2025-03-01,0.6491617560386658,0.5246490240097046,0.2872457802295685
P0727,2025-04-01,0.7463381886482239,0.5694209337234497,0.3335027992725372
P0727,2025-05-01,0.4014056324958801,0.2996731996536255,0.103399209678173
P0727,2025-06-01,0.2132801562547683,0.1384952962398529,-0.1445823013782501
P0727,2025-07-01,0.1379310339689254,0.110854722559452,-0.1125346273183822
P0727,2025-08-01,0.1382821649312973,0.1106126755475997,-0.0960975065827369
P0727,2025-09-01,0.1475232243537902,0.1132151708006858,-0.1160267144441604
P0727,2025-10-01,0.1431535333395004,0.1078643575310707,-0.1304928362369537
P0727,2025-11-01,0.1746206283569336,0.103460855782032,-0.0829326957464218
P0727,2025-12-01,0.1746206283569336,0.103460855782032,-0.0829326957464218
P0731,2025-01-01,0.2783194184303283,0.1974052488803863,-0.1253176629543304
P0731,2025-02-01,0.5319765210151672,0.40452001988887787,0.1447870284318924
P0731,2025-03-01,0.7856336236000061,0.6116347908973694,0.4148917198181152
P0731,2025-04-01,0.9052969217300416,0.7014925479888916,0.5262674689292908
P0731,2025-05-01,0.4844013452529907,0.2212849557399749,0.0048515982925891
P0731,2025-06-01,0.2176485657691955,0.1368400603532791,-0.0614713467657566
P0731,2025-07-01,0.146438181400299,0.1227736845612526,-0.1088727414608001
P0731,2025-08-01,0.1544867157936096,0.1295979619026184,-0.0956022962927818
P0731,2025-09-01,0.1522428691387176,0.1258584111928939,-0.1165026053786277
P0731,2025-10-01,0.1139356791973114,0.0625147074460983,-0.2846184074878692
P0731,2025-11-01,0.1698841750621795,0.0815611183643341,-0.1884587258100509
P0731,2025-12-01,0.1698841750621795,0.0815611183643341,-0.1884587258100509
P0736,2025-01-01,0.5905309319496155,0.4617553353309631,0.1937258392572403
P0736,2025-02-01,0.7258584499359131,0.5884343385696411,0.3249344527721405
P0736,2025-03-01,0.7073883414268494,0.6468591690063477,0.3784158825874328
P0736,2025-04-01,0.4370454549789428,0.2872893512248993,0.0475480444729328
P0736,2025-05-01,0.2801022827625274,0.1862326860427856,-0.1388584822416305
P0736,2025-06-01,0.2773637771606445,0.1879972219467163,-0.1700711101293563
P0736,2025-07-01,0.1347159296274185,0.1033588275313377,-0.1948806792497635
P0736,2025-08-01,0.1549883186817169,0.1201935485005378,-0.1654008477926254
P0736,2025-09-01,0.1570501327514648,0.1167090982198715,-0.1804597675800323
P0736,2025-10-01,0.1350297629833221,0.0874674320220947,-0.2365769445896148
P0736,2025-11-01,0.144386351108551,0.0794259458780288,-0.1847845315933227
P0736,2025-12-01,0.144386351108551,0.0794259458780288,-0.1847845315933227
P0742,2025-01-01,0.3489156663417816,0.1566218137741089,-0.2463651001453399
P0742,2025-02-01,0.8480122089385986,0.5359904170036316,0.3194323182106018
P0742,2025-03-01,0.8401663899421692,0.722140908241272,0.4526266455650329
P0742,2025-04-01,0.5902278274297714,0.4860970228910446,0.2784924171864986
P0742,2025-05-01,0.3402892649173736,0.2500531375408172,0.1043581888079643
P0742,2025-06-01,0.2945488691329956,0.2245436012744903,0.0398610904812812
P0742,2025-07-01,0.1764257401227951,0.1423859745264053,-0.0982935950160026
P0742,2025-08-01,0.0647191032767295,0.0270544476807117,-0.3908459842205047
P0742,2025-09-01,0.0275195240974426,0.0135600678622722,-0.4288962483406067
P0742,2025-10-01,0.2249262481927871,0.0645912736654281,-0.3822982609272003
P0742,2025-11-01,0.2013673037290573,0.0653067827224731,-0.3645627796649933
P0742,2025-12-01,0.2013673037290573,0.0653067827224731,-0.3645627796649933
P0747,2025-01-01,0.1595869064331054,0.1222680062055587,-0.1515540331602096
P0747,2025-02-01,0.4435913860797882,0.3313051462173462,0.094068206846714
P0747,2025-03-01,0.4691071212291717,0.3824532628059387,0.1154411733150482
P0747,2025-04-01,0.4995782375335693,0.3834946751594543,0.1278350502252578
P0747,2025-05-01,0.2475532591342926,0.1913946568965912,-0.0820389688014984
P0747,2025-06-01,0.1151484102010726,0.0935758426785469,-0.1723221093416214
P0747,2025-07-01,0.0749801397323608,0.0611193105578422,-0.1837153136730194
P0747,2025-08-01,0.04353803768754,0.036319613456726,-0.20086570084095
P0747,2025-09-01,0.0347068160772323,0.0286439266055822,-0.2144146263599395
P0747,2025-10-01,0.0628668814897537,0.0469789169728755,-0.2066431045532226
P0747,2025-11-01,0.1893602013587951,0.1172645986080169,-0.11322733014822
P0747,2025-12-01,0.1893602013587951,0.1172645986080169,-0.11322733014822
P0752,2025-01-01,0.4898050725460052,0.3547664582729339,0.0447831563651561
P0752,2025-02-01,0.75099778175354,0.5881637930870056,0.3733913004398346
P0752,2025-03-01,0.7071937322616577,0.5961969494819641,0.4738799929618835
P0752,2025-04-01,0.8486711382865906,0.7427014112472534,0.599897027015686
P0752,2025-05-01,0.5115972757339478,0.3276944756507873,0.0955109819769859
P0752,2025-06-01,0.2382065504789352,0.1753206104040146,-0.1124143153429031
P0752,2025-07-01,0.3127761781215668,0.2406290620565414,-0.0485937073826789
P0752,2025-08-01,0.2653335928916931,0.2018429189920425,-0.0674507617950439
P0752,2025-09-01,0.2334977686405182,0.1540273278951645,-0.1483944207429886
P0752,2025-10-01,0.2422113567590713,0.1322724819183349,-0.2208812236785888
P0752,2025-11-01,0.3208069503307342,0.1427867114543914,-0.1180665642023086
P0752,2025-12-01,0.3208069503307342,0.1427867114543914,-0.1180665642023086
P0757,2025-01-01,0.4431069195270538,0.2941848039627075,0.0051906569860875
P0757,2025-02-01,0.5794282555580139,0.3667363226413727,0.2359317392110824
P0757,2025-03-01,0.6460158824920654,0.5346845984458923,0.3493502140045166
P0757,2025-04-01,0.4925958216190338,0.3435287252068519,0.05784127861261368
P0757,2025-05-01,0.3391757607460022,0.1523728519678115,-0.2336676567792892
P0757,2025-06-01,0.2470030635595321,0.1583160609006881,-0.1873183101415634
P0757,2025-07-01,0.2477678507566452,0.1599833518266677,-0.1653948277235031
P0757,2025-08-01,0.2315184772014618,0.1492465287446975,-0.1687457859516143
P0757,2025-09-01,0.2385645657777786,0.1535858362913131,-0.1573246270418167
P0757,2025-10-01,0.291258156299591,0.1357629746198654,-0.1821474730968475
P0757,2025-11-01,0.4296562671661377,0.1997250318527221,-0.017577588558197
P0757,2025-12-01,0.4296562671661377,0.1997250318527221,-0.017577588558197
P0762,2025-01-01,0.7448078393936157,0.5553380250930786,0.3000711500644684
P0762,2025-02-01,0.5457302927970886,0.3795229494571686,0.1141944155097007
P0762,2025-03-01,0.5156280994415283,0.4082726538181305,0.163533553481102
P0762,2025-04-01,0.2093371003866195,0.166420117020607,-0.113290287554264
P0762,2025-05-01,0.1196345686912536,0.1032669916749,-0.1943024098873138
P0762,2025-06-01,0.1393688470125198,0.1227395087480545,-0.1910169273614883
P0762,2025-07-01,0.1261464208364486,0.1006340980529785,-0.1845508515834808
P0762,2025-08-01,0.1084165498614311,0.0869211629033088,-0.1913737207651138
P0762,2025-09-01,0.1097060292959213,0.0866160094738006,-0.1897109895944595
P0762,2025-10-01,0.0002046663867076,0.0001349709782516,-0.3158336877822876
P0762,2025-11-01,0.0588057003915309,0.0295993406325578,-0.2686348557472229
P0762,2025-12-01,0.0588057003915309,0.0295993406325578,-0.2686348557472229
P0768,2025-01-01,0.2546636462211609,0.1498220711946487,-0.1603934168815612
P0768,2025-02-01,0.721695601940155,0.4863550961017608,0.2314500957727432
P0768,2025-03-01,0.7780172228813171,0.6601608991622925,0.4065406024456024
P0768,2025-04-01,0.8704161643981934,0.7131764888763428,0.4575373232364654
P0768,2025-05-01,0.3384336233139038,0.2110284566879272,-0.0318889506161212
P0768,2025-06-01,0.2241096943616867,0.1595279723405838,-0.0832311436533927
P0768,2025-07-01,0.1306062787771225,0.1066494882106781,-0.1154417619109153
P0768,2025-08-01,0.1374741196632385,0.1153632327914238,-0.0816804096102714
P0768,2025-09-01,0.1322969049215316,0.1072266846895217,-0.117800734937191
P0768,2025-10-01,0.2051214426755905,0.1225977465510368,-0.1934628933668136
P0768,2025-11-01,0.2405345141887664,0.1222944781184196,-0.1453309953212738
P0768,2025-12-01,0.2405345141887664,0.1222944781184196,-0.1453309953212738
P0773,2025-01-01,0.3755572140216827,0.2005793154239654,-0.175829067826271
P0773,2025-02-01,0.8784643411636353,0.7001122236251831,0.451975405216217
P0773,2025-03-01,0.8205986022949219,0.7553560137748718,0.4808821380138397
P0773,2025-04-01,0.9084607362747192,0.8422874212265015,0.550245463848114
P0773,2025-05-01,0.324832558631897,0.1963134855031967,-0.0277882795780897
P0773,2025-06-01,0.1351668685674667,0.1038151457905769,-0.1316228359937667
P0773,2025-07-01,0.1427097171545028,0.115254558622837,-0.1148795261979103
P0773,2025-08-01,0.286807507276535,0.2312231808900833,-0.0015489866491407
P0773,2025-09-01,0.0222841221839189,0.0137883489951491,-0.2927470207214355
P0773,2025-10-01,0.2277647107839584,0.0918127298355102,-0.2956263422966003
P0773,2025-11-01,0.3938897848129272,0.1411038190126419,-0.1784565895795822
P0773,2025-12-01,0.3938897848129272,0.1411038190126419,-0.1784565895795822
P0778,2025-01-01,0.453389823436737,0.2560374140739441,-0.0283286124467849
P0778,2025-02-01,0.760172963142395,0.5378414392471313,0.3080703020095825
P0778,2025-03-01,0.7447108626365662,0.6225575804710388,0.4146381318569183
P0778,2025-04-01,0.7039041221141815,0.582672119140625,0.33377559483051294
P0778,2025-05-01,0.6630973815917969,0.5427866578102112,0.2529130578041076
P0778,2025-06-01,0.3115172982215881,0.2371405512094497,-0.0542800463736057
P0778,2025-07-01,0.3028540313243866,0.2283755987882614,-0.0414604805409908
P0778,2025-08-01,0.28382408618927,0.2141752243041992,-0.0497931018471717
P0778,2025-09-01,0.3102384805679321,0.2200606614351272,-0.0640328973531723
P0778,2025-10-01,0.3029058873653412,0.1651455163955688,-0.1624365448951721
P0778,2025-11-01,0.449466198682785,0.2272972613573074,-0.005615234375
P0778,2025-12-01,0.449466198682785,0.2272972613573074,-0.005615234375
P0784,2025-01-01,0.7926515936851501,0.5529268383979797,0.330726683139801
P0784,2025-02-01,0.7926515936851501,0.5529268383979797,0.330726683139801
P0784,2025-03-01,0.6835503578186035,0.7661778330802917,0.4469159245491028
P0784,2025-04-01,0.5298740714788437,0.5227485597133636,0.26265303790569305
P0784,2025-05-01,0.3761977851390838,0.2793192863464355,0.0783901512622833
P0784,2025-06-01,0.2221656441688537,0.1743148565292358,-0.0772680640220642
P0784,2025-07-01,0.194597065448761,0.1558222472667694,-0.0921006873250007
P0784,2025-08-01,0.1382894963026046,0.1088357791304588,-0.1477594375610351
P0784,2025-09-01,0.1240525916218757,0.0977619588375091,-0.1414224952459335
P0784,2025-10-01,0.1617187559604644,0.0979248136281967,-0.1814678907394409
P0784,2025-11-01,0.213880643248558,0.119352601468563,-0.0580469407141208
P0784,2025-12-01,0.213880643248558,0.119352601468563,-0.0580469407141208
P0789,2025-01-01,0.8461328744888306,0.5783262848854065,0.4038103222846985
P0789,2025-02-01,0.8461328744888306,0.5783262848854065,0.4038103222846985
P0789,2025-03-01,0.6439962387084961,0.2858392000198364,0.3739709854125976
P0789,2025-04-01,0.8770841956138611,0.7056132555007935,0.4987199306488037
P0789,2025-05-01,0.3890452980995178,0.2535277009010315,0.046875
P0789,2025-06-01,0.2547169923782348,0.1796713024377823,-0.0685667768120765
P0789,2025-07-01,0.1748712956905365,0.1383831948041916,-0.1010585948824882
P0789,2025-08-01,0.1531318873167038,0.122912511229515,-0.1116634309291839
P0789,2025-09-01,0.1480700671672821,0.1170963197946548,-0.1119056567549705
P0789,2025-10-01,0.0924974307417869,0.0480495430529117,-0.3029508292675018
P0789,2025-11-01,0.2614715099334717,0.1189533546566963,-0.1116991639137268
P0789,2025-12-01,0.2614715099334717,0.1189533546566963,-0.1116991639137268
P0794,2025-01-01,0.3895221054553985,0.2976772487163543,0.0314680114388465
P0794,2025-02-01,0.6574820876121521,0.4789334535598755,0.1800637990236282
P0794,2025-03-01,0.7443766593933105,0.6330037117004395,0.3061661422252655
P0794,2025-04-01,0.3671478033065796,0.2643365263938904,0.0059835454449057
P0794,2025-05-01,0.1476886123418808,0.1104228422045707,-0.1725580692291259
P0794,2025-06-01,0.1135641112923622,0.0906348675489425,-0.1844522058963775
P0794,2025-07-01,0.1322571039199829,0.1123637929558754,-0.1201519146561622
P0794,2025-08-01,0.1284483969211578,0.1100412681698799,-0.1180698126554489
P0794,2025-09-01,0.1248316094279289,0.1072255074977874,-0.1257561594247818
P0794,2025-10-01,0.1020560190081596,0.0905437916517257,-0.179933488368988
P0794,2025-11-01,0.1673089265823364,0.0828404277563095,-0.199339210987091
P0794,2025-12-01,0.1673089265823364,0.0828404277563095,-0.199339210987091
