{"type":"FeatureCollection","features":[{"type":"Feature","geometry":{"geodesic":false,"crs":{"type":"name","properties":{"name":"EPSG:4326"}},"type":"Polygon","coordinates":[[[9.522142011666928,36.75007827332963],[9.526633588087526,36.75007827332963],[9.526633588087526,36.754569849750226],[9.522142011666928,36.754569849750226],[9.522142011666928,36.75007827332963]]]},"id":"2120,8182","properties":{"alea":1.3614604135092634E-4,"classe_sol":40.0,"dans_region":true,"lat":36.75232406071421,"lat_max":36.754569849750226,"lat_min":36.75007827332963,"lon":9.524387799845105,"lon_max":9.526633588087526,"lon_min":9.522142011666928,"parcel_id":"P0000"}},{"type":"Feature","geometry":{"geodesic":false,"crs":{"type":"name","properties":{"name":"EPSG:4326"}},"type":"Polygon","coordinates":[[[9.108916980971948,36.76355300259142],[9.113408557392546,36.76355300259142],[9.113408557392546,36.76804457901201],[9.108916980971948,36.76804457901201],[9.108916980971948,36.76355300259142]]]},"id":"2028,8185","properties":{"alea":5.36263494142486E-4,"classe_sol":40.0,"dans_region":true,"lat":36.76579879007252,"lat_max":36.76804457901201,"lat_min":36.76355300259142,"lon":9.111162769125988,"lon_max":9.113408557392546,"lon_min":9.108916980971948,"parcel_id":"P0001"}},{"type":"Feature","geometry":{"geodesic":false,"crs":{"type":"name","properties":{"name":"EPSG:4326"}},"type":"Polygon","coordinates":[[[9.656889304284856,36.74109512048843],[9.661380880705455,36.74109512048843],[9.661380880705455,36.74558669690903],[9.656889304284856,36.74558669690903],[9.656889304284856,36.74109512048843]]]},"id":"2150,8180","properties":{"alea":0.001178026310209801,"classe_sol":40.0,"dans_region":true,"lat":36.74334090775716,"lat_max":36.74558669690903,"lat_min":36.74109512048843,"lon":9.6591350925185,"lon_max":9.661380880705455,"lon_min":9.656889304284856,"parcel_id":"P0002"}},{"type":"Feature","geometry":{"geodesic":false,"crs":{"type":"name","properties":{"name":"EPSG:4326"}},"type":"Polygon","coordinates":[[[9.158324321598522,36.83092664890038],[9.16281589801912,36.83092664890038],[9.16281589801912,36.83541822532098],[9.158324321598522,36.83541822532098],[9.158324321598522,36.83092664890038]]]},"id":"2039,8200","properties":{"alea":0.0012310882953365798,"classe_sol":40.0,"dans_region":true,"lat":36.83317243626297,"lat_max":36.83541822532098,"lat_min":36.83092664890038,"lon":9.160570109858035,"lon_max":9.16281589801912,"lon_min":9.158324321598522,"parcel_id":"P0003"}},{"type":"Feature","geometry":{"geodesic":false,"crs":{"type":"name","properties":{"name":"EPSG:4326"}},"type":"Polygon","coordinates":[[[9.29307161421645,36.40871846536421],[9.297563190637048,36.40871846536421],[9.297563190637048,36.41321004178481],[9.29307161421645,36.41321004178481],[9.29307161421645,36.40871846536421]]]},"id":"2069,8106","properties":{"alea":0.0013037498469641307,"classe_sol":40.0,"dans_region":true,"lat":36.41096425299048,"lat_max":36.41321004178481,"lat_min":36.40871846536421,"lon":9.295317402479188,"lon_max":9.297563190637048,"lon_min":9.29307161421645,"parcel_id":"P0004"}},{"type":"Feature","geometry":{"geodesic":false,"crs":{"type":"name","properties":{"name":"EPSG:4326"}},"type":"Polygon","coordinates":[[[9.549091470190515,36.68719620344126],[9.553583046611111,36.68719620344126],[9.553583046611111,36.69168777986186],[9.549091470190515,36.69168777986186],[9.549091470190515,36.68719620344126]]]},"id":"2126,8168","properties":{"alea":0.001356333684310429,"classe_sol":40.0,"dans_region":true,"lat":36.68944199092832,"lat_max":36.69168777986186,"lat_min":36.68719620344126,"lon":9.55133725838375,"lon_max":9.553583046611111,"lon_min":9.549091470190515,"parcel_id":"P0005"}},{"type":"Feature","geometry":{"geodesic":false,"crs":{"type":"name","properties":{"name":"EPSG:4326"}},"type":"Polygon","coordinates":[[[9.207731662225095,36.85787610742397],[9.212223238645693,36.85787610742397],[9.212223238645693,36.86236768384457],[9.207731662225095,36.86236768384457],[9.207731662225095,36.85787610742397]]]},"id":"2050,8206","properties":{"alea":0.0017466899039167982,"classe_sol":40.0,"dans_region":true,"lat":36.86012189479082,"lat_max":36.86236768384457,"lat_min":36.85787610742397,"lon":9.209977450397234,"lon_max":9.212223238645693,"lon_min":9.207731662225095,"parcel_id":"P0006"}},{"type":"Feature","geometry":{"geodesic":false,"crs":{"type":"name","properties":{"name":"EPSG:4326"}},"type":"Polygon","coordinates":[[[9.742229256276211,36.476092111673175],[9.746720832696809,36.476092111673175],[9.746720832696809,36.480583688093766],[9.742229256276211,36.480583688093766],[9.742229256276211,36.476092111673175]]]},"id":"2169,8121","properties":{"alea":0.0017846114051546236,"classe_sol":40.0,"dans_region":true,"lat":36.478337899214885,"lat_max":36.480583688093766,"lat_min":36.476092111673175,"lon":9.744475044518078,"lon_max":9.746720832696809,"lon_min":9.742229256276211,"parcel_id":"P0007"}},{"type":"Feature","geometry":{"geodesic":false,"crs":{"type":"name","properties":{"name":"EPSG:4326"}},"type":"Polygon","coordinates":[[[9.706296644911431,36.57490679292632],[9.710788221332027,36.57490679292632],[9.710788221332027,36.57939836934692],[9.706296644911431,36.57939836934692],[9.706296644911431,36.57490679292632]]]},"id":"2161,8143","properties":{"alea":0.0020980801491622403,"classe_sol":40.0,"dans_region":true,"lat":36.57715258044887,"lat_max":36.57939836934692,"lat_min":36.57490679292632,"lon":9.708542433110527,"lon_max":9.710788221332027,"lon_min":9.706296644911431,"parcel_id":"P0008"}},{"type":"Feature","geometry":{"geodesic":false,"crs":{"type":"name","properties":{"name":"EPSG:4326"}},"type":"Polygon","coordinates":[[[9.270613732113462,36.52100787587915],[9.27510530853406,36.52100787587915],[9.27510530853406,36.52549945229975],[9.270613732113462,36.52549945229975],[9.270613732113462,36.52100787587915]]]},"id":"2064,8131","properties":{"alea":0.0023245976751447017,"classe_sol":40.0,"dans_region":true,"lat":36.52325366329516,"lat_max":36.52549945229975,"lat_min":36.52100787587915,"lon":9.272859520323571,"lon_max":9.27510530853406,"lon_min":9.270613732113462,"parcel_id":"P0009"}},{"type":"Feature","geometry":{"geodesic":false,"crs":{"type":"name","properties":{"name":"EPSG:4326"}},"type":"Polygon","coordinates":[[[9.315529496319439,36.88033398952696],[9.320021072740037,36.88033398952696],[9.320021072740037,36.88482556594755],[9.315529496319439,36.88482556594755],[9.315529496319439,36.88033398952696]]]},"id":"2074,8211","properties":{"alea":0.002564424395998244,"classe_sol":40.0,"dans_region":true,"lat":36.88257977685729,"lat_max":36.88482556594755,"lat_min":36.88033398952696,"lon":9.317775284546878,"lon_max":9.320021072740037,"lon_min":9.315529496319439,"parcel_id":"P0010"}},{"type":"Feature","geometry":{"geodesic":false,"crs":{"type":"name","properties":{"name":"EPSG:4326"}},"type":"Polygon","coordinates":[[[9.104425404551352,36.72762039122664],[9.108916980971948,36.72762039122664],[9.108916980971948,36.732111967647235],[9.104425404551352,36.732111967647235],[9.104425404551352,36.72762039122664]]]},"id":"2027,8177","properties":{"alea":0.0028500685408081594,"classe_sol":40.0,"dans_region":true,"lat":36.72986617864137,"lat_max":36.732111967647235,"lat_min":36.72762039122664,"lon":9.106671192842946,"lon_max":9.108916980971948,"lon_min":9.104425404551352,"parcel_id":"P0011"}},{"type":"Feature","geometry":{"geodesic":false,"crs":{"type":"name","properties":{"name":"EPSG:4326"}},"type":"Polygon","coordinates":[[[9.216714815066291,36.75007827332963],[9.221206391486888,36.75007827332963],[9.221206391486888,36.754569849750226],[9.216714815066291,36.754569849750226],[9.216714815066291,36.75007827332963]]]},"id":"2052,8182","properties":{"alea":0.003178829971476005,"classe_sol":40.0,"dans_region":true,"lat":36.752324060681275,"lat_max":36.754569849750226,"lat_min":36.75007827332963,"lon":9.218960603356596,"lon_max":9.221206391486888,"lon_min":9.216714815066291,"parcel_id":"P0012"}},{"type":"Feature","geometry":{"geodesic":false,"crs":{"type":"name","properties":{"name":"EPSG:4326"}},"type":"Polygon","coordinates":[[[9.225697967907486,36.65126359207648],[9.230189544328084,36.65126359207648],[9.230189544328084,36.65575516849707],[9.225697967907486,36.65575516849707],[9.225697967907486,36.65126359207648]]]},"id":"2054,8160","properties":{"alea":0.003185366347938312,"classe_sol":40.0,"dans_region":true,"lat":36.65350937948608,"lat_max":36.65575516849707,"lat_min":36.65126359207648,"lon":9.227943756106624,"lon_max":9.230189544328084,"lon_min":9.225697967907486,"parcel_id":"P0013"}},{"type":"Feature","geometry":{"geodesic":false,"crs":{"type":"name","properties":{"name":"EPSG:4326"}},"type":"Polygon","coordinates":[[[9.239172697169279,36.75007827332963],[9.243664273589877,36.75007827332963],[9.243664273589877,36.754569849750226],[9.239172697169279,36.754569849750226],[9.239172697169279,36.75007827332963]]]},"id":"2057,8182","properties":{"alea":0.0039034346791101404,"classe_sol":40.0,"dans_region":true,"lat":36.75232406069236,"lat_max":36.754569849750226,"lat_min":36.75007827332963,"lon":9.241418485309522,"lon_max":9.243664273589877,"lon_min":9.239172697169279,"parcel_id":"P0014"}},{"type":"Feature","geometry":{"geodesic":false,"crs":{"type":"name","properties":{"name":"EPSG:4326"}},"type":"Polygon","coordinates":[[[9.27510530853406,36.85787610742397],[9.279596884954657,36.85787610742397],[9.279596884954657,36.86236768384457],[9.27510530853406,36.86236768384457],[9.27510530853406,36.85787610742397]]]},"id":"2065,8206","properties":{"alea":0.004087513738317061,"classe_sol":40.0,"dans_region":true,"lat":36.86012189477597,"lat_max":36.86236768384457,"lat_min":36.85787610742397,"lon":9.2773510967103,"lon_max":9.279596884954657,"lon_min":9.27510530853406,"parcel_id":"P0015"}},{"type":"Feature","geometry":{"geodesic":false,"crs":{"type":"name","properties":{"name":"EPSG:4326"}},"type":"Polygon","coordinates":[[[9.36942841336661,36.534482605140944],[9.373919989787208,36.534482605140944],[9.373919989787208,36.538974181561535],[9.36942841336661,36.538974181561535],[9.36942841336661,36.534482605140944]]]},"id":"2086,8134","properties":{"alea":0.004159211468887647,"classe_sol":40.0,"dans_region":true,"lat":36.536728392677155,"lat_max":36.538974181561535,"lat_min":36.534482605140944,"lon":9.371674201519413,"lon_max":9.373919989787208,"lon_min":9.36942841336661,"parcel_id":"P0016"}},{"type":"Feature","geometry":{"geodesic":false,"crs":{"type":"name","properties":{"name":"EPSG:4326"}},"type":"Polygon","coordinates":[[[9.472734671040355,36.71863723838544],[9.477226247460953,36.71863723838544],[9.477226247460953,36.72312881480604],[9.472734671040355,36.72312881480604],[9.472734671040355,36.71863723838544]]]},"id":"2109,8175","properties":{"alea":0.004475073812769459,"classe_sol":40.0,"dans_region":true,"lat":36.7208830258039,"lat_max":36.72312881480604,"lat_min":36.71863723838544,"lon":9.474980459318255,"lon_max":9.477226247460953,"lon_min":9.472734671040355,"parcel_id":"P0017"}},{"type":"Feature","geometry":{"geodesic":false,"crs":{"type":"name","properties":{"name":"EPSG:4326"}},"type":"Polygon","coordinates":[[[9.701805068490833,36.597364675029304],[9.706296644911431,36.597364675029304],[9.706296644911431,36.6018562514499],[9.701805068490833,36.6018562514499],[9.701805068490833,36.597364675029304]]]},"id":"2160,8148","properties":{"alea":0.004543354091047558,"classe_sol":40.0,"dans_region":true,"lat":36.59961046253158,"lat_max":36.6018562514499,"lat_min":36.597364675029304,"lon":9.704050856687905,"lon_max":9.706296644911431,"lon_min":9.701805068490833,"parcel_id":"P0018"}},{"type":"Feature","geometry":{"geodesic":false,"crs":{"type":"name","properties":{"name":"EPSG:4326"}},"type":"Polygon","coordinates":[[[9.185273780122108,36.41321004178481],[9.189765356542706,36.41321004178481],[9.189765356542706,36.417701618205406],[9.185273780122108,36.417701618205406],[9.185273780122108,36.41321004178481]]]},"id":"2045,8107","properties":{"alea":0.004750168890525264,"classe_sol":40.0,"dans_region":true,"lat":36.41545582939951,"lat_max":36.417701618205406,"lat_min":36.41321004178481,"lon":9.187519568346481,"lon_max":9.189765356542706,"lon_min":9.185273780122108,"parcel_id":"P0019"}},{"type":"Feature","geometry":{"geodesic":false,"crs":{"type":"name","properties":{"name":"EPSG:4326"}},"type":"Polygon","coordinates":[[[9.67036403354665,36.75007827332963],[9.674855609967247,36.75007827332963],[9.674855609967247,36.754569849750226],[9.67036403354665,36.754569849750226],[9.67036403354665,36.75007827332963]]]},"id":"2153,8182","properties":{"alea":0.005126661124883136,"classe_sol":40.0,"dans_region":true,"lat":36.752324060689816,"lat_max":36.754569849750226,"lat_min":36.75007827332963,"lon":9.672609821701075,"lon_max":9.674855609967247,"lon_min":9.67036403354665,"parcel_id":"P0020"}},{"type":"Feature","geometry":{"geodesic":false,"crs":{"type":"name","properties":{"name":"EPSG:4326"}},"type":"Polygon","coordinates":[[[9.701805068490833,36.69168777986186],[9.706296644911431,36.69168777986186],[9.706296644911431,36.69617935628246],[9.701805068490833,36.69617935628246],[9.701805068490833,36.69168777986186]]]},"id":"2160,8169","properties":{"alea":0.005129134647276934,"classe_sol":40.0,"dans_region":true,"lat":36.69393356722096,"lat_max":36.69617935628246,"lat_min":36.69168777986186,"lon":9.704050856768307,"lon_max":9.706296644911431,"lon_min":9.701805068490833,"parcel_id":"P0021"}},{"type":"Feature","geometry":{"geodesic":false,"crs":{"type":"name","properties":{"name":"EPSG:4326"}},"type":"Polygon","coordinates":[[[9.571549352293502,36.77702773185321],[9.5760409287141,36.77702773185321],[9.5760409287141,36.78151930827381],[9.571549352293502,36.78151930827381],[9.571549352293502,36.77702773185321]]]},"id":"2131,8188","properties":{"alea":0.005462902319816165,"classe_sol":40.0,"dans_region":true,"lat":36.7792735192205,"lat_max":36.78151930827381,"lat_min":36.77702773185321,"lon":9.57379514045091,"lon_max":9.5760409287141,"lon_min":9.571549352293502,"parcel_id":"P0022"}},{"type":"Feature","geometry":{"geodesic":false,"crs":{"type":"name","properties":{"name":"EPSG:4326"}},"type":"Polygon","coordinates":[[[9.769178714799796,36.480583688093766],[9.773670291220395,36.480583688093766],[9.773670291220395,36.485075264514364],[9.769178714799796,36.485075264514364],[9.769178714799796,36.480583688093766]]]},"id":"2175,8122","properties":{"alea":0.006180838806902789,"classe_sol":40.0,"dans_region":true,"lat":36.48282947559222,"lat_max":36.485075264514364,"lat_min":36.480583688093766,"lon":9.771424503056195,"lon_max":9.773670291220395,"lon_min":9.769178714799796,"parcel_id":"P0023"}},{"type":"Feature","geometry":{"geodesic":false,"crs":{"type":"name","properties":{"name":"EPSG:4326"}},"type":"Polygon","coordinates":[[[9.185273780122108,36.85338453100337],[9.189765356542706,36.85338453100337],[9.189765356542706,36.85787610742397],[9.185273780122108,36.85787610742397],[9.185273780122108,36.85338453100337]]]},"id":"2045,8205","properties":{"alea":0.006384456372184544,"classe_sol":40.0,"dans_region":true,"lat":36.855630318247016,"lat_max":36.85787610742397,"lat_min":36.85338453100337,"lon":9.187519568342356,"lon_max":9.189765356542706,"lon_min":9.185273780122108,"parcel_id":"P0024"}},{"type":"Feature","geometry":{"geodesic":false,"crs":{"type":"name","properties":{"name":"EPSG:4326"}},"type":"Polygon","coordinates":[[[9.454768365357964,36.68270462702066],[9.459259941778562,36.68270462702066],[9.459259941778562,36.68719620344126],[9.454768365357964,36.68719620344126],[9.454768365357964,36.68270462702066]]]},"id":"2105,8167","properties":{"alea":0.006776295381255237,"classe_sol":40.0,"dans_region":true,"lat":36.68495041435418,"lat_max":36.68719620344126,"lat_min":36.68270462702066,"lon":9.457014153573768,"lon_max":9.459259941778562,"lon_min":9.454768365357964,"parcel_id":"P0025"}},{"type":"Feature","geometry":{"geodesic":false,"crs":{"type":"name","properties":{"name":"EPSG:4326"}},"type":"Polygon","coordinates":[[[9.517650435246331,36.49854999377616],[9.522142011666928,36.49854999377616],[9.522142011666928,36.50304157019676],[9.517650435246331,36.50304157019676],[9.517650435246331,36.49854999377616]]]},"id":"2119,8126","properties":{"alea":0.007157379654454066,"classe_sol":40.0,"dans_region":true,"lat":36.500795781344145,"lat_max":36.50304157019676,"lat_min":36.49854999377616,"lon":9.519896223503588,"lon_max":9.522142011666928,"lon_min":9.517650435246331,"parcel_id":"P0026"}},{"type":"Feature","geometry":{"geodesic":false,"crs":{"type":"name","properties":{"name":"EPSG:4326"}},"type":"Polygon","coordinates":[[[9.751212409117405,36.52100787587915],[9.755703985538004,36.52100787587915],[9.755703985538004,36.52549945229975],[9.751212409117405,36.52549945229975],[9.751212409117405,36.52100787587915]]]},"id":"2171,8131","properties":{"alea":0.007283154821829951,"classe_sol":40.0,"dans_region":true,"lat":36.52325366329845,"lat_max":36.52549945229975,"lat_min":36.52100787587915,"lon":9.753458197329707,"lon_max":9.755703985538004,"lon_min":9.751212409117405,"parcel_id":"P0027"}},{"type":"Feature","geometry":{"geodesic":false,"crs":{"type":"name","properties":{"name":"EPSG:4326"}},"type":"Polygon","coordinates":[[[9.7646871383792,36.597364675029304],[9.769178714799796,36.597364675029304],[9.769178714799796,36.6018562514499],[9.7646871383792,36.6018562514499],[9.7646871383792,36.597364675029304]]]},"id":"2174,8148","properties":{"alea":0.007430793513809597,"classe_sol":40.0,"dans_region":true,"lat":36.59961046253475,"lat_max":36.6018562514499,"lat_min":36.597364675029304,"lon":9.766932926528627,"lon_max":9.769178714799796,"lon_min":9.7646871383792,"parcel_id":"P0028"}},{"type":"Feature","geometry":{"geodesic":false,"crs":{"type":"name","properties":{"name":"EPSG:4326"}},"type":"Polygon","coordinates":[[[9.5760409287141,36.673721474179466],[9.580532505134697,36.673721474179466],[9.580532505134697,36.678213050600064],[9.5760409287141,36.678213050600064],[9.5760409287141,36.673721474179466]]]},"id":"2132,8165","properties":{"alea":0.00784924625274841,"classe_sol":40.0,"dans_region":true,"lat":36.675967261615895,"lat_max":36.678213050600064,"lat_min":36.673721474179466,"lon":9.57828671705726,"lon_max":9.580532505134697,"lon_min":9.5760409287141,"parcel_id":"P0029"}},{"type":"Feature","geometry":{"geodesic":false,"crs":{"type":"name","properties":{"name":"EPSG:4326"}},"type":"Polygon","coordinates":[[[9.243664273589877,36.39973531252301],[9.248155850010475,36.39973531252301],[9.248155850010475,36.40422688894361],[9.243664273589877,36.40422688894361],[9.243664273589877,36.39973531252301]]]},"id":"2058,8104","properties":{"alea":0.007964692620560654,"classe_sol":40.0,"dans_region":true,"lat":36.401981100106354,"lat_max":36.40422688894361,"lat_min":36.39973531252301,"lon":9.245910061793674,"lon_max":9.248155850010475,"lon_min":9.243664273589877,"parcel_id":"P0030"}},{"type":"Feature","geometry":{"geodesic":false,"crs":{"type":"name","properties":{"name":"EPSG:4326"}},"type":"Polygon","coordinates":[[[9.36942841336661,36.485075264514364],[9.373919989787208,36.485075264514364],[9.373919989787208,36.48956684093496],[9.36942841336661,36.48956684093496],[9.36942841336661,36.485075264514364]]]},"id":"2086,8123","properties":{"alea":0.00816495600255951,"classe_sol":40.0,"dans_region":true,"lat":36.48732105211858,"lat_max":36.48956684093496,"lat_min":36.485075264514364,"lon":9.371674201543541,"lon_max":9.373919989787208,"lon_min":9.36942841336661,"parcel_id":"P0031"}},{"type":"Feature","geometry":{"geodesic":false,"crs":{"type":"name","properties":{"name":"EPSG:4326"}},"type":"Polygon","coordinates":[[[9.715279797752626,36.66473832133827],[9.719771374173224,36.66473832133827],[9.719771374173224,36.66922989775887],[9.715279797752626,36.66922989775887],[9.715279797752626,36.66473832133827]]]},"id":"2163,8163","properties":{"alea":0.008820927492326325,"classe_sol":40.0,"dans_region":true,"lat":36.66698410885855,"lat_max":36.66922989775887,"lat_min":36.66473832133827,"lon":9.717525585948016,"lon_max":9.719771374173224,"lon_min":9.715279797752626,"parcel_id":"P0032"}},{"type":"Feature","geometry":{"geodesic":false,"crs":{"type":"name","properties":{"name":"EPSG:4326"}},"type":"Polygon","coordinates":[[[9.081967522448362,36.6108394042911],[9.08645909886896,36.6108394042911],[9.08645909886896,36.6153309807117],[9.081967522448362,36.6153309807117],[9.081967522448362,36.6108394042911]]]},"id":"2022,8151","properties":{"alea":0.008982987033726575,"classe_sol":40.0,"dans_region":true,"lat":36.61308519179738,"lat_max":36.6153309807117,"lat_min":36.6108394042911,"lon":9.084213310613544,"lon_max":9.08645909886896,"lon_min":9.081967522448362,"parcel_id":"P0033"}},{"type":"Feature","geometry":{"geodesic":false,"crs":{"type":"name","properties":{"name":"EPSG:4326"}},"type":"Polygon","coordinates":[[[9.414344177572586,36.63329728639409],[9.418835753993184,36.63329728639409],[9.418835753993184,36.63778886281469],[9.414344177572586,36.63778886281469],[9.414344177572586,36.63329728639409]]]},"id":"2096,8156","properties":{"alea":0.009055941377009269,"classe_sol":40.0,"dans_region":true,"lat":36.63554307394846,"lat_max":36.63778886281469,"lat_min":36.63329728639409,"lon":9.41658996581155,"lon_max":9.418835753993184,"lon_min":9.414344177572586,"parcel_id":"P0034"}},{"type":"Feature","geometry":{"geodesic":false,"crs":{"type":"name","properties":{"name":"EPSG:4326"}},"type":"Polygon","coordinates":[[[9.773670291220395,36.55694048724393],[9.778161867640993,36.55694048724393],[9.778161867640993,36.561432063664526],[9.773670291220395,36.561432063664526],[9.773670291220395,36.55694048724393]]]},"id":"2176,8139","properties":{"alea":0.009065719698752694,"classe_sol":40.0,"dans_region":true,"lat":36.55918627476364,"lat_max":36.561432063664526,"lat_min":36.55694048724393,"lon":9.775916079389408,"lon_max":9.778161867640993,"lon_min":9.773670291220395,"parcel_id":"P0035"}},{"type":"Feature","geometry":{"geodesic":false,"crs":{"type":"name","properties":{"name":"EPSG:4326"}},"type":"Polygon","coordinates":[[[9.472734671040355,36.65126359207648],[9.477226247460953,36.65126359207648],[9.477226247460953,36.65575516849707],[9.472734671040355,36.65575516849707],[9.472734671040355,36.65126359207648]]]},"id":"2109,8160","properties":{"alea":0.009348948439312887,"classe_sol":40.0,"dans_region":true,"lat":36.65350937943169,"lat_max":36.65575516849707,"lat_min":36.65126359207648,"lon":9.474980459344845,"lon_max":9.477226247460953,"lon_min":9.472734671040355,"parcel_id":"P0036"}},{"type":"Feature","geometry":{"geodesic":false,"crs":{"type":"name","properties":{"name":"EPSG:4326"}},"type":"Polygon","coordinates":[[[9.171799050860315,36.6063478278705],[9.176290627280913,36.6063478278705],[9.176290627280913,36.6108394042911],[9.171799050860315,36.6108394042911],[9.171799050860315,36.6063478278705]]]},"id":"2042,8150","properties":{"alea":0.009371453184970013,"classe_sol":40.0,"dans_region":true,"lat":36.60859361530442,"lat_max":36.6108394042911,"lat_min":36.6063478278705,"lon":9.174044839058359,"lon_max":9.176290627280913,"lon_min":9.171799050860315,"parcel_id":"P0037"}},{"type":"Feature","geometry":{"geodesic":false,"crs":{"type":"name","properties":{"name":"EPSG:4326"}},"type":"Polygon","coordinates":[[[9.230189544328084,36.46261738241138],[9.23468112074868,36.46261738241138],[9.23468112074868,36.46710895883198],[9.230189544328084,36.46710895883198],[9.230189544328084,36.46261738241138]]]},"id":"2055,8118","properties":{"alea":0.009423787419170826,"classe_sol":40.0,"dans_region":true,"lat":36.464863169864735,"lat_max":36.46710895883198,"lat_min":36.46261738241138,"lon":9.23243533248574,"lon_max":9.23468112074868,"lon_min":9.230189544328084,"parcel_id":"P0038"}},{"type":"Feature","geometry":{"geodesic":false,"crs":{"type":"name","properties":{"name":"EPSG:4326"}},"type":"Polygon","coordinates":[[[9.46375151819916,36.48956684093496],[9.468243094619757,36.48956684093496],[9.468243094619757,36.49405841735556],[9.46375151819916,36.49405841735556],[9.46375151819916,36.48956684093496]]]},"id":"2107,8124","properties":{"alea":0.009657044826080208,"classe_sol":40.0,"dans_region":true,"lat":36.49181262843456,"lat_max":36.49405841735556,"lat_min":36.48956684093496,"lon":9.465997306455302,"lon_max":9.468243094619757,"lon_min":9.46375151819916,"parcel_id":"P0039"}},{"type":"Feature","geometry":{"geodesic":false,"crs":{"type":"name","properties":{"name":"EPSG:4326"}},"type":"Polygon","coordinates":[[[9.176290627280913,36.83092664890038],[9.18078220370151,36.83092664890038],[9.18078220370151,36.83541822532098],[9.176290627280913,36.83541822532098],[9.176290627280913,36.83092664890038]]]},"id":"2043,8200","properties":{"alea":0.00979641371940354,"classe_sol":40.0,"dans_region":true,"lat":36.83317243628645,"lat_max":36.83541822532098,"lat_min":36.83092664890038,"lon":9.178536415401725,"lon_max":9.18078220370151,"lon_min":9.176290627280913,"parcel_id":"P0040"}},{"type":"Feature","geometry":{"geodesic":false,"crs":{"type":"name","properties":{"name":"EPSG:4326"}},"type":"Polygon","coordinates":[[[9.270613732113462,36.732111967647235],[9.27510530853406,36.732111967647235],[9.27510530853406,36.73660354406783],[9.270613732113462,36.73660354406783],[9.270613732113462,36.732111967647235]]]},"id":"2064,8178","properties":{"alea":0.009903514351736753,"classe_sol":40.0,"dans_region":true,"lat":36.7343577549468,"lat_max":36.73660354406783,"lat_min":36.732111967647235,"lon":9.272859520353629,"lon_max":9.27510530853406,"lon_min":9.270613732113462,"parcel_id":"P0041"}},{"type":"Feature","geometry":{"geodesic":false,"crs":{"type":"name","properties":{"name":"EPSG:4326"}},"type":"Polygon","coordinates":[[[9.23468112074868,36.422193194626004],[9.239172697169279,36.422193194626004],[9.239172697169279,36.426684771046595],[9.23468112074868,36.426684771046595],[9.23468112074868,36.422193194626004]]]},"id":"2056,8109","properties":{"alea":0.010181811326806178,"classe_sol":40.0,"dans_region":true,"lat":36.424438982229844,"lat_max":36.426684771046595,"lat_min":36.422193194626004,"lon":9.236926909031654,"lon_max":9.239172697169279,"lon_min":9.23468112074868,"parcel_id":"P0042"}},{"type":"Feature","geometry":{"geodesic":false,"crs":{"type":"name","properties":{"name":"EPSG:4326"}},"type":"Polygon","coordinates":[[[9.261630579272268,36.372785853999424],[9.266122155692864,36.372785853999424],[9.266122155692864,36.37727743042002],[9.261630579272268,36.37727743042002],[9.261630579272268,36.372785853999424]]]},"id":"2062,8098","properties":{"alea":0.010362298250678137,"classe_sol":40.0,"dans_region":true,"lat":36.375031641553605,"lat_max":36.37727743042002,"lat_min":36.372785853999424,"lon":9.26387636749201,"lon_max":9.266122155692864,"lon_min":9.261630579272268,"parcel_id":"P0043"}},{"type":"Feature","geometry":{"geodesic":false,"crs":{"type":"name","properties":{"name":"EPSG:4326"}},"type":"Polygon","coordinates":[[[9.140358015916132,36.732111967647235],[9.14484959233673,36.732111967647235],[9.14484959233673,36.73660354406783],[9.140358015916132,36.73660354406783],[9.140358015916132,36.732111967647235]]]},"id":"2035,8178","properties":{"alea":0.010600127323577402,"classe_sol":40.0,"dans_region":true,"lat":36.7343577549632,"lat_max":36.73660354406783,"lat_min":36.732111967647235,"lon":9.142603804089815,"lon_max":9.14484959233673,"lon_min":9.140358015916132,"parcel_id":"P0044"}},{"type":"Feature","geometry":{"geodesic":false,"crs":{"type":"name","properties":{"name":"EPSG:4326"}},"type":"Polygon","coordinates":[[[9.508667282405135,36.63329728639409],[9.513158858825733,36.63329728639409],[9.513158858825733,36.63778886281469],[9.508667282405135,36.63778886281469],[9.508667282405135,36.63329728639409]]]},"id":"2117,8156","properties":{"alea":0.010967645304360785,"classe_sol":40.0,"dans_region":true,"lat":36.63554307393794,"lat_max":36.63778886281469,"lat_min":36.63329728639409,"lon":9.510913070616986,"lon_max":9.513158858825733,"lon_min":9.508667282405135,"parcel_id":"P0045"}},{"type":"Feature","geometry":{"geodesic":false,"crs":{"type":"name","properties":{"name":"EPSG:4326"}},"type":"Polygon","coordinates":[[[9.176290627280913,36.49854999377616],[9.18078220370151,36.49854999377616],[9.18078220370151,36.50304157019676],[9.176290627280913,36.50304157019676],[9.176290627280913,36.49854999377616]]]},"id":"2043,8126","properties":{"alea":0.01106622534835422,"classe_sol":40.0,"dans_region":true,"lat":36.500795781345545,"lat_max":36.50304157019676,"lat_min":36.49854999377616,"lon":9.178536415389628,"lon_max":9.18078220370151,"lon_min":9.176290627280913,"parcel_id":"P0046"}},{"type":"Feature","geometry":{"geodesic":false,"crs":{"type":"name","properties":{"name":"EPSG:4326"}},"type":"Polygon","coordinates":[[[9.580532505134697,36.72762039122664],[9.585024081555295,36.72762039122664],[9.585024081555295,36.732111967647235],[9.580532505134697,36.732111967647235],[9.580532505134697,36.72762039122664]]]},"id":"2133,8177","properties":{"alea":0.011203489185815041,"classe_sol":40.0,"dans_region":true,"lat":36.72986617861799,"lat_max":36.732111967647235,"lat_min":36.72762039122664,"lon":9.582778293395233,"lon_max":9.585024081555295,"lon_min":9.580532505134697,"parcel_id":"P0047"}},{"type":"Feature","geometry":{"geodesic":false,"crs":{"type":"name","properties":{"name":"EPSG:4326"}},"type":"Polygon","coordinates":[[[9.346970531263622,36.6108394042911],[9.351462107684219,36.6108394042911],[9.351462107684219,36.6153309807117],[9.346970531263622,36.6153309807117],[9.346970531263622,36.6108394042911]]]},"id":"2081,8151","properties":{"alea":0.011211952117908819,"classe_sol":40.0,"dans_region":true,"lat":36.613085191833676,"lat_max":36.6153309807117,"lat_min":36.6108394042911,"lon":9.349216319446656,"lon_max":9.351462107684219,"lon_min":9.346970531263622,"parcel_id":"P0048"}},{"type":"Feature","geometry":{"geodesic":false,"crs":{"type":"name","properties":{"name":"EPSG:4326"}},"type":"Polygon","coordinates":[[[9.719771374173224,36.55244891082333],[9.72426295059382,36.55244891082333],[9.72426295059382,36.55694048724393],[9.719771374173224,36.55694048724393],[9.719771374173224,36.55244891082333]]]},"id":"2164,8138","properties":{"alea":0.011310889217308384,"classe_sol":40.0,"dans_region":true,"lat":36.554694698423575,"lat_max":36.55694048724393,"lat_min":36.55244891082333,"lon":9.722017162427608,"lon_max":9.72426295059382,"lon_min":9.719771374173224,"parcel_id":"P0049"}},{"type":"Feature","geometry":{"geodesic":false,"crs":{"type":"name","properties":{"name":"EPSG:4326"}},"type":"Polygon","coordinates":[[[9.544599893769917,36.8084687667974],[9.549091470190515,36.8084687667974],[9.549091470190515,36.812960343217995],[9.544599893769917,36.812960343217995],[9.544599893769917,36.8084687667974]]]},"id":"2125,8195","properties":{"alea":0.011660692412058582,"classe_sol":40.0,"dans_region":true,"lat":36.810714554176364,"lat_max":36.812960343217995,"lat_min":36.8084687667974,"lon":9.546845682006397,"lon_max":9.549091470190515,"lon_min":9.544599893769917,"parcel_id":"P0050"}},{"type":"Feature","geometry":{"geodesic":false,"crs":{"type":"name","properties":{"name":"EPSG:4326"}},"type":"Polygon","coordinates":[[[9.329004225581231,36.77702773185321],[9.33349580200183,36.77702773185321],[9.33349580200183,36.78151930827381],[9.329004225581231,36.78151930827381],[9.329004225581231,36.77702773185321]]]},"id":"2077,8188","properties":{"alea":0.011777948228950064,"classe_sol":40.0,"dans_region":true,"lat":36.77927351919137,"lat_max":36.78151930827381,"lat_min":36.77702773185321,"lon":9.331250013851191,"lon_max":9.33349580200183,"lon_min":9.329004225581231,"parcel_id":"P0051"}},{"type":"Feature","geometry":{"geodesic":false,"crs":{"type":"name","properties":{"name":"EPSG:4326"}},"type":"Polygon","coordinates":[[[9.522142011666928,36.76804457901201],[9.526633588087526,36.76804457901201],[9.526633588087526,36.77253615543261],[9.522142011666928,36.77253615543261],[9.522142011666928,36.76804457901201]]]},"id":"2120,8186","properties":{"alea":0.012202413832713699,"classe_sol":40.0,"dans_region":true,"lat":36.77029036632181,"lat_max":36.77253615543261,"lat_min":36.76804457901201,"lon":9.524387799910789,"lon_max":9.526633588087526,"lon_min":9.522142011666928,"parcel_id":"P0052"}},{"type":"Feature","geometry":{"geodesic":false,"crs":{"type":"name","properties":{"name":"EPSG:4326"}},"type":"Polygon","coordinates":[[[9.153832745177924,36.417701618205406],[9.158324321598522,36.417701618205406],[9.158324321598522,36.422193194626004],[9.153832745177924,36.422193194626004],[9.153832745177924,36.417701618205406]]]},"id":"2038,8108","properties":{"alea":0.012404808642233367,"classe_sol":40.0,"dans_region":true,"lat":36.41994740582106,"lat_max":36.422193194626004,"lat_min":36.417701618205406,"lon":9.156078533392009,"lon_max":9.158324321598522,"lon_min":9.153832745177924,"parcel_id":"P0053"}},{"type":"Feature","geometry":{"geodesic":false,"crs":{"type":"name","properties":{"name":"EPSG:4326"}},"type":"Polygon","coordinates":[[[9.63443142218187,36.74109512048843],[9.638922998602466,36.74109512048843],[9.638922998602466,36.74558669690903],[9.63443142218187,36.74558669690903],[9.63443142218187,36.74109512048843]]]},"id":"2145,8180","properties":{"alea":0.012601932172443098,"classe_sol":40.0,"dans_region":true,"lat":36.74334090779709,"lat_max":36.74558669690903,"lat_min":36.74109512048843,"lon":9.636677210452604,"lon_max":9.638922998602466,"lon_min":9.63443142218187,"parcel_id":"P0054"}},{"type":"Feature","geometry":{"geodesic":false,"crs":{"type":"name","properties":{"name":"EPSG:4326"}},"type":"Polygon","coordinates":[[[9.221206391486888,36.786010884694406],[9.225697967907486,36.786010884694406],[9.225697967907486,36.790502461115004],[9.221206391486888,36.790502461115004],[9.221206391486888,36.786010884694406]]]},"id":"2053,8190","properties":{"alea":0.012626471827275942,"classe_sol":40.0,"dans_region":true,"lat":36.78825667210882,"lat_max":36.790502461115004,"lat_min":36.786010884694406,"lon":9.223452179684973,"lon_max":9.225697967907486,"lon_min":9.221206391486888,"parcel_id":"P0055"}},{"type":"Feature","geometry":{"geodesic":false,"crs":{"type":"name","properties":{"name":"EPSG:4326"}},"type":"Polygon","coordinates":[[[9.562566199452307,36.812960343217995],[9.567057775872904,36.812960343217995],[9.567057775872904,36.81745191963859],[9.562566199452307,36.81745191963859],[9.562566199452307,36.812960343217995]]]},"id":"2129,8196","properties":{"alea":0.012792085532341457,"classe_sol":40.0,"dans_region":true,"lat":36.815206130683286,"lat_max":36.81745191963859,"lat_min":36.812960343217995,"lon":9.564811987583129,"lon_max":9.567057775872904,"lon_min":9.562566199452307,"parcel_id":"P0056"}},{"type":"Feature","geometry":{"geodesic":false,"crs":{"type":"name","properties":{"name":"EPSG:4326"}},"type":"Polygon","coordinates":[[[9.665872457126051,36.700670932703055],[9.67036403354665,36.700670932703055],[9.67036403354665,36.70516250912365],[9.665872457126051,36.70516250912365],[9.665872457126051,36.700670932703055]]]},"id":"2152,8171","properties":{"alea":0.013051264878386593,"classe_sol":40.0,"dans_region":true,"lat":36.702916720126886,"lat_max":36.70516250912365,"lat_min":36.700670932703055,"lon":9.668118245390916,"lon_max":9.67036403354665,"lon_min":9.665872457126051,"parcel_id":"P0057"}},{"type":"Feature","geometry":{"geodesic":false,"crs":{"type":"name","properties":{"name":"EPSG:4326"}},"type":"Polygon","coordinates":[[[9.607481963658282,36.534482605140944],[9.61197354007888,36.534482605140944],[9.61197354007888,36.538974181561535],[9.607481963658282,36.538974181561535],[9.607481963658282,36.534482605140944]]]},"id":"2139,8134","properties":{"alea":0.013115190419545675,"classe_sol":40.0,"dans_region":true,"lat":36.536728392651135,"lat_max":36.538974181561535,"lat_min":36.534482605140944,"lon":9.60972775188588,"lon_max":9.61197354007888,"lon_min":9.607481963658282,"parcel_id":"P0058"}},{"type":"Feature","geometry":{"geodesic":false,"crs":{"type":"name","properties":{"name":"EPSG:4326"}},"type":"Polygon","coordinates":[[[9.701805068490833,36.51202472303795],[9.706296644911431,36.51202472303795],[9.706296644911431,36.51651629945855],[9.701805068490833,36.51651629945855],[9.701805068490833,36.51202472303795]]]},"id":"2160,8129","properties":{"alea":0.013535473782447016,"classe_sol":40.0,"dans_region":true,"lat":36.514270510466986,"lat_max":36.51651629945855,"lat_min":36.51202472303795,"lon":9.704050856720059,"lon_max":9.706296644911431,"lon_min":9.701805068490833,"parcel_id":"P0059"}},{"type":"Feature","geometry":{"geodesic":false,"crs":{"type":"name","properties":{"name":"EPSG:4326"}},"type":"Polygon","coordinates":[[[9.212223238645693,36.81745191963859],[9.216714815066291,36.81745191963859],[9.216714815066291,36.82194349605919],[9.212223238645693,36.82194349605919],[9.212223238645693,36.81745191963859]]]},"id":"2051,8197","properties":{"alea":0.013615979598264438,"classe_sol":40.0,"dans_region":true,"lat":36.819697707005545,"lat_max":36.82194349605919,"lat_min":36.81745191963859,"lon":9.214469026895081,"lon_max":9.216714815066291,"lon_min":9.212223238645693,"parcel_id":"P0060"}},{"type":"Feature","geometry":{"geodesic":false,"crs":{"type":"name","properties":{"name":"EPSG:4326"}},"type":"Polygon","coordinates":[[[9.194256932963302,36.82643507247978],[9.1987485093839,36.82643507247978],[9.1987485093839,36.83092664890038],[9.194256932963302,36.83092664890038],[9.194256932963302,36.82643507247978]]]},"id":"2047,8199","properties":{"alea":0.013941411879737964,"classe_sol":40.0,"dans_region":true,"lat":36.82868085973154,"lat_max":36.83092664890038,"lat_min":36.82643507247978,"lon":9.196502721165851,"lon_max":9.1987485093839,"lon_min":9.194256932963302,"parcel_id":"P0061"}},{"type":"Feature","geometry":{"geodesic":false,"crs":{"type":"name","properties":{"name":"EPSG:4326"}},"type":"Polygon","coordinates":[[[9.153832745177924,36.77253615543261],[9.158324321598522,36.77253615543261],[9.158324321598522,36.77702773185321],[9.153832745177924,36.77702773185321],[9.153832745177924,36.77253615543261]]]},"id":"2038,8187","properties":{"alea":0.01428389684510778,"classe_sol":40.0,"dans_region":true,"lat":36.774781942822,"lat_max":36.77702773185321,"lat_min":36.77253615543261,"lon":9.15607853336135,"lon_max":9.158324321598522,"lon_min":9.153832745177924,"parcel_id":"P0062"}},{"type":"Feature","geometry":{"geodesic":false,"crs":{"type":"name","properties":{"name":"EPSG:4326"}},"type":"Polygon","coordinates":[[[9.221206391486888,36.85787610742397],[9.225697967907486,36.85787610742397],[9.225697967907486,36.86236768384457],[9.221206391486888,36.86236768384457],[9.221206391486888,36.85787610742397]]]},"id":"2053,8206","properties":{"alea":0.014370912557244209,"classe_sol":40.0,"dans_region":true,"lat":36.860121894784015,"lat_max":36.86236768384457,"lat_min":36.85787610742397,"lon":9.22345217969068,"lon_max":9.225697967907486,"lon_min":9.221206391486888,"parcel_id":"P0063"}},{"type":"Feature","geometry":{"geodesic":false,"crs":{"type":"name","properties":{"name":"EPSG:4326"}},"type":"Polygon","coordinates":[[[9.18078220370151,36.82194349605919],[9.185273780122108,36.82194349605919],[9.185273780122108,36.82643507247978],[9.18078220370151,36.82643507247978],[9.18078220370151,36.82194349605919]]]},"id":"2044,8198","properties":{"alea":0.014389878921293175,"classe_sol":40.0,"dans_region":true,"lat":36.82418928345538,"lat_max":36.82643507247978,"lat_min":36.82194349605919,"lon":9.183027991914043,"lon_max":9.185273780122108,"lon_min":9.18078220370151,"parcel_id":"P0064"}},{"type":"Feature","geometry":{"geodesic":false,"crs":{"type":"name","properties":{"name":"EPSG:4326"}},"type":"Polygon","coordinates":[[[9.778161867640993,36.588381522188115],[9.782653444061589,36.588381522188115],[9.782653444061589,36.59287309860871],[9.778161867640993,36.59287309860871],[9.778161867640993,36.588381522188115]]]},"id":"2177,8146","properties":{"alea":0.014433442377654981,"classe_sol":40.0,"dans_region":true,"lat":36.59062730968747,"lat_max":36.59287309860871,"lat_min":36.588381522188115,"lon":9.78040765588633,"lon_max":9.782653444061589,"lon_min":9.778161867640993,"parcel_id":"P0065"}},{"type":"Feature","geometry":{"geodesic":false,"crs":{"type":"name","properties":{"name":"EPSG:4326"}},"type":"Polygon","coordinates":[[[9.117900133813144,36.76804457901201],[9.12239171023374,36.76804457901201],[9.12239171023374,36.77253615543261],[9.117900133813144,36.77253615543261],[9.117900133813144,36.76804457901201]]]},"id":"2030,8186","properties":{"alea":0.014718096649384504,"classe_sol":40.0,"dans_region":true,"lat":36.770290366359205,"lat_max":36.77253615543261,"lat_min":36.76804457901201,"lon":9.120145922030389,"lon_max":9.12239171023374,"lon_min":9.117900133813144,"parcel_id":"P0066"}},{"type":"Feature","geometry":{"geodesic":false,"crs":{"type":"name","properties":{"name":"EPSG:4326"}},"type":"Polygon","coordinates":[[[9.153832745177924,36.395243736102415],[9.158324321598522,36.395243736102415],[9.158324321598522,36.39973531252301],[9.153832745177924,36.39973531252301],[9.153832745177924,36.395243736102415]]]},"id":"2038,8103","properties":{"alea":0.014732337830458242,"classe_sol":40.0,"dans_region":true,"lat":36.39748952372406,"lat_max":36.39973531252301,"lat_min":36.395243736102415,"lon":9.156078533400652,"lon_max":9.158324321598522,"lon_min":9.153832745177924,"parcel_id":"P0067"}},{"type":"Feature","geometry":{"geodesic":false,"crs":{"type":"name","properties":{"name":"EPSG:4326"}},"type":"Polygon","coordinates":[[[9.18078220370151,36.62880570997349],[9.185273780122108,36.62880570997349],[9.185273780122108,36.63329728639409],[9.18078220370151,36.63329728639409],[9.18078220370151,36.62880570997349]]]},"id":"2044,8155","properties":{"alea":0.01479441587593533,"classe_sol":40.0,"dans_region":true,"lat":36.63105149732117,"lat_max":36.63329728639409,"lat_min":36.62880570997349,"lon":9.183027991956163,"lon_max":9.185273780122108,"lon_min":9.18078220370151,"parcel_id":"P0068"}},{"type":"Feature","geometry":{"geodesic":false,"crs":{"type":"name","properties":{"name":"EPSG:4326"}},"type":"Polygon","coordinates":[[[9.827569208267565,36.57939836934692],[9.832060784688164,36.57939836934692],[9.832060784688164,36.58388994576752],[9.827569208267565,36.58388994576752],[9.827569208267565,36.57939836934692]]]},"id":"2188,8144","properties":{"alea":0.015028015693231866,"classe_sol":40.0,"dans_region":true,"lat":36.581644156982655,"lat_max":36.58388994576752,"lat_min":36.57939836934692,"lon":9.829814996507697,"lon_max":9.832060784688164,"lon_min":9.827569208267565,"parcel_id":"P0069"}},{"type":"Feature","geometry":{"geodesic":false,"crs":{"type":"name","properties":{"name":"EPSG:4326"}},"type":"Polygon","coordinates":[[[9.719771374173224,36.453634229570184],[9.72426295059382,36.453634229570184],[9.72426295059382,36.45812580599078],[9.719771374173224,36.45812580599078],[9.719771374173224,36.453634229570184]]]},"id":"2164,8116","properties":{"alea":0.01532466517962694,"classe_sol":40.0,"dans_region":true,"lat":36.455880017151216,"lat_max":36.45812580599078,"lat_min":36.453634229570184,"lon":9.72201716241735,"lon_max":9.72426295059382,"lon_min":9.719771374173224,"parcel_id":"P0070"}},{"type":"Feature","geometry":{"geodesic":false,"crs":{"type":"name","properties":{"name":"EPSG:4326"}},"type":"Polygon","coordinates":[[[9.243664273589877,36.54346575798213],[9.248155850010475,36.54346575798213],[9.248155850010475,36.54795733440273],[9.243664273589877,36.54795733440273],[9.243664273589877,36.54346575798213]]]},"id":"2058,8136","properties":{"alea":0.015449130245913545,"classe_sol":40.0,"dans_region":true,"lat":36.54571154552564,"lat_max":36.54795733440273,"lat_min":36.54346575798213,"lon":9.245910061872793,"lon_max":9.248155850010475,"lon_min":9.243664273589877,"parcel_id":"P0071"}},{"type":"Feature","geometry":{"geodesic":false,"crs":{"type":"name","properties":{"name":"EPSG:4326"}},"type":"Polygon","coordinates":[[[9.697313492070235,36.678213050600064],[9.701805068490833,36.678213050600064],[9.701805068490833,36.68270462702066],[9.697313492070235,36.68270462702066],[9.697313492070235,36.678213050600064]]]},"id":"2159,8166","properties":{"alea":0.01565568300721032,"classe_sol":40.0,"dans_region":true,"lat":36.68045883807664,"lat_max":36.68270462702066,"lat_min":36.678213050600064,"lon":9.699559280311567,"lon_max":9.701805068490833,"lon_min":9.697313492070235,"parcel_id":"P0072"}},{"type":"Feature","geometry":{"geodesic":false,"crs":{"type":"name","properties":{"name":"EPSG:4326"}},"type":"Polygon","coordinates":[[[9.48171782388155,36.74558669690903],[9.486209400302148,36.74558669690903],[9.486209400302148,36.75007827332963],[9.48171782388155,36.75007827332963],[9.48171782388155,36.74558669690903]]]},"id":"2111,8181","properties":{"alea":0.01571442346696783,"classe_sol":40.0,"dans_region":true,"lat":36.747832484335994,"lat_max":36.75007827332963,"lat_min":36.74558669690903,"lon":9.483963612092511,"lon_max":9.486209400302148,"lon_min":9.48171782388155,"parcel_id":"P0073"}},{"type":"Feature","geometry":{"geodesic":false,"crs":{"type":"name","properties":{"name":"EPSG:4326"}},"type":"Polygon","coordinates":[[[9.540108317349318,36.65126359207648],[9.544599893769917,36.65126359207648],[9.544599893769917,36.65575516849707],[9.540108317349318,36.65575516849707],[9.540108317349318,36.65126359207648]]]},"id":"2124,8160","properties":{"alea":0.015845859788023997,"classe_sol":40.0,"dans_region":true,"lat":36.65350937945344,"lat_max":36.65575516849707,"lat_min":36.65126359207648,"lon":9.542354105559548,"lon_max":9.544599893769917,"lon_min":9.540108317349318,"parcel_id":"P0074"}},{"type":"Feature","geometry":{"geodesic":false,"crs":{"type":"name","properties":{"name":"EPSG:4326"}},"type":"Polygon","coordinates":[[[9.859010243211749,36.57939836934692],[9.863501819632347,36.57939836934692],[9.863501819632347,36.58388994576752],[9.859010243211749,36.58388994576752],[9.859010243211749,36.57939836934692]]]},"id":"2195,8144","properties":{"alea":0.015929505437992653,"classe_sol":40.0,"dans_region":true,"lat":36.58164415696146,"lat_max":36.58388994576752,"lat_min":36.57939836934692,"lon":9.861256031385215,"lon_max":9.863501819632347,"lon_min":9.859010243211749,"parcel_id":"P0075"}},{"type":"Feature","geometry":{"geodesic":false,"crs":{"type":"name","properties":{"name":"EPSG:4326"}},"type":"Polygon","coordinates":[[[9.315529496319439,36.485075264514364],[9.320021072740037,36.485075264514364],[9.320021072740037,36.48956684093496],[9.315529496319439,36.48956684093496],[9.315529496319439,36.485075264514364]]]},"id":"2074,8123","properties":{"alea":0.016079278608043368,"classe_sol":40.0,"dans_region":true,"lat":36.48732105216767,"lat_max":36.48956684093496,"lat_min":36.485075264514364,"lon":9.31777528450371,"lon_max":9.320021072740037,"lon_min":9.315529496319439,"parcel_id":"P0076"}},{"type":"Feature","geometry":{"geodesic":false,"crs":{"type":"name","properties":{"name":"EPSG:4326"}},"type":"Polygon","coordinates":[[[9.454768365357964,36.68719620344126],[9.459259941778562,36.68719620344126],[9.459259941778562,36.69168777986186],[9.454768365357964,36.69168777986186],[9.454768365357964,36.68719620344126]]]},"id":"2105,8168","properties":{"alea":0.016096844556840684,"classe_sol":40.0,"dans_region":true,"lat":36.689441990914176,"lat_max":36.69168777986186,"lat_min":36.68719620344126,"lon":9.457014153535185,"lon_max":9.459259941778562,"lon_min":9.454768365357964,"parcel_id":"P0077"}},{"type":"Feature","geometry":{"geodesic":false,"crs":{"type":"name","properties":{"name":"EPSG:4326"}},"type":"Polygon","coordinates":[[[9.207731662225095,36.485075264514364],[9.212223238645693,36.485075264514364],[9.212223238645693,36.48956684093496],[9.207731662225095,36.48956684093496],[9.207731662225095,36.485075264514364]]]},"id":"2050,8123","properties":{"alea":0.016153919784216098,"classe_sol":40.0,"dans_region":true,"lat":36.48732105218719,"lat_max":36.48956684093496,"lat_min":36.485075264514364,"lon":9.209977450398068,"lon_max":9.212223238645693,"lon_min":9.207731662225095,"parcel_id":"P0078"}},{"type":"Feature","geometry":{"geodesic":false,"crs":{"type":"name","properties":{"name":"EPSG:4326"}},"type":"Polygon","coordinates":[[[9.580532505134697,36.66473832133827],[9.585024081555295,36.66473832133827],[9.585024081555295,36.66922989775887],[9.580532505134697,36.66922989775887],[9.580532505134697,36.66473832133827]]]},"id":"2133,8163","properties":{"alea":0.01623488264865025,"classe_sol":40.0,"dans_region":true,"lat":36.66698410886401,"lat_max":36.66922989775887,"lat_min":36.66473832133827,"lon":9.582778293332336,"lon_max":9.585024081555295,"lon_min":9.580532505134697,"parcel_id":"P0079"}},{"type":"Feature","geometry":{"geodesic":false,"crs":{"type":"name","properties":{"name":"EPSG:4326"}},"type":"Polygon","coordinates":[[[9.081967522448362,36.6153309807117],[9.08645909886896,36.6153309807117],[9.08645909886896,36.619822557132295],[9.081967522448362,36.619822557132295],[9.081967522448362,36.6153309807117]]]},"id":"2022,8152","properties":{"alea":0.01635252498074946,"classe_sol":40.0,"dans_region":true,"lat":36.61757676821223,"lat_max":36.619822557132295,"lat_min":36.6153309807117,"lon":9.084213310562177,"lon_max":9.08645909886896,"lon_min":9.081967522448362,"parcel_id":"P0080"}},{"type":"Feature","geometry":{"geodesic":false,"crs":{"type":"name","properties":{"name":"EPSG:4326"}},"type":"Polygon","coordinates":[[[9.261630579272268,36.395243736102415],[9.266122155692864,36.395243736102415],[9.266122155692864,36.39973531252301],[9.261630579272268,36.39973531252301],[9.261630579272268,36.395243736102415]]]},"id":"2062,8103","properties":{"alea":0.016655142943728052,"classe_sol":40.0,"dans_region":true,"lat":36.39748952374295,"lat_max":36.39973531252301,"lat_min":36.395243736102415,"lon":9.26387636750954,"lon_max":9.266122155692864,"lon_min":9.261630579272268,"parcel_id":"P0081"}},{"type":"Feature","geometry":{"geodesic":false,"crs":{"type":"name","properties":{"name":"EPSG:4326"}},"type":"Polygon","coordinates":[[[9.16281589801912,36.91177502447114],[9.167307474439717,36.91177502447114],[9.167307474439717,36.91626660089174],[9.16281589801912,36.91626660089174],[9.16281589801912,36.91177502447114]]]},"id":"2040,8218","properties":{"alea":0.016802526190759726,"classe_sol":40.0,"dans_region":true,"lat":36.914020811851444,"lat_max":36.91626660089174,"lat_min":36.91177502447114,"lon":9.165061686274663,"lon_max":9.167307474439717,"lon_min":9.16281589801912,"parcel_id":"P0082"}},{"type":"Feature","geometry":{"geodesic":false,"crs":{"type":"name","properties":{"name":"EPSG:4326"}},"type":"Polygon","coordinates":[[[9.80061974974398,36.55244891082333],[9.805111326164578,36.55244891082333],[9.805111326164578,36.55694048724393],[9.80061974974398,36.55694048724393],[9.80061974974398,36.55244891082333]]]},"id":"2182,8138","properties":{"alea":0.0170014880319308,"classe_sol":40.0,"dans_region":true,"lat":36.55469469839444,"lat_max":36.55694048724393,"lat_min":36.55244891082333,"lon":9.8028655379259,"lon_max":9.805111326164578,"lon_min":9.80061974974398,"parcel_id":"P0083"}},{"type":"Feature","geometry":{"geodesic":false,"crs":{"type":"name","properties":{"name":"EPSG:4326"}},"type":"Polygon","coordinates":[[[9.683838762808442,36.709654085544244],[9.68833033922904,36.709654085544244],[9.68833033922904,36.71414566196484],[9.683838762808442,36.71414566196484],[9.683838762808442,36.709654085544244]]]},"id":"2156,8173","properties":{"alea":0.017200187513679688,"classe_sol":40.0,"dans_region":true,"lat":36.711899873060204,"lat_max":36.71414566196484,"lat_min":36.709654085544244,"lon":9.686084551004667,"lon_max":9.68833033922904,"lon_min":9.683838762808442,"parcel_id":"P0084"}},{"type":"Feature","geometry":{"geodesic":false,"crs":{"type":"name","properties":{"name":"EPSG:4326"}},"type":"Polygon","coordinates":[[[9.796128173323382,36.6018562514499],[9.80061974974398,36.6018562514499],[9.80061974974398,36.6063478278705],[9.796128173323382,36.6063478278705],[9.796128173323382,36.6018562514499]]]},"id":"2181,8149","properties":{"alea":0.017323173286022286,"classe_sol":40.0,"dans_region":true,"lat":36.60410203893258,"lat_max":36.6063478278705,"lat_min":36.6018562514499,"lon":9.798373961517902,"lon_max":9.80061974974398,"lon_min":9.796128173323382,"parcel_id":"P0085"}},{"type":"Feature","geometry":{"geodesic":false,"crs":{"type":"name","properties":{"name":"EPSG:4326"}},"type":"Polygon","coordinates":[[[9.239172697169279,36.71414566196484],[9.243664273589877,36.71414566196484],[9.243664273589877,36.71863723838544],[9.239172697169279,36.71863723838544],[9.239172697169279,36.71414566196484]]]},"id":"2057,8174","properties":{"alea":0.017330001401610562,"classe_sol":40.0,"dans_region":true,"lat":36.716391449333905,"lat_max":36.71863723838544,"lat_min":36.71414566196484,"lon":9.241418485332781,"lon_max":9.243664273589877,"lon_min":9.239172697169279,"parcel_id":"P0086"}},{"type":"Feature","geometry":{"geodesic":false,"crs":{"type":"name","properties":{"name":"EPSG:4326"}},"type":"Polygon","coordinates":[[[9.337987378422426,36.59287309860871],[9.342478954843024,36.59287309860871],[9.342478954843024,36.597364675029304],[9.337987378422426,36.597364675029304],[9.337987378422426,36.59287309860871]]]},"id":"2079,8147","properties":{"alea":0.017337420523118596,"classe_sol":40.0,"dans_region":true,"lat":36.595118886098895,"lat_max":36.597364675029304,"lat_min":36.59287309860871,"lon":9.340233166648567,"lon_max":9.342478954843024,"lon_min":9.337987378422426,"parcel_id":"P0087"}},{"type":"Feature","geometry":{"geodesic":false,"crs":{"type":"name","properties":{"name":"EPSG:4326"}},"type":"Polygon","coordinates":[[[9.751212409117405,36.6153309807117],[9.755703985538004,36.6153309807117],[9.755703985538004,36.619822557132295],[9.751212409117405,36.619822557132295],[9.751212409117405,36.6153309807117]]]},"id":"2171,8152","properties":{"alea":0.01738230507597216,"classe_sol":40.0,"dans_region":true,"lat":36.61757676817549,"lat_max":36.619822557132295,"lat_min":36.6153309807117,"lon":9.75345819734864,"lon_max":9.755703985538004,"lon_min":9.751212409117405,"parcel_id":"P0088"}},{"type":"Feature","geometry":{"geodesic":false,"crs":{"type":"name","properties":{"name":"EPSG:4326"}},"type":"Polygon","coordinates":[[[9.167307474439717,36.597364675029304],[9.171799050860315,36.597364675029304],[9.171799050860315,36.6018562514499],[9.167307474439717,36.6018562514499],[9.167307474439717,36.597364675029304]]]},"id":"2041,8148","properties":{"alea":0.01753290114800654,"classe_sol":40.0,"dans_region":true,"lat":36.59961046259264,"lat_max":36.6018562514499,"lat_min":36.597364675029304,"lon":9.169553262648238,"lon_max":9.171799050860315,"lon_min":9.167307474439717,"parcel_id":"P0089"}},{"type":"Feature","geometry":{"geodesic":false,"crs":{"type":"name","properties":{"name":"EPSG:4326"}},"type":"Polygon","coordinates":[[[9.149341168757326,36.426684771046595],[9.153832745177924,36.426684771046595],[9.153832745177924,36.43117634746719],[9.149341168757326,36.43117634746719],[9.149341168757326,36.426684771046595]]]},"id":"2037,8110","properties":{"alea":0.017611464886981287,"classe_sol":40.0,"dans_region":true,"lat":36.42893055859978,"lat_max":36.43117634746719,"lat_min":36.426684771046595,"lon":9.151586956917477,"lon_max":9.153832745177924,"lon_min":9.149341168757326,"parcel_id":"P0090"}},{"type":"Feature","geometry":{"geodesic":false,"crs":{"type":"name","properties":{"name":"EPSG:4326"}},"type":"Polygon","coordinates":[[[9.697313492070235,36.619822557132295],[9.701805068490833,36.619822557132295],[9.701805068490833,36.62431413355289],[9.697313492070235,36.62431413355289],[9.697313492070235,36.619822557132295]]]},"id":"2159,8153","properties":{"alea":0.017719527009889102,"classe_sol":40.0,"dans_region":true,"lat":36.622068344534476,"lat_max":36.62431413355289,"lat_min":36.619822557132295,"lon":9.699559280246799,"lon_max":9.701805068490833,"lon_min":9.697313492070235,"parcel_id":"P0091"}},{"type":"Feature","geometry":{"geodesic":false,"crs":{"type":"name","properties":{"name":"EPSG:4326"}},"type":"Polygon","coordinates":[[[9.773670291220395,36.54346575798213],[9.778161867640993,36.54346575798213],[9.778161867640993,36.54795733440273],[9.773670291220395,36.54795733440273],[9.773670291220395,36.54346575798213]]]},"id":"2176,8136","properties":{"alea":0.017850904966546066,"classe_sol":40.0,"dans_region":true,"lat":36.54571154550379,"lat_max":36.54795733440273,"lat_min":36.54346575798213,"lon":9.775916079373062,"lon_max":9.778161867640993,"lon_min":9.773670291220395,"parcel_id":"P0092"}},{"type":"Feature","geometry":{"geodesic":false,"crs":{"type":"name","properties":{"name":"EPSG:4326"}},"type":"Polygon","coordinates":[[[9.324512649160633,36.485075264514364],[9.329004225581231,36.485075264514364],[9.329004225581231,36.48956684093496],[9.324512649160633,36.48956684093496],[9.324512649160633,36.485075264514364]]]},"id":"2076,8123","properties":{"alea":0.018050391073645478,"classe_sol":40.0,"dans_region":true,"lat":36.48732105219057,"lat_max":36.48956684093496,"lat_min":36.485075264514364,"lon":9.326758437375243,"lon_max":9.329004225581231,"lon_min":9.324512649160633,"parcel_id":"P0093"}},{"type":"Feature","geometry":{"geodesic":false,"crs":{"type":"name","properties":{"name":"EPSG:4326"}},"type":"Polygon","coordinates":[[[9.450276788937366,36.71414566196484],[9.454768365357964,36.71414566196484],[9.454768365357964,36.71863723838544],[9.450276788937366,36.71863723838544],[9.450276788937366,36.71414566196484]]]},"id":"2104,8174","properties":{"alea":0.01833859881801847,"classe_sol":40.0,"dans_region":true,"lat":36.71639144933258,"lat_max":36.71863723838544,"lat_min":36.71414566196484,"lon":9.452522577115051,"lon_max":9.454768365357964,"lon_min":9.450276788937366,"parcel_id":"P0094"}},{"type":"Feature","geometry":{"geodesic":false,"crs":{"type":"name","properties":{"name":"EPSG:4326"}},"type":"Polygon","coordinates":[[[9.131374863074937,36.44015950030839],[9.135866439495533,36.44015950030839],[9.135866439495533,36.44465107672899],[9.131374863074937,36.44465107672899],[9.131374863074937,36.44015950030839]]]},"id":"2033,8113","properties":{"alea":0.018434752174303903,"classe_sol":40.0,"dans_region":true,"lat":36.44240528776034,"lat_max":36.44465107672899,"lat_min":36.44015950030839,"lon":9.133620651295736,"lon_max":9.135866439495533,"lon_min":9.131374863074937,"parcel_id":"P0095"}},{"type":"Feature","geometry":{"geodesic":false,"crs":{"type":"name","properties":{"name":"EPSG:4326"}},"type":"Polygon","coordinates":[[[9.225697967907486,36.55244891082333],[9.230189544328084,36.55244891082333],[9.230189544328084,36.55694048724393],[9.225697967907486,36.55694048724393],[9.225697967907486,36.55244891082333]]]},"id":"2054,8138","properties":{"alea":0.018713744508579988,"classe_sol":40.0,"dans_region":true,"lat":36.554694698381425,"lat_max":36.55694048724393,"lat_min":36.55244891082333,"lon":9.22794375610187,"lon_max":9.230189544328084,"lon_min":9.225697967907486,"parcel_id":"P0096"}},{"type":"Feature","geometry":{"geodesic":false,"crs":{"type":"name","properties":{"name":"EPSG:4326"}},"type":"Polygon","coordinates":[[[9.329004225581231,36.678213050600064],[9.33349580200183,36.678213050600064],[9.33349580200183,36.68270462702066],[9.329004225581231,36.68270462702066],[9.329004225581231,36.678213050600064]]]},"id":"2077,8166","properties":{"alea":0.01878652243176493,"classe_sol":40.0,"dans_region":true,"lat":36.680458838052715,"lat_max":36.68270462702066,"lat_min":36.678213050600064,"lon":9.331250013851975,"lon_max":9.33349580200183,"lon_min":9.329004225581231,"parcel_id":"P0097"}},{"type":"Feature","geometry":{"geodesic":false,"crs":{"type":"name","properties":{"name":"EPSG:4326"}},"type":"Polygon","coordinates":[[[9.216714815066291,36.91626660089174],[9.221206391486888,36.91626660089174],[9.221206391486888,36.92075817731234],[9.216714815066291,36.92075817731234],[9.216714815066291,36.91626660089174]]]},"id":"2052,8219","properties":{"alea":0.018814521088938663,"classe_sol":40.0,"dans_region":true,"lat":36.918512388111395,"lat_max":36.92075817731234,"lat_min":36.91626660089174,"lon":9.21896060331868,"lon_max":9.221206391486888,"lon_min":9.216714815066291,"parcel_id":"P0098"}},{"type":"Feature","geometry":{"geodesic":false,"crs":{"type":"name","properties":{"name":"EPSG:4326"}},"type":"Polygon","coordinates":[[[9.167307474439717,36.372785853999424],[9.171799050860315,36.372785853999424],[9.171799050860315,36.37727743042002],[9.167307474439717,36.37727743042002],[9.167307474439717,36.372785853999424]]]},"id":"2041,8098","properties":{"alea":0.01887016927785501,"classe_sol":40.0,"dans_region":true,"lat":36.375031641514916,"lat_max":36.37727743042002,"lat_min":36.372785853999424,"lon":9.169553262589174,"lon_max":9.171799050860315,"lon_min":9.167307474439717,"parcel_id":"P0099"}},{"type":"Feature","geometry":{"geodesic":false,"crs":{"type":"name","properties":{"name":"EPSG:4326"}},"type":"Polygon","coordinates":[[[9.221206391486888,36.71863723838544],[9.225697967907486,36.71863723838544],[9.225697967907486,36.72312881480604],[9.221206391486888,36.72312881480604],[9.221206391486888,36.71863723838544]]]},"id":"2053,8175","properties":{"alea":0.018990440470321834,"classe_sol":40.0,"dans_region":true,"lat":36.72088302579008,"lat_max":36.72312881480604,"lat_min":36.71863723838544,"lon":9.223452179603111,"lon_max":9.225697967907486,"lon_min":9.221206391486888,"parcel_id":"P0100"}},{"type":"Feature","geometry":{"geodesic":false,"crs":{"type":"name","properties":{"name":"EPSG:4326"}},"type":"Polygon","coordinates":[[[9.382903142628402,36.83990980174158],[9.387394719049,36.83990980174158],[9.387394719049,36.844401378162175],[9.382903142628402,36.844401378162175],[9.382903142628402,36.83990980174158]]]},"id":"2089,8202","properties":{"alea":0.019538401486116297,"classe_sol":40.0,"dans_region":true,"lat":36.84215558902521,"lat_max":36.844401378162175,"lat_min":36.83990980174158,"lon":9.385148930897701,"lon_max":9.387394719049,"lon_min":9.382903142628402,"parcel_id":"P0101"}},{"type":"Feature","geometry":{"geodesic":false,"crs":{"type":"name","properties":{"name":"EPSG:4326"}},"type":"Polygon","coordinates":[[[9.14484959233673,36.88931714236815],[9.149341168757326,36.88931714236815],[9.149341168757326,36.89380871878875],[9.14484959233673,36.89380871878875],[9.14484959233673,36.88931714236815]]]},"id":"2036,8213","properties":{"alea":0.01955725136393649,"classe_sol":40.0,"dans_region":true,"lat":36.89156292962475,"lat_max":36.89380871878875,"lat_min":36.88931714236815,"lon":9.147095380586782,"lon_max":9.149341168757326,"lon_min":9.14484959233673,"parcel_id":"P0102"}},{"type":"Feature","geometry":{"geodesic":false,"crs":{"type":"name","properties":{"name":"EPSG:4326"}},"type":"Polygon","coordinates":[[[9.364936836946011,36.85787610742397],[9.36942841336661,36.85787610742397],[9.36942841336661,36.86236768384457],[9.364936836946011,36.86236768384457],[9.364936836946011,36.85787610742397]]]},"id":"2085,8206","properties":{"alea":0.019575287191352708,"classe_sol":40.0,"dans_region":true,"lat":36.86012189481757,"lat_max":36.86236768384457,"lat_min":36.85787610742397,"lon":9.36718262507989,"lon_max":9.36942841336661,"lon_min":9.364936836946011,"parcel_id":"P0103"}},{"type":"Feature","geometry":{"geodesic":false,"crs":{"type":"name","properties":{"name":"EPSG:4326"}},"type":"Polygon","coordinates":[[[9.270613732113462,36.63329728639409],[9.27510530853406,36.63329728639409],[9.27510530853406,36.63778886281469],[9.270613732113462,36.63778886281469],[9.270613732113462,36.63329728639409]]]},"id":"2064,8156","properties":{"alea":0.01961117960986325,"classe_sol":40.0,"dans_region":true,"lat":36.63554307395659,"lat_max":36.63778886281469,"lat_min":36.63329728639409,"lon":9.272859520365701,"lon_max":9.27510530853406,"lon_min":9.270613732113462,"parcel_id":"P0104"}},{"type":"Feature","geometry":{"geodesic":false,"crs":{"type":"name","properties":{"name":"EPSG:4326"}},"type":"Polygon","coordinates":[[[9.306546343478242,36.84889295458277],[9.31103791989884,36.84889295458277],[9.31103791989884,36.85338453100337],[9.306546343478242,36.85338453100337],[9.306546343478242,36.84889295458277]]]},"id":"2072,8204","properties":{"alea":0.019975162013029735,"classe_sol":40.0,"dans_region":true,"lat":36.851138741984194,"lat_max":36.85338453100337,"lat_min":36.84889295458277,"lon":9.308792131651142,"lon_max":9.31103791989884,"lon_min":9.306546343478242,"parcel_id":"P0105"}},{"type":"Feature","geometry":{"geodesic":false,"crs":{"type":"name","properties":{"name":"EPSG:4326"}},"type":"Polygon","coordinates":[[[9.742229256276211,36.50304157019676],[9.746720832696809,36.50304157019676],[9.746720832696809,36.507533146617355],[9.742229256276211,36.507533146617355],[9.742229256276211,36.50304157019676]]]},"id":"2169,8127","properties":{"alea":0.020116787376934897,"classe_sol":40.0,"dans_region":true,"lat":36.50528735770259,"lat_max":36.507533146617355,"lat_min":36.50304157019676,"lon":9.744475044511539,"lon_max":9.746720832696809,"lon_min":9.742229256276211,"parcel_id":"P0106"}},{"type":"Feature","geometry":{"geodesic":false,"crs":{"type":"name","properties":{"name":"EPSG:4326"}},"type":"Polygon","coordinates":[[[9.44578521251677,36.46261738241138],[9.450276788937366,36.46261738241138],[9.450276788937366,36.46710895883198],[9.44578521251677,36.46710895883198],[9.44578521251677,36.46261738241138]]]},"id":"2103,8118","properties":{"alea":0.02024235138380548,"classe_sol":40.0,"dans_region":true,"lat":36.464863169884914,"lat_max":36.46710895883198,"lat_min":36.46261738241138,"lon":9.448031000750989,"lon_max":9.450276788937366,"lon_min":9.44578521251677,"parcel_id":"P0107"}},{"type":"Feature","geometry":{"geodesic":false,"crs":{"type":"name","properties":{"name":"EPSG:4326"}},"type":"Polygon","coordinates":[[[9.683838762808442,36.44015950030839],[9.68833033922904,36.44015950030839],[9.68833033922904,36.44465107672899],[9.683838762808442,36.44465107672899],[9.683838762808442,36.44015950030839]]]},"id":"2156,8113","properties":{"alea":0.020361854992349104,"classe_sol":40.0,"dans_region":true,"lat":36.44240528777729,"lat_max":36.44465107672899,"lat_min":36.44015950030839,"lon":9.686084551036561,"lon_max":9.68833033922904,"lon_min":9.683838762808442,"parcel_id":"P0108"}},{"type":"Feature","geometry":{"geodesic":false,"crs":{"type":"name","properties":{"name":"EPSG:4326"}},"type":"Polygon","coordinates":[[[9.778161867640993,36.63778886281469],[9.782653444061589,36.63778886281469],[9.782653444061589,36.642280439235286],[9.778161867640993,36.642280439235286],[9.778161867640993,36.63778886281469]]]},"id":"2177,8157","properties":{"alea":0.020435602471465364,"classe_sol":40.0,"dans_region":true,"lat":36.640034650293515,"lat_max":36.642280439235286,"lat_min":36.63778886281469,"lon":9.780407655850457,"lon_max":9.782653444061589,"lon_min":9.778161867640993,"parcel_id":"P0109"}},{"type":"Feature","geometry":{"geodesic":false,"crs":{"type":"name","properties":{"name":"EPSG:4326"}},"type":"Polygon","coordinates":[[[9.427818906834379,36.52100787587915],[9.432310483254977,36.52100787587915],[9.432310483254977,36.52549945229975],[9.427818906834379,36.52549945229975],[9.427818906834379,36.52100787587915]]]},"id":"2099,8131","properties":{"alea":0.02044294415013892,"classe_sol":40.0,"dans_region":true,"lat":36.52325366335599,"lat_max":36.52549945229975,"lat_min":36.52100787587915,"lon":9.430064695021336,"lon_max":9.432310483254977,"lon_min":9.427818906834379,"parcel_id":"P0110"}},{"type":"Feature","geometry":{"geodesic":false,"crs":{"type":"name","properties":{"name":"EPSG:4326"}},"type":"Polygon","coordinates":[[[9.135866439495533,36.68270462702066],[9.140358015916132,36.68270462702066],[9.140358015916132,36.68719620344126],[9.135866439495533,36.68719620344126],[9.135866439495533,36.68270462702066]]]},"id":"2034,8167","properties":{"alea":0.020968863588035846,"classe_sol":40.0,"dans_region":true,"lat":36.684950414389924,"lat_max":36.68719620344126,"lat_min":36.68270462702066,"lon":9.138112227747683,"lon_max":9.140358015916132,"lon_min":9.135866439495533,"parcel_id":"P0111"}},{"type":"Feature","geometry":{"geodesic":false,"crs":{"type":"name","properties":{"name":"EPSG:4326"}},"type":"Polygon","coordinates":[[[9.72426295059382,36.709654085544244],[9.728754527014418,36.709654085544244],[9.728754527014418,36.71414566196484],[9.72426295059382,36.71414566196484],[9.72426295059382,36.709654085544244]]]},"id":"2165,8173","properties":{"alea":0.021047517311536867,"classe_sol":40.0,"dans_region":true,"lat":36.71189987305166,"lat_max":36.71414566196484,"lat_min":36.709654085544244,"lon":9.726508738757586,"lon_max":9.728754527014418,"lon_min":9.72426295059382,"parcel_id":"P0112"}},{"type":"Feature","geometry":{"geodesic":false,"crs":{"type":"name","properties":{"name":"EPSG:4326"}},"type":"Polygon","coordinates":[[[9.42332733041378,36.52100787587915],[9.427818906834379,36.52100787587915],[9.427818906834379,36.52549945229975],[9.42332733041378,36.52549945229975],[9.42332733041378,36.52100787587915]]]},"id":"2098,8131","properties":{"alea":0.021102639269144907,"classe_sol":40.0,"dans_region":true,"lat":36.52325366333626,"lat_max":36.52549945229975,"lat_min":36.52100787587915,"lon":9.42557311863345,"lon_max":9.427818906834379,"lon_min":9.42332733041378,"parcel_id":"P0113"}},{"type":"Feature","geometry":{"geodesic":false,"crs":{"type":"name","properties":{"name":"EPSG:4326"}},"type":"Polygon","coordinates":[[[9.153832745177924,36.72312881480604],[9.158324321598522,36.72312881480604],[9.158324321598522,36.72762039122664],[9.153832745177924,36.72762039122664],[9.153832745177924,36.72312881480604]]]},"id":"2038,8176","properties":{"alea":0.021305592584505373,"classe_sol":40.0,"dans_region":true,"lat":36.72537460219314,"lat_max":36.72762039122664,"lat_min":36.72312881480604,"lon":9.156078533353408,"lon_max":9.158324321598522,"lon_min":9.153832745177924,"parcel_id":"P0114"}},{"type":"Feature","geometry":{"geodesic":false,"crs":{"type":"name","properties":{"name":"EPSG:4326"}},"type":"Polygon","coordinates":[[[9.55807462303171,36.8039771903768],[9.562566199452307,36.8039771903768],[9.562566199452307,36.8084687667974],[9.55807462303171,36.8084687667974],[9.55807462303171,36.8039771903768]]]},"id":"2128,8194","properties":{"alea":0.021533487832692044,"classe_sol":40.0,"dans_region":true,"lat":36.80622297774851,"lat_max":36.8084687667974,"lat_min":36.8039771903768,"lon":9.560320411286678,"lon_max":9.562566199452307,"lon_min":9.55807462303171,"parcel_id":"P0115"}},{"type":"Feature","geometry":{"geodesic":false,"crs":{"type":"name","properties":{"name":"EPSG:4326"}},"type":"Polygon","coordinates":[[[9.620956692920076,36.69617935628246],[9.625448269340673,36.69617935628246],[9.625448269340673,36.700670932703055],[9.620956692920076,36.700670932703055],[9.620956692920076,36.69617935628246]]]},"id":"2142,8170","properties":{"alea":0.0216799029754412,"classe_sol":40.0,"dans_region":true,"lat":36.69842514374227,"lat_max":36.700670932703055,"lat_min":36.69617935628246,"lon":9.623202481201119,"lon_max":9.625448269340673,"lon_min":9.620956692920076,"parcel_id":"P0116"}},{"type":"Feature","geometry":{"geodesic":false,"crs":{"type":"name","properties":{"name":"EPSG:4326"}},"type":"Polygon","coordinates":[[[9.248155850010475,36.74109512048843],[9.252647426431071,36.74109512048843],[9.252647426431071,36.74558669690903],[9.248155850010475,36.74558669690903],[9.248155850010475,36.74109512048843]]]},"id":"2059,8180","properties":{"alea":0.021785187010228135,"classe_sol":40.0,"dans_region":true,"lat":36.74334090780639,"lat_max":36.74558669690903,"lat_min":36.74109512048843,"lon":9.250401638260621,"lon_max":9.252647426431071,"lon_min":9.248155850010475,"parcel_id":"P0117"}},{"type":"Feature","geometry":{"geodesic":false,"crs":{"type":"name","properties":{"name":"EPSG:4326"}},"type":"Polygon","coordinates":[[[9.7646871383792,36.66024674491767],[9.769178714799796,36.66024674491767],[9.769178714799796,36.66473832133827],[9.7646871383792,36.66473832133827],[9.7646871383792,36.66024674491767]]]},"id":"2174,8162","properties":{"alea":0.021790115313553238,"classe_sol":40.0,"dans_region":true,"lat":36.66249253245491,"lat_max":36.66473832133827,"lat_min":36.66024674491767,"lon":9.766932926556011,"lon_max":9.769178714799796,"lon_min":9.7646871383792,"parcel_id":"P0118"}},{"type":"Feature","geometry":{"geodesic":false,"crs":{"type":"name","properties":{"name":"EPSG:4326"}},"type":"Polygon","coordinates":[[[9.742229256276211,36.65575516849707],[9.746720832696809,36.65575516849707],[9.746720832696809,36.66024674491767],[9.742229256276211,36.66024674491767],[9.742229256276211,36.65575516849707]]]},"id":"2169,8161","properties":{"alea":0.022005053835231325,"classe_sol":40.0,"dans_region":true,"lat":36.658000955936856,"lat_max":36.66024674491767,"lat_min":36.65575516849707,"lon":9.744475044451242,"lon_max":9.746720832696809,"lon_min":9.742229256276211,"parcel_id":"P0119"}},{"type":"Feature","geometry":{"geodesic":false,"crs":{"type":"name","properties":{"name":"EPSG:4326"}},"type":"Polygon","coordinates":[[[9.194256932963302,36.45812580599078],[9.1987485093839,36.45812580599078],[9.1987485093839,36.46261738241138],[9.194256932963302,36.46261738241138],[9.194256932963302,36.45812580599078]]]},"id":"2047,8117","properties":{"alea":0.022308278484664656,"classe_sol":40.0,"dans_region":true,"lat":36.46037159358681,"lat_max":36.46261738241138,"lat_min":36.45812580599078,"lon":9.196502721132306,"lon_max":9.1987485093839,"lon_min":9.194256932963302,"parcel_id":"P0120"}},{"type":"Feature","geometry":{"geodesic":false,"crs":{"type":"name","properties":{"name":"EPSG:4326"}},"type":"Polygon","coordinates":[[[9.589515657975893,36.62431413355289],[9.59400723439649,36.62431413355289],[9.59400723439649,36.62880570997349],[9.589515657975893,36.62880570997349],[9.589515657975893,36.62431413355289]]]},"id":"2135,8154","properties":{"alea":0.022421708043582123,"classe_sol":40.0,"dans_region":true,"lat":36.626559921156215,"lat_max":36.62880570997349,"lat_min":36.62431413355289,"lon":9.591761446133416,"lon_max":9.59400723439649,"lon_min":9.589515657975893,"parcel_id":"P0121"}},{"type":"Feature","geometry":{"geodesic":false,"crs":{"type":"name","properties":{"name":"EPSG:4326"}},"type":"Polygon","coordinates":[[[9.225697967907486,36.70516250912365],[9.230189544328084,36.70516250912365],[9.230189544328084,36.709654085544244],[9.225697967907486,36.709654085544244],[9.225697967907486,36.70516250912365]]]},"id":"2054,8172","properties":{"alea":0.02249351417990464,"classe_sol":40.0,"dans_region":true,"lat":36.707408296550355,"lat_max":36.709654085544244,"lat_min":36.70516250912365,"lon":9.227943756105024,"lon_max":9.230189544328084,"lon_min":9.225697967907486,"parcel_id":"P0122"}},{"type":"Feature","geometry":{"geodesic":false,"crs":{"type":"name","properties":{"name":"EPSG:4326"}},"type":"Polygon","coordinates":[[[9.099933828130753,36.76355300259142],[9.104425404551352,36.76355300259142],[9.104425404551352,36.76804457901201],[9.099933828130753,36.76804457901201],[9.099933828130753,36.76355300259142]]]},"id":"2026,8185","properties":{"alea":0.02303236273388476,"classe_sol":40.0,"dans_region":true,"lat":36.76579879003571,"lat_max":36.76804457901201,"lat_min":36.76355300259142,"lon":9.102179616251746,"lon_max":9.104425404551352,"lon_min":9.099933828130753,"parcel_id":"P0123"}},{"type":"Feature","geometry":{"geodesic":false,"crs":{"type":"name","properties":{"name":"EPSG:4326"}},"type":"Polygon","coordinates":[[[9.48171782388155,36.69617935628246],[9.486209400302148,36.69617935628246],[9.486209400302148,36.700670932703055],[9.48171782388155,36.700670932703055],[9.48171782388155,36.69617935628246]]]},"id":"2111,8170","properties":{"alea":0.023235114080453645,"classe_sol":40.0,"dans_region":true,"lat":36.6984251437507,"lat_max":36.700670932703055,"lat_min":36.69617935628246,"lon":9.48396361211937,"lon_max":9.486209400302148,"lon_min":9.48171782388155,"parcel_id":"P0124"}},{"type":"Feature","geometry":{"geodesic":false,"crs":{"type":"name","properties":{"name":"EPSG:4326"}},"type":"Polygon","coordinates":[[[9.104425404551352,36.8084687667974],[9.108916980971948,36.8084687667974],[9.108916980971948,36.812960343217995],[9.104425404551352,36.812960343217995],[9.104425404551352,36.8084687667974]]]},"id":"2027,8195","properties":{"alea":0.023685763506892776,"classe_sol":40.0,"dans_region":true,"lat":36.81071455417325,"lat_max":36.812960343217995,"lat_min":36.8084687667974,"lon":9.106671192792772,"lon_max":9.108916980971948,"lon_min":9.104425404551352,"parcel_id":"P0125"}},{"type":"Feature","geometry":{"geodesic":false,"crs":{"type":"name","properties":{"name":"EPSG:4326"}},"type":"Polygon","coordinates":[[[9.706296644911431,36.66922989775887],[9.710788221332027,36.66922989775887],[9.710788221332027,36.673721474179466],[9.706296644911431,36.673721474179466],[9.706296644911431,36.66922989775887]]]},"id":"2161,8164","properties":{"alea":0.024173809116294187,"classe_sol":40.0,"dans_region":true,"lat":36.67147568521083,"lat_max":36.673721474179466,"lat_min":36.66922989775887,"lon":9.708542433200378,"lon_max":9.710788221332027,"lon_min":9.706296644911431,"parcel_id":"P0126"}},{"type":"Feature","geometry":{"geodesic":false,"crs":{"type":"name","properties":{"name":"EPSG:4326"}},"type":"Polygon","coordinates":[[[9.077475946027764,36.75007827332963],[9.081967522448362,36.75007827332963],[9.081967522448362,36.754569849750226],[9.077475946027764,36.754569849750226],[9.077475946027764,36.75007827332963]]]},"id":"2021,8182","properties":{"alea":0.0244711466707217,"classe_sol":40.0,"dans_region":true,"lat":36.75232406067655,"lat_max":36.754569849750226,"lat_min":36.75007827332963,"lon":9.07972173428188,"lon_max":9.081967522448362,"lon_min":9.077475946027764,"parcel_id":"P0127"}},{"type":"Feature","geometry":{"geodesic":false,"crs":{"type":"name","properties":{"name":"EPSG:4326"}},"type":"Polygon","coordinates":[[[9.782653444061589,36.57490679292632],[9.787145020482187,36.57490679292632],[9.787145020482187,36.57939836934692],[9.782653444061589,36.57939836934692],[9.782653444061589,36.57490679292632]]]},"id":"2178,8143","properties":{"alea":0.024772809290337094,"classe_sol":40.0,"dans_region":true,"lat":36.5771525804721,"lat_max":36.57939836934692,"lat_min":36.57490679292632,"lon":9.78489923223805,"lon_max":9.787145020482187,"lon_min":9.782653444061589,"parcel_id":"P0128"}},{"type":"Feature","geometry":{"geodesic":false,"crs":{"type":"name","properties":{"name":"EPSG:4326"}},"type":"Polygon","coordinates":[[[9.189765356542706,36.812960343217995],[9.194256932963302,36.812960343217995],[9.194256932963302,36.81745191963859],[9.189765356542706,36.81745191963859],[9.189765356542706,36.812960343217995]]]},"id":"2046,8196","properties":{"alea":0.024889912194869357,"classe_sol":40.0,"dans_region":true,"lat":36.81520613063936,"lat_max":36.81745191963859,"lat_min":36.812960343217995,"lon":9.19201114474541,"lon_max":9.194256932963302,"lon_min":9.189765356542706,"parcel_id":"P0129"}},{"type":"Feature","geometry":{"geodesic":false,"crs":{"type":"name","properties":{"name":"EPSG:4326"}},"type":"Polygon","coordinates":[[[9.55807462303171,36.48956684093496],[9.562566199452307,36.48956684093496],[9.562566199452307,36.49405841735556],[9.55807462303171,36.49405841735556],[9.55807462303171,36.48956684093496]]]},"id":"2128,8124","properties":{"alea":0.02490777637611996,"classe_sol":40.0,"dans_region":true,"lat":36.491812628450695,"lat_max":36.49405841735556,"lat_min":36.48956684093496,"lon":9.560320411285712,"lon_max":9.562566199452307,"lon_min":9.55807462303171,"parcel_id":"P0130"}},{"type":"Feature","geometry":{"geodesic":false,"crs":{"type":"name","properties":{"name":"EPSG:4326"}},"type":"Polygon","coordinates":[[[9.207731662225095,36.65575516849707],[9.212223238645693,36.65575516849707],[9.212223238645693,36.66024674491767],[9.207731662225095,36.66024674491767],[9.207731662225095,36.65575516849707]]]},"id":"2050,8161","properties":{"alea":0.024910856532179615,"classe_sol":40.0,"dans_region":true,"lat":36.65800095591276,"lat_max":36.66024674491767,"lat_min":36.65575516849707,"lon":9.20997745030104,"lon_max":9.212223238645693,"lon_min":9.207731662225095,"parcel_id":"P0131"}},{"type":"Feature","geometry":{"geodesic":false,"crs":{"type":"name","properties":{"name":"EPSG:4326"}},"type":"Polygon","coordinates":[[[9.769178714799796,36.6153309807117],[9.773670291220395,36.6153309807117],[9.773670291220395,36.619822557132295],[9.769178714799796,36.619822557132295],[9.769178714799796,36.6153309807117]]]},"id":"2175,8152","properties":{"alea":0.025129099768000818,"classe_sol":40.0,"dans_region":true,"lat":36.61757676820617,"lat_max":36.619822557132295,"lat_min":36.6153309807117,"lon":9.77142450303748,"lon_max":9.773670291220395,"lon_min":9.769178714799796,"parcel_id":"P0132"}},{"type":"Feature","geometry":{"geodesic":false,"crs":{"type":"name","properties":{"name":"EPSG:4326"}},"type":"Polygon","coordinates":[[[9.216714815066291,36.88033398952696],[9.221206391486888,36.88033398952696],[9.221206391486888,36.88482556594755],[9.216714815066291,36.88482556594755],[9.216714815066291,36.88033398952696]]]},"id":"2052,8211","properties":{"alea":0.025401643861568846,"classe_sol":40.0,"dans_region":true,"lat":36.88257977684213,"lat_max":36.88482556594755,"lat_min":36.88033398952696,"lon":9.218960603348307,"lon_max":9.221206391486888,"lon_min":9.216714815066291,"parcel_id":"P0133"}},{"type":"Feature","geometry":{"geodesic":false,"crs":{"type":"name","properties":{"name":"EPSG:4326"}},"type":"Polygon","coordinates":[[[9.571549352293502,36.63329728639409],[9.5760409287141,36.63329728639409],[9.5760409287141,36.63778886281469],[9.571549352293502,36.63778886281469],[9.571549352293502,36.63329728639409]]]},"id":"2131,8156","properties":{"alea":0.025453892063133643,"classe_sol":40.0,"dans_region":true,"lat":36.6355430739358,"lat_max":36.63778886281469,"lat_min":36.63329728639409,"lon":9.573795140501186,"lon_max":9.5760409287141,"lon_min":9.571549352293502,"parcel_id":"P0134"}},{"type":"Feature","geometry":{"geodesic":false,"crs":{"type":"name","properties":{"name":"EPSG:4326"}},"type":"Polygon","coordinates":[[[9.225697967907486,36.88482556594755],[9.230189544328084,36.88482556594755],[9.230189544328084,36.88931714236815],[9.225697967907486,36.88931714236815],[9.225697967907486,36.88482556594755]]]},"id":"2054,8212","properties":{"alea":0.02548287686397932,"classe_sol":40.0,"dans_region":true,"lat":36.88707135333281,"lat_max":36.88931714236815,"lat_min":36.88482556594755,"lon":9.227943756075298,"lon_max":9.230189544328084,"lon_min":9.225697967907486,"parcel_id":"P0135"}},{"type":"Feature","geometry":{"geodesic":false,"crs":{"type":"name","properties":{"name":"EPSG:4326"}},"type":"Polygon","coordinates":[[[9.06849279318657,36.74558669690903],[9.072984369607168,36.74558669690903],[9.072984369607168,36.75007827332963],[9.06849279318657,36.75007827332963],[9.06849279318657,36.74558669690903]]]},"id":"2019,8181","properties":{"alea":0.025613040567011525,"classe_sol":40.0,"dans_region":true,"lat":36.747832484356046,"lat_max":36.75007827332963,"lat_min":36.74558669690903,"lon":9.070738581395066,"lon_max":9.072984369607168,"lon_min":9.06849279318657,"parcel_id":"P0136"}},{"type":"Feature","geometry":{"geodesic":false,"crs":{"type":"name","properties":{"name":"EPSG:4326"}},"type":"Polygon","coordinates":[[[9.63443142218187,36.507533146617355],[9.638922998602466,36.507533146617355],[9.638922998602466,36.51202472303795],[9.63443142218187,36.51202472303795],[9.63443142218187,36.507533146617355]]]},"id":"2145,8128","properties":{"alea":0.025920907686196926,"classe_sol":40.0,"dans_region":true,"lat":36.50977893419184,"lat_max":36.51202472303795,"lat_min":36.507533146617355,"lon":9.63667721040388,"lon_max":9.638922998602466,"lon_min":9.63443142218187,"parcel_id":"P0137"}},{"type":"Feature","geometry":{"geodesic":false,"crs":{"type":"name","properties":{"name":"EPSG:4326"}},"type":"Polygon","coordinates":[[[9.243664273589877,36.812960343217995],[9.248155850010475,36.812960343217995],[9.248155850010475,36.81745191963859],[9.243664273589877,36.81745191963859],[9.243664273589877,36.812960343217995]]]},"id":"2058,8196","properties":{"alea":0.02611509094252773,"classe_sol":40.0,"dans_region":true,"lat":36.815206130692275,"lat_max":36.81745191963859,"lat_min":36.812960343217995,"lon":9.245910061791466,"lon_max":9.248155850010475,"lon_min":9.243664273589877,"parcel_id":"P0138"}},{"type":"Feature","geometry":{"geodesic":false,"crs":{"type":"name","properties":{"name":"EPSG:4326"}},"type":"Polygon","coordinates":[[[9.126883286654339,36.565923640085124],[9.131374863074937,36.565923640085124],[9.131374863074937,36.57041521650572],[9.126883286654339,36.57041521650572],[9.126883286654339,36.565923640085124]]]},"id":"2032,8141","properties":{"alea":0.02630455718049629,"classe_sol":40.0,"dans_region":true,"lat":36.56816942756014,"lat_max":36.57041521650572,"lat_min":36.565923640085124,"lon":9.129129074818037,"lon_max":9.131374863074937,"lon_min":9.126883286654339,"parcel_id":"P0139"}},{"type":"Feature","geometry":{"geodesic":false,"crs":{"type":"name","properties":{"name":"EPSG:4326"}},"type":"Polygon","coordinates":[[[9.710788221332027,36.72312881480604],[9.715279797752626,36.72312881480604],[9.715279797752626,36.72762039122664],[9.710788221332027,36.72762039122664],[9.710788221332027,36.72312881480604]]]},"id":"2162,8176","properties":{"alea":0.026960380360696257,"classe_sol":40.0,"dans_region":true,"lat":36.725374602196034,"lat_max":36.72762039122664,"lat_min":36.72312881480604,"lon":9.713034009439378,"lon_max":9.715279797752626,"lon_min":9.710788221332027,"parcel_id":"P0140"}},{"type":"Feature","geometry":{"geodesic":false,"crs":{"type":"name","properties":{"name":"EPSG:4326"}},"type":"Polygon","coordinates":[[[9.486209400302148,36.678213050600064],[9.490700976722746,36.678213050600064],[9.490700976722746,36.68270462702066],[9.486209400302148,36.68270462702066],[9.486209400302148,36.678213050600064]]]},"id":"2112,8166","properties":{"alea":0.02702112311063498,"classe_sol":40.0,"dans_region":true,"lat":36.68045883803472,"lat_max":36.68270462702066,"lat_min":36.678213050600064,"lon":9.488455188547475,"lon_max":9.490700976722746,"lon_min":9.486209400302148,"parcel_id":"P0141"}},{"type":"Feature","geometry":{"geodesic":false,"crs":{"type":"name","properties":{"name":"EPSG:4326"}},"type":"Polygon","coordinates":[[[9.288580037795853,36.866859260265166],[9.29307161421645,36.866859260265166],[9.29307161421645,36.871350836685764],[9.288580037795853,36.871350836685764],[9.288580037795853,36.866859260265166]]]},"id":"2068,8208","properties":{"alea":0.027117267488397823,"classe_sol":40.0,"dans_region":true,"lat":36.86910504767666,"lat_max":36.871350836685764,"lat_min":36.866859260265166,"lon":9.29082582598164,"lon_max":9.29307161421645,"lon_min":9.288580037795853,"parcel_id":"P0142"}},{"type":"Feature","geometry":{"geodesic":false,"crs":{"type":"name","properties":{"name":"EPSG:4326"}},"type":"Polygon","coordinates":[[[9.719771374173224,36.6153309807117],[9.72426295059382,36.6153309807117],[9.72426295059382,36.619822557132295],[9.719771374173224,36.619822557132295],[9.719771374173224,36.6153309807117]]]},"id":"2164,8152","properties":{"alea":0.027210547856062695,"classe_sol":40.0,"dans_region":true,"lat":36.61757676816299,"lat_max":36.619822557132295,"lat_min":36.6153309807117,"lon":9.72201716245181,"lon_max":9.72426295059382,"lon_min":9.719771374173224,"parcel_id":"P0143"}},{"type":"Feature","geometry":{"geodesic":false,"crs":{"type":"name","properties":{"name":"EPSG:4326"}},"type":"Polygon","coordinates":[[[9.733246103435016,36.57939836934692],[9.737737679855613,36.57939836934692],[9.737737679855613,36.58388994576752],[9.733246103435016,36.58388994576752],[9.733246103435016,36.57939836934692]]]},"id":"2167,8144","properties":{"alea":0.027332876854635146,"classe_sol":40.0,"dans_region":true,"lat":36.58164415696492,"lat_max":36.58388994576752,"lat_min":36.57939836934692,"lon":9.735491891615379,"lon_max":9.737737679855613,"lon_min":9.733246103435016,"parcel_id":"P0144"}},{"type":"Feature","geometry":{"geodesic":false,"crs":{"type":"name","properties":{"name":"EPSG:4326"}},"type":"Polygon","coordinates":[[[9.418835753993184,36.55694048724393],[9.42332733041378,36.55694048724393],[9.42332733041378,36.561432063664526],[9.418835753993184,36.561432063664526],[9.418835753993184,36.55694048724393]]]},"id":"2097,8139","properties":{"alea":0.02789651084528466,"classe_sol":40.0,"dans_region":true,"lat":36.55918627480416,"lat_max":36.561432063664526,"lat_min":36.55694048724393,"lon":9.421081542152551,"lon_max":9.42332733041378,"lon_min":9.418835753993184,"parcel_id":"P0145"}},{"type":"Feature","geometry":{"geodesic":false,"crs":{"type":"name","properties":{"name":"EPSG:4326"}},"type":"Polygon","coordinates":[[[9.53561674092872,36.65126359207648],[9.540108317349318,36.65126359207648],[9.540108317349318,36.65575516849707],[9.53561674092872,36.65575516849707],[9.53561674092872,36.65126359207648]]]},"id":"2123,8160","properties":{"alea":0.027963863003257372,"classe_sol":40.0,"dans_region":true,"lat":36.65350937947182,"lat_max":36.65575516849707,"lat_min":36.65126359207648,"lon":9.537862529216875,"lon_max":9.540108317349318,"lon_min":9.53561674092872,"parcel_id":"P0146"}},{"type":"Feature","geometry":{"geodesic":false,"crs":{"type":"name","properties":{"name":"EPSG:4326"}},"type":"Polygon","coordinates":[[[9.661380880705455,36.74558669690903],[9.665872457126051,36.74558669690903],[9.665872457126051,36.75007827332963],[9.661380880705455,36.75007827332963],[9.661380880705455,36.74558669690903]]]},"id":"2151,8181","properties":{"alea":0.02804518390050237,"classe_sol":40.0,"dans_region":true,"lat":36.74783248433901,"lat_max":36.75007827332963,"lat_min":36.74558669690903,"lon":9.663626668871323,"lon_max":9.665872457126051,"lon_min":9.661380880705455,"parcel_id":"P0147"}},{"type":"Feature","geometry":{"geodesic":false,"crs":{"type":"name","properties":{"name":"EPSG:4326"}},"type":"Polygon","coordinates":[[[9.288580037795853,36.75007827332963],[9.29307161421645,36.75007827332963],[9.29307161421645,36.754569849750226],[9.288580037795853,36.754569849750226],[9.288580037795853,36.75007827332963]]]},"id":"2068,8182","properties":{"alea":0.028131130937678717,"classe_sol":40.0,"dans_region":true,"lat":36.75232406066298,"lat_max":36.754569849750226,"lat_min":36.75007827332963,"lon":9.290825825984943,"lon_max":9.29307161421645,"lon_min":9.288580037795853,"parcel_id":"P0148"}},{"type":"Feature","geometry":{"geodesic":false,"crs":{"type":"name","properties":{"name":"EPSG:4326"}},"type":"Polygon","coordinates":[[[9.099933828130753,36.426684771046595],[9.104425404551352,36.426684771046595],[9.104425404551352,36.43117634746719],[9.099933828130753,36.43117634746719],[9.099933828130753,36.426684771046595]]]},"id":"2026,8110","properties":{"alea":0.028167611882781052,"classe_sol":40.0,"dans_region":true,"lat":36.42893055858814,"lat_max":36.43117634746719,"lat_min":36.426684771046595,"lon":9.10217961634606,"lon_max":9.104425404551352,"lon_min":9.099933828130753,"parcel_id":"P0149"}},{"type":"Feature","geometry":{"geodesic":false,"crs":{"type":"name","properties":{"name":"EPSG:4326"}},"type":"Polygon","coordinates":[[[9.266122155692864,36.51651629945855],[9.270613732113462,36.51651629945855],[9.270613732113462,36.52100787587915],[9.266122155692864,36.52100787587915],[9.266122155692864,36.51651629945855]]]},"id":"2063,8130","properties":{"alea":0.02831874217841779,"classe_sol":40.0,"dans_region":true,"lat":36.518762087091496,"lat_max":36.52100787587915,"lat_min":36.51651629945855,"lon":9.268367943931967,"lon_max":9.270613732113462,"lon_min":9.266122155692864,"parcel_id":"P0150"}},{"type":"Feature","geometry":{"geodesic":false,"crs":{"type":"name","properties":{"name":"EPSG:4326"}},"type":"Polygon","coordinates":[[[9.1987485093839,36.50304157019676],[9.203240085804499,36.50304157019676],[9.203240085804499,36.507533146617355],[9.1987485093839,36.507533146617355],[9.1987485093839,36.50304157019676]]]},"id":"2048,8127","properties":{"alea":0.02883633297278365,"classe_sol":40.0,"dans_region":true,"lat":36.50528735769084,"lat_max":36.507533146617355,"lat_min":36.50304157019676,"lon":9.200994297670203,"lon_max":9.203240085804499,"lon_min":9.1987485093839,"parcel_id":"P0151"}},{"type":"Feature","geometry":{"geodesic":false,"crs":{"type":"name","properties":{"name":"EPSG:4326"}},"type":"Polygon","coordinates":[[[9.23468112074868,36.63778886281469],[9.239172697169279,36.63778886281469],[9.239172697169279,36.642280439235286],[9.23468112074868,36.642280439235286],[9.23468112074868,36.63778886281469]]]},"id":"2056,8157","properties":{"alea":0.02903769287207958,"classe_sol":40.0,"dans_region":true,"lat":36.640034650295696,"lat_max":36.642280439235286,"lat_min":36.63778886281469,"lon":9.2369269089899,"lon_max":9.239172697169279,"lon_min":9.23468112074868,"parcel_id":"P0152"}},{"type":"Feature","geometry":{"geodesic":false,"crs":{"type":"name","properties":{"name":"EPSG:4326"}},"type":"Polygon","coordinates":[[[9.683838762808442,36.63778886281469],[9.68833033922904,36.63778886281469],[9.68833033922904,36.642280439235286],[9.683838762808442,36.642280439235286],[9.683838762808442,36.63778886281469]]]},"id":"2156,8157","properties":{"alea":0.02926953178154701,"classe_sol":40.0,"dans_region":true,"lat":36.640034650294986,"lat_max":36.642280439235286,"lat_min":36.63778886281469,"lon":9.686084551037183,"lon_max":9.68833033922904,"lon_min":9.683838762808442,"parcel_id":"P0153"}},{"type":"Feature","geometry":{"geodesic":false,"crs":{"type":"name","properties":{"name":"EPSG:4326"}},"type":"Polygon","coordinates":[[[9.302054767057646,36.709654085544244],[9.306546343478242,36.709654085544244],[9.306546343478242,36.71414566196484],[9.302054767057646,36.71414566196484],[9.302054767057646,36.709654085544244]]]},"id":"2071,8173","properties":{"alea":0.0293788630369598,"classe_sol":40.0,"dans_region":true,"lat":36.711899873022865,"lat_max":36.71414566196484,"lat_min":36.709654085544244,"lon":9.304300555291166,"lon_max":9.306546343478242,"lon_min":9.302054767057646,"parcel_id":"P0154"}},{"type":"Feature","geometry":{"geodesic":false,"crs":{"type":"name","properties":{"name":"EPSG:4326"}},"type":"Polygon","coordinates":[[[9.692821915649638,36.49405841735556],[9.697313492070235,36.49405841735556],[9.697313492070235,36.49854999377616],[9.692821915649638,36.49854999377616],[9.692821915649638,36.49405841735556]]]},"id":"2158,8125","properties":{"alea":0.02967070728417398,"classe_sol":40.0,"dans_region":true,"lat":36.49630420488633,"lat_max":36.49854999377616,"lat_min":36.49405841735556,"lon":9.695067703923847,"lon_max":9.697313492070235,"lon_min":9.692821915649638,"parcel_id":"P0155"}},{"type":"Feature","geometry":{"geodesic":false,"crs":{"type":"name","properties":{"name":"EPSG:4326"}},"type":"Polygon","coordinates":[[[9.113408557392546,36.96118236509771],[9.117900133813144,36.96118236509771],[9.117900133813144,36.96567394151831],[9.113408557392546,36.96567394151831],[9.113408557392546,36.96118236509771]]]},"id":"2029,8229","properties":{"alea":0.030053107974557625,"classe_sol":40.0,"dans_region":true,"lat":36.96342815238768,"lat_max":36.96567394151831,"lat_min":36.96118236509771,"lon":9.115654345641564,"lon_max":9.117900133813144,"lon_min":9.113408557392546,"parcel_id":"P0156"}},{"type":"Feature","geometry":{"geodesic":false,"crs":{"type":"name","properties":{"name":"EPSG:4326"}},"type":"Polygon","coordinates":[[[9.29307161421645,36.453634229570184],[9.297563190637048,36.453634229570184],[9.297563190637048,36.45812580599078],[9.29307161421645,36.45812580599078],[9.29307161421645,36.453634229570184]]]},"id":"2069,8116","properties":{"alea":0.030204481519106596,"classe_sol":40.0,"dans_region":true,"lat":36.45588001714787,"lat_max":36.45812580599078,"lat_min":36.453634229570184,"lon":9.295317402465743,"lon_max":9.297563190637048,"lon_min":9.29307161421645,"parcel_id":"P0157"}},{"type":"Feature","geometry":{"geodesic":false,"crs":{"type":"name","properties":{"name":"EPSG:4326"}},"type":"Polygon","coordinates":[[[9.580532505134697,36.8084687667974],[9.585024081555295,36.8084687667974],[9.585024081555295,36.812960343217995],[9.580532505134697,36.812960343217995],[9.580532505134697,36.8084687667974]]]},"id":"2133,8195","properties":{"alea":0.030623414082615263,"classe_sol":40.0,"dans_region":true,"lat":36.81071455415122,"lat_max":36.812960343217995,"lat_min":36.8084687667974,"lon":9.582778293305568,"lon_max":9.585024081555295,"lon_min":9.580532505134697,"parcel_id":"P0158"}},{"type":"Feature","geometry":{"geodesic":false,"crs":{"type":"name","properties":{"name":"EPSG:4326"}},"type":"Polygon","coordinates":[[[9.360445260525415,36.83541822532098],[9.364936836946011,36.83541822532098],[9.364936836946011,36.83990980174158],[9.360445260525415,36.83990980174158],[9.360445260525415,36.83541822532098]]]},"id":"2084,8201","properties":{"alea":0.03076990208168695,"classe_sol":40.0,"dans_region":true,"lat":36.837664012711755,"lat_max":36.83990980174158,"lat_min":36.83541822532098,"lon":9.362691048765349,"lon_max":9.364936836946011,"lon_min":9.360445260525415,"parcel_id":"P0159"}},{"type":"Feature","geometry":{"geodesic":false,"crs":{"type":"name","properties":{"name":"EPSG:4326"}},"type":"Polygon","coordinates":[[[9.297563190637048,36.597364675029304],[9.302054767057646,36.597364675029304],[9.302054767057646,36.6018562514499],[9.297563190637048,36.6018562514499],[9.297563190637048,36.597364675029304]]]},"id":"2070,8148","properties":{"alea":0.030981835013883408,"classe_sol":40.0,"dans_region":true,"lat":36.599610462556164,"lat_max":36.6018562514499,"lat_min":36.597364675029304,"lon":9.29980897884007,"lon_max":9.302054767057646,"lon_min":9.297563190637048,"parcel_id":"P0160"}},{"type":"Feature","geometry":{"geodesic":false,"crs":{"type":"name","properties":{"name":"EPSG:4326"}},"type":"Polygon","coordinates":[[[9.598498810817087,36.49405841735556],[9.602990387237686,36.49405841735556],[9.602990387237686,36.49854999377616],[9.598498810817087,36.49854999377616],[9.598498810817087,36.49405841735556]]]},"id":"2137,8125","properties":{"alea":0.03101480984396121,"classe_sol":40.0,"dans_region":true,"lat":36.4963042048533,"lat_max":36.49854999377616,"lat_min":36.49405841735556,"lon":9.600744598978416,"lon_max":9.602990387237686,"lon_min":9.598498810817087,"parcel_id":"P0161"}},{"type":"Feature","geometry":{"geodesic":false,"crs":{"type":"name","properties":{"name":"EPSG:4326"}},"type":"Polygon","coordinates":[[[9.221206391486888,36.70516250912365],[9.225697967907486,36.70516250912365],[9.225697967907486,36.709654085544244],[9.221206391486888,36.709654085544244],[9.221206391486888,36.70516250912365]]]},"id":"2053,8172","properties":{"alea":0.03165615656671039,"classe_sol":40.0,"dans_region":true,"lat":36.70740829656967,"lat_max":36.709654085544244,"lat_min":36.70516250912365,"lon":9.223452179611378,"lon_max":9.225697967907486,"lon_min":9.221206391486888,"parcel_id":"P0162"}},{"type":"Feature","geometry":{"geodesic":false,"crs":{"type":"name","properties":{"name":"EPSG:4326"}},"type":"Polygon","coordinates":[[[9.706296644911431,36.62880570997349],[9.710788221332027,36.62880570997349],[9.710788221332027,36.63329728639409],[9.706296644911431,36.63329728639409],[9.706296644911431,36.62880570997349]]]},"id":"2161,8155","properties":{"alea":0.0324747955422372,"classe_sol":40.0,"dans_region":true,"lat":36.63105149729706,"lat_max":36.63329728639409,"lat_min":36.62880570997349,"lon":9.708542433147683,"lon_max":9.710788221332027,"lon_min":9.706296644911431,"parcel_id":"P0163"}},{"type":"Feature","geometry":{"geodesic":false,"crs":{"type":"name","properties":{"name":"EPSG:4326"}},"type":"Polygon","coordinates":[[[9.351462107684219,36.6063478278705],[9.355953684104817,36.6063478278705],[9.355953684104817,36.6108394042911],[9.351462107684219,36.6108394042911],[9.351462107684219,36.6063478278705]]]},"id":"2082,8150","properties":{"alea":0.032640741687202546,"classe_sol":40.0,"dans_region":true,"lat":36.608593615291,"lat_max":36.6108394042911,"lat_min":36.6063478278705,"lon":9.353707895891635,"lon_max":9.355953684104817,"lon_min":9.351462107684219,"parcel_id":"P0164"}},{"type":"Feature","geometry":{"geodesic":false,"crs":{"type":"name","properties":{"name":"EPSG:4326"}},"type":"Polygon","coordinates":[[[9.252647426431071,36.71863723838544],[9.25713900285167,36.71863723838544],[9.25713900285167,36.72312881480604],[9.252647426431071,36.72312881480604],[9.252647426431071,36.71863723838544]]]},"id":"2060,8175","properties":{"alea":0.033105627787264225,"classe_sol":40.0,"dans_region":true,"lat":36.7208830258086,"lat_max":36.72312881480604,"lat_min":36.71863723838544,"lon":9.254893214650153,"lon_max":9.25713900285167,"lon_min":9.252647426431071,"parcel_id":"P0165"}},{"type":"Feature","geometry":{"geodesic":false,"crs":{"type":"name","properties":{"name":"EPSG:4326"}},"type":"Polygon","coordinates":[[[9.706296644911431,36.54346575798213],[9.710788221332027,36.54346575798213],[9.710788221332027,36.54795733440273],[9.706296644911431,36.54795733440273],[9.706296644911431,36.54346575798213]]]},"id":"2161,8136","properties":{"alea":0.03345053643409479,"classe_sol":40.0,"dans_region":true,"lat":36.54571154549182,"lat_max":36.54795733440273,"lat_min":36.54346575798213,"lon":9.70854243311606,"lon_max":9.710788221332027,"lon_min":9.706296644911431,"parcel_id":"P0166"}},{"type":"Feature","geometry":{"geodesic":false,"crs":{"type":"name","properties":{"name":"EPSG:4326"}},"type":"Polygon","coordinates":[[[9.135866439495533,37.00160655288309],[9.140358015916132,37.00160655288309],[9.140358015916132,37.00609812930369],[9.135866439495533,37.00609812930369],[9.135866439495533,37.00160655288309]]]},"id":"2034,8238","properties":{"alea":0.033974007034802356,"classe_sol":40.0,"dans_region":true,"lat":37.003852340124055,"lat_max":37.00609812930369,"lat_min":37.00160655288309,"lon":9.13811222769933,"lon_max":9.140358015916132,"lon_min":9.135866439495533,"parcel_id":"P0167"}},{"type":"Feature","geometry":{"geodesic":false,"crs":{"type":"name","properties":{"name":"EPSG:4326"}},"type":"Polygon","coordinates":[[[9.185273780122108,36.65575516849707],[9.189765356542706,36.65575516849707],[9.189765356542706,36.66024674491767],[9.185273780122108,36.66024674491767],[9.185273780122108,36.65575516849707]]]},"id":"2045,8161","properties":{"alea":0.03415268954436357,"classe_sol":40.0,"dans_region":true,"lat":36.658000955874094,"lat_max":36.66024674491767,"lat_min":36.65575516849707,"lon":9.187519568342935,"lon_max":9.189765356542706,"lon_min":9.185273780122108,"parcel_id":"P0168"}},{"type":"Feature","geometry":{"geodesic":false,"crs":{"type":"name","properties":{"name":"EPSG:4326"}},"type":"Polygon","coordinates":[[[9.261630579272268,36.66922989775887],[9.266122155692864,36.66922989775887],[9.266122155692864,36.673721474179466],[9.261630579272268,36.673721474179466],[9.261630579272268,36.66922989775887]]]},"id":"2062,8164","properties":{"alea":0.03415682859599034,"classe_sol":40.0,"dans_region":true,"lat":36.67147568517345,"lat_max":36.673721474179466,"lat_min":36.66922989775887,"lon":9.263876367502325,"lon_max":9.266122155692864,"lon_min":9.261630579272268,"parcel_id":"P0169"}},{"type":"Feature","geometry":{"geodesic":false,"crs":{"type":"name","properties":{"name":"EPSG:4326"}},"type":"Polygon","coordinates":[[[9.55807462303171,36.7994856139562],[9.562566199452307,36.7994856139562],[9.562566199452307,36.8039771903768],[9.55807462303171,36.8039771903768],[9.55807462303171,36.7994856139562]]]},"id":"2128,8193","properties":{"alea":0.03423578277279127,"classe_sol":40.0,"dans_region":true,"lat":36.801731401245625,"lat_max":36.8039771903768,"lat_min":36.7994856139562,"lon":9.560320411296424,"lon_max":9.562566199452307,"lon_min":9.55807462303171,"parcel_id":"P0170"}},{"type":"Feature","geometry":{"geodesic":false,"crs":{"type":"name","properties":{"name":"EPSG:4326"}},"type":"Polygon","coordinates":[[[9.7646871383792,36.6063478278705],[9.769178714799796,36.6063478278705],[9.769178714799796,36.6108394042911],[9.7646871383792,36.6108394042911],[9.7646871383792,36.6063478278705]]]},"id":"2174,8150","properties":{"alea":0.03430225035469037,"classe_sol":40.0,"dans_region":true,"lat":36.60859361533182,"lat_max":36.6108394042911,"lat_min":36.6063478278705,"lon":9.766932926602284,"lon_max":9.769178714799796,"lon_min":9.7646871383792,"parcel_id":"P0171"}},{"type":"Feature","geometry":{"geodesic":false,"crs":{"type":"name","properties":{"name":"EPSG:4326"}},"type":"Polygon","coordinates":[[[9.329004225581231,36.43566792388779],[9.33349580200183,36.43566792388779],[9.33349580200183,36.44015950030839],[9.329004225581231,36.44015950030839],[9.329004225581231,36.43566792388779]]]},"id":"2077,8112","properties":{"alea":0.03433635376817423,"classe_sol":40.0,"dans_region":true,"lat":36.437913711563546,"lat_max":36.44015950030839,"lat_min":36.43566792388779,"lon":9.331250013847878,"lon_max":9.33349580200183,"lon_min":9.329004225581231,"parcel_id":"P0172"}},{"type":"Feature","geometry":{"geodesic":false,"crs":{"type":"name","properties":{"name":"EPSG:4326"}},"type":"Polygon","coordinates":[[[9.171799050860315,36.7949940375356],[9.176290627280913,36.7949940375356],[9.176290627280913,36.7994856139562],[9.171799050860315,36.7994856139562],[9.171799050860315,36.7949940375356]]]},"id":"2042,8192","properties":{"alea":0.03455897430361832,"classe_sol":40.0,"dans_region":true,"lat":36.79723982491664,"lat_max":36.7994856139562,"lat_min":36.7949940375356,"lon":9.174044839076805,"lon_max":9.176290627280913,"lon_min":9.171799050860315,"parcel_id":"P0173"}},{"type":"Feature","geometry":{"geodesic":false,"crs":{"type":"name","properties":{"name":"EPSG:4326"}},"type":"Polygon","coordinates":[[[9.728754527014418,36.449142653149586],[9.733246103435016,36.449142653149586],[9.733246103435016,36.453634229570184],[9.728754527014418,36.453634229570184],[9.728754527014418,36.449142653149586]]]},"id":"2166,8115","properties":{"alea":0.03480175098416649,"classe_sol":40.0,"dans_region":true,"lat":36.45138844069388,"lat_max":36.453634229570184,"lat_min":36.449142653149586,"lon":9.731000315267405,"lon_max":9.733246103435016,"lon_min":9.728754527014418,"parcel_id":"P0174"}},{"type":"Feature","geometry":{"geodesic":false,"crs":{"type":"name","properties":{"name":"EPSG:4326"}},"type":"Polygon","coordinates":[[[9.302054767057646,36.72312881480604],[9.306546343478242,36.72312881480604],[9.306546343478242,36.72762039122664],[9.302054767057646,36.72762039122664],[9.302054767057646,36.72312881480604]]]},"id":"2071,8176","properties":{"alea":0.03527945459989179,"classe_sol":40.0,"dans_region":true,"lat":36.72537460221492,"lat_max":36.72762039122664,"lat_min":36.72312881480604,"lon":9.304300555316873,"lon_max":9.306546343478242,"lon_min":9.302054767057646,"parcel_id":"P0175"}},{"type":"Feature","geometry":{"geodesic":false,"crs":{"type":"name","properties":{"name":"EPSG:4326"}},"type":"Polygon","coordinates":[[[9.580532505134697,36.6153309807117],[9.585024081555295,36.6153309807117],[9.585024081555295,36.619822557132295],[9.580532505134697,36.619822557132295],[9.580532505134697,36.6153309807117]]]},"id":"2133,8152","properties":{"alea":0.03539650823184404,"classe_sol":40.0,"dans_region":true,"lat":36.617576768195356,"lat_max":36.619822557132295,"lat_min":36.6153309807117,"lon":9.582778293359976,"lon_max":9.585024081555295,"lon_min":9.580532505134697,"parcel_id":"P0176"}},{"type":"Feature","geometry":{"geodesic":false,"crs":{"type":"name","properties":{"name":"EPSG:4326"}},"type":"Polygon","coordinates":[[[9.33349580200183,36.534482605140944],[9.337987378422426,36.534482605140944],[9.337987378422426,36.538974181561535],[9.33349580200183,36.538974181561535],[9.33349580200183,36.534482605140944]]]},"id":"2078,8134","properties":{"alea":0.035491622338294504,"classe_sol":40.0,"dans_region":true,"lat":36.53672839264641,"lat_max":36.538974181561535,"lat_min":36.534482605140944,"lon":9.335741590204714,"lon_max":9.337987378422426,"lon_min":9.33349580200183,"parcel_id":"P0177"}},{"type":"Feature","geometry":{"geodesic":false,"crs":{"type":"name","properties":{"name":"EPSG:4326"}},"type":"Polygon","coordinates":[[[9.243664273589877,36.84889295458277],[9.248155850010475,36.84889295458277],[9.248155850010475,36.85338453100337],[9.243664273589877,36.85338453100337],[9.243664273589877,36.84889295458277]]]},"id":"2058,8204","properties":{"alea":0.03576071745824749,"classe_sol":40.0,"dans_region":true,"lat":36.851138741944176,"lat_max":36.85338453100337,"lat_min":36.84889295458277,"lon":9.245910061751525,"lon_max":9.248155850010475,"lon_min":9.243664273589877,"parcel_id":"P0178"}},{"type":"Feature","geometry":{"geodesic":false,"crs":{"type":"name","properties":{"name":"EPSG:4326"}},"type":"Polygon","coordinates":[[[9.135866439495533,36.40871846536421],[9.140358015916132,36.40871846536421],[9.140358015916132,36.41321004178481],[9.135866439495533,36.41321004178481],[9.135866439495533,36.40871846536421]]]},"id":"2034,8106","properties":{"alea":0.03587142227527762,"classe_sol":40.0,"dans_region":true,"lat":36.41096425301089,"lat_max":36.41321004178481,"lat_min":36.40871846536421,"lon":9.138112227762448,"lon_max":9.140358015916132,"lon_min":9.135866439495533,"parcel_id":"P0179"}},{"type":"Feature","geometry":{"geodesic":false,"crs":{"type":"name","properties":{"name":"EPSG:4326"}},"type":"Polygon","coordinates":[[[9.16281589801912,36.561432063664526],[9.167307474439717,36.561432063664526],[9.167307474439717,36.565923640085124],[9.16281589801912,36.565923640085124],[9.16281589801912,36.561432063664526]]]},"id":"2040,8140","properties":{"alea":0.035893830592817366,"classe_sol":40.0,"dans_region":true,"lat":36.56367785112172,"lat_max":36.565923640085124,"lat_min":36.561432063664526,"lon":9.16506168623079,"lon_max":9.167307474439717,"lon_min":9.16281589801912,"parcel_id":"P0180"}},{"type":"Feature","geometry":{"geodesic":false,"crs":{"type":"name","properties":{"name":"EPSG:4326"}},"type":"Polygon","coordinates":[[[9.113408557392546,36.57939836934692],[9.117900133813144,36.57939836934692],[9.117900133813144,36.58388994576752],[9.113408557392546,36.58388994576752],[9.113408557392546,36.57939836934692]]]},"id":"2029,8144","properties":{"alea":0.03598868510869346,"classe_sol":40.0,"dans_region":true,"lat":36.581644156923645,"lat_max":36.58388994576752,"lat_min":36.57939836934692,"lon":9.115654345634411,"lon_max":9.117900133813144,"lon_min":9.113408557392546,"parcel_id":"P0181"}},{"type":"Feature","geometry":{"geodesic":false,"crs":{"type":"name","properties":{"name":"EPSG:4326"}},"type":"Polygon","coordinates":[[[9.355953684104817,36.72762039122664],[9.360445260525415,36.72762039122664],[9.360445260525415,36.732111967647235],[9.355953684104817,36.732111967647235],[9.355953684104817,36.72762039122664]]]},"id":"2083,8177","properties":{"alea":0.03609505805581281,"classe_sol":40.0,"dans_region":true,"lat":36.72986617864983,"lat_max":36.732111967647235,"lat_min":36.72762039122664,"lon":9.358199472359194,"lon_max":9.360445260525415,"lon_min":9.355953684104817,"parcel_id":"P0182"}},{"type":"Feature","geometry":{"geodesic":false,"crs":{"type":"name","properties":{"name":"EPSG:4326"}},"type":"Polygon","coordinates":[[[9.288580037795853,36.871350836685764],[9.29307161421645,36.871350836685764],[9.29307161421645,36.87584241310636],[9.288580037795853,36.87584241310636],[9.288580037795853,36.871350836685764]]]},"id":"2068,8209","properties":{"alea":0.03611776911810993,"classe_sol":40.0,"dans_region":true,"lat":36.873596624077116,"lat_max":36.87584241310636,"lat_min":36.871350836685764,"lon":9.290825825986383,"lon_max":9.29307161421645,"lon_min":9.288580037795853,"parcel_id":"P0183"}},{"type":"Feature","geometry":{"geodesic":false,"crs":{"type":"name","properties":{"name":"EPSG:4326"}},"type":"Polygon","coordinates":[[[8.99213599403641,36.786010884694406],[8.996627570457008,36.786010884694406],[8.996627570457008,36.790502461115004],[8.99213599403641,36.790502461115004],[8.99213599403641,36.786010884694406]]]},"id":"2002,8190","properties":{"alea":0.03650562764078158,"classe_sol":40.0,"dans_region":true,"lat":36.788256672088714,"lat_max":36.790502461115004,"lat_min":36.786010884694406,"lon":8.99438178221814,"lon_max":8.996627570457008,"lon_min":8.99213599403641,"parcel_id":"P0184"}},{"type":"Feature","geometry":{"geodesic":false,"crs":{"type":"name","properties":{"name":"EPSG:4326"}},"type":"Polygon","coordinates":[[[9.5760409287141,36.66922989775887],[9.580532505134697,36.66922989775887],[9.580532505134697,36.673721474179466],[9.5760409287141,36.673721474179466],[9.5760409287141,36.66922989775887]]]},"id":"2132,8164","properties":{"alea":0.036507929107822856,"classe_sol":40.0,"dans_region":true,"lat":36.67147568519898,"lat_max":36.673721474179466,"lat_min":36.66922989775887,"lon":9.578286717049858,"lon_max":9.580532505134697,"lon_min":9.5760409287141,"parcel_id":"P0185"}},{"type":"Feature","geometry":{"geodesic":false,"crs":{"type":"name","properties":{"name":"EPSG:4326"}},"type":"Polygon","coordinates":[[[9.44578521251677,36.597364675029304],[9.450276788937366,36.597364675029304],[9.450276788937366,36.6018562514499],[9.44578521251677,36.6018562514499],[9.44578521251677,36.597364675029304]]]},"id":"2103,8148","properties":{"alea":0.03681983460759797,"classe_sol":40.0,"dans_region":true,"lat":36.599610462561586,"lat_max":36.6018562514499,"lat_min":36.597364675029304,"lon":9.44803100074768,"lon_max":9.450276788937366,"lon_min":9.44578521251677,"parcel_id":"P0186"}},{"type":"Feature","geometry":{"geodesic":false,"crs":{"type":"name","properties":{"name":"EPSG:4326"}},"type":"Polygon","coordinates":[[[9.585024081555295,36.7994856139562],[9.589515657975893,36.7994856139562],[9.589515657975893,36.8039771903768],[9.585024081555295,36.8039771903768],[9.585024081555295,36.7994856139562]]]},"id":"2134,8193","properties":{"alea":0.03721213642270249,"classe_sol":40.0,"dans_region":true,"lat":36.80173140124796,"lat_max":36.8039771903768,"lat_min":36.7994856139562,"lon":9.587269869777016,"lon_max":9.589515657975893,"lon_min":9.585024081555295,"parcel_id":"P0187"}},{"type":"Feature","geometry":{"geodesic":false,"crs":{"type":"name","properties":{"name":"EPSG:4326"}},"type":"Polygon","coordinates":[[[9.80061974974398,36.54795733440273],[9.805111326164578,36.54795733440273],[9.805111326164578,36.55244891082333],[9.80061974974398,36.55244891082333],[9.80061974974398,36.54795733440273]]]},"id":"2182,8137","properties":{"alea":0.03797152007913296,"classe_sol":40.0,"dans_region":true,"lat":36.55020312187717,"lat_max":36.55244891082333,"lat_min":36.54795733440273,"lon":9.802865537982008,"lon_max":9.805111326164578,"lon_min":9.80061974974398,"parcel_id":"P0188"}},{"type":"Feature","geometry":{"geodesic":false,"crs":{"type":"name","properties":{"name":"EPSG:4326"}},"type":"Polygon","coordinates":[[[9.405361024731391,36.69168777986186],[9.409852601151988,36.69168777986186],[9.409852601151988,36.69617935628246],[9.405361024731391,36.69617935628246],[9.405361024731391,36.69168777986186]]]},"id":"2094,8169","properties":{"alea":0.03799826002932083,"classe_sol":40.0,"dans_region":true,"lat":36.693933567232776,"lat_max":36.69617935628246,"lat_min":36.69168777986186,"lon":9.407606812878234,"lon_max":9.409852601151988,"lon_min":9.405361024731391,"parcel_id":"P0189"}},{"type":"Feature","geometry":{"geodesic":false,"crs":{"type":"name","properties":{"name":"EPSG:4326"}},"type":"Polygon","coordinates":[[[9.239172697169279,36.50304157019676],[9.243664273589877,36.50304157019676],[9.243664273589877,36.507533146617355],[9.239172697169279,36.507533146617355],[9.239172697169279,36.50304157019676]]]},"id":"2057,8127","properties":{"alea":0.038431978934865274,"classe_sol":40.0,"dans_region":true,"lat":36.505287357715595,"lat_max":36.507533146617355,"lat_min":36.50304157019676,"lon":9.241418485390604,"lon_max":9.243664273589877,"lon_min":9.239172697169279,"parcel_id":"P0190"}},{"type":"Feature","geometry":{"geodesic":false,"crs":{"type":"name","properties":{"name":"EPSG:4326"}},"type":"Polygon","coordinates":[[[9.620956692920076,36.48956684093496],[9.625448269340673,36.48956684093496],[9.625448269340673,36.49405841735556],[9.620956692920076,36.49405841735556],[9.620956692920076,36.48956684093496]]]},"id":"2142,8124","properties":{"alea":0.03862931057901775,"classe_sol":40.0,"dans_region":true,"lat":36.49181262843044,"lat_max":36.49405841735556,"lat_min":36.48956684093496,"lon":9.62320248116772,"lon_max":9.625448269340673,"lon_min":9.620956692920076,"parcel_id":"P0191"}},{"type":"Feature","geometry":{"geodesic":false,"crs":{"type":"name","properties":{"name":"EPSG:4326"}},"type":"Polygon","coordinates":[[[9.477226247460953,36.6018562514499],[9.48171782388155,36.6018562514499],[9.48171782388155,36.6063478278705],[9.477226247460953,36.6063478278705],[9.477226247460953,36.6018562514499]]]},"id":"2110,8149","properties":{"alea":0.0389363250987097,"classe_sol":40.0,"dans_region":true,"lat":36.604102038888016,"lat_max":36.6063478278705,"lat_min":36.6018562514499,"lon":9.479472035615716,"lon_max":9.48171782388155,"lon_min":9.477226247460953,"parcel_id":"P0192"}},{"type":"Feature","geometry":{"geodesic":false,"crs":{"type":"name","properties":{"name":"EPSG:4326"}},"type":"Polygon","coordinates":[[[9.791636596902785,36.588381522188115],[9.796128173323382,36.588381522188115],[9.796128173323382,36.59287309860871],[9.791636596902785,36.59287309860871],[9.791636596902785,36.588381522188115]]]},"id":"2180,8146","properties":{"alea":0.039170602932834364,"classe_sol":40.0,"dans_region":true,"lat":36.59062730971227,"lat_max":36.59287309860871,"lat_min":36.588381522188115,"lon":9.793882385184746,"lon_max":9.796128173323382,"lon_min":9.791636596902785,"parcel_id":"P0193"}},{"type":"Feature","geometry":{"geodesic":false,"crs":{"type":"name","properties":{"name":"EPSG:4326"}},"type":"Polygon","coordinates":[[[9.580532505134697,36.507533146617355],[9.585024081555295,36.507533146617355],[9.585024081555295,36.51202472303795],[9.580532505134697,36.51202472303795],[9.580532505134697,36.507533146617355]]]},"id":"2133,8128","properties":{"alea":0.03925583039039704,"classe_sol":40.0,"dans_region":true,"lat":36.50977893422743,"lat_max":36.51202472303795,"lat_min":36.507533146617355,"lon":9.582778293323422,"lon_max":9.585024081555295,"lon_min":9.580532505134697,"parcel_id":"P0194"}},{"type":"Feature","geometry":{"geodesic":false,"crs":{"type":"name","properties":{"name":"EPSG:4326"}},"type":"Polygon","coordinates":[[[9.607481963658282,36.70516250912365],[9.61197354007888,36.70516250912365],[9.61197354007888,36.709654085544244],[9.607481963658282,36.709654085544244],[9.607481963658282,36.70516250912365]]]},"id":"2139,8172","properties":{"alea":0.03957443953989104,"classe_sol":40.0,"dans_region":true,"lat":36.707408296554156,"lat_max":36.709654085544244,"lat_min":36.70516250912365,"lon":9.609727751852596,"lon_max":9.61197354007888,"lon_min":9.607481963658282,"parcel_id":"P0195"}},{"type":"Feature","geometry":{"geodesic":false,"crs":{"type":"name","properties":{"name":"EPSG:4326"}},"type":"Polygon","coordinates":[[[9.239172697169279,36.66473832133827],[9.243664273589877,36.66473832133827],[9.243664273589877,36.66922989775887],[9.239172697169279,36.66922989775887],[9.239172697169279,36.66473832133827]]]},"id":"2057,8163","properties":{"alea":0.039806526686677834,"classe_sol":40.0,"dans_region":true,"lat":36.666984108846044,"lat_max":36.66922989775887,"lat_min":36.66473832133827,"lon":9.241418485342063,"lon_max":9.243664273589877,"lon_min":9.239172697169279,"parcel_id":"P0196"}},{"type":"Feature","geometry":{"geodesic":false,"crs":{"type":"name","properties":{"name":"EPSG:4326"}},"type":"Polygon","coordinates":[[[9.674855609967247,36.52549945229975],[9.679347186387844,36.52549945229975],[9.679347186387844,36.529991028720346],[9.674855609967247,36.529991028720346],[9.674855609967247,36.52549945229975]]]},"id":"2154,8132","properties":{"alea":0.04008953781964719,"classe_sol":40.0,"dans_region":true,"lat":36.52774523987042,"lat_max":36.529991028720346,"lat_min":36.52549945229975,"lon":9.677101398227233,"lon_max":9.679347186387844,"lon_min":9.674855609967247,"parcel_id":"P0197"}},{"type":"Feature","geometry":{"geodesic":false,"crs":{"type":"name","properties":{"name":"EPSG:4326"}},"type":"Polygon","coordinates":[[[9.203240085804499,36.94770763583592],[9.207731662225095,36.94770763583592],[9.207731662225095,36.95219921225652],[9.203240085804499,36.95219921225652],[9.203240085804499,36.94770763583592]]]},"id":"2049,8226","properties":{"alea":0.04060278133995654,"classe_sol":40.0,"dans_region":true,"lat":36.94995342312707,"lat_max":36.95219921225652,"lat_min":36.94770763583592,"lon":9.205485873983378,"lon_max":9.207731662225095,"lon_min":9.203240085804499,"parcel_id":"P0198"}},{"type":"Feature","geometry":{"geodesic":false,"crs":{"type":"name","properties":{"name":"EPSG:4326"}},"type":"Polygon","coordinates":[[[9.760195561958602,36.57939836934692],[9.7646871383792,36.57939836934692],[9.7646871383792,36.58388994576752],[9.760195561958602,36.58388994576752],[9.760195561958602,36.57939836934692]]]},"id":"2173,8144","properties":{"alea":0.04060993494734211,"classe_sol":40.0,"dans_region":true,"lat":36.581644156951796,"lat_max":36.58388994576752,"lat_min":36.57939836934692,"lon":9.762441350197388,"lon_max":9.7646871383792,"lon_min":9.760195561958602,"parcel_id":"P0199"}},{"type":"Feature","geometry":{"geodesic":false,"crs":{"type":"name","properties":{"name":"EPSG:4326"}},"type":"Polygon","coordinates":[[[9.225697967907486,36.71414566196484],[9.230189544328084,36.71414566196484],[9.230189544328084,36.71863723838544],[9.225697967907486,36.71863723838544],[9.225697967907486,36.71414566196484]]]},"id":"2054,8174","properties":{"alea":0.040816679591356264,"classe_sol":40.0,"dans_region":true,"lat":36.716391449312184,"lat_max":36.71863723838544,"lat_min":36.71414566196484,"lon":9.227943756083711,"lon_max":9.230189544328084,"lon_min":9.225697967907486,"parcel_id":"P0200"}},{"type":"Feature","geometry":{"geodesic":false,"crs":{"type":"name","properties":{"name":"EPSG:4326"}},"type":"Polygon","coordinates":[[[9.674855609967247,36.49854999377616],[9.679347186387844,36.49854999377616],[9.679347186387844,36.50304157019676],[9.674855609967247,36.50304157019676],[9.674855609967247,36.49854999377616]]]},"id":"2154,8126","properties":{"alea":0.04086390113370786,"classe_sol":40.0,"dans_region":true,"lat":36.50079578133959,"lat_max":36.50304157019676,"lat_min":36.49854999377616,"lon":9.677101398199628,"lon_max":9.679347186387844,"lon_min":9.674855609967247,"parcel_id":"P0201"}},{"type":"Feature","geometry":{"geodesic":false,"crs":{"type":"name","properties":{"name":"EPSG:4326"}},"type":"Polygon","coordinates":[[[9.149341168757326,36.812960343217995],[9.153832745177924,36.812960343217995],[9.153832745177924,36.81745191963859],[9.149341168757326,36.81745191963859],[9.149341168757326,36.812960343217995]]]},"id":"2037,8196","properties":{"alea":0.04101409966841385,"classe_sol":40.0,"dans_region":true,"lat":36.81520613068104,"lat_max":36.81745191963859,"lat_min":36.812960343217995,"lon":9.151586956892961,"lon_max":9.153832745177924,"lon_min":9.149341168757326,"parcel_id":"P0202"}},{"type":"Feature","geometry":{"geodesic":false,"crs":{"type":"name","properties":{"name":"EPSG:4326"}},"type":"Polygon","coordinates":[[[9.778161867640993,36.65126359207648],[9.782653444061589,36.65126359207648],[9.782653444061589,36.65575516849707],[9.778161867640993,36.65575516849707],[9.778161867640993,36.65126359207648]]]},"id":"2177,8160","properties":{"alea":0.04114779365614696,"classe_sol":40.0,"dans_region":true,"lat":36.65350937945963,"lat_max":36.65575516849707,"lat_min":36.65126359207648,"lon":9.780407655958673,"lon_max":9.782653444061589,"lon_min":9.778161867640993,"parcel_id":"P0203"}},{"type":"Feature","geometry":{"geodesic":false,"crs":{"type":"name","properties":{"name":"EPSG:4326"}},"type":"Polygon","coordinates":[[[9.400869448310793,36.63778886281469],[9.405361024731391,36.63778886281469],[9.405361024731391,36.642280439235286],[9.400869448310793,36.642280439235286],[9.400869448310793,36.63778886281469]]]},"id":"2093,8157","properties":{"alea":0.04122094335367976,"classe_sol":40.0,"dans_region":true,"lat":36.640034650271275,"lat_max":36.642280439235286,"lat_min":36.63778886281469,"lon":9.403115236512484,"lon_max":9.405361024731391,"lon_min":9.400869448310793,"parcel_id":"P0204"}},{"type":"Feature","geometry":{"geodesic":false,"crs":{"type":"name","properties":{"name":"EPSG:4326"}},"type":"Polygon","coordinates":[[[9.113408557392546,36.55694048724393],[9.117900133813144,36.55694048724393],[9.117900133813144,36.561432063664526],[9.113408557392546,36.561432063664526],[9.113408557392546,36.55694048724393]]]},"id":"2029,8139","properties":{"alea":0.041254620286944155,"classe_sol":40.0,"dans_region":true,"lat":36.55918627474015,"lat_max":36.561432063664526,"lat_min":36.55694048724393,"lon":9.115654345632963,"lon_max":9.117900133813144,"lon_min":9.113408557392546,"parcel_id":"P0205"}},{"type":"Feature","geometry":{"geodesic":false,"crs":{"type":"name","properties":{"name":"EPSG:4326"}},"type":"Polygon","coordinates":[[[9.131374863074937,36.57939836934692],[9.135866439495533,36.57939836934692],[9.135866439495533,36.58388994576752],[9.131374863074937,36.58388994576752],[9.131374863074937,36.57939836934692]]]},"id":"2033,8144","properties":{"alea":0.041544884171193175,"classe_sol":40.0,"dans_region":true,"lat":36.58164415693727,"lat_max":36.58388994576752,"lat_min":36.57939836934692,"lon":9.133620651220705,"lon_max":9.135866439495533,"lon_min":9.131374863074937,"parcel_id":"P0206"}},{"type":"Feature","geometry":{"geodesic":false,"crs":{"type":"name","properties":{"name":"EPSG:4326"}},"type":"Polygon","coordinates":[[[9.320021072740037,36.812960343217995],[9.324512649160633,36.812960343217995],[9.324512649160633,36.81745191963859],[9.320021072740037,36.81745191963859],[9.320021072740037,36.812960343217995]]]},"id":"2075,8196","properties":{"alea":0.04158395881315813,"classe_sol":40.0,"dans_region":true,"lat":36.815206130690605,"lat_max":36.81745191963859,"lat_min":36.812960343217995,"lon":9.322266860922925,"lon_max":9.324512649160633,"lon_min":9.320021072740037,"parcel_id":"P0207"}},{"type":"Feature","geometry":{"geodesic":false,"crs":{"type":"name","properties":{"name":"EPSG:4326"}},"type":"Polygon","coordinates":[[[9.08645909886896,36.678213050600064],[9.090950675289559,36.678213050600064],[9.090950675289559,36.68270462702066],[9.08645909886896,36.68270462702066],[9.08645909886896,36.678213050600064]]]},"id":"2023,8166","properties":{"alea":0.04164350102821368,"classe_sol":40.0,"dans_region":true,"lat":36.68045883807762,"lat_max":36.68270462702066,"lat_min":36.678213050600064,"lon":9.088704887121839,"lon_max":9.090950675289559,"lon_min":9.08645909886896,"parcel_id":"P0208"}},{"type":"Feature","geometry":{"geodesic":false,"crs":{"type":"name","properties":{"name":"EPSG:4326"}},"type":"Polygon","coordinates":[[[9.176290627280913,36.65126359207648],[9.18078220370151,36.65126359207648],[9.18078220370151,36.65575516849707],[9.176290627280913,36.65575516849707],[9.176290627280913,36.65126359207648]]]},"id":"2043,8160","properties":{"alea":0.041895600317439996,"classe_sol":40.0,"dans_region":true,"lat":36.653509379427014,"lat_max":36.65575516849707,"lat_min":36.65126359207648,"lon":9.1785364154229,"lon_max":9.18078220370151,"lon_min":9.176290627280913,"parcel_id":"P0209"}},{"type":"Feature","geometry":{"geodesic":false,"crs":{"type":"name","properties":{"name":"EPSG:4326"}},"type":"Polygon","coordinates":[[[9.710788221332027,36.588381522188115],[9.715279797752626,36.588381522188115],[9.715279797752626,36.59287309860871],[9.710788221332027,36.59287309860871],[9.710788221332027,36.588381522188115]]]},"id":"2162,8146","properties":{"alea":0.04196667466072179,"classe_sol":40.0,"dans_region":true,"lat":36.59062730971554,"lat_max":36.59287309860871,"lat_min":36.588381522188115,"lon":9.71303400949415,"lon_max":9.715279797752626,"lon_min":9.710788221332027,"parcel_id":"P0210"}},{"type":"Feature","geometry":{"geodesic":false,"crs":{"type":"name","properties":{"name":"EPSG:4326"}},"type":"Polygon","coordinates":[[[9.212223238645693,36.507533146617355],[9.216714815066291,36.507533146617355],[9.216714815066291,36.51202472303795],[9.212223238645693,36.51202472303795],[9.212223238645693,36.507533146617355]]]},"id":"2051,8128","properties":{"alea":0.04225022285612823,"classe_sol":40.0,"dans_region":true,"lat":36.509778934233275,"lat_max":36.51202472303795,"lat_min":36.507533146617355,"lon":9.214469026889388,"lon_max":9.216714815066291,"lon_min":9.212223238645693,"parcel_id":"P0211"}},{"type":"Feature","geometry":{"geodesic":false,"crs":{"type":"name","properties":{"name":"EPSG:4326"}},"type":"Polygon","coordinates":[[[9.364936836946011,36.6063478278705],[9.36942841336661,36.6063478278705],[9.36942841336661,36.6108394042911],[9.364936836946011,36.6108394042911],[9.364936836946011,36.6063478278705]]]},"id":"2085,8150","properties":{"alea":0.042536877572054155,"classe_sol":40.0,"dans_region":true,"lat":36.608593615316714,"lat_max":36.6108394042911,"lat_min":36.6063478278705,"lon":9.367182625117781,"lon_max":9.36942841336661,"lon_min":9.364936836946011,"parcel_id":"P0212"}},{"type":"Feature","geometry":{"geodesic":false,"crs":{"type":"name","properties":{"name":"EPSG:4326"}},"type":"Polygon","coordinates":[[[9.513158858825733,36.71863723838544],[9.517650435246331,36.71863723838544],[9.517650435246331,36.72312881480604],[9.513158858825733,36.72312881480604],[9.513158858825733,36.71863723838544]]]},"id":"2118,8175","properties":{"alea":0.04268078492205707,"classe_sol":40.0,"dans_region":true,"lat":36.720883025816136,"lat_max":36.72312881480604,"lat_min":36.71863723838544,"lon":9.51540464698089,"lon_max":9.517650435246331,"lon_min":9.513158858825733,"parcel_id":"P0213"}},{"type":"Feature","geometry":{"geodesic":false,"crs":{"type":"name","properties":{"name":"EPSG:4326"}},"type":"Polygon","coordinates":[[[9.081967522448362,36.75007827332963],[9.08645909886896,36.75007827332963],[9.08645909886896,36.754569849750226],[9.081967522448362,36.754569849750226],[9.081967522448362,36.75007827332963]]]},"id":"2022,8182","properties":{"alea":0.04309748388133372,"classe_sol":40.0,"dans_region":true,"lat":36.752324060671214,"lat_max":36.754569849750226,"lat_min":36.75007827332963,"lon":9.084213310608682,"lon_max":9.08645909886896,"lon_min":9.081967522448362,"parcel_id":"P0214"}},{"type":"Feature","geometry":{"geodesic":false,"crs":{"type":"name","properties":{"name":"EPSG:4326"}},"type":"Polygon","coordinates":[[[9.760195561958602,36.62431413355289],[9.7646871383792,36.62431413355289],[9.7646871383792,36.62880570997349],[9.760195561958602,36.62880570997349],[9.760195561958602,36.62431413355289]]]},"id":"2173,8154","properties":{"alea":0.04344848126821599,"classe_sol":40.0,"dans_region":true,"lat":36.62655992116801,"lat_max":36.62880570997349,"lat_min":36.62431413355289,"lon":9.76244135016277,"lon_max":9.7646871383792,"lon_min":9.760195561958602,"parcel_id":"P0215"}},{"type":"Feature","geometry":{"geodesic":false,"crs":{"type":"name","properties":{"name":"EPSG:4326"}},"type":"Polygon","coordinates":[[[9.701805068490833,36.561432063664526],[9.706296644911431,36.561432063664526],[9.706296644911431,36.565923640085124],[9.701805068490833,36.565923640085124],[9.701805068490833,36.561432063664526]]]},"id":"2160,8140","properties":{"alea":0.043605455874911825,"classe_sol":40.0,"dans_region":true,"lat":36.5636778511124,"lat_max":36.565923640085124,"lat_min":36.561432063664526,"lon":9.704050856729065,"lon_max":9.706296644911431,"lon_min":9.701805068490833,"parcel_id":"P0216"}},{"type":"Feature","geometry":{"geodesic":false,"crs":{"type":"name","properties":{"name":"EPSG:4326"}},"type":"Polygon","coordinates":[[[9.131374863074937,36.7994856139562],[9.135866439495533,36.7994856139562],[9.135866439495533,36.8039771903768],[9.131374863074937,36.8039771903768],[9.131374863074937,36.7994856139562]]]},"id":"2033,8193","properties":{"alea":0.043810788092458086,"classe_sol":40.0,"dans_region":true,"lat":36.80173140121667,"lat_max":36.8039771903768,"lat_min":36.7994856139562,"lon":9.133620651239939,"lon_max":9.135866439495533,"lon_min":9.131374863074937,"parcel_id":"P0217"}},{"type":"Feature","geometry":{"geodesic":false,"crs":{"type":"name","properties":{"name":"EPSG:4326"}},"type":"Polygon","coordinates":[[[9.113408557392546,36.8084687667974],[9.117900133813144,36.8084687667974],[9.117900133813144,36.812960343217995],[9.113408557392546,36.812960343217995],[9.113408557392546,36.8084687667974]]]},"id":"2029,8195","properties":{"alea":0.04399315765188794,"classe_sol":40.0,"dans_region":true,"lat":36.81071455416047,"lat_max":36.812960343217995,"lat_min":36.8084687667974,"lon":9.11565434565869,"lon_max":9.117900133813144,"lon_min":9.113408557392546,"parcel_id":"P0218"}},{"type":"Feature","geometry":{"geodesic":false,"crs":{"type":"name","properties":{"name":"EPSG:4326"}},"type":"Polygon","coordinates":[[[9.787145020482187,36.62880570997349],[9.791636596902785,36.62880570997349],[9.791636596902785,36.63329728639409],[9.787145020482187,36.63329728639409],[9.787145020482187,36.62880570997349]]]},"id":"2179,8155","properties":{"alea":0.04424792762775842,"classe_sol":40.0,"dans_region":true,"lat":36.6310514972784,"lat_max":36.63329728639409,"lat_min":36.62880570997349,"lon":9.78939080870435,"lon_max":9.791636596902785,"lon_min":9.787145020482187,"parcel_id":"P0219"}},{"type":"Feature","geometry":{"geodesic":false,"crs":{"type":"name","properties":{"name":"EPSG:4326"}},"type":"Polygon","coordinates":[[[9.189765356542706,36.46710895883198],[9.194256932963302,36.46710895883198],[9.194256932963302,36.47160053525258],[9.189765356542706,36.47160053525258],[9.189765356542706,36.46710895883198]]]},"id":"2046,8119","properties":{"alea":0.04443511166309633,"classe_sol":40.0,"dans_region":true,"lat":36.469354746415405,"lat_max":36.47160053525258,"lat_min":36.46710895883198,"lon":9.192011144773707,"lon_max":9.194256932963302,"lon_min":9.189765356542706,"parcel_id":"P0220"}},{"type":"Feature","geometry":{"geodesic":false,"crs":{"type":"name","properties":{"name":"EPSG:4326"}},"type":"Polygon","coordinates":[[[9.037051758242386,36.7949940375356],[9.041543334662984,36.7949940375356],[9.041543334662984,36.7994856139562],[9.037051758242386,36.7994856139562],[9.037051758242386,36.7949940375356]]]},"id":"2012,8192","properties":{"alea":0.04484520145655557,"classe_sol":40.0,"dans_region":true,"lat":36.79723982487529,"lat_max":36.7994856139562,"lat_min":36.7949940375356,"lon":9.039297546481652,"lon_max":9.041543334662984,"lon_min":9.037051758242386,"parcel_id":"P0221"}},{"type":"Feature","geometry":{"geodesic":false,"crs":{"type":"name","properties":{"name":"EPSG:4326"}},"type":"Polygon","coordinates":[[[9.396377871890195,36.51202472303795],[9.400869448310793,36.51202472303795],[9.400869448310793,36.51651629945855],[9.396377871890195,36.51651629945855],[9.396377871890195,36.51202472303795]]]},"id":"2092,8129","properties":{"alea":0.044956746814278525,"classe_sol":40.0,"dans_region":true,"lat":36.51427051050528,"lat_max":36.51651629945855,"lat_min":36.51202472303795,"lon":9.398623660020633,"lon_max":9.400869448310793,"lon_min":9.396377871890195,"parcel_id":"P0222"}},{"type":"Feature","geometry":{"geodesic":false,"crs":{"type":"name","properties":{"name":"EPSG:4326"}},"type":"Polygon","coordinates":[[[9.221206391486888,36.51202472303795],[9.225697967907486,36.51202472303795],[9.225697967907486,36.51651629945855],[9.221206391486888,36.51651629945855],[9.221206391486888,36.51202472303795]]]},"id":"2053,8129","properties":{"alea":0.04512424240411883,"classe_sol":40.0,"dans_region":true,"lat":36.51427051049683,"lat_max":36.51651629945855,"lat_min":36.51202472303795,"lon":9.22345217963779,"lon_max":9.225697967907486,"lon_min":9.221206391486888,"parcel_id":"P0223"}},{"type":"Feature","geometry":{"geodesic":false,"crs":{"type":"name","properties":{"name":"EPSG:4326"}},"type":"Polygon","coordinates":[[[9.302054767057646,36.84889295458277],[9.306546343478242,36.84889295458277],[9.306546343478242,36.85338453100337],[9.302054767057646,36.85338453100337],[9.302054767057646,36.84889295458277]]]},"id":"2071,8204","properties":{"alea":0.045124829380803866,"classe_sol":40.0,"dans_region":true,"lat":36.85113874194833,"lat_max":36.85338453100337,"lat_min":36.84889295458277,"lon":9.304300555308444,"lon_max":9.306546343478242,"lon_min":9.302054767057646,"parcel_id":"P0224"}},{"type":"Feature","geometry":{"geodesic":false,"crs":{"type":"name","properties":{"name":"EPSG:4326"}},"type":"Polygon","coordinates":[[[9.531125164508124,36.72312881480604],[9.53561674092872,36.72312881480604],[9.53561674092872,36.72762039122664],[9.531125164508124,36.72762039122664],[9.531125164508124,36.72312881480604]]]},"id":"2122,8176","properties":{"alea":0.0453228687584003,"classe_sol":40.0,"dans_region":true,"lat":36.725374602172025,"lat_max":36.72762039122664,"lat_min":36.72312881480604,"lon":9.533370952696998,"lon_max":9.53561674092872,"lon_min":9.531125164508124,"parcel_id":"P0225"}},{"type":"Feature","geometry":{"geodesic":false,"crs":{"type":"name","properties":{"name":"EPSG:4326"}},"type":"Polygon","coordinates":[[[9.046034911083582,36.8084687667974],[9.050526487504179,36.8084687667974],[9.050526487504179,36.812960343217995],[9.046034911083582,36.812960343217995],[9.046034911083582,36.8084687667974]]]},"id":"2014,8195","properties":{"alea":0.045517588507463125,"classe_sol":40.0,"dans_region":true,"lat":36.81071455419768,"lat_max":36.812960343217995,"lat_min":36.8084687667974,"lon":9.048280699302662,"lon_max":9.050526487504179,"lon_min":9.046034911083582,"parcel_id":"P0226"}},{"type":"Feature","geometry":{"geodesic":false,"crs":{"type":"name","properties":{"name":"EPSG:4326"}},"type":"Polygon","coordinates":[[[9.29307161421645,36.72762039122664],[9.297563190637048,36.72762039122664],[9.297563190637048,36.732111967647235],[9.29307161421645,36.732111967647235],[9.29307161421645,36.72762039122664]]]},"id":"2069,8177","properties":{"alea":0.0457870825029143,"classe_sol":40.0,"dans_region":true,"lat":36.72986617860107,"lat_max":36.732111967647235,"lat_min":36.72762039122664,"lon":9.29531740248673,"lon_max":9.297563190637048,"lon_min":9.29307161421645,"parcel_id":"P0227"}},{"type":"Feature","geometry":{"geodesic":false,"crs":{"type":"name","properties":{"name":"EPSG:4326"}},"type":"Polygon","coordinates":[[[9.081967522448362,36.62431413355289],[9.08645909886896,36.62431413355289],[9.08645909886896,36.62880570997349],[9.081967522448362,36.62880570997349],[9.081967522448362,36.62431413355289]]]},"id":"2022,8154","properties":{"alea":0.045794101785014196,"classe_sol":40.0,"dans_region":true,"lat":36.62655992113828,"lat_max":36.62880570997349,"lat_min":36.62431413355289,"lon":9.08421331062717,"lon_max":9.08645909886896,"lon_min":9.081967522448362,"parcel_id":"P0228"}},{"type":"Feature","geometry":{"geodesic":false,"crs":{"type":"name","properties":{"name":"EPSG:4326"}},"type":"Polygon","coordinates":[[[9.315529496319439,36.449142653149586],[9.320021072740037,36.449142653149586],[9.320021072740037,36.453634229570184],[9.315529496319439,36.453634229570184],[9.315529496319439,36.449142653149586]]]},"id":"2074,8115","properties":{"alea":0.046079487337934655,"classe_sol":40.0,"dans_region":true,"lat":36.4513884406924,"lat_max":36.453634229570184,"lat_min":36.449142653149586,"lon":9.31777528455933,"lon_max":9.320021072740037,"lon_min":9.315529496319439,"parcel_id":"P0229"}},{"type":"Feature","geometry":{"geodesic":false,"crs":{"type":"name","properties":{"name":"EPSG:4326"}},"type":"Polygon","coordinates":[[[9.171799050860315,36.44465107672899],[9.176290627280913,36.44465107672899],[9.176290627280913,36.449142653149586],[9.171799050860315,36.449142653149586],[9.171799050860315,36.44465107672899]]]},"id":"2042,8114","properties":{"alea":0.046143009323564965,"classe_sol":40.0,"dans_region":true,"lat":36.44689686437454,"lat_max":36.449142653149586,"lat_min":36.44465107672899,"lon":9.174044839060556,"lon_max":9.176290627280913,"lon_min":9.171799050860315,"parcel_id":"P0230"}},{"type":"Feature","geometry":{"geodesic":false,"crs":{"type":"name","properties":{"name":"EPSG:4326"}},"type":"Polygon","coordinates":[[[9.638922998602466,36.43566792388779],[9.643414575023064,36.43566792388779],[9.643414575023064,36.44015950030839],[9.638922998602466,36.44015950030839],[9.638922998602466,36.43566792388779]]]},"id":"2146,8112","properties":{"alea":0.04631462132337272,"classe_sol":40.0,"dans_region":true,"lat":36.43791371155435,"lat_max":36.44015950030839,"lat_min":36.43566792388779,"lon":9.641168786876799,"lon_max":9.643414575023064,"lon_min":9.638922998602466,"parcel_id":"P0231"}},{"type":"Feature","geometry":{"geodesic":false,"crs":{"type":"name","properties":{"name":"EPSG:4326"}},"type":"Polygon","coordinates":[[[9.80061974974398,36.62880570997349],[9.805111326164578,36.62880570997349],[9.805111326164578,36.63329728639409],[9.80061974974398,36.63329728639409],[9.80061974974398,36.62880570997349]]]},"id":"2182,8155","properties":{"alea":0.046567281064866184,"classe_sol":40.0,"dans_region":true,"lat":36.631051497255015,"lat_max":36.63329728639409,"lat_min":36.62880570997349,"lon":9.802865537985634,"lon_max":9.805111326164578,"lon_min":9.80061974974398,"parcel_id":"P0232"}},{"type":"Feature","geometry":{"geodesic":false,"crs":{"type":"name","properties":{"name":"EPSG:4326"}},"type":"Polygon","coordinates":[[[9.48171782388155,36.646772015655884],[9.486209400302148,36.646772015655884],[9.486209400302148,36.65126359207648],[9.48171782388155,36.65126359207648],[9.48171782388155,36.646772015655884]]]},"id":"2111,8159","properties":{"alea":0.04667734773848509,"classe_sol":40.0,"dans_region":true,"lat":36.64901780320298,"lat_max":36.65126359207648,"lat_min":36.646772015655884,"lon":9.4839636121105,"lon_max":9.486209400302148,"lon_min":9.48171782388155,"parcel_id":"P0233"}},{"type":"Feature","geometry":{"geodesic":false,"crs":{"type":"name","properties":{"name":"EPSG:4326"}},"type":"Polygon","coordinates":[[[9.337987378422426,36.72312881480604],[9.342478954843024,36.72312881480604],[9.342478954843024,36.72762039122664],[9.337987378422426,36.72762039122664],[9.337987378422426,36.72312881480604]]]},"id":"2079,8176","properties":{"alea":0.04706227645157046,"classe_sol":40.0,"dans_region":true,"lat":36.72537460217982,"lat_max":36.72762039122664,"lat_min":36.72312881480604,"lon":9.340233166574269,"lon_max":9.342478954843024,"lon_min":9.337987378422426,"parcel_id":"P0234"}},{"type":"Feature","geometry":{"geodesic":false,"crs":{"type":"name","properties":{"name":"EPSG:4326"}},"type":"Polygon","coordinates":[[[9.104425404551352,36.72312881480604],[9.108916980971948,36.72312881480604],[9.108916980971948,36.72762039122664],[9.104425404551352,36.72762039122664],[9.104425404551352,36.72312881480604]]]},"id":"2027,8176","properties":{"alea":0.04721596088305535,"classe_sol":40.0,"dans_region":true,"lat":36.72537460217322,"lat_max":36.72762039122664,"lat_min":36.72312881480604,"lon":9.106671192812701,"lon_max":9.108916980971948,"lon_min":9.104425404551352,"parcel_id":"P0235"}},{"type":"Feature","geometry":{"geodesic":false,"crs":{"type":"name","properties":{"name":"EPSG:4326"}},"type":"Polygon","coordinates":[[[9.809602902585175,36.52549945229975],[9.814094479005773,36.52549945229975],[9.814094479005773,36.529991028720346],[9.809602902585175,36.529991028720346],[9.809602902585175,36.52549945229975]]]},"id":"2184,8132","properties":{"alea":0.04726671509625391,"classe_sol":40.0,"dans_region":true,"lat":36.52774523986191,"lat_max":36.529991028720346,"lat_min":36.52549945229975,"lon":9.811848690791152,"lon_max":9.814094479005773,"lon_min":9.809602902585175,"parcel_id":"P0236"}},{"type":"Feature","geometry":{"geodesic":false,"crs":{"type":"name","properties":{"name":"EPSG:4326"}},"type":"Polygon","coordinates":[[[9.08645909886896,36.63329728639409],[9.090950675289559,36.63329728639409],[9.090950675289559,36.63778886281469],[9.08645909886896,36.63778886281469],[9.08645909886896,36.63329728639409]]]},"id":"2023,8156","properties":{"alea":0.04728716115732512,"classe_sol":40.0,"dans_region":true,"lat":36.63554307394588,"lat_max":36.63778886281469,"lat_min":36.63329728639409,"lon":9.088704887058794,"lon_max":9.090950675289559,"lon_min":9.08645909886896,"parcel_id":"P0237"}},{"type":"Feature","geometry":{"geodesic":false,"crs":{"type":"name","properties":{"name":"EPSG:4326"}},"type":"Polygon","coordinates":[[[9.1987485093839,36.48956684093496],[9.203240085804499,36.48956684093496],[9.203240085804499,36.49405841735556],[9.1987485093839,36.49405841735556],[9.1987485093839,36.48956684093496]]]},"id":"2048,8124","properties":{"alea":0.04735847254985137,"classe_sol":40.0,"dans_region":true,"lat":36.49181262845432,"lat_max":36.49405841735556,"lat_min":36.48956684093496,"lon":9.200994297603973,"lon_max":9.203240085804499,"lon_min":9.1987485093839,"parcel_id":"P0238"}},{"type":"Feature","geometry":{"geodesic":false,"crs":{"type":"name","properties":{"name":"EPSG:4326"}},"type":"Polygon","coordinates":[[[9.149341168757326,36.422193194626004],[9.153832745177924,36.422193194626004],[9.153832745177924,36.426684771046595],[9.149341168757326,36.426684771046595],[9.149341168757326,36.422193194626004]]]},"id":"2037,8109","properties":{"alea":0.04765389749389082,"classe_sol":40.0,"dans_region":true,"lat":36.42443898221624,"lat_max":36.426684771046595,"lat_min":36.422193194626004,"lon":9.151586956890345,"lon_max":9.153832745177924,"lon_min":9.149341168757326,"parcel_id":"P0239"}},{"type":"Feature","geometry":{"geodesic":false,"crs":{"type":"name","properties":{"name":"EPSG:4326"}},"type":"Polygon","coordinates":[[[9.207731662225095,36.86236768384457],[9.212223238645693,36.86236768384457],[9.212223238645693,36.866859260265166],[9.207731662225095,36.866859260265166],[9.207731662225095,36.86236768384457]]]},"id":"2050,8207","properties":{"alea":0.04793151039779764,"classe_sol":40.0,"dans_region":true,"lat":36.86461347113402,"lat_max":36.866859260265166,"lat_min":36.86236768384457,"lon":9.209977450335487,"lon_max":9.212223238645693,"lon_min":9.207731662225095,"parcel_id":"P0240"}},{"type":"Feature","geometry":{"geodesic":false,"crs":{"type":"name","properties":{"name":"EPSG:4326"}},"type":"Polygon","coordinates":[[[9.68833033922904,36.57490679292632],[9.692821915649638,36.57490679292632],[9.692821915649638,36.57939836934692],[9.68833033922904,36.57939836934692],[9.68833033922904,36.57490679292632]]]},"id":"2157,8143","properties":{"alea":0.04795991642447561,"classe_sol":40.0,"dans_region":true,"lat":36.577152580409724,"lat_max":36.57939836934692,"lat_min":36.57490679292632,"lon":9.690576127460092,"lon_max":9.692821915649638,"lon_min":9.68833033922904,"parcel_id":"P0241"}},{"type":"Feature","geometry":{"geodesic":false,"crs":{"type":"name","properties":{"name":"EPSG:4326"}},"type":"Polygon","coordinates":[[[9.221206391486888,36.46261738241138],[9.225697967907486,36.46261738241138],[9.225697967907486,36.46710895883198],[9.221206391486888,36.46710895883198],[9.221206391486888,36.46261738241138]]]},"id":"2053,8118","properties":{"alea":0.048046107154229634,"classe_sol":40.0,"dans_region":true,"lat":36.46486316984657,"lat_max":36.46710895883198,"lat_min":36.46261738241138,"lon":9.22345217968237,"lon_max":9.225697967907486,"lon_min":9.221206391486888,"parcel_id":"P0242"}},{"type":"Feature","geometry":{"geodesic":false,"crs":{"type":"name","properties":{"name":"EPSG:4326"}},"type":"Polygon","coordinates":[[[9.733246103435016,36.485075264514364],[9.737737679855613,36.485075264514364],[9.737737679855613,36.48956684093496],[9.733246103435016,36.48956684093496],[9.733246103435016,36.485075264514364]]]},"id":"2167,8123","properties":{"alea":0.04827989058445126,"classe_sol":40.0,"dans_region":true,"lat":36.48732105214863,"lat_max":36.48956684093496,"lat_min":36.485075264514364,"lon":9.73549189158885,"lon_max":9.737737679855613,"lon_min":9.733246103435016,"parcel_id":"P0243"}},{"type":"Feature","geometry":{"geodesic":false,"crs":{"type":"name","properties":{"name":"EPSG:4326"}},"type":"Polygon","coordinates":[[[9.12239171023374,36.96567394151831],[9.126883286654339,36.96567394151831],[9.126883286654339,36.97016551793891],[9.12239171023374,36.97016551793891],[9.12239171023374,36.96567394151831]]]},"id":"2031,8230","properties":{"alea":0.048302792922477966,"classe_sol":40.0,"dans_region":true,"lat":36.967919728757636,"lat_max":36.97016551793891,"lat_min":36.96567394151831,"lon":9.124637498491511,"lon_max":9.126883286654339,"lon_min":9.12239171023374,"parcel_id":"P0244"}},{"type":"Feature","geometry":{"geodesic":false,"crs":{"type":"name","properties":{"name":"EPSG:4326"}},"type":"Polygon","coordinates":[[[9.63443142218187,36.63778886281469],[9.638922998602466,36.63778886281469],[9.638922998602466,36.642280439235286],[9.63443142218187,36.642280439235286],[9.63443142218187,36.63778886281469]]]},"id":"2145,8157","properties":{"alea":0.04869382590899196,"classe_sol":40.0,"dans_region":true,"lat":36.64003465028337,"lat_max":36.642280439235286,"lat_min":36.63778886281469,"lon":9.636677210450081,"lon_max":9.638922998602466,"lon_min":9.63443142218187,"parcel_id":"P0245"}},{"type":"Feature","geometry":{"geodesic":false,"crs":{"type":"name","properties":{"name":"EPSG:4326"}},"type":"Polygon","coordinates":[[[9.55807462303171,36.47160053525258],[9.562566199452307,36.47160053525258],[9.562566199452307,36.476092111673175],[9.55807462303171,36.476092111673175],[9.55807462303171,36.47160053525258]]]},"id":"2128,8120","properties":{"alea":0.048744561808773956,"classe_sol":40.0,"dans_region":true,"lat":36.473846322800426,"lat_max":36.476092111673175,"lat_min":36.47160053525258,"lon":9.560320411302978,"lon_max":9.562566199452307,"lon_min":9.55807462303171,"parcel_id":"P0246"}},{"type":"Feature","geometry":{"geodesic":false,"crs":{"type":"name","properties":{"name":"EPSG:4326"}},"type":"Polygon","coordinates":[[[9.602990387237686,36.68719620344126],[9.607481963658282,36.68719620344126],[9.607481963658282,36.69168777986186],[9.602990387237686,36.69168777986186],[9.602990387237686,36.68719620344126]]]},"id":"2138,8168","properties":{"alea":0.04920786398621024,"classe_sol":40.0,"dans_region":true,"lat":36.68944199091032,"lat_max":36.69168777986186,"lat_min":36.68719620344126,"lon":9.605236175439698,"lon_max":9.607481963658282,"lon_min":9.602990387237686,"parcel_id":"P0247"}},{"type":"Feature","geometry":{"geodesic":false,"crs":{"type":"name","properties":{"name":"EPSG:4326"}},"type":"Polygon","coordinates":[[[9.585024081555295,36.55244891082333],[9.589515657975893,36.55244891082333],[9.589515657975893,36.55694048724393],[9.585024081555295,36.55694048724393],[9.585024081555295,36.55244891082333]]]},"id":"2134,8138","properties":{"alea":0.04930271983901646,"classe_sol":40.0,"dans_region":true,"lat":36.55469469837781,"lat_max":36.55694048724393,"lat_min":36.55244891082333,"lon":9.587269869752255,"lon_max":9.589515657975893,"lon_min":9.585024081555295,"parcel_id":"P0248"}},{"type":"Feature","geometry":{"geodesic":false,"crs":{"type":"name","properties":{"name":"EPSG:4326"}},"type":"Polygon","coordinates":[[[9.580532505134697,36.49854999377616],[9.585024081555295,36.49854999377616],[9.585024081555295,36.50304157019676],[9.580532505134697,36.50304157019676],[9.580532505134697,36.49854999377616]]]},"id":"2133,8126","properties":{"alea":0.04930615027120544,"classe_sol":40.0,"dans_region":true,"lat":36.50079578136442,"lat_max":36.50304157019676,"lat_min":36.49854999377616,"lon":9.582778293332593,"lon_max":9.585024081555295,"lon_min":9.580532505134697,"parcel_id":"P0249"}},{"type":"Feature","geometry":{"geodesic":false,"crs":{"type":"name","properties":{"name":"EPSG:4326"}},"type":"Polygon","coordinates":[[[9.135866439495533,36.480583688093766],[9.140358015916132,36.480583688093766],[9.140358015916132,36.485075264514364],[9.135866439495533,36.485075264514364],[9.135866439495533,36.480583688093766]]]},"id":"2034,8122","properties":{"alea":0.04947078981001096,"classe_sol":40.0,"dans_region":true,"lat":36.48282947564036,"lat_max":36.485075264514364,"lat_min":36.480583688093766,"lon":9.13811222774826,"lon_max":9.140358015916132,"lon_min":9.135866439495533,"parcel_id":"P0250"}},{"type":"Feature","geometry":{"geodesic":false,"crs":{"type":"name","properties":{"name":"EPSG:4326"}},"type":"Polygon","coordinates":[[[9.23468112074868,36.476092111673175],[9.239172697169279,36.476092111673175],[9.239172697169279,36.480583688093766],[9.23468112074868,36.480583688093766],[9.23468112074868,36.476092111673175]]]},"id":"2056,8121","properties":{"alea":0.04991194905531726,"classe_sol":40.0,"dans_region":true,"lat":36.47833789921182,"lat_max":36.480583688093766,"lat_min":36.476092111673175,"lon":9.2369269090035,"lon_max":9.239172697169279,"lon_min":9.23468112074868,"parcel_id":"P0251"}},{"type":"Feature","geometry":{"geodesic":false,"crs":{"type":"name","properties":{"name":"EPSG:4326"}},"type":"Polygon","coordinates":[[[9.791636596902785,36.619822557132295],[9.796128173323382,36.619822557132295],[9.796128173323382,36.62431413355289],[9.791636596902785,36.62431413355289],[9.791636596902785,36.619822557132295]]]},"id":"2180,8153","properties":{"alea":0.05010120392489459,"classe_sol":40.0,"dans_region":true,"lat":36.62206834452161,"lat_max":36.62431413355289,"lat_min":36.619822557132295,"lon":9.79388238513,"lon_max":9.796128173323382,"lon_min":9.791636596902785,"parcel_id":"P0252"}},{"type":"Feature","geometry":{"geodesic":false,"crs":{"type":"name","properties":{"name":"EPSG:4326"}},"type":"Polygon","coordinates":[[[9.567057775872904,36.8039771903768],[9.571549352293502,36.8039771903768],[9.571549352293502,36.8084687667974],[9.567057775872904,36.8084687667974],[9.567057775872904,36.8039771903768]]]},"id":"2130,8194","properties":{"alea":0.05016982556195715,"classe_sol":40.0,"dans_region":true,"lat":36.80622297777959,"lat_max":36.8084687667974,"lat_min":36.8039771903768,"lon":9.569303564140146,"lon_max":9.571549352293502,"lon_min":9.567057775872904,"parcel_id":"P0253"}},{"type":"Feature","geometry":{"geodesic":false,"crs":{"type":"name","properties":{"name":"EPSG:4326"}},"type":"Polygon","coordinates":[[[9.239172697169279,36.6063478278705],[9.243664273589877,36.6063478278705],[9.243664273589877,36.6108394042911],[9.239172697169279,36.6108394042911],[9.239172697169279,36.6063478278705]]]},"id":"2057,8150","properties":{"alea":0.050323644285971136,"classe_sol":40.0,"dans_region":true,"lat":36.608593615315044,"lat_max":36.6108394042911,"lat_min":36.6063478278705,"lon":9.24141848536013,"lon_max":9.243664273589877,"lon_min":9.239172697169279,"parcel_id":"P0254"}},{"type":"Feature","geometry":{"geodesic":false,"crs":{"type":"name","properties":{"name":"EPSG:4326"}},"type":"Polygon","coordinates":[[[9.629939845761271,36.44015950030839],[9.63443142218187,36.44015950030839],[9.63443142218187,36.44465107672899],[9.629939845761271,36.44465107672899],[9.629939845761271,36.44015950030839]]]},"id":"2144,8113","properties":{"alea":0.05047061004335207,"classe_sol":40.0,"dans_region":true,"lat":36.442405287775216,"lat_max":36.44465107672899,"lat_min":36.44015950030839,"lon":9.632185633915194,"lon_max":9.63443142218187,"lon_min":9.629939845761271,"parcel_id":"P0255"}},{"type":"Feature","geometry":{"geodesic":false,"crs":{"type":"name","properties":{"name":"EPSG:4326"}},"type":"Polygon","coordinates":[[[9.113408557392546,36.74558669690903],[9.117900133813144,36.74558669690903],[9.117900133813144,36.75007827332963],[9.113408557392546,36.75007827332963],[9.113408557392546,36.74558669690903]]]},"id":"2029,8181","properties":{"alea":0.05063575901470452,"classe_sol":40.0,"dans_region":true,"lat":36.74783248433457,"lat_max":36.75007827332963,"lat_min":36.74558669690903,"lon":9.115654345608851,"lon_max":9.117900133813144,"lon_min":9.113408557392546,"parcel_id":"P0256"}},{"type":"Feature","geometry":{"geodesic":false,"crs":{"type":"name","properties":{"name":"EPSG:4326"}},"type":"Polygon","coordinates":[[[9.31103791989884,36.8039771903768],[9.315529496319439,36.8039771903768],[9.315529496319439,36.8084687667974],[9.31103791989884,36.8084687667974],[9.31103791989884,36.8039771903768]]]},"id":"2073,8194","properties":{"alea":0.05091680379832997,"classe_sol":40.0,"dans_region":true,"lat":36.806222977723515,"lat_max":36.8084687667974,"lat_min":36.8039771903768,"lon":9.313283708049987,"lon_max":9.315529496319439,"lon_min":9.31103791989884,"parcel_id":"P0257"}},{"type":"Feature","geometry":{"geodesic":false,"crs":{"type":"name","properties":{"name":"EPSG:4326"}},"type":"Polygon","coordinates":[[[9.212223238645693,36.82194349605919],[9.216714815066291,36.82194349605919],[9.216714815066291,36.82643507247978],[9.212223238645693,36.82643507247978],[9.212223238645693,36.82194349605919]]]},"id":"2051,8198","properties":{"alea":0.05095144313041333,"classe_sol":40.0,"dans_region":true,"lat":36.82418928343937,"lat_max":36.82643507247978,"lat_min":36.82194349605919,"lon":9.214469026860517,"lon_max":9.216714815066291,"lon_min":9.212223238645693,"parcel_id":"P0258"}},{"type":"Feature","geometry":{"geodesic":false,"crs":{"type":"name","properties":{"name":"EPSG:4326"}},"type":"Polygon","coordinates":[[[9.656889304284856,36.49405841735556],[9.661380880705455,36.49405841735556],[9.661380880705455,36.49854999377616],[9.656889304284856,36.49854999377616],[9.656889304284856,36.49405841735556]]]},"id":"2150,8125","properties":{"alea":0.05131184020285173,"classe_sol":40.0,"dans_region":true,"lat":36.496304204867904,"lat_max":36.49854999377616,"lat_min":36.49405841735556,"lon":9.65913509251059,"lon_max":9.661380880705455,"lon_min":9.656889304284856,"parcel_id":"P0259"}},{"type":"Feature","geometry":{"geodesic":false,"crs":{"type":"name","properties":{"name":"EPSG:4326"}},"type":"Polygon","coordinates":[[[9.665872457126051,36.46261738241138],[9.67036403354665,36.46261738241138],[9.67036403354665,36.46710895883198],[9.665872457126051,36.46710895883198],[9.665872457126051,36.46261738241138]]]},"id":"2152,8118","properties":{"alea":0.051724864794269854,"classe_sol":40.0,"dans_region":true,"lat":36.46486316988107,"lat_max":36.46710895883198,"lat_min":36.46261738241138,"lon":9.66811824541526,"lon_max":9.67036403354665,"lon_min":9.665872457126051,"parcel_id":"P0260"}},{"type":"Feature","geometry":{"geodesic":false,"crs":{"type":"name","properties":{"name":"EPSG:4326"}},"type":"Polygon","coordinates":[[[9.701805068490833,36.66473832133827],[9.706296644911431,36.66473832133827],[9.706296644911431,36.66922989775887],[9.701805068490833,36.66922989775887],[9.701805068490833,36.66473832133827]]]},"id":"2160,8163","properties":{"alea":0.05174415414117772,"classe_sol":40.0,"dans_region":true,"lat":36.66698410883131,"lat_max":36.66922989775887,"lat_min":36.66473832133827,"lon":9.704050856748824,"lon_max":9.706296644911431,"lon_min":9.701805068490833,"parcel_id":"P0261"}},{"type":"Feature","geometry":{"geodesic":false,"crs":{"type":"name","properties":{"name":"EPSG:4326"}},"type":"Polygon","coordinates":[[[9.719771374173224,36.68270462702066],[9.72426295059382,36.68270462702066],[9.72426295059382,36.68719620344126],[9.719771374173224,36.68719620344126],[9.719771374173224,36.68270462702066]]]},"id":"2164,8167","properties":{"alea":0.05192240279428395,"classe_sol":40.0,"dans_region":true,"lat":36.684950414392816,"lat_max":36.68719620344126,"lat_min":36.68270462702066,"lon":9.7220171624372,"lon_max":9.72426295059382,"lon_min":9.719771374173224,"parcel_id":"P0262"}},{"type":"Feature","geometry":{"geodesic":false,"crs":{"type":"name","properties":{"name":"EPSG:4326"}},"type":"Polygon","coordinates":[[[9.171799050860315,36.46261738241138],[9.176290627280913,36.46261738241138],[9.176290627280913,36.46710895883198],[9.171799050860315,36.46710895883198],[9.171799050860315,36.46261738241138]]]},"id":"2042,8118","properties":{"alea":0.05210243421989191,"classe_sol":40.0,"dans_region":true,"lat":36.46486316985117,"lat_max":36.46710895883198,"lat_min":36.46261738241138,"lon":9.174044839067655,"lon_max":9.176290627280913,"lon_min":9.171799050860315,"parcel_id":"P0263"}},{"type":"Feature","geometry":{"geodesic":false,"crs":{"type":"name","properties":{"name":"EPSG:4326"}},"type":"Polygon","coordinates":[[[9.329004225581231,36.534482605140944],[9.33349580200183,36.534482605140944],[9.33349580200183,36.538974181561535],[9.329004225581231,36.538974181561535],[9.329004225581231,36.534482605140944]]]},"id":"2077,8134","properties":{"alea":0.0526139297132584,"classe_sol":40.0,"dans_region":true,"lat":36.536728392641265,"lat_max":36.538974181561535,"lat_min":36.534482605140944,"lon":9.331250013873468,"lon_max":9.33349580200183,"lon_min":9.329004225581231,"parcel_id":"P0264"}},{"type":"Feature","geometry":{"geodesic":false,"crs":{"type":"name","properties":{"name":"EPSG:4326"}},"type":"Polygon","coordinates":[[[9.746720832696809,36.51651629945855],[9.751212409117405,36.51651629945855],[9.751212409117405,36.52100787587915],[9.746720832696809,36.52100787587915],[9.746720832696809,36.51651629945855]]]},"id":"2170,8130","properties":{"alea":0.05263881886015653,"classe_sol":40.0,"dans_region":true,"lat":36.51876208711442,"lat_max":36.52100787587915,"lat_min":36.51651629945855,"lon":9.748966620976816,"lon_max":9.751212409117405,"lon_min":9.746720832696809,"parcel_id":"P0265"}},{"type":"Feature","geometry":{"geodesic":false,"crs":{"type":"name","properties":{"name":"EPSG:4326"}},"type":"Polygon","coordinates":[[[9.5760409287141,36.55244891082333],[9.580532505134697,36.55244891082333],[9.580532505134697,36.55694048724393],[9.5760409287141,36.55694048724393],[9.5760409287141,36.55244891082333]]]},"id":"2132,8138","properties":{"alea":0.05277154865982436,"classe_sol":40.0,"dans_region":true,"lat":36.55469469841213,"lat_max":36.55694048724393,"lat_min":36.55244891082333,"lon":9.57828671694852,"lon_max":9.580532505134697,"lon_min":9.5760409287141,"parcel_id":"P0266"}},{"type":"Feature","geometry":{"geodesic":false,"crs":{"type":"name","properties":{"name":"EPSG:4326"}},"type":"Polygon","coordinates":[[[9.665872457126051,36.74558669690903],[9.67036403354665,36.74558669690903],[9.67036403354665,36.75007827332963],[9.665872457126051,36.75007827332963],[9.665872457126051,36.74558669690903]]]},"id":"2152,8181","properties":{"alea":0.05300831836327358,"classe_sol":40.0,"dans_region":true,"lat":36.74783248436292,"lat_max":36.75007827332963,"lat_min":36.74558669690903,"lon":9.668118245370977,"lon_max":9.67036403354665,"lon_min":9.665872457126051,"parcel_id":"P0267"}},{"type":"Feature","geometry":{"geodesic":false,"crs":{"type":"name","properties":{"name":"EPSG:4326"}},"type":"Polygon","coordinates":[[[9.176290627280913,36.6018562514499],[9.18078220370151,36.6018562514499],[9.18078220370151,36.6063478278705],[9.176290627280913,36.6063478278705],[9.176290627280913,36.6018562514499]]]},"id":"2043,8149","properties":{"alea":0.05305506517014913,"classe_sol":40.0,"dans_region":true,"lat":36.60410203891915,"lat_max":36.6063478278705,"lat_min":36.6018562514499,"lon":9.178536415440174,"lon_max":9.18078220370151,"lon_min":9.176290627280913,"parcel_id":"P0268"}},{"type":"Feature","geometry":{"geodesic":false,"crs":{"type":"name","properties":{"name":"EPSG:4326"}},"type":"Polygon","coordinates":[[[9.553583046611111,36.66473832133827],[9.55807462303171,36.66473832133827],[9.55807462303171,36.66922989775887],[9.553583046611111,36.66922989775887],[9.553583046611111,36.66473832133827]]]},"id":"2127,8163","properties":{"alea":0.05313641493906085,"classe_sol":40.0,"dans_region":true,"lat":36.6669841088005,"lat_max":36.66922989775887,"lat_min":36.66473832133827,"lon":9.55582883487474,"lon_max":9.55807462303171,"lon_min":9.553583046611111,"parcel_id":"P0269"}},{"type":"Feature","geometry":{"geodesic":false,"crs":{"type":"name","properties":{"name":"EPSG:4326"}},"type":"Polygon","coordinates":[[[9.176290627280913,36.422193194626004],[9.18078220370151,36.422193194626004],[9.18078220370151,36.426684771046595],[9.176290627280913,36.426684771046595],[9.176290627280913,36.422193194626004]]]},"id":"2043,8109","properties":{"alea":0.05369247253012688,"classe_sol":40.0,"dans_region":true,"lat":36.4244389821962,"lat_max":36.426684771046595,"lat_min":36.422193194626004,"lon":9.178536415388193,"lon_max":9.18078220370151,"lon_min":9.176290627280913,"parcel_id":"P0270"}},{"type":"Feature","geometry":{"geodesic":false,"crs":{"type":"name","properties":{"name":"EPSG:4326"}},"type":"Polygon","coordinates":[[[9.230189544328084,36.88931714236815],[9.23468112074868,36.88931714236815],[9.23468112074868,36.89380871878875],[9.230189544328084,36.89380871878875],[9.230189544328084,36.88931714236815]]]},"id":"2055,8213","properties":{"alea":0.054145082364134955,"classe_sol":40.0,"dans_region":true,"lat":36.89156292966093,"lat_max":36.89380871878875,"lat_min":36.88931714236815,"lon":9.23243533253543,"lon_max":9.23468112074868,"lon_min":9.230189544328084,"parcel_id":"P0271"}},{"type":"Feature","geometry":{"geodesic":false,"crs":{"type":"name","properties":{"name":"EPSG:4326"}},"type":"Polygon","coordinates":[[[9.441293636096171,36.673721474179466],[9.44578521251677,36.673721474179466],[9.44578521251677,36.678213050600064],[9.441293636096171,36.678213050600064],[9.441293636096171,36.673721474179466]]]},"id":"2102,8165","properties":{"alea":0.054156185710571014,"classe_sol":40.0,"dans_region":true,"lat":36.675967261586386,"lat_max":36.678213050600064,"lat_min":36.673721474179466,"lon":9.443539424318177,"lon_max":9.44578521251677,"lon_min":9.441293636096171,"parcel_id":"P0272"}},{"type":"Feature","geometry":{"geodesic":false,"crs":{"type":"name","properties":{"name":"EPSG:4326"}},"type":"Polygon","coordinates":[[[9.495192553143342,36.646772015655884],[9.49968412956394,36.646772015655884],[9.49968412956394,36.65126359207648],[9.495192553143342,36.65126359207648],[9.495192553143342,36.646772015655884]]]},"id":"2114,8159","properties":{"alea":0.05420777728447179,"classe_sol":40.0,"dans_region":true,"lat":36.64901780314792,"lat_max":36.65126359207648,"lat_min":36.646772015655884,"lon":9.497438341335766,"lon_max":9.49968412956394,"lon_min":9.495192553143342,"parcel_id":"P0273"}},{"type":"Feature","geometry":{"geodesic":false,"crs":{"type":"name","properties":{"name":"EPSG:4326"}},"type":"Polygon","coordinates":[[[9.809602902585175,36.6108394042911],[9.814094479005773,36.6108394042911],[9.814094479005773,36.6153309807117],[9.809602902585175,36.6153309807117],[9.809602902585175,36.6108394042911]]]},"id":"2184,8151","properties":{"alea":0.05444378731107502,"classe_sol":40.0,"dans_region":true,"lat":36.61308519181542,"lat_max":36.6153309807117,"lat_min":36.6108394042911,"lon":9.81184869085964,"lon_max":9.814094479005773,"lon_min":9.809602902585175,"parcel_id":"P0274"}},{"type":"Feature","geometry":{"geodesic":false,"crs":{"type":"name","properties":{"name":"EPSG:4326"}},"type":"Polygon","coordinates":[[[9.787145020482187,36.6063478278705],[9.791636596902785,36.6063478278705],[9.791636596902785,36.6108394042911],[9.787145020482187,36.6108394042911],[9.787145020482187,36.6063478278705]]]},"id":"2179,8150","properties":{"alea":0.05447903519903696,"classe_sol":40.0,"dans_region":true,"lat":36.608593615318235,"lat_max":36.6108394042911,"lat_min":36.6063478278705,"lon":9.78939080872488,"lon_max":9.791636596902785,"lon_min":9.787145020482187,"parcel_id":"P0275"}},{"type":"Feature","geometry":{"geodesic":false,"crs":{"type":"name","properties":{"name":"EPSG:4326"}},"type":"Polygon","coordinates":[[[9.252647426431071,36.51651629945855],[9.25713900285167,36.51651629945855],[9.25713900285167,36.52100787587915],[9.252647426431071,36.52100787587915],[9.252647426431071,36.51651629945855]]]},"id":"2060,8130","properties":{"alea":0.05476653679812782,"classe_sol":40.0,"dans_region":true,"lat":36.51876208708567,"lat_max":36.52100787587915,"lat_min":36.51651629945855,"lon":9.254893214620488,"lon_max":9.25713900285167,"lon_min":9.252647426431071,"parcel_id":"P0276"}},{"type":"Feature","geometry":{"geodesic":false,"crs":{"type":"name","properties":{"name":"EPSG:4326"}},"type":"Polygon","coordinates":[[[9.270613732113462,36.673721474179466],[9.27510530853406,36.673721474179466],[9.27510530853406,36.678213050600064],[9.270613732113462,36.678213050600064],[9.270613732113462,36.673721474179466]]]},"id":"2064,8165","properties":{"alea":0.054887445233614995,"classe_sol":40.0,"dans_region":true,"lat":36.675967261633915,"lat_max":36.678213050600064,"lat_min":36.673721474179466,"lon":9.272859520289694,"lon_max":9.27510530853406,"lon_min":9.270613732113462,"parcel_id":"P0277"}},{"type":"Feature","geometry":{"geodesic":false,"crs":{"type":"name","properties":{"name":"EPSG:4326"}},"type":"Polygon","coordinates":[[[9.216714815066291,36.41321004178481],[9.221206391486888,36.41321004178481],[9.221206391486888,36.417701618205406],[9.216714815066291,36.417701618205406],[9.216714815066291,36.41321004178481]]]},"id":"2052,8107","properties":{"alea":0.0550257315795446,"classe_sol":40.0,"dans_region":true,"lat":36.41545582938661,"lat_max":36.417701618205406,"lat_min":36.41321004178481,"lon":9.218960603324607,"lon_max":9.221206391486888,"lon_min":9.216714815066291,"parcel_id":"P0278"}},{"type":"Feature","geometry":{"geodesic":false,"crs":{"type":"name","properties":{"name":"EPSG:4326"}},"type":"Polygon","coordinates":[[[9.625448269340673,36.453634229570184],[9.629939845761271,36.453634229570184],[9.629939845761271,36.45812580599078],[9.625448269340673,36.45812580599078],[9.625448269340673,36.453634229570184]]]},"id":"2143,8116","properties":{"alea":0.05513379483068204,"classe_sol":40.0,"dans_region":true,"lat":36.45588001709302,"lat_max":36.45812580599078,"lat_min":36.453634229570184,"lon":9.627694057471308,"lon_max":9.629939845761271,"lon_min":9.625448269340673,"parcel_id":"P0279"}},{"type":"Feature","geometry":{"geodesic":false,"crs":{"type":"name","properties":{"name":"EPSG:4326"}},"type":"Polygon","coordinates":[[[9.477226247460953,36.66473832133827],[9.48171782388155,36.66473832133827],[9.48171782388155,36.66922989775887],[9.477226247460953,36.66922989775887],[9.477226247460953,36.66473832133827]]]},"id":"2110,8163","properties":{"alea":0.055335545258781704,"classe_sol":40.0,"dans_region":true,"lat":36.66698410888751,"lat_max":36.66922989775887,"lat_min":36.66473832133827,"lon":9.479472035612027,"lon_max":9.48171782388155,"lon_min":9.477226247460953,"parcel_id":"P0280"}},{"type":"Feature","geometry":{"geodesic":false,"crs":{"type":"name","properties":{"name":"EPSG:4326"}},"type":"Polygon","coordinates":[[[9.692821915649638,36.65575516849707],[9.697313492070235,36.65575516849707],[9.697313492070235,36.66024674491767],[9.692821915649638,36.66024674491767],[9.692821915649638,36.65575516849707]]]},"id":"2158,8161","properties":{"alea":0.05552448192917925,"classe_sol":40.0,"dans_region":true,"lat":36.658000955922596,"lat_max":36.66024674491767,"lat_min":36.65575516849707,"lon":9.695067703835658,"lon_max":9.697313492070235,"lon_min":9.692821915649638,"parcel_id":"P0281"}},{"type":"Feature","geometry":{"geodesic":false,"crs":{"type":"name","properties":{"name":"EPSG:4326"}},"type":"Polygon","coordinates":[[[9.171799050860315,36.78151930827381],[9.176290627280913,36.78151930827381],[9.176290627280913,36.786010884694406],[9.171799050860315,36.786010884694406],[9.171799050860315,36.78151930827381]]]},"id":"2042,8189","properties":{"alea":0.055640065394218285,"classe_sol":40.0,"dans_region":true,"lat":36.7837650957201,"lat_max":36.786010884694406,"lat_min":36.78151930827381,"lon":9.174044839052073,"lon_max":9.176290627280913,"lon_min":9.171799050860315,"parcel_id":"P0282"}},{"type":"Feature","geometry":{"geodesic":false,"crs":{"type":"name","properties":{"name":"EPSG:4326"}},"type":"Polygon","coordinates":[[[9.207731662225095,36.48956684093496],[9.212223238645693,36.48956684093496],[9.212223238645693,36.49405841735556],[9.207731662225095,36.49405841735556],[9.207731662225095,36.48956684093496]]]},"id":"2050,8124","properties":{"alea":0.05566990749651746,"classe_sol":40.0,"dans_region":true,"lat":36.49181262840287,"lat_max":36.49405841735556,"lat_min":36.48956684093496,"lon":9.209977450377679,"lon_max":9.212223238645693,"lon_min":9.207731662225095,"parcel_id":"P0283"}},{"type":"Feature","geometry":{"geodesic":false,"crs":{"type":"name","properties":{"name":"EPSG:4326"}},"type":"Polygon","coordinates":[[[9.692821915649638,36.52549945229975],[9.697313492070235,36.52549945229975],[9.697313492070235,36.529991028720346],[9.692821915649638,36.529991028720346],[9.692821915649638,36.52549945229975]]]},"id":"2158,8132","properties":{"alea":0.055878596567871974,"classe_sol":40.0,"dans_region":true,"lat":36.52774523987509,"lat_max":36.529991028720346,"lat_min":36.52549945229975,"lon":9.695067703868979,"lon_max":9.697313492070235,"lon_min":9.692821915649638,"parcel_id":"P0284"}},{"type":"Feature","geometry":{"geodesic":false,"crs":{"type":"name","properties":{"name":"EPSG:4326"}},"type":"Polygon","coordinates":[[[9.751212409117405,36.65575516849707],[9.755703985538004,36.65575516849707],[9.755703985538004,36.66024674491767],[9.751212409117405,36.66024674491767],[9.751212409117405,36.65575516849707]]]},"id":"2171,8161","properties":{"alea":0.05594159174136215,"classe_sol":40.0,"dans_region":true,"lat":36.65800095589814,"lat_max":36.66024674491767,"lat_min":36.65575516849707,"lon":9.753458197312687,"lon_max":9.755703985538004,"lon_min":9.751212409117405,"parcel_id":"P0285"}},{"type":"Feature","geometry":{"geodesic":false,"crs":{"type":"name","properties":{"name":"EPSG:4326"}},"type":"Polygon","coordinates":[[[9.571549352293502,36.7994856139562],[9.5760409287141,36.7994856139562],[9.5760409287141,36.8039771903768],[9.571549352293502,36.8039771903768],[9.571549352293502,36.7994856139562]]]},"id":"2131,8193","properties":{"alea":0.05611560760181833,"classe_sol":40.0,"dans_region":true,"lat":36.801731401243096,"lat_max":36.8039771903768,"lat_min":36.7994856139562,"lon":9.573795140446649,"lon_max":9.5760409287141,"lon_min":9.571549352293502,"parcel_id":"P0286"}},{"type":"Feature","geometry":{"geodesic":false,"crs":{"type":"name","properties":{"name":"EPSG:4326"}},"type":"Polygon","coordinates":[[[9.679347186387844,36.44015950030839],[9.683838762808442,36.44015950030839],[9.683838762808442,36.44465107672899],[9.679347186387844,36.44465107672899],[9.679347186387844,36.44015950030839]]]},"id":"2155,8113","properties":{"alea":0.05621079831625764,"classe_sol":40.0,"dans_region":true,"lat":36.44240528777382,"lat_max":36.44465107672899,"lat_min":36.44015950030839,"lon":9.68159297455896,"lon_max":9.683838762808442,"lon_min":9.679347186387844,"parcel_id":"P0287"}},{"type":"Feature","geometry":{"geodesic":false,"crs":{"type":"name","properties":{"name":"EPSG:4326"}},"type":"Polygon","coordinates":[[[9.203240085804499,36.65126359207648],[9.207731662225095,36.65126359207648],[9.207731662225095,36.65575516849707],[9.203240085804499,36.65575516849707],[9.203240085804499,36.65126359207648]]]},"id":"2049,8160","properties":{"alea":0.05625347307287143,"classe_sol":40.0,"dans_region":true,"lat":36.65350937949182,"lat_max":36.65575516849707,"lat_min":36.65126359207648,"lon":9.205485874034308,"lon_max":9.207731662225095,"lon_min":9.203240085804499,"parcel_id":"P0288"}},{"type":"Feature","geometry":{"geodesic":false,"crs":{"type":"name","properties":{"name":"EPSG:4326"}},"type":"Polygon","coordinates":[[[9.55807462303171,36.790502461115004],[9.562566199452307,36.790502461115004],[9.562566199452307,36.7949940375356],[9.55807462303171,36.7949940375356],[9.55807462303171,36.790502461115004]]]},"id":"2128,8191","properties":{"alea":0.056353005798902456,"classe_sol":40.0,"dans_region":true,"lat":36.792748248501915,"lat_max":36.7949940375356,"lat_min":36.790502461115004,"lon":9.560320411242204,"lon_max":9.562566199452307,"lon_min":9.55807462303171,"parcel_id":"P0289"}},{"type":"Feature","geometry":{"geodesic":false,"crs":{"type":"name","properties":{"name":"EPSG:4326"}},"type":"Polygon","coordinates":[[[9.23468112074868,36.74558669690903],[9.239172697169279,36.74558669690903],[9.239172697169279,36.75007827332963],[9.23468112074868,36.75007827332963],[9.23468112074868,36.74558669690903]]]},"id":"2056,8181","properties":{"alea":0.05635967496493177,"classe_sol":40.0,"dans_region":true,"lat":36.74783248432294,"lat_max":36.75007827332963,"lat_min":36.74558669690903,"lon":9.2369269090213,"lon_max":9.239172697169279,"lon_min":9.23468112074868,"parcel_id":"P0290"}},{"type":"Feature","geometry":{"geodesic":false,"crs":{"type":"name","properties":{"name":"EPSG:4326"}},"type":"Polygon","coordinates":[[[9.230189544328084,36.485075264514364],[9.23468112074868,36.485075264514364],[9.23468112074868,36.48956684093496],[9.230189544328084,36.48956684093496],[9.230189544328084,36.485075264514364]]]},"id":"2055,8123","properties":{"alea":0.05638486020425926,"classe_sol":40.0,"dans_region":true,"lat":36.48732105216943,"lat_max":36.48956684093496,"lat_min":36.485075264514364,"lon":9.232435332576134,"lon_max":9.23468112074868,"lon_min":9.230189544328084,"parcel_id":"P0291"}},{"type":"Feature","geometry":{"geodesic":false,"crs":{"type":"name","properties":{"name":"EPSG:4326"}},"type":"Polygon","coordinates":[[[9.7646871383792,36.69168777986186],[9.769178714799796,36.69168777986186],[9.769178714799796,36.69617935628246],[9.7646871383792,36.69617935628246],[9.7646871383792,36.69168777986186]]]},"id":"2174,8169","properties":{"alea":0.056614952316349165,"classe_sol":40.0,"dans_region":true,"lat":36.69393356723213,"lat_max":36.69617935628246,"lat_min":36.69168777986186,"lon":9.766932926570567,"lon_max":9.769178714799796,"lon_min":9.7646871383792,"parcel_id":"P0292"}},{"type":"Feature","geometry":{"geodesic":false,"crs":{"type":"name","properties":{"name":"EPSG:4326"}},"type":"Polygon","coordinates":[[[9.077475946027764,36.72762039122664],[9.081967522448362,36.72762039122664],[9.081967522448362,36.732111967647235],[9.077475946027764,36.732111967647235],[9.077475946027764,36.72762039122664]]]},"id":"2021,8177","properties":{"alea":0.05679099684083044,"classe_sol":40.0,"dans_region":true,"lat":36.72986617861563,"lat_max":36.732111967647235,"lat_min":36.72762039122664,"lon":9.079721734247308,"lon_max":9.081967522448362,"lon_min":9.077475946027764,"parcel_id":"P0293"}},{"type":"Feature","geometry":{"geodesic":false,"crs":{"type":"name","properties":{"name":"EPSG:4326"}},"type":"Polygon","coordinates":[[[9.346970531263622,36.844401378162175],[9.351462107684219,36.844401378162175],[9.351462107684219,36.84889295458277],[9.346970531263622,36.84889295458277],[9.346970531263622,36.844401378162175]]]},"id":"2081,8203","properties":{"alea":0.057047993397757124,"classe_sol":40.0,"dans_region":true,"lat":36.84664716552467,"lat_max":36.84889295458277,"lat_min":36.844401378162175,"lon":9.349216319475588,"lon_max":9.351462107684219,"lon_min":9.346970531263622,"parcel_id":"P0294"}},{"type":"Feature","geometry":{"geodesic":false,"crs":{"type":"name","properties":{"name":"EPSG:4326"}},"type":"Polygon","coordinates":[[[9.297563190637048,36.426684771046595],[9.302054767057646,36.426684771046595],[9.302054767057646,36.43117634746719],[9.297563190637048,36.43117634746719],[9.297563190637048,36.426684771046595]]]},"id":"2070,8110","properties":{"alea":0.05730681670996929,"classe_sol":40.0,"dans_region":true,"lat":36.42893055859292,"lat_max":36.43117634746719,"lat_min":36.426684771046595,"lon":9.299808978844192,"lon_max":9.302054767057646,"lon_min":9.297563190637048,"parcel_id":"P0295"}},{"type":"Feature","geometry":{"geodesic":false,"crs":{"type":"name","properties":{"name":"EPSG:4326"}},"type":"Polygon","coordinates":[[[9.297563190637048,36.48956684093496],[9.302054767057646,36.48956684093496],[9.302054767057646,36.49405841735556],[9.297563190637048,36.49405841735556],[9.297563190637048,36.48956684093496]]]},"id":"2070,8124","properties":{"alea":0.05742900982359911,"classe_sol":40.0,"dans_region":true,"lat":36.49181262843645,"lat_max":36.49405841735556,"lat_min":36.48956684093496,"lon":9.299808978779224,"lon_max":9.302054767057646,"lon_min":9.297563190637048,"parcel_id":"P0296"}},{"type":"Feature","geometry":{"geodesic":false,"crs":{"type":"name","properties":{"name":"EPSG:4326"}},"type":"Polygon","coordinates":[[[9.5760409287141,36.8084687667974],[9.580532505134697,36.8084687667974],[9.580532505134697,36.812960343217995],[9.5760409287141,36.812960343217995],[9.5760409287141,36.8084687667974]]]},"id":"2132,8195","properties":{"alea":0.05760640420750507,"classe_sol":40.0,"dans_region":true,"lat":36.810714554181665,"lat_max":36.812960343217995,"lat_min":36.8084687667974,"lon":9.578286716982346,"lon_max":9.580532505134697,"lon_min":9.5760409287141,"parcel_id":"P0297"}},{"type":"Feature","geometry":{"geodesic":false,"crs":{"type":"name","properties":{"name":"EPSG:4326"}},"type":"Polygon","coordinates":[[[9.773670291220395,36.485075264514364],[9.778161867640993,36.485075264514364],[9.778161867640993,36.48956684093496],[9.773670291220395,36.48956684093496],[9.773670291220395,36.485075264514364]]]},"id":"2176,8123","properties":{"alea":0.057679008957584155,"classe_sol":40.0,"dans_region":true,"lat":36.48732105215541,"lat_max":36.48956684093496,"lat_min":36.485075264514364,"lon":9.775916079406706,"lon_max":9.778161867640993,"lon_min":9.773670291220395,"parcel_id":"P0298"}},{"type":"Feature","geometry":{"geodesic":false,"crs":{"type":"name","properties":{"name":"EPSG:4326"}},"type":"Polygon","coordinates":[[[9.373919989787208,36.8039771903768],[9.378411566207804,36.8039771903768],[9.378411566207804,36.8084687667974],[9.373919989787208,36.8084687667974],[9.373919989787208,36.8039771903768]]]},"id":"2087,8194","properties":{"alea":0.05778377866165241,"classe_sol":40.0,"dans_region":true,"lat":36.80622297772285,"lat_max":36.8084687667974,"lat_min":36.8039771903768,"lon":9.376165778051435,"lon_max":9.378411566207804,"lon_min":9.373919989787208,"parcel_id":"P0299"}},{"type":"Feature","geometry":{"geodesic":false,"crs":{"type":"name","properties":{"name":"EPSG:4326"}},"type":"Polygon","coordinates":[[[9.450276788937366,36.700670932703055],[9.454768365357964,36.700670932703055],[9.454768365357964,36.70516250912365],[9.450276788937366,36.70516250912365],[9.450276788937366,36.700670932703055]]]},"id":"2104,8171","properties":{"alea":0.05784973119968395,"classe_sol":40.0,"dans_region":true,"lat":36.70291672012754,"lat_max":36.70516250912365,"lat_min":36.700670932703055,"lon":9.452522577081492,"lon_max":9.454768365357964,"lon_min":9.450276788937366,"parcel_id":"P0300"}},{"type":"Feature","geometry":{"geodesic":false,"crs":{"type":"name","properties":{"name":"EPSG:4326"}},"type":"Polygon","coordinates":[[[9.31103791989884,36.71863723838544],[9.315529496319439,36.71863723838544],[9.315529496319439,36.72312881480604],[9.31103791989884,36.72312881480604],[9.31103791989884,36.71863723838544]]]},"id":"2073,8175","properties":{"alea":0.05803444844842809,"classe_sol":40.0,"dans_region":true,"lat":36.72088302580364,"lat_max":36.72312881480604,"lat_min":36.71863723838544,"lon":9.313283708086692,"lon_max":9.315529496319439,"lon_min":9.31103791989884,"parcel_id":"P0301"}},{"type":"Feature","geometry":{"geodesic":false,"crs":{"type":"name","properties":{"name":"EPSG:4326"}},"type":"Polygon","coordinates":[[[9.306546343478242,36.844401378162175],[9.31103791989884,36.844401378162175],[9.31103791989884,36.84889295458277],[9.306546343478242,36.84889295458277],[9.306546343478242,36.844401378162175]]]},"id":"2072,8203","properties":{"alea":0.058096204123231465,"classe_sol":40.0,"dans_region":true,"lat":36.84664716549249,"lat_max":36.84889295458277,"lat_min":36.844401378162175,"lon":9.308792131669938,"lon_max":9.31103791989884,"lon_min":9.306546343478242,"parcel_id":"P0302"}},{"type":"Feature","geometry":{"geodesic":false,"crs":{"type":"name","properties":{"name":"EPSG:4326"}},"type":"Polygon","coordinates":[[[9.131374863074937,36.979148670780106],[9.135866439495533,36.979148670780106],[9.135866439495533,36.983640247200704],[9.131374863074937,36.983640247200704],[9.131374863074937,36.979148670780106]]]},"id":"2033,8233","properties":{"alea":0.05830768314938206,"classe_sol":40.0,"dans_region":true,"lat":36.98139445799371,"lat_max":36.983640247200704,"lat_min":36.979148670780106,"lon":9.133620651232267,"lon_max":9.135866439495533,"lon_min":9.131374863074937,"parcel_id":"P0303"}},{"type":"Feature","geometry":{"geodesic":false,"crs":{"type":"name","properties":{"name":"EPSG:4326"}},"type":"Polygon","coordinates":[[[9.176290627280913,36.50304157019676],[9.18078220370151,36.50304157019676],[9.18078220370151,36.507533146617355],[9.176290627280913,36.507533146617355],[9.176290627280913,36.50304157019676]]]},"id":"2043,8127","properties":{"alea":0.058508462474353595,"classe_sol":40.0,"dans_region":true,"lat":36.50528735770912,"lat_max":36.507533146617355,"lat_min":36.50304157019676,"lon":9.178536415424118,"lon_max":9.18078220370151,"lon_min":9.176290627280913,"parcel_id":"P0304"}},{"type":"Feature","geometry":{"geodesic":false,"crs":{"type":"name","properties":{"name":"EPSG:4326"}},"type":"Polygon","coordinates":[[[9.540108317349318,36.63329728639409],[9.544599893769917,36.63329728639409],[9.544599893769917,36.63778886281469],[9.540108317349318,36.63778886281469],[9.540108317349318,36.63329728639409]]]},"id":"2124,8156","properties":{"alea":0.058573387687198,"classe_sol":40.0,"dans_region":true,"lat":36.63554307395045,"lat_max":36.63778886281469,"lat_min":36.63329728639409,"lon":9.542354105514994,"lon_max":9.544599893769917,"lon_min":9.540108317349318,"parcel_id":"P0305"}},{"type":"Feature","geometry":{"geodesic":false,"crs":{"type":"name","properties":{"name":"EPSG:4326"}},"type":"Polygon","coordinates":[[[9.692821915649638,36.529991028720346],[9.697313492070235,36.529991028720346],[9.697313492070235,36.534482605140944],[9.692821915649638,36.534482605140944],[9.692821915649638,36.529991028720346]]]},"id":"2158,8133","properties":{"alea":0.05886395038023928,"classe_sol":40.0,"dans_region":true,"lat":36.532236816209824,"lat_max":36.534482605140944,"lat_min":36.529991028720346,"lon":9.695067703859621,"lon_max":9.697313492070235,"lon_min":9.692821915649638,"parcel_id":"P0306"}},{"type":"Feature","geometry":{"geodesic":false,"crs":{"type":"name","properties":{"name":"EPSG:4326"}},"type":"Polygon","coordinates":[[[9.16281589801912,36.43117634746719],[9.167307474439717,36.43117634746719],[9.167307474439717,36.43566792388779],[9.16281589801912,36.43566792388779],[9.16281589801912,36.43117634746719]]]},"id":"2040,8111","properties":{"alea":0.05887070691290275,"classe_sol":40.0,"dans_region":true,"lat":36.433422135107605,"lat_max":36.43566792388779,"lat_min":36.43117634746719,"lon":9.165061686195903,"lon_max":9.167307474439717,"lon_min":9.16281589801912,"parcel_id":"P0307"}},{"type":"Feature","geometry":{"geodesic":false,"crs":{"type":"name","properties":{"name":"EPSG:4326"}},"type":"Polygon","coordinates":[[[9.270613732113462,36.41321004178481],[9.27510530853406,36.41321004178481],[9.27510530853406,36.417701618205406],[9.270613732113462,36.417701618205406],[9.270613732113462,36.41321004178481]]]},"id":"2064,8107","properties":{"alea":0.05887647356786008,"classe_sol":40.0,"dans_region":true,"lat":36.41545582939044,"lat_max":36.417701618205406,"lat_min":36.41321004178481,"lon":9.272859520282271,"lon_max":9.27510530853406,"lon_min":9.270613732113462,"parcel_id":"P0308"}},{"type":"Feature","geometry":{"geodesic":false,"crs":{"type":"name","properties":{"name":"EPSG:4326"}},"type":"Polygon","coordinates":[[[9.279596884954657,36.66922989775887],[9.284088461375255,36.66922989775887],[9.284088461375255,36.673721474179466],[9.279596884954657,36.673721474179466],[9.279596884954657,36.66922989775887]]]},"id":"2066,8164","properties":{"alea":0.05908237461841159,"classe_sol":40.0,"dans_region":true,"lat":36.67147568522971,"lat_max":36.673721474179466,"lat_min":36.66922989775887,"lon":9.281842673148635,"lon_max":9.284088461375255,"lon_min":9.279596884954657,"parcel_id":"P0309"}},{"type":"Feature","geometry":{"geodesic":false,"crs":{"type":"name","properties":{"name":"EPSG:4326"}},"type":"Polygon","coordinates":[[[9.270613732113462,36.925249753732935],[9.27510530853406,36.925249753732935],[9.27510530853406,36.92974133015353],[9.270613732113462,36.92974133015353],[9.270613732113462,36.925249753732935]]]},"id":"2064,8221","properties":{"alea":0.059135431877097244,"classe_sol":40.0,"dans_region":true,"lat":36.927495541020235,"lat_max":36.92974133015353,"lat_min":36.925249753732935,"lon":9.272859520325905,"lon_max":9.27510530853406,"lon_min":9.270613732113462,"parcel_id":"P0310"}},{"type":"Feature","geometry":{"geodesic":false,"crs":{"type":"name","properties":{"name":"EPSG:4326"}},"type":"Polygon","coordinates":[[[9.719771374173224,36.49405841735556],[9.72426295059382,36.49405841735556],[9.72426295059382,36.49854999377616],[9.719771374173224,36.49854999377616],[9.719771374173224,36.49405841735556]]]},"id":"2164,8125","properties":{"alea":0.05943115043952241,"classe_sol":40.0,"dans_region":true,"lat":36.4963042048533,"lat_max":36.49854999377616,"lat_min":36.49405841735556,"lon":9.722017162417922,"lon_max":9.72426295059382,"lon_min":9.719771374173224,"parcel_id":"P0311"}},{"type":"Feature","geometry":{"geodesic":false,"crs":{"type":"name","properties":{"name":"EPSG:4326"}},"type":"Polygon","coordinates":[[[9.29307161421645,36.77253615543261],[9.297563190637048,36.77253615543261],[9.297563190637048,36.77702773185321],[9.29307161421645,36.77702773185321],[9.29307161421645,36.77253615543261]]]},"id":"2069,8187","properties":{"alea":0.05947713144289368,"classe_sol":40.0,"dans_region":true,"lat":36.77478194284181,"lat_max":36.77702773185321,"lat_min":36.77253615543261,"lon":9.295317402511815,"lon_max":9.297563190637048,"lon_min":9.29307161421645,"parcel_id":"P0312"}},{"type":"Feature","geometry":{"geodesic":false,"crs":{"type":"name","properties":{"name":"EPSG:4326"}},"type":"Polygon","coordinates":[[[9.243664273589877,36.6108394042911],[9.248155850010475,36.6108394042911],[9.248155850010475,36.6153309807117],[9.243664273589877,36.6153309807117],[9.243664273589877,36.6108394042911]]]},"id":"2058,8151","properties":{"alea":0.0595859985549404,"classe_sol":40.0,"dans_region":true,"lat":36.613085191809226,"lat_max":36.6153309807117,"lat_min":36.6108394042911,"lon":9.24591006182967,"lon_max":9.248155850010475,"lon_min":9.243664273589877,"parcel_id":"P0313"}},{"type":"Feature","geometry":{"geodesic":false,"crs":{"type":"name","properties":{"name":"EPSG:4326"}},"type":"Polygon","coordinates":[[[9.12239171023374,36.956690788677115],[9.126883286654339,36.956690788677115],[9.126883286654339,36.96118236509771],[9.12239171023374,36.96118236509771],[9.12239171023374,36.956690788677115]]]},"id":"2031,8228","properties":{"alea":0.05964549924276363,"classe_sol":40.0,"dans_region":true,"lat":36.95893657591782,"lat_max":36.96118236509771,"lat_min":36.956690788677115,"lon":9.124637498465978,"lon_max":9.126883286654339,"lon_min":9.12239171023374,"parcel_id":"P0314"}},{"type":"Feature","geometry":{"geodesic":false,"crs":{"type":"name","properties":{"name":"EPSG:4326"}},"type":"Polygon","coordinates":[[[9.140358015916132,36.979148670780106],[9.14484959233673,36.979148670780106],[9.14484959233673,36.983640247200704],[9.140358015916132,36.983640247200704],[9.140358015916132,36.979148670780106]]]},"id":"2035,8233","properties":{"alea":0.05977054828306727,"classe_sol":40.0,"dans_region":true,"lat":36.9813944580162,"lat_max":36.983640247200704,"lat_min":36.979148670780106,"lon":9.14260380410524,"lon_max":9.14484959233673,"lon_min":9.140358015916132,"parcel_id":"P0315"}},{"type":"Feature","geometry":{"geodesic":false,"crs":{"type":"name","properties":{"name":"EPSG:4326"}},"type":"Polygon","coordinates":[[[9.63443142218187,36.44465107672899],[9.638922998602466,36.44465107672899],[9.638922998602466,36.449142653149586],[9.63443142218187,36.449142653149586],[9.63443142218187,36.44465107672899]]]},"id":"2145,8114","properties":{"alea":0.059892525623567394,"classe_sol":40.0,"dans_region":true,"lat":36.44689686435988,"lat_max":36.449142653149586,"lat_min":36.44465107672899,"lon":9.636677210449394,"lon_max":9.638922998602466,"lon_min":9.63443142218187,"parcel_id":"P0316"}},{"type":"Feature","geometry":{"geodesic":false,"crs":{"type":"name","properties":{"name":"EPSG:4326"}},"type":"Polygon","coordinates":[[[9.29307161421645,36.88482556594755],[9.297563190637048,36.88482556594755],[9.297563190637048,36.88931714236815],[9.29307161421645,36.88931714236815],[9.29307161421645,36.88482556594755]]]},"id":"2069,8212","properties":{"alea":0.06004832657261827,"classe_sol":40.0,"dans_region":true,"lat":36.88707135330965,"lat_max":36.88931714236815,"lat_min":36.88482556594755,"lon":9.295317402420979,"lon_max":9.297563190637048,"lon_min":9.29307161421645,"parcel_id":"P0317"}},{"type":"Feature","geometry":{"geodesic":false,"crs":{"type":"name","properties":{"name":"EPSG:4326"}},"type":"Polygon","coordinates":[[[9.14484959233673,36.78151930827381],[9.149341168757326,36.78151930827381],[9.149341168757326,36.786010884694406],[9.14484959233673,36.786010884694406],[9.14484959233673,36.78151930827381]]]},"id":"2036,8189","properties":{"alea":0.06005960053886361,"classe_sol":40.0,"dans_region":true,"lat":36.78376509573091,"lat_max":36.786010884694406,"lat_min":36.78151930827381,"lon":9.147095380608604,"lon_max":9.149341168757326,"lon_min":9.14484959233673,"parcel_id":"P0318"}},{"type":"Feature","geometry":{"geodesic":false,"crs":{"type":"name","properties":{"name":"EPSG:4326"}},"type":"Polygon","coordinates":[[[9.230189544328084,36.50304157019676],[9.23468112074868,36.50304157019676],[9.23468112074868,36.507533146617355],[9.230189544328084,36.507533146617355],[9.230189544328084,36.50304157019676]]]},"id":"2055,8127","properties":{"alea":0.0601467499550169,"classe_sol":40.0,"dans_region":true,"lat":36.505287357724306,"lat_max":36.507533146617355,"lat_min":36.50304157019676,"lon":9.232435332595946,"lon_max":9.23468112074868,"lon_min":9.230189544328084,"parcel_id":"P0319"}},{"type":"Feature","geometry":{"geodesic":false,"crs":{"type":"name","properties":{"name":"EPSG:4326"}},"type":"Polygon","coordinates":[[[9.25713900285167,36.75007827332963],[9.261630579272268,36.75007827332963],[9.261630579272268,36.754569849750226],[9.25713900285167,36.754569849750226],[9.25713900285167,36.75007827332963]]]},"id":"2061,8182","properties":{"alea":0.060304368781192275,"classe_sol":40.0,"dans_region":true,"lat":36.75232406072265,"lat_max":36.754569849750226,"lat_min":36.75007827332963,"lon":9.259384791042727,"lon_max":9.261630579272268,"lon_min":9.25713900285167,"parcel_id":"P0320"}},{"type":"Feature","geometry":{"geodesic":false,"crs":{"type":"name","properties":{"name":"EPSG:4326"}},"type":"Polygon","coordinates":[[[9.773670291220395,36.63329728639409],[9.778161867640993,36.63329728639409],[9.778161867640993,36.63778886281469],[9.773670291220395,36.63778886281469],[9.773670291220395,36.63329728639409]]]},"id":"2176,8156","properties":{"alea":0.060371608921427455,"classe_sol":40.0,"dans_region":true,"lat":36.635543073994725,"lat_max":36.63778886281469,"lat_min":36.63329728639409,"lon":9.775916079390203,"lon_max":9.778161867640993,"lon_min":9.773670291220395,"parcel_id":"P0321"}},{"type":"Feature","geometry":{"geodesic":false,"crs":{"type":"name","properties":{"name":"EPSG:4326"}},"type":"Polygon","coordinates":[[[9.760195561958602,36.54346575798213],[9.7646871383792,36.54346575798213],[9.7646871383792,36.54795733440273],[9.760195561958602,36.54795733440273],[9.760195561958602,36.54346575798213]]]},"id":"2173,8136","properties":{"alea":0.06040064665569156,"classe_sol":40.0,"dans_region":true,"lat":36.545711545510684,"lat_max":36.54795733440273,"lat_min":36.54346575798213,"lon":9.762441350174122,"lon_max":9.7646871383792,"lon_min":9.760195561958602,"parcel_id":"P0322"}},{"type":"Feature","geometry":{"geodesic":false,"crs":{"type":"name","properties":{"name":"EPSG:4326"}},"type":"Polygon","coordinates":[[[9.284088461375255,36.85787610742397],[9.288580037795853,36.85787610742397],[9.288580037795853,36.86236768384457],[9.284088461375255,36.86236768384457],[9.284088461375255,36.85787610742397]]]},"id":"2067,8206","properties":{"alea":0.06111809973758542,"classe_sol":40.0,"dans_region":true,"lat":36.86012189478869,"lat_max":36.86236768384457,"lat_min":36.85787610742397,"lon":9.286334249594777,"lon_max":9.288580037795853,"lon_min":9.284088461375255,"parcel_id":"P0323"}},{"type":"Feature","geometry":{"geodesic":false,"crs":{"type":"name","properties":{"name":"EPSG:4326"}},"type":"Polygon","coordinates":[[[9.773670291220395,36.66922989775887],[9.778161867640993,36.66922989775887],[9.778161867640993,36.673721474179466],[9.773670291220395,36.673721474179466],[9.773670291220395,36.66922989775887]]]},"id":"2176,8164","properties":{"alea":0.06114363760207786,"classe_sol":40.0,"dans_region":true,"lat":36.671475685187055,"lat_max":36.673721474179466,"lat_min":36.66922989775887,"lon":9.775916079377422,"lon_max":9.778161867640993,"lon_min":9.773670291220395,"parcel_id":"P0324"}},{"type":"Feature","geometry":{"geodesic":false,"crs":{"type":"name","properties":{"name":"EPSG:4326"}},"type":"Polygon","coordinates":[[[9.346970531263622,36.74558669690903],[9.351462107684219,36.74558669690903],[9.351462107684219,36.75007827332963],[9.346970531263622,36.75007827332963],[9.346970531263622,36.74558669690903]]]},"id":"2081,8181","properties":{"alea":0.06115017357463781,"classe_sol":40.0,"dans_region":true,"lat":36.74783248437338,"lat_max":36.75007827332963,"lat_min":36.74558669690903,"lon":9.34921631955408,"lon_max":9.351462107684219,"lon_min":9.346970531263622,"parcel_id":"P0325"}},{"type":"Feature","geometry":{"geodesic":false,"crs":{"type":"name","properties":{"name":"EPSG:4326"}},"type":"Polygon","coordinates":[[[9.44578521251677,36.49854999377616],[9.450276788937366,36.49854999377616],[9.450276788937366,36.50304157019676],[9.44578521251677,36.50304157019676],[9.44578521251677,36.49854999377616]]]},"id":"2103,8126","properties":{"alea":0.061162881135985114,"classe_sol":40.0,"dans_region":true,"lat":36.50079578136358,"lat_max":36.50304157019676,"lat_min":36.49854999377616,"lon":9.448031000760745,"lon_max":9.450276788937366,"lon_min":9.44578521251677,"parcel_id":"P0326"}},{"type":"Feature","geometry":{"geodesic":false,"crs":{"type":"name","properties":{"name":"EPSG:4326"}},"type":"Polygon","coordinates":[[[9.243664273589877,36.71414566196484],[9.248155850010475,36.71414566196484],[9.248155850010475,36.71863723838544],[9.243664273589877,36.71863723838544],[9.243664273589877,36.71414566196484]]]},"id":"2058,8174","properties":{"alea":0.061190931077480526,"classe_sol":40.0,"dans_region":true,"lat":36.716391449375706,"lat_max":36.71863723838544,"lat_min":36.71414566196484,"lon":9.2459100617987,"lon_max":9.248155850010475,"lon_min":9.243664273589877,"parcel_id":"P0327"}},{"type":"Feature","geometry":{"geodesic":false,"crs":{"type":"name","properties":{"name":"EPSG:4326"}},"type":"Polygon","coordinates":[[[9.53561674092872,36.75007827332963],[9.540108317349318,36.75007827332963],[9.540108317349318,36.754569849750226],[9.53561674092872,36.754569849750226],[9.53561674092872,36.75007827332963]]]},"id":"2123,8182","properties":{"alea":0.06124214920833726,"classe_sol":40.0,"dans_region":true,"lat":36.75232406065381,"lat_max":36.754569849750226,"lat_min":36.75007827332963,"lon":9.537862529177865,"lon_max":9.540108317349318,"lon_min":9.53561674092872,"parcel_id":"P0328"}},{"type":"Feature","geometry":{"geodesic":false,"crs":{"type":"name","properties":{"name":"EPSG:4326"}},"type":"Polygon","coordinates":[[[9.212223238645693,36.812960343217995],[9.216714815066291,36.812960343217995],[9.216714815066291,36.81745191963859],[9.212223238645693,36.81745191963859],[9.212223238645693,36.812960343217995]]]},"id":"2051,8196","properties":{"alea":0.061269041357004506,"classe_sol":40.0,"dans_region":true,"lat":36.81520613063627,"lat_max":36.81745191963859,"lat_min":36.812960343217995,"lon":9.214469026904156,"lon_max":9.216714815066291,"lon_min":9.212223238645693,"parcel_id":"P0329"}},{"type":"Feature","geometry":{"geodesic":false,"crs":{"type":"name","properties":{"name":"EPSG:4326"}},"type":"Polygon","coordinates":[[[9.171799050860315,36.57490679292632],[9.176290627280913,36.57490679292632],[9.176290627280913,36.57939836934692],[9.171799050860315,36.57939836934692],[9.171799050860315,36.57490679292632]]]},"id":"2042,8143","properties":{"alea":0.061404262047917935,"classe_sol":40.0,"dans_region":true,"lat":36.577152580429996,"lat_max":36.57939836934692,"lat_min":36.57490679292632,"lon":9.174044839066154,"lon_max":9.176290627280913,"lon_min":9.171799050860315,"parcel_id":"P0330"}},{"type":"Feature","geometry":{"geodesic":false,"crs":{"type":"name","properties":{"name":"EPSG:4326"}},"type":"Polygon","coordinates":[[[9.279596884954657,36.646772015655884],[9.284088461375255,36.646772015655884],[9.284088461375255,36.65126359207648],[9.279596884954657,36.65126359207648],[9.279596884954657,36.646772015655884]]]},"id":"2066,8159","properties":{"alea":0.061612719687162865,"classe_sol":40.0,"dans_region":true,"lat":36.64901780320191,"lat_max":36.65126359207648,"lat_min":36.646772015655884,"lon":9.281842673180272,"lon_max":9.284088461375255,"lon_min":9.279596884954657,"parcel_id":"P0331"}},{"type":"Feature","geometry":{"geodesic":false,"crs":{"type":"name","properties":{"name":"EPSG:4326"}},"type":"Polygon","coordinates":[[[9.737737679855613,36.480583688093766],[9.742229256276211,36.480583688093766],[9.742229256276211,36.485075264514364],[9.737737679855613,36.485075264514364],[9.737737679855613,36.480583688093766]]]},"id":"2168,8122","properties":{"alea":0.061962929576317105,"classe_sol":40.0,"dans_region":true,"lat":36.48282947561903,"lat_max":36.485075264514364,"lat_min":36.480583688093766,"lon":9.739983468090626,"lon_max":9.742229256276211,"lon_min":9.737737679855613,"parcel_id":"P0332"}},{"type":"Feature","geometry":{"geodesic":false,"crs":{"type":"name","properties":{"name":"EPSG:4326"}},"type":"Polygon","coordinates":[[[9.243664273589877,36.646772015655884],[9.248155850010475,36.646772015655884],[9.248155850010475,36.65126359207648],[9.243664273589877,36.65126359207648],[9.243664273589877,36.646772015655884]]]},"id":"2058,8159","properties":{"alea":0.06196425485169299,"classe_sol":40.0,"dans_region":true,"lat":36.6490178031498,"lat_max":36.65126359207648,"lat_min":36.646772015655884,"lon":9.245910061822523,"lon_max":9.248155850010475,"lon_min":9.243664273589877,"parcel_id":"P0333"}},{"type":"Feature","geometry":{"geodesic":false,"crs":{"type":"name","properties":{"name":"EPSG:4326"}},"type":"Polygon","coordinates":[[[9.562566199452307,36.646772015655884],[9.567057775872904,36.646772015655884],[9.567057775872904,36.65126359207648],[9.562566199452307,36.65126359207648],[9.562566199452307,36.646772015655884]]]},"id":"2129,8159","properties":{"alea":0.06200637803374698,"classe_sol":40.0,"dans_region":true,"lat":36.64901780318812,"lat_max":36.65126359207648,"lat_min":36.646772015655884,"lon":9.56481198760368,"lon_max":9.567057775872904,"lon_min":9.562566199452307,"parcel_id":"P0334"}},{"type":"Feature","geometry":{"geodesic":false,"crs":{"type":"name","properties":{"name":"EPSG:4326"}},"type":"Polygon","coordinates":[[[9.665872457126051,36.561432063664526],[9.67036403354665,36.561432063664526],[9.67036403354665,36.565923640085124],[9.665872457126051,36.565923640085124],[9.665872457126051,36.561432063664526]]]},"id":"2152,8140","properties":{"alea":0.062076334323633686,"classe_sol":40.0,"dans_region":true,"lat":36.56367785114421,"lat_max":36.565923640085124,"lat_min":36.561432063664526,"lon":9.66811824532243,"lon_max":9.67036403354665,"lon_min":9.665872457126051,"parcel_id":"P0335"}},{"type":"Feature","geometry":{"geodesic":false,"crs":{"type":"name","properties":{"name":"EPSG:4326"}},"type":"Polygon","coordinates":[[[9.203240085804499,36.45812580599078],[9.207731662225095,36.45812580599078],[9.207731662225095,36.46261738241138],[9.203240085804499,36.46261738241138],[9.203240085804499,36.45812580599078]]]},"id":"2049,8117","properties":{"alea":0.06215375222917252,"classe_sol":40.0,"dans_region":true,"lat":36.460371593589,"lat_max":36.46261738241138,"lat_min":36.45812580599078,"lon":9.20548587393822,"lon_max":9.207731662225095,"lon_min":9.203240085804499,"parcel_id":"P0336"}},{"type":"Feature","geometry":{"geodesic":false,"crs":{"type":"name","properties":{"name":"EPSG:4326"}},"type":"Polygon","coordinates":[[[9.351462107684219,36.81745191963859],[9.355953684104817,36.81745191963859],[9.355953684104817,36.82194349605919],[9.351462107684219,36.82194349605919],[9.351462107684219,36.81745191963859]]]},"id":"2082,8197","properties":{"alea":0.06224972247542415,"classe_sol":40.0,"dans_region":true,"lat":36.81969770701539,"lat_max":36.82194349605919,"lat_min":36.81745191963859,"lon":9.353707895853468,"lon_max":9.355953684104817,"lon_min":9.351462107684219,"parcel_id":"P0337"}},{"type":"Feature","geometry":{"geodesic":false,"crs":{"type":"name","properties":{"name":"EPSG:4326"}},"type":"Polygon","coordinates":[[[9.61197354007888,36.709654085544244],[9.616465116499478,36.709654085544244],[9.616465116499478,36.71414566196484],[9.61197354007888,36.71414566196484],[9.61197354007888,36.709654085544244]]]},"id":"2140,8173","properties":{"alea":0.06228597548236292,"classe_sol":40.0,"dans_region":true,"lat":36.711899873063146,"lat_max":36.71414566196484,"lat_min":36.709654085544244,"lon":9.61421932830472,"lon_max":9.616465116499478,"lon_min":9.61197354007888,"parcel_id":"P0338"}},{"type":"Feature","geometry":{"geodesic":false,"crs":{"type":"name","properties":{"name":"EPSG:4326"}},"type":"Polygon","coordinates":[[[9.158324321598522,36.83541822532098],[9.16281589801912,36.83541822532098],[9.16281589801912,36.83990980174158],[9.158324321598522,36.83990980174158],[9.158324321598522,36.83541822532098]]]},"id":"2039,8201","properties":{"alea":0.062336662946292254,"classe_sol":40.0,"dans_region":true,"lat":36.837664012702895,"lat_max":36.83990980174158,"lat_min":36.83541822532098,"lon":9.160570109898917,"lon_max":9.16281589801912,"lon_min":9.158324321598522,"parcel_id":"P0339"}},{"type":"Feature","geometry":{"geodesic":false,"crs":{"type":"name","properties":{"name":"EPSG:4326"}},"type":"Polygon","coordinates":[[[9.230189544328084,36.69617935628246],[9.23468112074868,36.69617935628246],[9.23468112074868,36.700670932703055],[9.230189544328084,36.700670932703055],[9.230189544328084,36.69617935628246]]]},"id":"2055,8170","properties":{"alea":0.062378891030487105,"classe_sol":40.0,"dans_region":true,"lat":36.69842514370758,"lat_max":36.700670932703055,"lat_min":36.69617935628246,"lon":9.232435332544338,"lon_max":9.23468112074868,"lon_min":9.230189544328084,"parcel_id":"P0340"}},{"type":"Feature","geometry":{"geodesic":false,"crs":{"type":"name","properties":{"name":"EPSG:4326"}},"type":"Polygon","coordinates":[[[9.773670291220395,36.6063478278705],[9.778161867640993,36.6063478278705],[9.778161867640993,36.6108394042911],[9.773670291220395,36.6108394042911],[9.773670291220395,36.6063478278705]]]},"id":"2176,8150","properties":{"alea":0.06248433104740525,"classe_sol":40.0,"dans_region":true,"lat":36.60859361529607,"lat_max":36.6108394042911,"lat_min":36.6063478278705,"lon":9.775916079392339,"lon_max":9.778161867640993,"lon_min":9.773670291220395,"parcel_id":"P0341"}},{"type":"Feature","geometry":{"geodesic":false,"crs":{"type":"name","properties":{"name":"EPSG:4326"}},"type":"Polygon","coordinates":[[[9.329004225581231,36.485075264514364],[9.33349580200183,36.485075264514364],[9.33349580200183,36.48956684093496],[9.329004225581231,36.48956684093496],[9.329004225581231,36.485075264514364]]]},"id":"2077,8123","properties":{"alea":0.0626612414523483,"classe_sol":40.0,"dans_region":true,"lat":36.48732105216003,"lat_max":36.48956684093496,"lat_min":36.485075264514364,"lon":9.3312500138512,"lon_max":9.33349580200183,"lon_min":9.329004225581231,"parcel_id":"P0342"}},{"type":"Feature","geometry":{"geodesic":false,"crs":{"type":"name","properties":{"name":"EPSG:4326"}},"type":"Polygon","coordinates":[[[9.504175705984538,36.66922989775887],[9.508667282405135,36.66922989775887],[9.508667282405135,36.673721474179466],[9.504175705984538,36.673721474179466],[9.504175705984538,36.66922989775887]]]},"id":"2116,8164","properties":{"alea":0.06266282428375591,"classe_sol":40.0,"dans_region":true,"lat":36.67147568519565,"lat_max":36.673721474179466,"lat_min":36.66922989775887,"lon":9.50642149419314,"lon_max":9.508667282405135,"lon_min":9.504175705984538,"parcel_id":"P0343"}},{"type":"Feature","geometry":{"geodesic":false,"crs":{"type":"name","properties":{"name":"EPSG:4326"}},"type":"Polygon","coordinates":[[[9.567057775872904,36.485075264514364],[9.571549352293502,36.485075264514364],[9.571549352293502,36.48956684093496],[9.567057775872904,36.48956684093496],[9.567057775872904,36.485075264514364]]]},"id":"2130,8123","properties":{"alea":0.06271836708066425,"classe_sol":40.0,"dans_region":true,"lat":36.487321052138626,"lat_max":36.48956684093496,"lat_min":36.485075264514364,"lon":9.56930356409953,"lon_max":9.571549352293502,"lon_min":9.567057775872904,"parcel_id":"P0344"}},{"type":"Feature","geometry":{"geodesic":false,"crs":{"type":"name","properties":{"name":"EPSG:4326"}},"type":"Polygon","coordinates":[[[9.31103791989884,36.449142653149586],[9.315529496319439,36.449142653149586],[9.315529496319439,36.453634229570184],[9.31103791989884,36.453634229570184],[9.31103791989884,36.449142653149586]]]},"id":"2073,8115","properties":{"alea":0.0628144705698871,"classe_sol":40.0,"dans_region":true,"lat":36.451388440666456,"lat_max":36.453634229570184,"lat_min":36.449142653149586,"lon":9.313283708049443,"lon_max":9.315529496319439,"lon_min":9.31103791989884,"parcel_id":"P0345"}},{"type":"Feature","geometry":{"geodesic":false,"crs":{"type":"name","properties":{"name":"EPSG:4326"}},"type":"Polygon","coordinates":[[[9.140358015916132,36.58388994576752],[9.14484959233673,36.58388994576752],[9.14484959233673,36.588381522188115],[9.140358015916132,36.588381522188115],[9.140358015916132,36.58388994576752]]]},"id":"2035,8145","properties":{"alea":0.0631654592705444,"classe_sol":40.0,"dans_region":true,"lat":36.586135733167325,"lat_max":36.588381522188115,"lat_min":36.58388994576752,"lon":9.142603804112365,"lon_max":9.14484959233673,"lon_min":9.140358015916132,"parcel_id":"P0346"}},{"type":"Feature","geometry":{"geodesic":false,"crs":{"type":"name","properties":{"name":"EPSG:4326"}},"type":"Polygon","coordinates":[[[9.072984369607168,36.83541822532098],[9.077475946027764,36.83541822532098],[9.077475946027764,36.83990980174158],[9.072984369607168,36.83990980174158],[9.072984369607168,36.83541822532098]]]},"id":"2020,8201","properties":{"alea":0.0635616592240903,"classe_sol":40.0,"dans_region":true,"lat":36.837664012725234,"lat_max":36.83990980174158,"lat_min":36.83541822532098,"lon":9.075230157833614,"lon_max":9.077475946027764,"lon_min":9.072984369607168,"parcel_id":"P0347"}},{"type":"Feature","geometry":{"geodesic":false,"crs":{"type":"name","properties":{"name":"EPSG:4326"}},"type":"Polygon","coordinates":[[[9.149341168757326,36.983640247200704],[9.153832745177924,36.983640247200704],[9.153832745177924,36.9881318236213],[9.149341168757326,36.9881318236213],[9.149341168757326,36.983640247200704]]]},"id":"2037,8234","properties":{"alea":0.06388289100513733,"classe_sol":40.0,"dans_region":true,"lat":36.98588603443158,"lat_max":36.9881318236213,"lat_min":36.983640247200704,"lon":9.151586956923387,"lon_max":9.153832745177924,"lon_min":9.149341168757326,"parcel_id":"P0348"}},{"type":"Feature","geometry":{"geodesic":false,"crs":{"type":"name","properties":{"name":"EPSG:4326"}},"type":"Polygon","coordinates":[[[9.239172697169279,36.709654085544244],[9.243664273589877,36.709654085544244],[9.243664273589877,36.71414566196484],[9.239172697169279,36.71414566196484],[9.239172697169279,36.709654085544244]]]},"id":"2057,8173","properties":{"alea":0.06388788953938662,"classe_sol":40.0,"dans_region":true,"lat":36.71189987306565,"lat_max":36.71414566196484,"lat_min":36.709654085544244,"lon":9.241418485276762,"lon_max":9.243664273589877,"lon_min":9.239172697169279,"parcel_id":"P0349"}},{"type":"Feature","geometry":{"geodesic":false,"crs":{"type":"name","properties":{"name":"EPSG:4326"}},"type":"Polygon","coordinates":[[[9.099933828130753,36.49405841735556],[9.104425404551352,36.49405841735556],[9.104425404551352,36.49854999377616],[9.099933828130753,36.49854999377616],[9.099933828130753,36.49405841735556]]]},"id":"2026,8125","properties":{"alea":0.06426133441216952,"classe_sol":40.0,"dans_region":true,"lat":36.49630420486333,"lat_max":36.49854999377616,"lat_min":36.49405841735556,"lon":9.102179616298816,"lon_max":9.104425404551352,"lon_min":9.099933828130753,"parcel_id":"P0350"}},{"type":"Feature","geometry":{"geodesic":false,"crs":{"type":"name","properties":{"name":"EPSG:4326"}},"type":"Polygon","coordinates":[[[9.760195561958602,36.6108394042911],[9.7646871383792,36.6108394042911],[9.7646871383792,36.6153309807117],[9.760195561958602,36.6153309807117],[9.760195561958602,36.6108394042911]]]},"id":"2173,8151","properties":{"alea":0.06432660641109333,"classe_sol":40.0,"dans_region":true,"lat":36.613085191804444,"lat_max":36.6153309807117,"lat_min":36.6108394042911,"lon":9.762441350153715,"lon_max":9.7646871383792,"lon_min":9.760195561958602,"parcel_id":"P0351"}},{"type":"Feature","geometry":{"geodesic":false,"crs":{"type":"name","properties":{"name":"EPSG:4326"}},"type":"Polygon","coordinates":[[[9.486209400302148,36.69617935628246],[9.490700976722746,36.69617935628246],[9.490700976722746,36.700670932703055],[9.486209400302148,36.700670932703055],[9.486209400302148,36.69617935628246]]]},"id":"2112,8170","properties":{"alea":0.06445973132335225,"classe_sol":40.0,"dans_region":true,"lat":36.69842514376214,"lat_max":36.700670932703055,"lat_min":36.69617935628246,"lon":9.488455188544705,"lon_max":9.490700976722746,"lon_min":9.486209400302148,"parcel_id":"P0352"}},{"type":"Feature","geometry":{"geodesic":false,"crs":{"type":"name","properties":{"name":"EPSG:4326"}},"type":"Polygon","coordinates":[[[9.135866439495533,36.700670932703055],[9.140358015916132,36.700670932703055],[9.140358015916132,36.70516250912365],[9.135866439495533,36.70516250912365],[9.135866439495533,36.700670932703055]]]},"id":"2034,8171","properties":{"alea":0.06474869433464692,"classe_sol":40.0,"dans_region":true,"lat":36.70291672016214,"lat_max":36.70516250912365,"lat_min":36.700670932703055,"lon":9.138112227727772,"lon_max":9.140358015916132,"lon_min":9.135866439495533,"parcel_id":"P0353"}},{"type":"Feature","geometry":{"geodesic":false,"crs":{"type":"name","properties":{"name":"EPSG:4326"}},"type":"Polygon","coordinates":[[[9.665872457126051,36.57490679292632],[9.67036403354665,36.57490679292632],[9.67036403354665,36.57939836934692],[9.665872457126051,36.57939836934692],[9.665872457126051,36.57490679292632]]]},"id":"2152,8143","properties":{"alea":0.06510834398134258,"classe_sol":40.0,"dans_region":true,"lat":36.57715258045113,"lat_max":36.57939836934692,"lat_min":36.57490679292632,"lon":9.668118245430202,"lon_max":9.67036403354665,"lon_min":9.665872457126051,"parcel_id":"P0354"}},{"type":"Feature","geometry":{"geodesic":false,"crs":{"type":"name","properties":{"name":"EPSG:4326"}},"type":"Polygon","coordinates":[[[9.113408557392546,36.77253615543261],[9.117900133813144,36.77253615543261],[9.117900133813144,36.77702773185321],[9.113408557392546,36.77702773185321],[9.113408557392546,36.77253615543261]]]},"id":"2029,8187","properties":{"alea":0.06524619630473172,"classe_sol":40.0,"dans_region":true,"lat":36.774781942802804,"lat_max":36.77702773185321,"lat_min":36.77253615543261,"lon":9.115654345638903,"lon_max":9.117900133813144,"lon_min":9.113408557392546,"parcel_id":"P0355"}},{"type":"Feature","geometry":{"geodesic":false,"crs":{"type":"name","properties":{"name":"EPSG:4326"}},"type":"Polygon","coordinates":[[[9.12239171023374,36.646772015655884],[9.126883286654339,36.646772015655884],[9.126883286654339,36.65126359207648],[9.12239171023374,36.65126359207648],[9.12239171023374,36.646772015655884]]]},"id":"2031,8159","properties":{"alea":0.0652678537105974,"classe_sol":40.0,"dans_region":true,"lat":36.64901780315209,"lat_max":36.65126359207648,"lat_min":36.646772015655884,"lon":9.124637498471424,"lon_max":9.126883286654339,"lon_min":9.12239171023374,"parcel_id":"P0356"}},{"type":"Feature","geometry":{"geodesic":false,"crs":{"type":"name","properties":{"name":"EPSG:4326"}},"type":"Polygon","coordinates":[[[9.239172697169279,36.529991028720346],[9.243664273589877,36.529991028720346],[9.243664273589877,36.534482605140944],[9.239172697169279,36.534482605140944],[9.239172697169279,36.529991028720346]]]},"id":"2057,8133","properties":{"alea":0.06545933669874016,"classe_sol":40.0,"dans_region":true,"lat":36.532236816178475,"lat_max":36.534482605140944,"lat_min":36.529991028720346,"lon":9.241418485304006,"lon_max":9.243664273589877,"lon_min":9.239172697169279,"parcel_id":"P0357"}},{"type":"Feature","geometry":{"geodesic":false,"crs":{"type":"name","properties":{"name":"EPSG:4326"}},"type":"Polygon","coordinates":[[[9.27510530853406,36.38626058326122],[9.279596884954657,36.38626058326122],[9.279596884954657,36.39075215968182],[9.27510530853406,36.39075215968182],[9.27510530853406,36.38626058326122]]]},"id":"2065,8101","properties":{"alea":0.06551465221406239,"classe_sol":40.0,"dans_region":true,"lat":36.388506370775254,"lat_max":36.39075215968182,"lat_min":36.38626058326122,"lon":9.27735109669473,"lon_max":9.279596884954657,"lon_min":9.27510530853406,"parcel_id":"P0358"}},{"type":"Feature","geometry":{"geodesic":false,"crs":{"type":"name","properties":{"name":"EPSG:4326"}},"type":"Polygon","coordinates":[[[9.279596884954657,36.732111967647235],[9.284088461375255,36.732111967647235],[9.284088461375255,36.73660354406783],[9.279596884954657,36.73660354406783],[9.279596884954657,36.732111967647235]]]},"id":"2066,8178","properties":{"alea":0.06601382659349941,"classe_sol":40.0,"dans_region":true,"lat":36.7343577549252,"lat_max":36.73660354406783,"lat_min":36.732111967647235,"lon":9.281842673222735,"lon_max":9.284088461375255,"lon_min":9.279596884954657,"parcel_id":"P0359"}},{"type":"Feature","geometry":{"geodesic":false,"crs":{"type":"name","properties":{"name":"EPSG:4326"}},"type":"Polygon","coordinates":[[[9.284088461375255,36.790502461115004],[9.288580037795853,36.790502461115004],[9.288580037795853,36.7949940375356],[9.284088461375255,36.7949940375356],[9.284088461375255,36.790502461115004]]]},"id":"2067,8191","properties":{"alea":0.06630737809532405,"classe_sol":40.0,"dans_region":true,"lat":36.792748248483385,"lat_max":36.7949940375356,"lat_min":36.790502461115004,"lon":9.286334249627865,"lon_max":9.288580037795853,"lon_min":9.284088461375255,"parcel_id":"P0360"}},{"type":"Feature","geometry":{"geodesic":false,"crs":{"type":"name","properties":{"name":"EPSG:4326"}},"type":"Polygon","coordinates":[[[9.755703985538004,36.68719620344126],[9.760195561958602,36.68719620344126],[9.760195561958602,36.69168777986186],[9.755703985538004,36.69168777986186],[9.755703985538004,36.68719620344126]]]},"id":"2172,8168","properties":{"alea":0.06630957063904652,"classe_sol":40.0,"dans_region":true,"lat":36.68944199091207,"lat_max":36.69168777986186,"lat_min":36.68719620344126,"lon":9.757949773735078,"lon_max":9.760195561958602,"lon_min":9.755703985538004,"parcel_id":"P0361"}},{"type":"Feature","geometry":{"geodesic":false,"crs":{"type":"name","properties":{"name":"EPSG:4326"}},"type":"Polygon","coordinates":[[[9.387394719049,36.81745191963859],[9.391886295469599,36.81745191963859],[9.391886295469599,36.82194349605919],[9.387394719049,36.82194349605919],[9.387394719049,36.81745191963859]]]},"id":"2090,8197","properties":{"alea":0.06631152612885372,"classe_sol":40.0,"dans_region":true,"lat":36.81969770703794,"lat_max":36.82194349605919,"lat_min":36.81745191963859,"lon":9.389640507256479,"lon_max":9.391886295469599,"lon_min":9.387394719049,"parcel_id":"P0362"}},{"type":"Feature","geometry":{"geodesic":false,"crs":{"type":"name","properties":{"name":"EPSG:4326"}},"type":"Polygon","coordinates":[[[9.266122155692864,36.700670932703055],[9.270613732113462,36.700670932703055],[9.270613732113462,36.70516250912365],[9.266122155692864,36.70516250912365],[9.266122155692864,36.700670932703055]]]},"id":"2063,8171","properties":{"alea":0.06650461900667348,"classe_sol":40.0,"dans_region":true,"lat":36.70291672013349,"lat_max":36.70516250912365,"lat_min":36.700670932703055,"lon":9.268367943923959,"lon_max":9.270613732113462,"lon_min":9.266122155692864,"parcel_id":"P0363"}},{"type":"Feature","geometry":{"geodesic":false,"crs":{"type":"name","properties":{"name":"EPSG:4326"}},"type":"Polygon","coordinates":[[[9.29307161421645,36.422193194626004],[9.297563190637048,36.422193194626004],[9.297563190637048,36.426684771046595],[9.29307161421645,36.426684771046595],[9.29307161421645,36.422193194626004]]]},"id":"2069,8109","properties":{"alea":0.0665654773628871,"classe_sol":40.0,"dans_region":true,"lat":36.42443898222665,"lat_max":36.426684771046595,"lat_min":36.422193194626004,"lon":9.295317402439952,"lon_max":9.297563190637048,"lon_min":9.29307161421645,"parcel_id":"P0364"}},{"type":"Feature","geometry":{"geodesic":false,"crs":{"type":"name","properties":{"name":"EPSG:4326"}},"type":"Polygon","coordinates":[[[9.23468112074868,36.51651629945855],[9.239172697169279,36.51651629945855],[9.239172697169279,36.52100787587915],[9.23468112074868,36.52100787587915],[9.23468112074868,36.51651629945855]]]},"id":"2056,8130","properties":{"alea":0.06663926601002945,"classe_sol":40.0,"dans_region":true,"lat":36.51876208709254,"lat_max":36.52100787587915,"lat_min":36.51651629945855,"lon":9.236926908963287,"lon_max":9.239172697169279,"lon_min":9.23468112074868,"parcel_id":"P0365"}},{"type":"Feature","geometry":{"geodesic":false,"crs":{"type":"name","properties":{"name":"EPSG:4326"}},"type":"Polygon","coordinates":[[[9.31103791989884,36.78151930827381],[9.315529496319439,36.78151930827381],[9.315529496319439,36.786010884694406],[9.31103791989884,36.786010884694406],[9.31103791989884,36.78151930827381]]]},"id":"2073,8189","properties":{"alea":0.06691147667511643,"classe_sol":40.0,"dans_region":true,"lat":36.78376509571398,"lat_max":36.786010884694406,"lat_min":36.78151930827381,"lon":9.313283708108687,"lon_max":9.315529496319439,"lon_min":9.31103791989884,"parcel_id":"P0366"}},{"type":"Feature","geometry":{"geodesic":false,"crs":{"type":"name","properties":{"name":"EPSG:4326"}},"type":"Polygon","coordinates":[[[9.33349580200183,36.58388994576752],[9.337987378422426,36.58388994576752],[9.337987378422426,36.588381522188115],[9.33349580200183,36.588381522188115],[9.33349580200183,36.58388994576752]]]},"id":"2078,8145","properties":{"alea":0.06697226705479875,"classe_sol":40.0,"dans_region":true,"lat":36.58613573317368,"lat_max":36.588381522188115,"lat_min":36.58388994576752,"lon":9.335741590158857,"lon_max":9.337987378422426,"lon_min":9.33349580200183,"parcel_id":"P0367"}},{"type":"Feature","geometry":{"geodesic":false,"crs":{"type":"name","properties":{"name":"EPSG:4326"}},"type":"Polygon","coordinates":[[[9.544599893769917,36.71863723838544],[9.549091470190515,36.71863723838544],[9.549091470190515,36.72312881480604],[9.544599893769917,36.72312881480604],[9.544599893769917,36.71863723838544]]]},"id":"2125,8175","properties":{"alea":0.0669770361602039,"classe_sol":40.0,"dans_region":true,"lat":36.72088302583292,"lat_max":36.72312881480604,"lat_min":36.71863723838544,"lon":9.54684568200336,"lon_max":9.549091470190515,"lon_min":9.544599893769917,"parcel_id":"P0368"}},{"type":"Feature","geometry":{"geodesic":false,"crs":{"type":"name","properties":{"name":"EPSG:4326"}},"type":"Polygon","coordinates":[[[9.567057775872904,36.6063478278705],[9.571549352293502,36.6063478278705],[9.571549352293502,36.6108394042911],[9.567057775872904,36.6108394042911],[9.567057775872904,36.6063478278705]]]},"id":"2130,8150","properties":{"alea":0.06716506497484798,"classe_sol":40.0,"dans_region":true,"lat":36.608593615312955,"lat_max":36.6108394042911,"lat_min":36.6063478278705,"lon":9.569303564192111,"lon_max":9.571549352293502,"lon_min":9.567057775872904,"parcel_id":"P0369"}},{"type":"Feature","geometry":{"geodesic":false,"crs":{"type":"name","properties":{"name":"EPSG:4326"}},"type":"Polygon","coordinates":[[[9.216714815066291,36.8084687667974],[9.221206391486888,36.8084687667974],[9.221206391486888,36.812960343217995],[9.216714815066291,36.812960343217995],[9.216714815066291,36.8084687667974]]]},"id":"2052,8195","properties":{"alea":0.06749772251470454,"classe_sol":40.0,"dans_region":true,"lat":36.810714554184635,"lat_max":36.812960343217995,"lat_min":36.8084687667974,"lon":9.218960603287897,"lon_max":9.221206391486888,"lon_min":9.216714815066291,"parcel_id":"P0370"}},{"type":"Feature","geometry":{"geodesic":false,"crs":{"type":"name","properties":{"name":"EPSG:4326"}},"type":"Polygon","coordinates":[[[9.153832745177924,36.59287309860871],[9.158324321598522,36.59287309860871],[9.158324321598522,36.597364675029304],[9.153832745177924,36.597364675029304],[9.153832745177924,36.59287309860871]]]},"id":"2038,8147","properties":{"alea":0.06749903969278004,"classe_sol":40.0,"dans_region":true,"lat":36.59511888610871,"lat_max":36.597364675029304,"lat_min":36.59287309860871,"lon":9.156078533401875,"lon_max":9.158324321598522,"lon_min":9.153832745177924,"parcel_id":"P0371"}},{"type":"Feature","geometry":{"geodesic":false,"crs":{"type":"name","properties":{"name":"EPSG:4326"}},"type":"Polygon","coordinates":[[[9.715279797752626,36.48956684093496],[9.719771374173224,36.48956684093496],[9.719771374173224,36.49405841735556],[9.715279797752626,36.49405841735556],[9.715279797752626,36.48956684093496]]]},"id":"2163,8124","properties":{"alea":0.06756222514032828,"classe_sol":40.0,"dans_region":true,"lat":36.491812628434474,"lat_max":36.49405841735556,"lat_min":36.48956684093496,"lon":9.717525585989279,"lon_max":9.719771374173224,"lon_min":9.715279797752626,"parcel_id":"P0372"}},{"type":"Feature","geometry":{"geodesic":false,"crs":{"type":"name","properties":{"name":"EPSG:4326"}},"type":"Polygon","coordinates":[[[9.050526487504179,36.95219921225652],[9.055018063924777,36.95219921225652],[9.055018063924777,36.956690788677115],[9.050526487504179,36.956690788677115],[9.050526487504179,36.95219921225652]]]},"id":"2015,8227","properties":{"alea":0.06797026436076381,"classe_sol":40.0,"dans_region":true,"lat":36.95444499961893,"lat_max":36.956690788677115,"lat_min":36.95219921225652,"lon":9.052772275796626,"lon_max":9.055018063924777,"lon_min":9.050526487504179,"parcel_id":"P0373"}},{"type":"Feature","geometry":{"geodesic":false,"crs":{"type":"name","properties":{"name":"EPSG:4326"}},"type":"Polygon","coordinates":[[[9.544599893769917,36.700670932703055],[9.549091470190515,36.700670932703055],[9.549091470190515,36.70516250912365],[9.544599893769917,36.70516250912365],[9.544599893769917,36.700670932703055]]]},"id":"2125,8171","properties":{"alea":0.06802117387901829,"classe_sol":40.0,"dans_region":true,"lat":36.70291672014326,"lat_max":36.70516250912365,"lat_min":36.700670932703055,"lon":9.546845681991337,"lon_max":9.549091470190515,"lon_min":9.544599893769917,"parcel_id":"P0374"}},{"type":"Feature","geometry":{"geodesic":false,"crs":{"type":"name","properties":{"name":"EPSG:4326"}},"type":"Polygon","coordinates":[[[9.266122155692864,36.709654085544244],[9.270613732113462,36.709654085544244],[9.270613732113462,36.71414566196484],[9.266122155692864,36.71414566196484],[9.266122155692864,36.709654085544244]]]},"id":"2063,8173","properties":{"alea":0.06807986696274226,"classe_sol":40.0,"dans_region":true,"lat":36.711899873069406,"lat_max":36.71414566196484,"lat_min":36.709654085544244,"lon":9.268367943936255,"lon_max":9.270613732113462,"lon_min":9.266122155692864,"parcel_id":"P0375"}},{"type":"Feature","geometry":{"geodesic":false,"crs":{"type":"name","properties":{"name":"EPSG:4326"}},"type":"Polygon","coordinates":[[[9.364936836946011,36.534482605140944],[9.36942841336661,36.534482605140944],[9.36942841336661,36.538974181561535],[9.364936836946011,36.538974181561535],[9.364936836946011,36.534482605140944]]]},"id":"2085,8134","properties":{"alea":0.0684222107889263,"classe_sol":40.0,"dans_region":true,"lat":36.53672839266573,"lat_max":36.538974181561535,"lat_min":36.534482605140944,"lon":9.367182625171854,"lon_max":9.36942841336661,"lon_min":9.364936836946011,"parcel_id":"P0376"}},{"type":"Feature","geometry":{"geodesic":false,"crs":{"type":"name","properties":{"name":"EPSG:4326"}},"type":"Polygon","coordinates":[[[9.06849279318657,36.78151930827381],[9.072984369607168,36.78151930827381],[9.072984369607168,36.786010884694406],[9.06849279318657,36.786010884694406],[9.06849279318657,36.78151930827381]]]},"id":"2019,8189","properties":{"alea":0.06853841585518283,"classe_sol":40.0,"dans_region":true,"lat":36.78376509572088,"lat_max":36.786010884694406,"lat_min":36.78151930827381,"lon":9.07073858137362,"lon_max":9.072984369607168,"lon_min":9.06849279318657,"parcel_id":"P0377"}},{"type":"Feature","geometry":{"geodesic":false,"crs":{"type":"name","properties":{"name":"EPSG:4326"}},"type":"Polygon","coordinates":[[[9.252647426431071,36.50304157019676],[9.25713900285167,36.50304157019676],[9.25713900285167,36.507533146617355],[9.252647426431071,36.507533146617355],[9.252647426431071,36.50304157019676]]]},"id":"2060,8127","properties":{"alea":0.06883522276685106,"classe_sol":40.0,"dans_region":true,"lat":36.505287357737906,"lat_max":36.507533146617355,"lat_min":36.50304157019676,"lon":9.25489321463204,"lon_max":9.25713900285167,"lon_min":9.252647426431071,"parcel_id":"P0378"}},{"type":"Feature","geometry":{"geodesic":false,"crs":{"type":"name","properties":{"name":"EPSG:4326"}},"type":"Polygon","coordinates":[[[9.53561674092872,36.63329728639409],[9.540108317349318,36.63329728639409],[9.540108317349318,36.63778886281469],[9.53561674092872,36.63778886281469],[9.53561674092872,36.63329728639409]]]},"id":"2123,8156","properties":{"alea":0.0689021436652506,"classe_sol":40.0,"dans_region":true,"lat":36.6355430739448,"lat_max":36.63778886281469,"lat_min":36.63329728639409,"lon":9.537862529252829,"lon_max":9.540108317349318,"lon_min":9.53561674092872,"parcel_id":"P0379"}},{"type":"Feature","geometry":{"geodesic":false,"crs":{"type":"name","properties":{"name":"EPSG:4326"}},"type":"Polygon","coordinates":[[[9.490700976722746,36.49405841735556],[9.495192553143342,36.49405841735556],[9.495192553143342,36.49854999377616],[9.490700976722746,36.49854999377616],[9.490700976722746,36.49405841735556]]]},"id":"2113,8125","properties":{"alea":0.06909654814333765,"classe_sol":40.0,"dans_region":true,"lat":36.49630420484138,"lat_max":36.49854999377616,"lat_min":36.49405841735556,"lon":9.492946764948467,"lon_max":9.495192553143342,"lon_min":9.490700976722746,"parcel_id":"P0380"}},{"type":"Feature","geometry":{"geodesic":false,"crs":{"type":"name","properties":{"name":"EPSG:4326"}},"type":"Polygon","coordinates":[[[9.31103791989884,36.786010884694406],[9.315529496319439,36.786010884694406],[9.315529496319439,36.790502461115004],[9.31103791989884,36.790502461115004],[9.31103791989884,36.786010884694406]]]},"id":"2073,8190","properties":{"alea":0.06918042485103426,"classe_sol":40.0,"dans_region":true,"lat":36.78825667210794,"lat_max":36.790502461115004,"lat_min":36.786010884694406,"lon":9.313283708095932,"lon_max":9.315529496319439,"lon_min":9.31103791989884,"parcel_id":"P0381"}},{"type":"Feature","geometry":{"geodesic":false,"crs":{"type":"name","properties":{"name":"EPSG:4326"}},"type":"Polygon","coordinates":[[[9.49968412956394,36.6018562514499],[9.504175705984538,36.6018562514499],[9.504175705984538,36.6063478278705],[9.49968412956394,36.6063478278705],[9.49968412956394,36.6018562514499]]]},"id":"2115,8149","properties":{"alea":0.06924307704503241,"classe_sol":40.0,"dans_region":true,"lat":36.60410203893076,"lat_max":36.6063478278705,"lat_min":36.6018562514499,"lon":9.50192991778426,"lon_max":9.504175705984538,"lon_min":9.49968412956394,"parcel_id":"P0382"}},{"type":"Feature","geometry":{"geodesic":false,"crs":{"type":"name","properties":{"name":"EPSG:4326"}},"type":"Polygon","coordinates":[[[9.306546343478242,36.83092664890038],[9.31103791989884,36.83092664890038],[9.31103791989884,36.83541822532098],[9.306546343478242,36.83541822532098],[9.306546343478242,36.83092664890038]]]},"id":"2072,8200","properties":{"alea":0.06959069587477029,"classe_sol":40.0,"dans_region":true,"lat":36.833172436252376,"lat_max":36.83541822532098,"lat_min":36.83092664890038,"lon":9.30879213160568,"lon_max":9.31103791989884,"lon_min":9.306546343478242,"parcel_id":"P0383"}},{"type":"Feature","geometry":{"geodesic":false,"crs":{"type":"name","properties":{"name":"EPSG:4326"}},"type":"Polygon","coordinates":[[[9.243664273589877,36.51651629945855],[9.248155850010475,36.51651629945855],[9.248155850010475,36.52100787587915],[9.243664273589877,36.52100787587915],[9.243664273589877,36.51651629945855]]]},"id":"2058,8130","properties":{"alea":0.06959793294916239,"classe_sol":40.0,"dans_region":true,"lat":36.51876208707913,"lat_max":36.52100787587915,"lat_min":36.51651629945855,"lon":9.245910061798147,"lon_max":9.248155850010475,"lon_min":9.243664273589877,"parcel_id":"P0384"}},{"type":"Feature","geometry":{"geodesic":false,"crs":{"type":"name","properties":{"name":"EPSG:4326"}},"type":"Polygon","coordinates":[[[9.167307474439717,36.57939836934692],[9.171799050860315,36.57939836934692],[9.171799050860315,36.58388994576752],[9.167307474439717,36.58388994576752],[9.167307474439717,36.57939836934692]]]},"id":"2041,8144","properties":{"alea":0.06983074584838356,"classe_sol":40.0,"dans_region":true,"lat":36.581644156967194,"lat_max":36.58388994576752,"lat_min":36.57939836934692,"lon":9.16955326263078,"lon_max":9.171799050860315,"lon_min":9.167307474439717,"parcel_id":"P0385"}},{"type":"Feature","geometry":{"geodesic":false,"crs":{"type":"name","properties":{"name":"EPSG:4326"}},"type":"Polygon","coordinates":[[[9.028068605401192,36.83990980174158],[9.03256018182179,36.83990980174158],[9.03256018182179,36.844401378162175],[9.028068605401192,36.844401378162175],[9.028068605401192,36.83990980174158]]]},"id":"2010,8202","properties":{"alea":0.07025623442825746,"classe_sol":40.0,"dans_region":true,"lat":36.84215558902753,"lat_max":36.844401378162175,"lat_min":36.83990980174158,"lon":9.03031439355874,"lon_max":9.03256018182179,"lon_min":9.028068605401192,"parcel_id":"P0386"}},{"type":"Feature","geometry":{"geodesic":false,"crs":{"type":"name","properties":{"name":"EPSG:4326"}},"type":"Polygon","coordinates":[[[9.773670291220395,36.538974181561535],[9.778161867640993,36.538974181561535],[9.778161867640993,36.54346575798213],[9.773670291220395,36.54346575798213],[9.773670291220395,36.538974181561535]]]},"id":"2176,8135","properties":{"alea":0.07029352347144668,"classe_sol":40.0,"dans_region":true,"lat":36.54121996910046,"lat_max":36.54346575798213,"lat_min":36.538974181561535,"lon":9.775916079362494,"lon_max":9.778161867640993,"lon_min":9.773670291220395,"parcel_id":"P0387"}},{"type":"Feature","geometry":{"geodesic":false,"crs":{"type":"name","properties":{"name":"EPSG:4326"}},"type":"Polygon","coordinates":[[[9.248155850010475,36.75007827332963],[9.252647426431071,36.75007827332963],[9.252647426431071,36.754569849750226],[9.248155850010475,36.754569849750226],[9.248155850010475,36.75007827332963]]]},"id":"2059,8182","properties":{"alea":0.07034804213226487,"classe_sol":40.0,"dans_region":true,"lat":36.752324060682874,"lat_max":36.754569849750226,"lat_min":36.75007827332963,"lon":9.250401638259257,"lon_max":9.252647426431071,"lon_min":9.248155850010475,"parcel_id":"P0388"}},{"type":"Feature","geometry":{"geodesic":false,"crs":{"type":"name","properties":{"name":"EPSG:4326"}},"type":"Polygon","coordinates":[[[9.832060784688164,36.597364675029304],[9.83655236110876,36.597364675029304],[9.83655236110876,36.6018562514499],[9.832060784688164,36.6018562514499],[9.832060784688164,36.597364675029304]]]},"id":"2189,8148","properties":{"alea":0.07074683916745306,"classe_sol":40.0,"dans_region":true,"lat":36.59961046252519,"lat_max":36.6018562514499,"lat_min":36.597364675029304,"lon":9.834306572898633,"lon_max":9.83655236110876,"lon_min":9.832060784688164,"parcel_id":"P0389"}},{"type":"Feature","geometry":{"geodesic":false,"crs":{"type":"name","properties":{"name":"EPSG:4326"}},"type":"Polygon","coordinates":[[[9.158324321598522,36.40422688894361],[9.16281589801912,36.40422688894361],[9.16281589801912,36.40871846536421],[9.158324321598522,36.40871846536421],[9.158324321598522,36.40422688894361]]]},"id":"2039,8105","properties":{"alea":0.07081829025220043,"classe_sol":40.0,"dans_region":true,"lat":36.40647267644414,"lat_max":36.40871846536421,"lat_min":36.40422688894361,"lon":9.160570109896609,"lon_max":9.16281589801912,"lon_min":9.158324321598522,"parcel_id":"P0390"}},{"type":"Feature","geometry":{"geodesic":false,"crs":{"type":"name","properties":{"name":"EPSG:4326"}},"type":"Polygon","coordinates":[[[9.081967522448362,36.700670932703055],[9.08645909886896,36.700670932703055],[9.08645909886896,36.70516250912365],[9.081967522448362,36.70516250912365],[9.081967522448362,36.700670932703055]]]},"id":"2022,8171","properties":{"alea":0.07089530122742482,"classe_sol":40.0,"dans_region":true,"lat":36.70291672010336,"lat_max":36.70516250912365,"lat_min":36.700670932703055,"lon":9.084213310628568,"lon_max":9.08645909886896,"lon_min":9.081967522448362,"parcel_id":"P0391"}},{"type":"Feature","geometry":{"geodesic":false,"crs":{"type":"name","properties":{"name":"EPSG:4326"}},"type":"Polygon","coordinates":[[[9.104425404551352,36.55694048724393],[9.108916980971948,36.55694048724393],[9.108916980971948,36.561432063664526],[9.104425404551352,36.561432063664526],[9.104425404551352,36.55694048724393]]]},"id":"2027,8139","properties":{"alea":0.07090691733784171,"classe_sol":40.0,"dans_region":true,"lat":36.55918627480429,"lat_max":36.561432063664526,"lat_min":36.55694048724393,"lon":9.10667119281497,"lon_max":9.108916980971948,"lon_min":9.104425404551352,"parcel_id":"P0392"}},{"type":"Feature","geometry":{"geodesic":false,"crs":{"type":"name","properties":{"name":"EPSG:4326"}},"type":"Polygon","coordinates":[[[9.549091470190515,36.62431413355289],[9.553583046611111,36.62431413355289],[9.553583046611111,36.62880570997349],[9.549091470190515,36.62880570997349],[9.549091470190515,36.62431413355289]]]},"id":"2126,8154","properties":{"alea":0.07100815476858358,"classe_sol":40.0,"dans_region":true,"lat":36.62655992113846,"lat_max":36.62880570997349,"lat_min":36.62431413355289,"lon":9.551337258340329,"lon_max":9.553583046611111,"lon_min":9.549091470190515,"parcel_id":"P0393"}},{"type":"Feature","geometry":{"geodesic":false,"crs":{"type":"name","properties":{"name":"EPSG:4326"}},"type":"Polygon","coordinates":[[[9.607481963658282,36.449142653149586],[9.61197354007888,36.449142653149586],[9.61197354007888,36.453634229570184],[9.607481963658282,36.453634229570184],[9.607481963658282,36.449142653149586]]]},"id":"2139,8115","properties":{"alea":0.07134332790327058,"classe_sol":40.0,"dans_region":true,"lat":36.45138844064153,"lat_max":36.453634229570184,"lat_min":36.449142653149586,"lon":9.609727751861417,"lon_max":9.61197354007888,"lon_min":9.607481963658282,"parcel_id":"P0394"}},{"type":"Feature","geometry":{"geodesic":false,"crs":{"type":"name","properties":{"name":"EPSG:4326"}},"type":"Polygon","coordinates":[[[9.661380880705455,36.507533146617355],[9.665872457126051,36.507533146617355],[9.665872457126051,36.51202472303795],[9.661380880705455,36.51202472303795],[9.661380880705455,36.507533146617355]]]},"id":"2151,8128","properties":{"alea":0.0714873050311502,"classe_sol":40.0,"dans_region":true,"lat":36.50977893424375,"lat_max":36.51202472303795,"lat_min":36.507533146617355,"lon":9.66362666886608,"lon_max":9.665872457126051,"lon_min":9.661380880705455,"parcel_id":"P0395"}},{"type":"Feature","geometry":{"geodesic":false,"crs":{"type":"name","properties":{"name":"EPSG:4326"}},"type":"Polygon","coordinates":[[[9.602990387237686,36.485075264514364],[9.607481963658282,36.485075264514364],[9.607481963658282,36.48956684093496],[9.602990387237686,36.48956684093496],[9.602990387237686,36.485075264514364]]]},"id":"2138,8123","properties":{"alea":0.07174037753177087,"classe_sol":40.0,"dans_region":true,"lat":36.48732105218208,"lat_max":36.48956684093496,"lat_min":36.485075264514364,"lon":9.605236175483725,"lon_max":9.607481963658282,"lon_min":9.602990387237686,"parcel_id":"P0396"}},{"type":"Feature","geometry":{"geodesic":false,"crs":{"type":"name","properties":{"name":"EPSG:4326"}},"type":"Polygon","coordinates":[[[9.297563190637048,36.77253615543261],[9.302054767057646,36.77253615543261],[9.302054767057646,36.77702773185321],[9.297563190637048,36.77702773185321],[9.297563190637048,36.77253615543261]]]},"id":"2070,8187","properties":{"alea":0.07241104764559825,"classe_sol":40.0,"dans_region":true,"lat":36.774781942847284,"lat_max":36.77702773185321,"lat_min":36.77253615543261,"lon":9.29980897882498,"lon_max":9.302054767057646,"lon_min":9.297563190637048,"parcel_id":"P0397"}},{"type":"Feature","geometry":{"geodesic":false,"crs":{"type":"name","properties":{"name":"EPSG:4326"}},"type":"Polygon","coordinates":[[[9.791636596902785,36.58388994576752],[9.796128173323382,36.58388994576752],[9.796128173323382,36.588381522188115],[9.791636596902785,36.588381522188115],[9.791636596902785,36.58388994576752]]]},"id":"2180,8145","properties":{"alea":0.07249203915032087,"classe_sol":40.0,"dans_region":true,"lat":36.586135733139024,"lat_max":36.588381522188115,"lat_min":36.58388994576752,"lon":9.793882385165297,"lon_max":9.796128173323382,"lon_min":9.791636596902785,"parcel_id":"P0398"}},{"type":"Feature","geometry":{"geodesic":false,"crs":{"type":"name","properties":{"name":"EPSG:4326"}},"type":"Polygon","coordinates":[[[9.33349580200183,36.72762039122664],[9.337987378422426,36.72762039122664],[9.337987378422426,36.732111967647235],[9.33349580200183,36.732111967647235],[9.33349580200183,36.72762039122664]]]},"id":"2078,8177","properties":{"alea":0.07261409107508654,"classe_sol":40.0,"dans_region":true,"lat":36.72986617862028,"lat_max":36.732111967647235,"lat_min":36.72762039122664,"lon":9.335741590137303,"lon_max":9.337987378422426,"lon_min":9.33349580200183,"parcel_id":"P0399"}},{"type":"Feature","geometry":{"geodesic":false,"crs":{"type":"name","properties":{"name":"EPSG:4326"}},"type":"Polygon","coordinates":[[[9.44578521251677,36.71414566196484],[9.450276788937366,36.71414566196484],[9.450276788937366,36.71863723838544],[9.44578521251677,36.71863723838544],[9.44578521251677,36.71414566196484]]]},"id":"2103,8174","properties":{"alea":0.07274819720663228,"classe_sol":40.0,"dans_region":true,"lat":36.716391449318984,"lat_max":36.71863723838544,"lat_min":36.71414566196484,"lon":9.448031000752692,"lon_max":9.450276788937366,"lon_min":9.44578521251677,"parcel_id":"P0400"}},{"type":"Feature","geometry":{"geodesic":false,"crs":{"type":"name","properties":{"name":"EPSG:4326"}},"type":"Polygon","coordinates":[[[9.80061974974398,36.529991028720346],[9.805111326164578,36.529991028720346],[9.805111326164578,36.534482605140944],[9.80061974974398,36.534482605140944],[9.80061974974398,36.529991028720346]]]},"id":"2182,8133","properties":{"alea":0.07277421820380559,"classe_sol":40.0,"dans_region":true,"lat":36.53223681617899,"lat_max":36.534482605140944,"lat_min":36.529991028720346,"lon":9.802865537955247,"lon_max":9.805111326164578,"lon_min":9.80061974974398,"parcel_id":"P0401"}},{"type":"Feature","geometry":{"geodesic":false,"crs":{"type":"name","properties":{"name":"EPSG:4326"}},"type":"Polygon","coordinates":[[[9.36942841336661,36.68719620344126],[9.373919989787208,36.68719620344126],[9.373919989787208,36.69168777986186],[9.36942841336661,36.69168777986186],[9.36942841336661,36.68719620344126]]]},"id":"2086,8168","properties":{"alea":0.07323071867663455,"classe_sol":40.0,"dans_region":true,"lat":36.68944199089382,"lat_max":36.69168777986186,"lat_min":36.68719620344126,"lon":9.371674201546007,"lon_max":9.373919989787208,"lon_min":9.36942841336661,"parcel_id":"P0402"}},{"type":"Feature","geometry":{"geodesic":false,"crs":{"type":"name","properties":{"name":"EPSG:4326"}},"type":"Polygon","coordinates":[[[9.315529496319439,36.72312881480604],[9.320021072740037,36.72312881480604],[9.320021072740037,36.72762039122664],[9.315529496319439,36.72762039122664],[9.315529496319439,36.72312881480604]]]},"id":"2074,8176","properties":{"alea":0.07347692628739833,"classe_sol":40.0,"dans_region":true,"lat":36.725374602194925,"lat_max":36.72762039122664,"lat_min":36.72312881480604,"lon":9.317775284548555,"lon_max":9.320021072740037,"lon_min":9.315529496319439,"parcel_id":"P0403"}},{"type":"Feature","geometry":{"geodesic":false,"crs":{"type":"name","properties":{"name":"EPSG:4326"}},"type":"Polygon","coordinates":[[[9.090950675289559,36.69168777986186],[9.095442251710155,36.69168777986186],[9.095442251710155,36.69617935628246],[9.090950675289559,36.69617935628246],[9.090950675289559,36.69168777986186]]]},"id":"2024,8169","properties":{"alea":0.07353083721765918,"classe_sol":40.0,"dans_region":true,"lat":36.69393356725072,"lat_max":36.69617935628246,"lat_min":36.69168777986186,"lon":9.093196463531287,"lon_max":9.095442251710155,"lon_min":9.090950675289559,"parcel_id":"P0404"}},{"type":"Feature","geometry":{"geodesic":false,"crs":{"type":"name","properties":{"name":"EPSG:4326"}},"type":"Polygon","coordinates":[[[9.387394719049,36.72762039122664],[9.391886295469599,36.72762039122664],[9.391886295469599,36.732111967647235],[9.387394719049,36.732111967647235],[9.387394719049,36.72762039122664]]]},"id":"2090,8177","properties":{"alea":0.07376367065497169,"classe_sol":40.0,"dans_region":true,"lat":36.729866178608326,"lat_max":36.732111967647235,"lat_min":36.72762039122664,"lon":9.38964050722732,"lon_max":9.391886295469599,"lon_min":9.387394719049,"parcel_id":"P0405"}},{"type":"Feature","geometry":{"geodesic":false,"crs":{"type":"name","properties":{"name":"EPSG:4326"}},"type":"Polygon","coordinates":[[[9.167307474439717,36.507533146617355],[9.171799050860315,36.507533146617355],[9.171799050860315,36.51202472303795],[9.167307474439717,36.51202472303795],[9.167307474439717,36.507533146617355]]]},"id":"2041,8128","properties":{"alea":0.07400104277951913,"classe_sol":40.0,"dans_region":true,"lat":36.50977893420591,"lat_max":36.51202472303795,"lat_min":36.507533146617355,"lon":9.169553262598292,"lon_max":9.171799050860315,"lon_min":9.167307474439717,"parcel_id":"P0406"}},{"type":"Feature","geometry":{"geodesic":false,"crs":{"type":"name","properties":{"name":"EPSG:4326"}},"type":"Polygon","coordinates":[[[9.279596884954657,36.709654085544244],[9.284088461375255,36.709654085544244],[9.284088461375255,36.71414566196484],[9.279596884954657,36.71414566196484],[9.279596884954657,36.709654085544244]]]},"id":"2066,8173","properties":{"alea":0.0740423624344525,"classe_sol":40.0,"dans_region":true,"lat":36.71189987307866,"lat_max":36.71414566196484,"lat_min":36.709654085544244,"lon":9.28184267320572,"lon_max":9.284088461375255,"lon_min":9.279596884954657,"parcel_id":"P0407"}},{"type":"Feature","geometry":{"geodesic":false,"crs":{"type":"name","properties":{"name":"EPSG:4326"}},"type":"Polygon","coordinates":[[[9.589515657975893,36.507533146617355],[9.59400723439649,36.507533146617355],[9.59400723439649,36.51202472303795],[9.589515657975893,36.51202472303795],[9.589515657975893,36.507533146617355]]]},"id":"2135,8128","properties":{"alea":0.07406890203703875,"classe_sol":40.0,"dans_region":true,"lat":36.50977893422428,"lat_max":36.51202472303795,"lat_min":36.507533146617355,"lon":9.59176144612729,"lon_max":9.59400723439649,"lon_min":9.589515657975893,"parcel_id":"P0408"}},{"type":"Feature","geometry":{"geodesic":false,"crs":{"type":"name","properties":{"name":"EPSG:4326"}},"type":"Polygon","coordinates":[[[9.607481963658282,36.50304157019676],[9.61197354007888,36.50304157019676],[9.61197354007888,36.507533146617355],[9.607481963658282,36.507533146617355],[9.607481963658282,36.50304157019676]]]},"id":"2139,8127","properties":{"alea":0.0742675108868287,"classe_sol":40.0,"dans_region":true,"lat":36.50528735772033,"lat_max":36.507533146617355,"lat_min":36.50304157019676,"lon":9.609727751857756,"lon_max":9.61197354007888,"lon_min":9.607481963658282,"parcel_id":"P0409"}},{"type":"Feature","geometry":{"geodesic":false,"crs":{"type":"name","properties":{"name":"EPSG:4326"}},"type":"Polygon","coordinates":[[[9.041543334662984,36.7994856139562],[9.046034911083582,36.7994856139562],[9.046034911083582,36.8039771903768],[9.041543334662984,36.8039771903768],[9.041543334662984,36.7994856139562]]]},"id":"2013,8193","properties":{"alea":0.07472228386153601,"classe_sol":40.0,"dans_region":true,"lat":36.80173140125401,"lat_max":36.8039771903768,"lat_min":36.7994856139562,"lon":9.043789122832042,"lon_max":9.046034911083582,"lon_min":9.041543334662984,"parcel_id":"P0410"}},{"type":"Feature","geometry":{"geodesic":false,"crs":{"type":"name","properties":{"name":"EPSG:4326"}},"type":"Polygon","coordinates":[[[9.72426295059382,36.57490679292632],[9.728754527014418,36.57490679292632],[9.728754527014418,36.57939836934692],[9.72426295059382,36.57939836934692],[9.72426295059382,36.57490679292632]]]},"id":"2165,8143","properties":{"alea":0.07491351000748703,"classe_sol":40.0,"dans_region":true,"lat":36.5771525804416,"lat_max":36.57939836934692,"lat_min":36.57490679292632,"lon":9.726508738784293,"lon_max":9.728754527014418,"lon_min":9.72426295059382,"parcel_id":"P0411"}},{"type":"Feature","geometry":{"geodesic":false,"crs":{"type":"name","properties":{"name":"EPSG:4326"}},"type":"Polygon","coordinates":[[[9.176290627280913,36.37727743042002],[9.18078220370151,36.37727743042002],[9.18078220370151,36.38176900684062],[9.176290627280913,36.38176900684062],[9.176290627280913,36.37727743042002]]]},"id":"2043,8099","properties":{"alea":0.07491407353040147,"classe_sol":40.0,"dans_region":true,"lat":36.37952321808253,"lat_max":36.38176900684062,"lat_min":36.37727743042002,"lon":9.178536415435579,"lon_max":9.18078220370151,"lon_min":9.176290627280913,"parcel_id":"P0412"}},{"type":"Feature","geometry":{"geodesic":false,"crs":{"type":"name","properties":{"name":"EPSG:4326"}},"type":"Polygon","coordinates":[[[9.221206391486888,36.7949940375356],[9.225697967907486,36.7949940375356],[9.225697967907486,36.7994856139562],[9.221206391486888,36.7994856139562],[9.221206391486888,36.7949940375356]]]},"id":"2053,8192","properties":{"alea":0.07491819016665424,"classe_sol":40.0,"dans_region":true,"lat":36.797239824877515,"lat_max":36.7994856139562,"lat_min":36.7949940375356,"lon":9.223452179661006,"lon_max":9.225697967907486,"lon_min":9.221206391486888,"parcel_id":"P0413"}},{"type":"Feature","geometry":{"geodesic":false,"crs":{"type":"name","properties":{"name":"EPSG:4326"}},"type":"Polygon","coordinates":[[[9.661380880705455,36.709654085544244],[9.665872457126051,36.709654085544244],[9.665872457126051,36.71414566196484],[9.661380880705455,36.71414566196484],[9.661380880705455,36.709654085544244]]]},"id":"2151,8173","properties":{"alea":0.07552345477583222,"classe_sol":40.0,"dans_region":true,"lat":36.711899873099995,"lat_max":36.71414566196484,"lat_min":36.709654085544244,"lon":9.663626668841244,"lon_max":9.665872457126051,"lon_min":9.661380880705455,"parcel_id":"P0414"}},{"type":"Feature","geometry":{"geodesic":false,"crs":{"type":"name","properties":{"name":"EPSG:4326"}},"type":"Polygon","coordinates":[[[9.302054767057646,36.43117634746719],[9.306546343478242,36.43117634746719],[9.306546343478242,36.43566792388779],[9.302054767057646,36.43566792388779],[9.302054767057646,36.43117634746719]]]},"id":"2071,8111","properties":{"alea":0.07593217540889408,"classe_sol":40.0,"dans_region":true,"lat":36.43342213507158,"lat_max":36.43566792388779,"lat_min":36.43117634746719,"lon":9.304300555314898,"lon_max":9.306546343478242,"lon_min":9.302054767057646,"parcel_id":"P0415"}},{"type":"Feature","geometry":{"geodesic":false,"crs":{"type":"name","properties":{"name":"EPSG:4326"}},"type":"Polygon","coordinates":[[[9.315529496319439,36.534482605140944],[9.320021072740037,36.534482605140944],[9.320021072740037,36.538974181561535],[9.315529496319439,36.538974181561535],[9.315529496319439,36.534482605140944]]]},"id":"2074,8134","properties":{"alea":0.0765257655057332,"classe_sol":40.0,"dans_region":true,"lat":36.53672839265926,"lat_max":36.538974181561535,"lat_min":36.534482605140944,"lon":9.317775284538959,"lon_max":9.320021072740037,"lon_min":9.315529496319439,"parcel_id":"P0416"}},{"type":"Feature","geometry":{"geodesic":false,"crs":{"type":"name","properties":{"name":"EPSG:4326"}},"type":"Polygon","coordinates":[[[9.189765356542706,36.66024674491767],[9.194256932963302,36.66024674491767],[9.194256932963302,36.66473832133827],[9.189765356542706,36.66473832133827],[9.189765356542706,36.66024674491767]]]},"id":"2046,8162","properties":{"alea":0.07676234474105026,"classe_sol":40.0,"dans_region":true,"lat":36.66249253241391,"lat_max":36.66473832133827,"lat_min":36.66024674491767,"lon":9.192011144752636,"lon_max":9.194256932963302,"lon_min":9.189765356542706,"parcel_id":"P0417"}},{"type":"Feature","geometry":{"geodesic":false,"crs":{"type":"name","properties":{"name":"EPSG:4326"}},"type":"Polygon","coordinates":[[[9.44578521251677,36.65575516849707],[9.450276788937366,36.65575516849707],[9.450276788937366,36.66024674491767],[9.44578521251677,36.66024674491767],[9.44578521251677,36.65575516849707]]]},"id":"2103,8161","properties":{"alea":0.07693300442408013,"classe_sol":40.0,"dans_region":true,"lat":36.658000955913025,"lat_max":36.66024674491767,"lat_min":36.65575516849707,"lon":9.448031000760112,"lon_max":9.450276788937366,"lon_min":9.44578521251677,"parcel_id":"P0418"}},{"type":"Feature","geometry":{"geodesic":false,"crs":{"type":"name","properties":{"name":"EPSG:4326"}},"type":"Polygon","coordinates":[[[9.629939845761271,36.49405841735556],[9.63443142218187,36.49405841735556],[9.63443142218187,36.49854999377616],[9.629939845761271,36.49854999377616],[9.629939845761271,36.49405841735556]]]},"id":"2144,8125","properties":{"alea":0.07708405952447028,"classe_sol":40.0,"dans_region":true,"lat":36.496304204879486,"lat_max":36.49854999377616,"lat_min":36.49405841735556,"lon":9.632185633995945,"lon_max":9.63443142218187,"lon_min":9.629939845761271,"parcel_id":"P0419"}},{"type":"Feature","geometry":{"geodesic":false,"crs":{"type":"name","properties":{"name":"EPSG:4326"}},"type":"Polygon","coordinates":[[[9.266122155692864,36.74109512048843],[9.270613732113462,36.74109512048843],[9.270613732113462,36.74558669690903],[9.266122155692864,36.74558669690903],[9.266122155692864,36.74109512048843]]]},"id":"2063,8180","properties":{"alea":0.07712401580316453,"classe_sol":40.0,"dans_region":true,"lat":36.74334090780505,"lat_max":36.74558669690903,"lat_min":36.74109512048843,"lon":9.268367943939102,"lon_max":9.270613732113462,"lon_min":9.266122155692864,"parcel_id":"P0420"}},{"type":"Feature","geometry":{"geodesic":false,"crs":{"type":"name","properties":{"name":"EPSG:4326"}},"type":"Polygon","coordinates":[[[9.61197354007888,36.678213050600064],[9.616465116499478,36.678213050600064],[9.616465116499478,36.68270462702066],[9.61197354007888,36.68270462702066],[9.61197354007888,36.678213050600064]]]},"id":"2140,8166","properties":{"alea":0.07752203280467052,"classe_sol":40.0,"dans_region":true,"lat":36.68045883804271,"lat_max":36.68270462702066,"lat_min":36.678213050600064,"lon":9.614219328306092,"lon_max":9.616465116499478,"lon_min":9.61197354007888,"parcel_id":"P0421"}},{"type":"Feature","geometry":{"geodesic":false,"crs":{"type":"name","properties":{"name":"EPSG:4326"}},"type":"Polygon","coordinates":[[[9.131374863074937,36.75007827332963],[9.135866439495533,36.75007827332963],[9.135866439495533,36.754569849750226],[9.131374863074937,36.754569849750226],[9.131374863074937,36.75007827332963]]]},"id":"2033,8182","properties":{"alea":0.07777656882843231,"classe_sol":40.0,"dans_region":true,"lat":36.75232406068624,"lat_max":36.754569849750226,"lat_min":36.75007827332963,"lon":9.13362065126266,"lon_max":9.135866439495533,"lon_min":9.131374863074937,"parcel_id":"P0422"}},{"type":"Feature","geometry":{"geodesic":false,"crs":{"type":"name","properties":{"name":"EPSG:4326"}},"type":"Polygon","coordinates":[[[9.710788221332027,36.597364675029304],[9.715279797752626,36.597364675029304],[9.715279797752626,36.6018562514499],[9.710788221332027,36.6018562514499],[9.710788221332027,36.597364675029304]]]},"id":"2162,8148","properties":{"alea":0.07792917125225174,"classe_sol":40.0,"dans_region":true,"lat":36.59961046250912,"lat_max":36.6018562514499,"lat_min":36.597364675029304,"lon":9.713034009475724,"lon_max":9.715279797752626,"lon_min":9.710788221332027,"parcel_id":"P0423"}},{"type":"Feature","geometry":{"geodesic":false,"crs":{"type":"name","properties":{"name":"EPSG:4326"}},"type":"Polygon","coordinates":[[[9.580532505134697,36.82194349605919],[9.585024081555295,36.82194349605919],[9.585024081555295,36.82643507247978],[9.580532505134697,36.82643507247978],[9.580532505134697,36.82194349605919]]]},"id":"2133,8198","properties":{"alea":0.07804547791917249,"classe_sol":40.0,"dans_region":true,"lat":36.82418928341505,"lat_max":36.82643507247978,"lat_min":36.82194349605919,"lon":9.582778293364928,"lon_max":9.585024081555295,"lon_min":9.580532505134697,"parcel_id":"P0424"}},{"type":"Feature","geometry":{"geodesic":false,"crs":{"type":"name","properties":{"name":"EPSG:4326"}},"type":"Polygon","coordinates":[[[9.113408557392546,36.7994856139562],[9.117900133813144,36.7994856139562],[9.117900133813144,36.8039771903768],[9.113408557392546,36.8039771903768],[9.113408557392546,36.7994856139562]]]},"id":"2029,8193","properties":{"alea":0.07808754934616036,"classe_sol":40.0,"dans_region":true,"lat":36.80173140125244,"lat_max":36.8039771903768,"lat_min":36.7994856139562,"lon":9.115654345675576,"lon_max":9.117900133813144,"lon_min":9.113408557392546,"parcel_id":"P0425"}},{"type":"Feature","geometry":{"geodesic":false,"crs":{"type":"name","properties":{"name":"EPSG:4326"}},"type":"Polygon","coordinates":[[[9.06849279318657,36.485075264514364],[9.072984369607168,36.485075264514364],[9.072984369607168,36.48956684093496],[9.06849279318657,36.48956684093496],[9.06849279318657,36.485075264514364]]]},"id":"2019,8123","properties":{"alea":0.07838966796796754,"classe_sol":40.0,"dans_region":true,"lat":36.487321052142825,"lat_max":36.48956684093496,"lat_min":36.485075264514364,"lon":9.070738581351113,"lon_max":9.072984369607168,"lon_min":9.06849279318657,"parcel_id":"P0426"}},{"type":"Feature","geometry":{"geodesic":false,"crs":{"type":"name","properties":{"name":"EPSG:4326"}},"type":"Polygon","coordinates":[[[9.27510530853406,36.83990980174158],[9.279596884954657,36.83990980174158],[9.279596884954657,36.844401378162175],[9.27510530853406,36.844401378162175],[9.27510530853406,36.83990980174158]]]},"id":"2065,8202","properties":{"alea":0.07848109206738263,"classe_sol":40.0,"dans_region":true,"lat":36.842155589019626,"lat_max":36.844401378162175,"lat_min":36.83990980174158,"lon":9.277351096638135,"lon_max":9.279596884954657,"lon_min":9.27510530853406,"parcel_id":"P0427"}},{"type":"Feature","geometry":{"geodesic":false,"crs":{"type":"name","properties":{"name":"EPSG:4326"}},"type":"Polygon","coordinates":[[[9.553583046611111,36.700670932703055],[9.55807462303171,36.700670932703055],[9.55807462303171,36.70516250912365],[9.553583046611111,36.70516250912365],[9.553583046611111,36.700670932703055]]]},"id":"2127,8171","properties":{"alea":0.07850294028360172,"classe_sol":40.0,"dans_region":true,"lat":36.702916720140564,"lat_max":36.70516250912365,"lat_min":36.700670932703055,"lon":9.555828834821305,"lon_max":9.55807462303171,"lon_min":9.553583046611111,"parcel_id":"P0428"}},{"type":"Feature","geometry":{"geodesic":false,"crs":{"type":"name","properties":{"name":"EPSG:4326"}},"type":"Polygon","coordinates":[[[9.436802059675573,36.59287309860871],[9.441293636096171,36.59287309860871],[9.441293636096171,36.597364675029304],[9.436802059675573,36.597364675029304],[9.436802059675573,36.59287309860871]]]},"id":"2101,8147","properties":{"alea":0.07860583699165913,"classe_sol":40.0,"dans_region":true,"lat":36.59511888615635,"lat_max":36.597364675029304,"lat_min":36.59287309860871,"lon":9.439047847935866,"lon_max":9.441293636096171,"lon_min":9.436802059675573,"parcel_id":"P0429"}},{"type":"Feature","geometry":{"geodesic":false,"crs":{"type":"name","properties":{"name":"EPSG:4326"}},"type":"Polygon","coordinates":[[[9.185273780122108,36.395243736102415],[9.189765356542706,36.395243736102415],[9.189765356542706,36.39973531252301],[9.185273780122108,36.39973531252301],[9.185273780122108,36.395243736102415]]]},"id":"2045,8103","properties":{"alea":0.0787527065662279,"classe_sol":40.0,"dans_region":true,"lat":36.39748952372535,"lat_max":36.39973531252301,"lat_min":36.395243736102415,"lon":9.187519568394999,"lon_max":9.189765356542706,"lon_min":9.185273780122108,"parcel_id":"P0430"}},{"type":"Feature","geometry":{"geodesic":false,"crs":{"type":"name","properties":{"name":"EPSG:4326"}},"type":"Polygon","coordinates":[[[9.625448269340673,36.48956684093496],[9.629939845761271,36.48956684093496],[9.629939845761271,36.49405841735556],[9.625448269340673,36.49405841735556],[9.625448269340673,36.48956684093496]]]},"id":"2143,8124","properties":{"alea":0.07892993180221108,"classe_sol":40.0,"dans_region":true,"lat":36.491812628414955,"lat_max":36.49405841735556,"lat_min":36.48956684093496,"lon":9.627694057509306,"lon_max":9.629939845761271,"lon_min":9.625448269340673,"parcel_id":"P0431"}},{"type":"Feature","geometry":{"geodesic":false,"crs":{"type":"name","properties":{"name":"EPSG:4326"}},"type":"Polygon","coordinates":[[[9.364936836946011,36.480583688093766],[9.36942841336661,36.480583688093766],[9.36942841336661,36.485075264514364],[9.364936836946011,36.485075264514364],[9.364936836946011,36.480583688093766]]]},"id":"2085,8122","properties":{"alea":0.079109377158877,"classe_sol":40.0,"dans_region":true,"lat":36.482829475605946,"lat_max":36.485075264514364,"lat_min":36.480583688093766,"lon":9.36718262516345,"lon_max":9.36942841336661,"lon_min":9.364936836946011,"parcel_id":"P0432"}},{"type":"Feature","geometry":{"geodesic":false,"crs":{"type":"name","properties":{"name":"EPSG:4326"}},"type":"Polygon","coordinates":[[[9.400869448310793,36.63329728639409],[9.405361024731391,36.63329728639409],[9.405361024731391,36.63778886281469],[9.400869448310793,36.63778886281469],[9.400869448310793,36.63329728639409]]]},"id":"2093,8156","properties":{"alea":0.07913439974596104,"classe_sol":40.0,"dans_region":true,"lat":36.635543073980294,"lat_max":36.63778886281469,"lat_min":36.63329728639409,"lon":9.403115236515069,"lon_max":9.405361024731391,"lon_min":9.400869448310793,"parcel_id":"P0433"}},{"type":"Feature","geometry":{"geodesic":false,"crs":{"type":"name","properties":{"name":"EPSG:4326"}},"type":"Polygon","coordinates":[[[9.149341168757326,36.68719620344126],[9.153832745177924,36.68719620344126],[9.153832745177924,36.69168777986186],[9.149341168757326,36.69168777986186],[9.149341168757326,36.68719620344126]]]},"id":"2037,8168","properties":{"alea":0.0795754736358587,"classe_sol":40.0,"dans_region":true,"lat":36.68944199092097,"lat_max":36.69168777986186,"lat_min":36.68719620344126,"lon":9.15158695697006,"lon_max":9.153832745177924,"lon_min":9.149341168757326,"parcel_id":"P0434"}},{"type":"Feature","geometry":{"geodesic":false,"crs":{"type":"name","properties":{"name":"EPSG:4326"}},"type":"Polygon","coordinates":[[[9.149341168757326,36.50304157019676],[9.153832745177924,36.50304157019676],[9.153832745177924,36.507533146617355],[9.149341168757326,36.507533146617355],[9.149341168757326,36.50304157019676]]]},"id":"2037,8127","properties":{"alea":0.07992538326520215,"classe_sol":40.0,"dans_region":true,"lat":36.50528735772193,"lat_max":36.507533146617355,"lat_min":36.50304157019676,"lon":9.151586956876203,"lon_max":9.153832745177924,"lon_min":9.149341168757326,"parcel_id":"P0435"}},{"type":"Feature","geometry":{"geodesic":false,"crs":{"type":"name","properties":{"name":"EPSG:4326"}},"type":"Polygon","coordinates":[[[9.306546343478242,36.74558669690903],[9.31103791989884,36.74558669690903],[9.31103791989884,36.75007827332963],[9.306546343478242,36.75007827332963],[9.306546343478242,36.74558669690903]]]},"id":"2072,8181","properties":{"alea":0.07996301749332901,"classe_sol":40.0,"dans_region":true,"lat":36.74783248436939,"lat_max":36.75007827332963,"lat_min":36.74558669690903,"lon":9.308792131685092,"lon_max":9.31103791989884,"lon_min":9.306546343478242,"parcel_id":"P0436"}},{"type":"Feature","geometry":{"geodesic":false,"crs":{"type":"name","properties":{"name":"EPSG:4326"}},"type":"Polygon","coordinates":[[[9.809602902585175,36.59287309860871],[9.814094479005773,36.59287309860871],[9.814094479005773,36.597364675029304],[9.809602902585175,36.597364675029304],[9.809602902585175,36.59287309860871]]]},"id":"2184,8147","properties":{"alea":0.0799657645640024,"classe_sol":40.0,"dans_region":true,"lat":36.59511888610846,"lat_max":36.597364675029304,"lat_min":36.59287309860871,"lon":9.811848690863224,"lon_max":9.814094479005773,"lon_min":9.809602902585175,"parcel_id":"P0437"}},{"type":"Feature","geometry":{"geodesic":false,"crs":{"type":"name","properties":{"name":"EPSG:4326"}},"type":"Polygon","coordinates":[[[9.697313492070235,36.52100787587915],[9.701805068490833,36.52100787587915],[9.701805068490833,36.52549945229975],[9.697313492070235,36.52549945229975],[9.697313492070235,36.52100787587915]]]},"id":"2159,8131","properties":{"alea":0.08010967231855137,"classe_sol":40.0,"dans_region":true,"lat":36.52325366330461,"lat_max":36.52549945229975,"lat_min":36.52100787587915,"lon":9.699559280202969,"lon_max":9.701805068490833,"lon_min":9.697313492070235,"parcel_id":"P0438"}},{"type":"Feature","geometry":{"geodesic":false,"crs":{"type":"name","properties":{"name":"EPSG:4326"}},"type":"Polygon","coordinates":[[[9.598498810817087,36.538974181561535],[9.602990387237686,36.538974181561535],[9.602990387237686,36.54346575798213],[9.598498810817087,36.54346575798213],[9.598498810817087,36.538974181561535]]]},"id":"2137,8135","properties":{"alea":0.08044334187140156,"classe_sol":40.0,"dans_region":true,"lat":36.54121996913901,"lat_max":36.54346575798213,"lat_min":36.538974181561535,"lon":9.600744598967689,"lon_max":9.602990387237686,"lon_min":9.598498810817087,"parcel_id":"P0439"}},{"type":"Feature","geometry":{"geodesic":false,"crs":{"type":"name","properties":{"name":"EPSG:4326"}},"type":"Polygon","coordinates":[[[9.135866439495533,36.68719620344126],[9.140358015916132,36.68719620344126],[9.140358015916132,36.69168777986186],[9.135866439495533,36.69168777986186],[9.135866439495533,36.68719620344126]]]},"id":"2034,8168","properties":{"alea":0.08102915062613025,"classe_sol":40.0,"dans_region":true,"lat":36.689441990894345,"lat_max":36.69168777986186,"lat_min":36.68719620344126,"lon":9.138112227728433,"lon_max":9.140358015916132,"lon_min":9.135866439495533,"parcel_id":"P0440"}},{"type":"Feature","geometry":{"geodesic":false,"crs":{"type":"name","properties":{"name":"EPSG:4326"}},"type":"Polygon","coordinates":[[[9.29307161421645,36.40422688894361],[9.297563190637048,36.40422688894361],[9.297563190637048,36.40871846536421],[9.29307161421645,36.40871846536421],[9.29307161421645,36.40422688894361]]]},"id":"2069,8105","properties":{"alea":0.08126379528566241,"classe_sol":40.0,"dans_region":true,"lat":36.40647267646702,"lat_max":36.40871846536421,"lat_min":36.40422688894361,"lon":9.295317402419112,"lon_max":9.297563190637048,"lon_min":9.29307161421645,"parcel_id":"P0441"}},{"type":"Feature","geometry":{"geodesic":false,"crs":{"type":"name","properties":{"name":"EPSG:4326"}},"type":"Polygon","coordinates":[[[9.346970531263622,36.57939836934692],[9.351462107684219,36.57939836934692],[9.351462107684219,36.58388994576752],[9.346970531263622,36.58388994576752],[9.346970531263622,36.57939836934692]]]},"id":"2081,8144","properties":{"alea":0.08127800435057242,"classe_sol":40.0,"dans_region":true,"lat":36.58164415696278,"lat_max":36.58388994576752,"lat_min":36.57939836934692,"lon":9.3492163195014,"lon_max":9.351462107684219,"lon_min":9.346970531263622,"parcel_id":"P0442"}},{"type":"Feature","geometry":{"geodesic":false,"crs":{"type":"name","properties":{"name":"EPSG:4326"}},"type":"Polygon","coordinates":[[[9.346970531263622,36.78151930827381],[9.351462107684219,36.78151930827381],[9.351462107684219,36.786010884694406],[9.346970531263622,36.786010884694406],[9.346970531263622,36.78151930827381]]]},"id":"2081,8189","properties":{"alea":0.0815974916037514,"classe_sol":40.0,"dans_region":true,"lat":36.78376509572244,"lat_max":36.786010884694406,"lat_min":36.78151930827381,"lon":9.34921631945363,"lon_max":9.351462107684219,"lon_min":9.346970531263622,"parcel_id":"P0443"}},{"type":"Feature","geometry":{"geodesic":false,"crs":{"type":"name","properties":{"name":"EPSG:4326"}},"type":"Polygon","coordinates":[[[9.14484959233673,36.62431413355289],[9.149341168757326,36.62431413355289],[9.149341168757326,36.62880570997349],[9.14484959233673,36.62880570997349],[9.14484959233673,36.62431413355289]]]},"id":"2036,8154","properties":{"alea":0.08176829042642131,"classe_sol":40.0,"dans_region":true,"lat":36.62655992112619,"lat_max":36.62880570997349,"lat_min":36.62431413355289,"lon":9.147095380579971,"lon_max":9.149341168757326,"lon_min":9.14484959233673,"parcel_id":"P0444"}},{"type":"Feature","geometry":{"geodesic":false,"crs":{"type":"name","properties":{"name":"EPSG:4326"}},"type":"Polygon","coordinates":[[[9.629939845761271,36.700670932703055],[9.63443142218187,36.700670932703055],[9.63443142218187,36.70516250912365],[9.629939845761271,36.70516250912365],[9.629939845761271,36.700670932703055]]]},"id":"2144,8171","properties":{"alea":0.08178134153626282,"classe_sol":40.0,"dans_region":true,"lat":36.702916720115326,"lat_max":36.70516250912365,"lat_min":36.700670932703055,"lon":9.632185633933174,"lon_max":9.63443142218187,"lon_min":9.629939845761271,"parcel_id":"P0445"}},{"type":"Feature","geometry":{"geodesic":false,"crs":{"type":"name","properties":{"name":"EPSG:4326"}},"type":"Polygon","coordinates":[[[9.710788221332027,36.51651629945855],[9.715279797752626,36.51651629945855],[9.715279797752626,36.52100787587915],[9.710788221332027,36.52100787587915],[9.710788221332027,36.51651629945855]]]},"id":"2162,8130","properties":{"alea":0.08199469283062999,"classe_sol":40.0,"dans_region":true,"lat":36.51876208707923,"lat_max":36.52100787587915,"lat_min":36.51651629945855,"lon":9.713034009479165,"lon_max":9.715279797752626,"lon_min":9.710788221332027,"parcel_id":"P0446"}},{"type":"Feature","geometry":{"geodesic":false,"crs":{"type":"name","properties":{"name":"EPSG:4326"}},"type":"Polygon","coordinates":[[[9.203240085804499,36.453634229570184],[9.207731662225095,36.453634229570184],[9.207731662225095,36.45812580599078],[9.203240085804499,36.45812580599078],[9.203240085804499,36.453634229570184]]]},"id":"2049,8116","properties":{"alea":0.08210853771583815,"classe_sol":40.0,"dans_region":true,"lat":36.455880017127726,"lat_max":36.45812580599078,"lat_min":36.453634229570184,"lon":9.20548587397705,"lon_max":9.207731662225095,"lon_min":9.203240085804499,"parcel_id":"P0447"}},{"type":"Feature","geometry":{"geodesic":false,"crs":{"type":"name","properties":{"name":"EPSG:4326"}},"type":"Polygon","coordinates":[[[9.230189544328084,36.417701618205406],[9.23468112074868,36.417701618205406],[9.23468112074868,36.422193194626004],[9.230189544328084,36.422193194626004],[9.230189544328084,36.417701618205406]]]},"id":"2055,8108","properties":{"alea":0.08222817841185437,"classe_sol":40.0,"dans_region":true,"lat":36.419947405834215,"lat_max":36.422193194626004,"lat_min":36.417701618205406,"lon":9.232435332525316,"lon_max":9.23468112074868,"lon_min":9.230189544328084,"parcel_id":"P0448"}},{"type":"Feature","geometry":{"geodesic":false,"crs":{"type":"name","properties":{"name":"EPSG:4326"}},"type":"Polygon","coordinates":[[[9.674855609967247,36.480583688093766],[9.679347186387844,36.480583688093766],[9.679347186387844,36.485075264514364],[9.674855609967247,36.485075264514364],[9.674855609967247,36.480583688093766]]]},"id":"2154,8122","properties":{"alea":0.08230053756518763,"classe_sol":40.0,"dans_region":true,"lat":36.482829475620186,"lat_max":36.485075264514364,"lat_min":36.480583688093766,"lon":9.67710139821772,"lon_max":9.679347186387844,"lon_min":9.674855609967247,"parcel_id":"P0449"}},{"type":"Feature","geometry":{"geodesic":false,"crs":{"type":"name","properties":{"name":"EPSG:4326"}},"type":"Polygon","coordinates":[[[9.207731662225095,36.82194349605919],[9.212223238645693,36.82194349605919],[9.212223238645693,36.82643507247978],[9.207731662225095,36.82643507247978],[9.207731662225095,36.82194349605919]]]},"id":"2050,8198","properties":{"alea":0.08234823743574327,"classe_sol":40.0,"dans_region":true,"lat":36.82418928346184,"lat_max":36.82643507247978,"lat_min":36.82194349605919,"lon":9.20997745033037,"lon_max":9.212223238645693,"lon_min":9.207731662225095,"parcel_id":"P0450"}},{"type":"Feature","geometry":{"geodesic":false,"crs":{"type":"name","properties":{"name":"EPSG:4326"}},"type":"Polygon","coordinates":[[[9.773670291220395,36.71414566196484],[9.778161867640993,36.71414566196484],[9.778161867640993,36.71863723838544],[9.773670291220395,36.71863723838544],[9.773670291220395,36.71414566196484]]]},"id":"2176,8174","properties":{"alea":0.08258449874246332,"classe_sol":40.0,"dans_region":true,"lat":36.716391449336626,"lat_max":36.71863723838544,"lat_min":36.71414566196484,"lon":9.775916079342956,"lon_max":9.778161867640993,"lon_min":9.773670291220395,"parcel_id":"P0451"}},{"type":"Feature","geometry":{"geodesic":false,"crs":{"type":"name","properties":{"name":"EPSG:4326"}},"type":"Polygon","coordinates":[[[9.450276788937366,36.6063478278705],[9.454768365357964,36.6063478278705],[9.454768365357964,36.6108394042911],[9.450276788937366,36.6108394042911],[9.450276788937366,36.6063478278705]]]},"id":"2104,8150","properties":{"alea":0.0826412915811181,"classe_sol":40.0,"dans_region":true,"lat":36.60859361532541,"lat_max":36.6108394042911,"lat_min":36.6063478278705,"lon":9.452522577139062,"lon_max":9.454768365357964,"lon_min":9.450276788937366,"parcel_id":"P0452"}},{"type":"Feature","geometry":{"geodesic":false,"crs":{"type":"name","properties":{"name":"EPSG:4326"}},"type":"Polygon","coordinates":[[[9.400869448310793,36.71863723838544],[9.405361024731391,36.71863723838544],[9.405361024731391,36.72312881480604],[9.400869448310793,36.72312881480604],[9.400869448310793,36.71863723838544]]]},"id":"2093,8175","properties":{"alea":0.08271834087821983,"classe_sol":40.0,"dans_region":true,"lat":36.720883025799715,"lat_max":36.72312881480604,"lat_min":36.71863723838544,"lon":9.403115236584725,"lon_max":9.405361024731391,"lon_min":9.400869448310793,"parcel_id":"P0453"}},{"type":"Feature","geometry":{"geodesic":false,"crs":{"type":"name","properties":{"name":"EPSG:4326"}},"type":"Polygon","coordinates":[[[9.405361024731391,36.49854999377616],[9.409852601151988,36.49854999377616],[9.409852601151988,36.50304157019676],[9.405361024731391,36.50304157019676],[9.405361024731391,36.49854999377616]]]},"id":"2094,8126","properties":{"alea":0.08291146436280039,"classe_sol":40.0,"dans_region":true,"lat":36.50079578134663,"lat_max":36.50304157019676,"lat_min":36.49854999377616,"lon":9.407606812949279,"lon_max":9.409852601151988,"lon_min":9.405361024731391,"parcel_id":"P0454"}},{"type":"Feature","geometry":{"geodesic":false,"crs":{"type":"name","properties":{"name":"EPSG:4326"}},"type":"Polygon","coordinates":[[[9.315529496319439,36.62880570997349],[9.320021072740037,36.62880570997349],[9.320021072740037,36.63329728639409],[9.315529496319439,36.63329728639409],[9.315529496319439,36.62880570997349]]]},"id":"2074,8155","properties":{"alea":0.08292145079387403,"classe_sol":40.0,"dans_region":true,"lat":36.631051497303346,"lat_max":36.63329728639409,"lat_min":36.62880570997349,"lon":9.317775284508135,"lon_max":9.320021072740037,"lon_min":9.315529496319439,"parcel_id":"P0455"}},{"type":"Feature","geometry":{"geodesic":false,"crs":{"type":"name","properties":{"name":"EPSG:4326"}},"type":"Polygon","coordinates":[[[9.320021072740037,36.51202472303795],[9.324512649160633,36.51202472303795],[9.324512649160633,36.51651629945855],[9.320021072740037,36.51651629945855],[9.320021072740037,36.51202472303795]]]},"id":"2075,8129","properties":{"alea":0.08307629460455646,"classe_sol":40.0,"dans_region":true,"lat":36.51427051048053,"lat_max":36.51651629945855,"lat_min":36.51202472303795,"lon":9.322266860919196,"lon_max":9.324512649160633,"lon_min":9.320021072740037,"parcel_id":"P0456"}},{"type":"Feature","geometry":{"geodesic":false,"crs":{"type":"name","properties":{"name":"EPSG:4326"}},"type":"Polygon","coordinates":[[[9.661380880705455,36.54795733440273],[9.665872457126051,36.54795733440273],[9.665872457126051,36.55244891082333],[9.661380880705455,36.55244891082333],[9.661380880705455,36.54795733440273]]]},"id":"2151,8137","properties":{"alea":0.08310623501468284,"classe_sol":40.0,"dans_region":true,"lat":36.550203121864435,"lat_max":36.55244891082333,"lat_min":36.54795733440273,"lon":9.663626668909844,"lon_max":9.665872457126051,"lon_min":9.661380880705455,"parcel_id":"P0457"}},{"type":"Feature","geometry":{"geodesic":false,"crs":{"type":"name","properties":{"name":"EPSG:4326"}},"type":"Polygon","coordinates":[[[9.050526487504179,36.97465709435951],[9.055018063924777,36.97465709435951],[9.055018063924777,36.979148670780106],[9.050526487504179,36.979148670780106],[9.050526487504179,36.97465709435951]]]},"id":"2015,8232","properties":{"alea":0.08349375096884903,"classe_sol":40.0,"dans_region":true,"lat":36.97690288168606,"lat_max":36.979148670780106,"lat_min":36.97465709435951,"lon":9.0527722757504,"lon_max":9.055018063924777,"lon_min":9.050526487504179,"parcel_id":"P0458"}},{"type":"Feature","geometry":{"geodesic":false,"crs":{"type":"name","properties":{"name":"EPSG:4326"}},"type":"Polygon","coordinates":[[[9.351462107684219,36.59287309860871],[9.355953684104817,36.59287309860871],[9.355953684104817,36.597364675029304],[9.351462107684219,36.597364675029304],[9.351462107684219,36.59287309860871]]]},"id":"2082,8147","properties":{"alea":0.08353269269181063,"classe_sol":40.0,"dans_region":true,"lat":36.59511888610701,"lat_max":36.597364675029304,"lat_min":36.59287309860871,"lon":9.35370789585152,"lon_max":9.355953684104817,"lon_min":9.351462107684219,"parcel_id":"P0459"}},{"type":"Feature","geometry":{"geodesic":false,"crs":{"type":"name","properties":{"name":"EPSG:4326"}},"type":"Polygon","coordinates":[[[9.1987485093839,36.43566792388779],[9.203240085804499,36.43566792388779],[9.203240085804499,36.44015950030839],[9.1987485093839,36.44015950030839],[9.1987485093839,36.43566792388779]]]},"id":"2048,8112","properties":{"alea":0.08388998200128617,"classe_sol":40.0,"dans_region":true,"lat":36.43791371153169,"lat_max":36.44015950030839,"lat_min":36.43566792388779,"lon":9.200994297698607,"lon_max":9.203240085804499,"lon_min":9.1987485093839,"parcel_id":"P0460"}},{"type":"Feature","geometry":{"geodesic":false,"crs":{"type":"name","properties":{"name":"EPSG:4326"}},"type":"Polygon","coordinates":[[[9.346970531263622,36.74109512048843],[9.351462107684219,36.74109512048843],[9.351462107684219,36.74558669690903],[9.346970531263622,36.74558669690903],[9.346970531263622,36.74109512048843]]]},"id":"2081,8180","properties":{"alea":0.08407298210989089,"classe_sol":40.0,"dans_region":true,"lat":36.74334090776331,"lat_max":36.74558669690903,"lat_min":36.74109512048843,"lon":9.349216319523018,"lon_max":9.351462107684219,"lon_min":9.346970531263622,"parcel_id":"P0461"}},{"type":"Feature","geometry":{"geodesic":false,"crs":{"type":"name","properties":{"name":"EPSG:4326"}},"type":"Polygon","coordinates":[[[9.176290627280913,36.480583688093766],[9.18078220370151,36.480583688093766],[9.18078220370151,36.485075264514364],[9.176290627280913,36.485075264514364],[9.176290627280913,36.480583688093766]]]},"id":"2043,8122","properties":{"alea":0.08410661043275058,"classe_sol":40.0,"dans_region":true,"lat":36.4828294756338,"lat_max":36.485075264514364,"lat_min":36.480583688093766,"lon":9.178536415476675,"lon_max":9.18078220370151,"lon_min":9.176290627280913,"parcel_id":"P0462"}},{"type":"Feature","geometry":{"geodesic":false,"crs":{"type":"name","properties":{"name":"EPSG:4326"}},"type":"Polygon","coordinates":[[[9.090950675289559,36.646772015655884],[9.095442251710155,36.646772015655884],[9.095442251710155,36.65126359207648],[9.090950675289559,36.65126359207648],[9.090950675289559,36.646772015655884]]]},"id":"2024,8159","properties":{"alea":0.08420866933099624,"classe_sol":40.0,"dans_region":true,"lat":36.64901780319723,"lat_max":36.65126359207648,"lat_min":36.646772015655884,"lon":9.093196463556414,"lon_max":9.095442251710155,"lon_min":9.090950675289559,"parcel_id":"P0463"}},{"type":"Feature","geometry":{"geodesic":false,"crs":{"type":"name","properties":{"name":"EPSG:4326"}},"type":"Polygon","coordinates":[[[9.719771374173224,36.57939836934692],[9.72426295059382,36.57939836934692],[9.72426295059382,36.58388994576752],[9.719771374173224,36.58388994576752],[9.719771374173224,36.57939836934692]]]},"id":"2164,8144","properties":{"alea":0.08421529093721891,"classe_sol":40.0,"dans_region":true,"lat":36.58164415697033,"lat_max":36.58388994576752,"lat_min":36.57939836934692,"lon":9.722017162465688,"lon_max":9.72426295059382,"lon_min":9.719771374173224,"parcel_id":"P0464"}},{"type":"Feature","geometry":{"geodesic":false,"crs":{"type":"name","properties":{"name":"EPSG:4326"}},"type":"Polygon","coordinates":[[[9.117900133813144,36.66922989775887],[9.12239171023374,36.66922989775887],[9.12239171023374,36.673721474179466],[9.117900133813144,36.673721474179466],[9.117900133813144,36.66922989775887]]]},"id":"2030,8164","properties":{"alea":0.08432736693241305,"classe_sol":40.0,"dans_region":true,"lat":36.671475685201536,"lat_max":36.673721474179466,"lat_min":36.66922989775887,"lon":9.120145922031988,"lon_max":9.12239171023374,"lon_min":9.117900133813144,"parcel_id":"P0465"}},{"type":"Feature","geometry":{"geodesic":false,"crs":{"type":"name","properties":{"name":"EPSG:4326"}},"type":"Polygon","coordinates":[[[9.643414575023064,36.754569849750226],[9.647906151443662,36.754569849750226],[9.647906151443662,36.759061426170824],[9.643414575023064,36.759061426170824],[9.643414575023064,36.754569849750226]]]},"id":"2147,8183","properties":{"alea":0.08439531467789763,"classe_sol":40.0,"dans_region":true,"lat":36.756815637223475,"lat_max":36.759061426170824,"lat_min":36.754569849750226,"lon":9.645660363237152,"lon_max":9.647906151443662,"lon_min":9.643414575023064,"parcel_id":"P0466"}},{"type":"Feature","geometry":{"geodesic":false,"crs":{"type":"name","properties":{"name":"EPSG:4326"}},"type":"Polygon","coordinates":[[[9.760195561958602,36.700670932703055],[9.7646871383792,36.700670932703055],[9.7646871383792,36.70516250912365],[9.760195561958602,36.70516250912365],[9.760195561958602,36.700670932703055]]]},"id":"2173,8171","properties":{"alea":0.0848078263418679,"classe_sol":40.0,"dans_region":true,"lat":36.70291672014982,"lat_max":36.70516250912365,"lat_min":36.700670932703055,"lon":9.762441350130981,"lon_max":9.7646871383792,"lon_min":9.760195561958602,"parcel_id":"P0467"}},{"type":"Feature","geometry":{"geodesic":false,"crs":{"type":"name","properties":{"name":"EPSG:4326"}},"type":"Polygon","coordinates":[[[9.629939845761271,36.72312881480604],[9.63443142218187,36.72312881480604],[9.63443142218187,36.72762039122664],[9.629939845761271,36.72762039122664],[9.629939845761271,36.72312881480604]]]},"id":"2144,8176","properties":{"alea":0.08519202453877539,"classe_sol":40.0,"dans_region":true,"lat":36.72537460219134,"lat_max":36.72762039122664,"lat_min":36.72312881480604,"lon":9.632185633959221,"lon_max":9.63443142218187,"lon_min":9.629939845761271,"parcel_id":"P0468"}},{"type":"Feature","geometry":{"geodesic":false,"crs":{"type":"name","properties":{"name":"EPSG:4326"}},"type":"Polygon","coordinates":[[[9.279596884954657,36.84889295458277],[9.284088461375255,36.84889295458277],[9.284088461375255,36.85338453100337],[9.279596884954657,36.85338453100337],[9.279596884954657,36.84889295458277]]]},"id":"2066,8204","properties":{"alea":0.08551601019596522,"classe_sol":40.0,"dans_region":true,"lat":36.85113874196446,"lat_max":36.85338453100337,"lat_min":36.84889295458277,"lon":9.2818426731821,"lon_max":9.284088461375255,"lon_min":9.279596884954657,"parcel_id":"P0469"}},{"type":"Feature","geometry":{"geodesic":false,"crs":{"type":"name","properties":{"name":"EPSG:4326"}},"type":"Polygon","coordinates":[[[9.005610723298203,36.77702773185321],[9.0101022997188,36.77702773185321],[9.0101022997188,36.78151930827381],[9.005610723298203,36.78151930827381],[9.005610723298203,36.77702773185321]]]},"id":"2005,8188","properties":{"alea":0.08560498777421954,"classe_sol":40.0,"dans_region":true,"lat":36.779273519243105,"lat_max":36.78151930827381,"lat_min":36.77702773185321,"lon":9.007856511556025,"lon_max":9.0101022997188,"lon_min":9.005610723298203,"parcel_id":"P0470"}},{"type":"Feature","geometry":{"geodesic":false,"crs":{"type":"name","properties":{"name":"EPSG:4326"}},"type":"Polygon","coordinates":[[[9.504175705984538,36.69617935628246],[9.508667282405135,36.69617935628246],[9.508667282405135,36.700670932703055],[9.504175705984538,36.700670932703055],[9.504175705984538,36.69617935628246]]]},"id":"2116,8170","properties":{"alea":0.08575885926888382,"classe_sol":40.0,"dans_region":true,"lat":36.69842514375059,"lat_max":36.700670932703055,"lat_min":36.69617935628246,"lon":9.506421494231425,"lon_max":9.508667282405135,"lon_min":9.504175705984538,"parcel_id":"P0471"}},{"type":"Feature","geometry":{"geodesic":false,"crs":{"type":"name","properties":{"name":"EPSG:4326"}},"type":"Polygon","coordinates":[[[9.288580037795853,36.55244891082333],[9.29307161421645,36.55244891082333],[9.29307161421645,36.55694048724393],[9.288580037795853,36.55694048724393],[9.288580037795853,36.55244891082333]]]},"id":"2068,8138","properties":{"alea":0.0859258174620654,"classe_sol":40.0,"dans_region":true,"lat":36.554694698391735,"lat_max":36.55694048724393,"lat_min":36.55244891082333,"lon":9.290825825982779,"lon_max":9.29307161421645,"lon_min":9.288580037795853,"parcel_id":"P0472"}},{"type":"Feature","geometry":{"geodesic":false,"crs":{"type":"name","properties":{"name":"EPSG:4326"}},"type":"Polygon","coordinates":[[[9.225697967907486,36.88931714236815],[9.230189544328084,36.88931714236815],[9.230189544328084,36.89380871878875],[9.225697967907486,36.89380871878875],[9.225697967907486,36.88931714236815]]]},"id":"2054,8213","properties":{"alea":0.08609742828192202,"classe_sol":40.0,"dans_region":true,"lat":36.8915629296251,"lat_max":36.89380871878875,"lat_min":36.88931714236815,"lon":9.227943756096613,"lon_max":9.230189544328084,"lon_min":9.225697967907486,"parcel_id":"P0473"}},{"type":"Feature","geometry":{"geodesic":false,"crs":{"type":"name","properties":{"name":"EPSG:4326"}},"type":"Polygon","coordinates":[[[9.149341168757326,36.38626058326122],[9.153832745177924,36.38626058326122],[9.153832745177924,36.39075215968182],[9.149341168757326,36.39075215968182],[9.149341168757326,36.38626058326122]]]},"id":"2037,8101","properties":{"alea":0.08645821654383168,"classe_sol":40.0,"dans_region":true,"lat":36.38850637075123,"lat_max":36.39075215968182,"lat_min":36.38626058326122,"lon":9.151586956971283,"lon_max":9.153832745177924,"lon_min":9.149341168757326,"parcel_id":"P0474"}},{"type":"Feature","geometry":{"geodesic":false,"crs":{"type":"name","properties":{"name":"EPSG:4326"}},"type":"Polygon","coordinates":[[[9.176290627280913,36.68270462702066],[9.18078220370151,36.68270462702066],[9.18078220370151,36.68719620344126],[9.176290627280913,36.68719620344126],[9.176290627280913,36.68270462702066]]]},"id":"2043,8167","properties":{"alea":0.08679276089079158,"classe_sol":40.0,"dans_region":true,"lat":36.684950414371734,"lat_max":36.68719620344126,"lat_min":36.68270462702066,"lon":9.178536415432559,"lon_max":9.18078220370151,"lon_min":9.176290627280913,"parcel_id":"P0475"}},{"type":"Feature","geometry":{"geodesic":false,"crs":{"type":"name","properties":{"name":"EPSG:4326"}},"type":"Polygon","coordinates":[[[9.230189544328084,36.709654085544244],[9.23468112074868,36.709654085544244],[9.23468112074868,36.71414566196484],[9.230189544328084,36.71414566196484],[9.230189544328084,36.709654085544244]]]},"id":"2055,8173","properties":{"alea":0.08695732077384555,"classe_sol":40.0,"dans_region":true,"lat":36.71189987311045,"lat_max":36.71414566196484,"lat_min":36.709654085544244,"lon":9.232435332545094,"lon_max":9.23468112074868,"lon_min":9.230189544328084,"parcel_id":"P0476"}},{"type":"Feature","geometry":{"geodesic":false,"crs":{"type":"name","properties":{"name":"EPSG:4326"}},"type":"Polygon","coordinates":[[[9.351462107684219,36.790502461115004],[9.355953684104817,36.790502461115004],[9.355953684104817,36.7949940375356],[9.351462107684219,36.7949940375356],[9.351462107684219,36.790502461115004]]]},"id":"2082,8191","properties":{"alea":0.0873221108493677,"classe_sol":40.0,"dans_region":true,"lat":36.79274824846999,"lat_max":36.7949940375356,"lat_min":36.790502461115004,"lon":9.353707895873624,"lon_max":9.355953684104817,"lon_min":9.351462107684219,"parcel_id":"P0477"}},{"type":"Feature","geometry":{"geodesic":false,"crs":{"type":"name","properties":{"name":"EPSG:4326"}},"type":"Polygon","coordinates":[[[9.490700976722746,36.75007827332963],[9.495192553143342,36.75007827332963],[9.495192553143342,36.754569849750226],[9.490700976722746,36.754569849750226],[9.490700976722746,36.75007827332963]]]},"id":"2113,8182","properties":{"alea":0.08774645423450966,"classe_sol":40.0,"dans_region":true,"lat":36.75232406073955,"lat_max":36.754569849750226,"lat_min":36.75007827332963,"lon":9.492946764926549,"lon_max":9.495192553143342,"lon_min":9.490700976722746,"parcel_id":"P0478"}},{"type":"Feature","geometry":{"geodesic":false,"crs":{"type":"name","properties":{"name":"EPSG:4326"}},"type":"Polygon","coordinates":[[[9.701805068490833,36.678213050600064],[9.706296644911431,36.678213050600064],[9.706296644911431,36.68270462702066],[9.701805068490833,36.68270462702066],[9.701805068490833,36.678213050600064]]]},"id":"2160,8166","properties":{"alea":0.08775629140204322,"classe_sol":40.0,"dans_region":true,"lat":36.68045883809846,"lat_max":36.68270462702066,"lat_min":36.678213050600064,"lon":9.704050856720032,"lon_max":9.706296644911431,"lon_min":9.701805068490833,"parcel_id":"P0479"}},{"type":"Feature","geometry":{"geodesic":false,"crs":{"type":"name","properties":{"name":"EPSG:4326"}},"type":"Polygon","coordinates":[[[9.706296644911431,36.449142653149586],[9.710788221332027,36.449142653149586],[9.710788221332027,36.453634229570184],[9.706296644911431,36.453634229570184],[9.706296644911431,36.449142653149586]]]},"id":"2161,8115","properties":{"alea":0.08776678547566363,"classe_sol":40.0,"dans_region":true,"lat":36.45138844069383,"lat_max":36.453634229570184,"lat_min":36.449142653149586,"lon":9.708542433152934,"lon_max":9.710788221332027,"lon_min":9.706296644911431,"parcel_id":"P0480"}},{"type":"Feature","geometry":{"geodesic":false,"crs":{"type":"name","properties":{"name":"EPSG:4326"}},"type":"Polygon","coordinates":[[[9.616465116499478,36.709654085544244],[9.620956692920076,36.709654085544244],[9.620956692920076,36.71414566196484],[9.616465116499478,36.71414566196484],[9.616465116499478,36.709654085544244]]]},"id":"2141,8173","properties":{"alea":0.08780130667987418,"classe_sol":40.0,"dans_region":true,"lat":36.711899873069136,"lat_max":36.71414566196484,"lat_min":36.709654085544244,"lon":9.618710904675515,"lon_max":9.620956692920076,"lon_min":9.616465116499478,"parcel_id":"P0481"}},{"type":"Feature","geometry":{"geodesic":false,"crs":{"type":"name","properties":{"name":"EPSG:4326"}},"type":"Polygon","coordinates":[[[9.1987485093839,36.66024674491767],[9.203240085804499,36.66024674491767],[9.203240085804499,36.66473832133827],[9.1987485093839,36.66473832133827],[9.1987485093839,36.66024674491767]]]},"id":"2048,8162","properties":{"alea":0.08790530863739177,"classe_sol":40.0,"dans_region":true,"lat":36.662492532442606,"lat_max":36.66473832133827,"lat_min":36.66024674491767,"lon":9.200994297630634,"lon_max":9.203240085804499,"lon_min":9.1987485093839,"parcel_id":"P0482"}},{"type":"Feature","geometry":{"geodesic":false,"crs":{"type":"name","properties":{"name":"EPSG:4326"}},"type":"Polygon","coordinates":[[[9.248155850010475,36.40422688894361],[9.252647426431071,36.40422688894361],[9.252647426431071,36.40871846536421],[9.248155850010475,36.40871846536421],[9.248155850010475,36.40422688894361]]]},"id":"2059,8105","properties":{"alea":0.08808998361891884,"classe_sol":40.0,"dans_region":true,"lat":36.40647267648658,"lat_max":36.40871846536421,"lat_min":36.40422688894361,"lon":9.250401638238287,"lon_max":9.252647426431071,"lon_min":9.248155850010475,"parcel_id":"P0483"}},{"type":"Feature","geometry":{"geodesic":false,"crs":{"type":"name","properties":{"name":"EPSG:4326"}},"type":"Polygon","coordinates":[[[9.252647426431071,36.754569849750226],[9.25713900285167,36.754569849750226],[9.25713900285167,36.759061426170824],[9.252647426431071,36.759061426170824],[9.252647426431071,36.754569849750226]]]},"id":"2060,8183","properties":{"alea":0.0881704734651525,"classe_sol":40.0,"dans_region":true,"lat":36.75681563716367,"lat_max":36.759061426170824,"lat_min":36.754569849750226,"lon":9.25489321462588,"lon_max":9.25713900285167,"lon_min":9.252647426431071,"parcel_id":"P0484"}},{"type":"Feature","geometry":{"geodesic":false,"crs":{"type":"name","properties":{"name":"EPSG:4326"}},"type":"Polygon","coordinates":[[[9.284088461375255,36.75007827332963],[9.288580037795853,36.75007827332963],[9.288580037795853,36.754569849750226],[9.284088461375255,36.754569849750226],[9.284088461375255,36.75007827332963]]]},"id":"2067,8182","properties":{"alea":0.08817445240430744,"classe_sol":40.0,"dans_region":true,"lat":36.752324060650004,"lat_max":36.754569849750226,"lat_min":36.75007827332963,"lon":9.286334249560035,"lon_max":9.288580037795853,"lon_min":9.284088461375255,"parcel_id":"P0485"}},{"type":"Feature","geometry":{"geodesic":false,"crs":{"type":"name","properties":{"name":"EPSG:4326"}},"type":"Polygon","coordinates":[[[9.239172697169279,36.48956684093496],[9.243664273589877,36.48956684093496],[9.243664273589877,36.49405841735556],[9.239172697169279,36.49405841735556],[9.239172697169279,36.48956684093496]]]},"id":"2057,8124","properties":{"alea":0.08823062891669808,"classe_sol":40.0,"dans_region":true,"lat":36.49181262845213,"lat_max":36.49405841735556,"lat_min":36.48956684093496,"lon":9.241418485328607,"lon_max":9.243664273589877,"lon_min":9.239172697169279,"parcel_id":"P0486"}},{"type":"Feature","geometry":{"geodesic":false,"crs":{"type":"name","properties":{"name":"EPSG:4326"}},"type":"Polygon","coordinates":[[[9.270613732113462,36.73660354406783],[9.27510530853406,36.73660354406783],[9.27510530853406,36.74109512048843],[9.270613732113462,36.74109512048843],[9.270613732113462,36.73660354406783]]]},"id":"2064,8179","properties":{"alea":0.08835620843323888,"classe_sol":40.0,"dans_region":true,"lat":36.73884933165815,"lat_max":36.74109512048843,"lat_min":36.73660354406783,"lon":9.272859520364067,"lon_max":9.27510530853406,"lon_min":9.270613732113462,"parcel_id":"P0487"}},{"type":"Feature","geometry":{"geodesic":false,"crs":{"type":"name","properties":{"name":"EPSG:4326"}},"type":"Polygon","coordinates":[[[9.212223238645693,36.902791871629944],[9.216714815066291,36.902791871629944],[9.216714815066291,36.90728344805054],[9.212223238645693,36.90728344805054],[9.212223238645693,36.902791871629944]]]},"id":"2051,8216","properties":{"alea":0.08837430434174676,"classe_sol":40.0,"dans_region":true,"lat":36.90503765888174,"lat_max":36.90728344805054,"lat_min":36.902791871629944,"lon":9.214469026859586,"lon_max":9.216714815066291,"lon_min":9.212223238645693,"parcel_id":"P0488"}},{"type":"Feature","geometry":{"geodesic":false,"crs":{"type":"name","properties":{"name":"EPSG:4326"}},"type":"Polygon","coordinates":[[[9.14484959233673,36.76355300259142],[9.149341168757326,36.76355300259142],[9.149341168757326,36.76804457901201],[9.14484959233673,36.76804457901201],[9.14484959233673,36.76355300259142]]]},"id":"2036,8185","properties":{"alea":0.08846633237060608,"classe_sol":40.0,"dans_region":true,"lat":36.765798790079785,"lat_max":36.76804457901201,"lat_min":36.76355300259142,"lon":9.147095380595834,"lon_max":9.149341168757326,"lon_min":9.14484959233673,"parcel_id":"P0489"}},{"type":"Feature","geometry":{"geodesic":false,"crs":{"type":"name","properties":{"name":"EPSG:4326"}},"type":"Polygon","coordinates":[[[9.778161867640993,36.69617935628246],[9.782653444061589,36.69617935628246],[9.782653444061589,36.700670932703055],[9.778161867640993,36.700670932703055],[9.778161867640993,36.69617935628246]]]},"id":"2177,8170","properties":{"alea":0.08896037492300513,"classe_sol":40.0,"dans_region":true,"lat":36.69842514373527,"lat_max":36.700670932703055,"lat_min":36.69617935628246,"lon":9.780407655903675,"lon_max":9.782653444061589,"lon_min":9.778161867640993,"parcel_id":"P0490"}},{"type":"Feature","geometry":{"geodesic":false,"crs":{"type":"name","properties":{"name":"EPSG:4326"}},"type":"Polygon","coordinates":[[[9.733246103435016,36.55694048724393],[9.737737679855613,36.55694048724393],[9.737737679855613,36.561432063664526],[9.733246103435016,36.561432063664526],[9.733246103435016,36.55694048724393]]]},"id":"2167,8139","properties":{"alea":0.08907638203112489,"classe_sol":40.0,"dans_region":true,"lat":36.55918627477637,"lat_max":36.561432063664526,"lat_min":36.55694048724393,"lon":9.735491891590561,"lon_max":9.737737679855613,"lon_min":9.733246103435016,"parcel_id":"P0491"}},{"type":"Feature","geometry":{"geodesic":false,"crs":{"type":"name","properties":{"name":"EPSG:4326"}},"type":"Polygon","coordinates":[[[9.773670291220395,36.48956684093496],[9.778161867640993,36.48956684093496],[9.778161867640993,36.49405841735556],[9.773670291220395,36.49405841735556],[9.773670291220395,36.48956684093496]]]},"id":"2176,8124","properties":{"alea":0.08914924590119722,"classe_sol":40.0,"dans_region":true,"lat":36.491812628465006,"lat_max":36.49405841735556,"lat_min":36.48956684093496,"lon":9.775916079388182,"lon_max":9.778161867640993,"lon_min":9.773670291220395,"parcel_id":"P0492"}},{"type":"Feature","geometry":{"geodesic":false,"crs":{"type":"name","properties":{"name":"EPSG:4326"}},"type":"Polygon","coordinates":[[[9.387394719049,36.83092664890038],[9.391886295469599,36.83092664890038],[9.391886295469599,36.83541822532098],[9.387394719049,36.83541822532098],[9.387394719049,36.83092664890038]]]},"id":"2090,8200","properties":{"alea":0.08921534715252144,"classe_sol":40.0,"dans_region":true,"lat":36.83317243626535,"lat_max":36.83541822532098,"lat_min":36.83092664890038,"lon":9.38964050720219,"lon_max":9.391886295469599,"lon_min":9.387394719049,"parcel_id":"P0493"}},{"type":"Feature","geometry":{"geodesic":false,"crs":{"type":"name","properties":{"name":"EPSG:4326"}},"type":"Polygon","coordinates":[[[9.585024081555295,36.538974181561535],[9.589515657975893,36.538974181561535],[9.589515657975893,36.54346575798213],[9.585024081555295,36.54346575798213],[9.585024081555295,36.538974181561535]]]},"id":"2134,8135","properties":{"alea":0.08929313648074044,"classe_sol":40.0,"dans_region":true,"lat":36.54121996912835,"lat_max":36.54346575798213,"lat_min":36.538974181561535,"lon":9.587269869730223,"lon_max":9.589515657975893,"lon_min":9.585024081555295,"parcel_id":"P0494"}},{"type":"Feature","geometry":{"geodesic":false,"crs":{"type":"name","properties":{"name":"EPSG:4326"}},"type":"Polygon","coordinates":[[[9.113408557392546,36.786010884694406],[9.117900133813144,36.786010884694406],[9.117900133813144,36.790502461115004],[9.113408557392546,36.790502461115004],[9.113408557392546,36.786010884694406]]]},"id":"2029,8190","properties":{"alea":0.08959054289303725,"classe_sol":40.0,"dans_region":true,"lat":36.78825667208397,"lat_max":36.790502461115004,"lat_min":36.786010884694406,"lon":9.115654345680788,"lon_max":9.117900133813144,"lon_min":9.113408557392546,"parcel_id":"P0495"}},{"type":"Feature","geometry":{"geodesic":false,"crs":{"type":"name","properties":{"name":"EPSG:4326"}},"type":"Polygon","coordinates":[[[9.06849279318657,36.68270462702066],[9.072984369607168,36.68270462702066],[9.072984369607168,36.68719620344126],[9.06849279318657,36.68719620344126],[9.06849279318657,36.68270462702066]]]},"id":"2019,8167","properties":{"alea":0.08972181249862243,"classe_sol":40.0,"dans_region":true,"lat":36.684950414395985,"lat_max":36.68719620344126,"lat_min":36.68270462702066,"lon":9.070738581389772,"lon_max":9.072984369607168,"lon_min":9.06849279318657,"parcel_id":"P0496"}},{"type":"Feature","geometry":{"geodesic":false,"crs":{"type":"name","properties":{"name":"EPSG:4326"}},"type":"Polygon","coordinates":[[[9.616465116499478,36.700670932703055],[9.620956692920076,36.700670932703055],[9.620956692920076,36.70516250912365],[9.616465116499478,36.70516250912365],[9.616465116499478,36.700670932703055]]]},"id":"2141,8171","properties":{"alea":0.09004054909827508,"classe_sol":40.0,"dans_region":true,"lat":36.70291672016834,"lat_max":36.70516250912365,"lat_min":36.700670932703055,"lon":9.61871090470812,"lon_max":9.620956692920076,"lon_min":9.616465116499478,"parcel_id":"P0497"}},{"type":"Feature","geometry":{"geodesic":false,"crs":{"type":"name","properties":{"name":"EPSG:4326"}},"type":"Polygon","coordinates":[[[9.117900133813144,36.417701618205406],[9.12239171023374,36.417701618205406],[9.12239171023374,36.422193194626004],[9.117900133813144,36.422193194626004],[9.117900133813144,36.417701618205406]]]},"id":"2030,8108","properties":{"alea":0.0903695620341376,"classe_sol":40.0,"dans_region":true,"lat":36.419947405806624,"lat_max":36.422193194626004,"lat_min":36.417701618205406,"lon":9.120145922043358,"lon_max":9.12239171023374,"lon_min":9.117900133813144,"parcel_id":"P0498"}},{"type":"Feature","geometry":{"geodesic":false,"crs":{"type":"name","properties":{"name":"EPSG:4326"}},"type":"Polygon","coordinates":[[[9.513158858825733,36.50304157019676],[9.517650435246331,36.50304157019676],[9.517650435246331,36.507533146617355],[9.513158858825733,36.507533146617355],[9.513158858825733,36.50304157019676]]]},"id":"2118,8127","properties":{"alea":0.09064487142715216,"classe_sol":40.0,"dans_region":true,"lat":36.50528735767357,"lat_max":36.507533146617355,"lat_min":36.50304157019676,"lon":9.515404647005965,"lon_max":9.517650435246331,"lon_min":9.513158858825733,"parcel_id":"P0499"}},{"type":"Feature","geometry":{"geodesic":false,"crs":{"type":"name","properties":{"name":"EPSG:4326"}},"type":"Polygon","coordinates":[[[9.683838762808442,36.49854999377616],[9.68833033922904,36.49854999377616],[9.68833033922904,36.50304157019676],[9.683838762808442,36.50304157019676],[9.683838762808442,36.49854999377616]]]},"id":"2156,8126","properties":{"alea":0.09072239583589803,"classe_sol":40.0,"dans_region":true,"lat":36.50079578135629,"lat_max":36.50304157019676,"lat_min":36.49854999377616,"lon":9.686084551070165,"lon_max":9.68833033922904,"lon_min":9.683838762808442,"parcel_id":"P0500"}},{"type":"Feature","geometry":{"geodesic":false,"crs":{"type":"name","properties":{"name":"EPSG:4326"}},"type":"Polygon","coordinates":[[[9.25713900285167,36.69617935628246],[9.261630579272268,36.69617935628246],[9.261630579272268,36.700670932703055],[9.25713900285167,36.700670932703055],[9.25713900285167,36.69617935628246]]]},"id":"2061,8170","properties":{"alea":0.09075148917676834,"classe_sol":40.0,"dans_region":true,"lat":36.69842514375243,"lat_max":36.700670932703055,"lat_min":36.69617935628246,"lon":9.259384791093035,"lon_max":9.261630579272268,"lon_min":9.25713900285167,"parcel_id":"P0501"}},{"type":"Feature","geometry":{"geodesic":false,"crs":{"type":"name","properties":{"name":"EPSG:4326"}},"type":"Polygon","coordinates":[[[9.49968412956394,36.700670932703055],[9.504175705984538,36.700670932703055],[9.504175705984538,36.70516250912365],[9.49968412956394,36.70516250912365],[9.49968412956394,36.700670932703055]]]},"id":"2115,8171","properties":{"alea":0.0909490663435294,"classe_sol":40.0,"dans_region":true,"lat":36.70291672014591,"lat_max":36.70516250912365,"lat_min":36.700670932703055,"lon":9.501929917782036,"lon_max":9.504175705984538,"lon_min":9.49968412956394,"parcel_id":"P0502"}},{"type":"Feature","geometry":{"geodesic":false,"crs":{"type":"name","properties":{"name":"EPSG:4326"}},"type":"Polygon","coordinates":[[[9.625448269340673,36.43566792388779],[9.629939845761271,36.43566792388779],[9.629939845761271,36.44015950030839],[9.625448269340673,36.44015950030839],[9.625448269340673,36.43566792388779]]]},"id":"2143,8112","properties":{"alea":0.0910009882287276,"classe_sol":40.0,"dans_region":true,"lat":36.43791371158679,"lat_max":36.44015950030839,"lat_min":36.43566792388779,"lon":9.627694057554722,"lon_max":9.629939845761271,"lon_min":9.625448269340673,"parcel_id":"P0503"}},{"type":"Feature","geometry":{"geodesic":false,"crs":{"type":"name","properties":{"name":"EPSG:4326"}},"type":"Polygon","coordinates":[[[9.72426295059382,36.46710895883198],[9.728754527014418,36.46710895883198],[9.728754527014418,36.47160053525258],[9.72426295059382,36.47160053525258],[9.72426295059382,36.46710895883198]]]},"id":"2165,8119","properties":{"alea":0.09104646827825769,"classe_sol":40.0,"dans_region":true,"lat":36.46935474641859,"lat_max":36.47160053525258,"lat_min":36.46710895883198,"lon":9.726508738825252,"lon_max":9.728754527014418,"lon_min":9.72426295059382,"parcel_id":"P0504"}},{"type":"Feature","geometry":{"geodesic":false,"crs":{"type":"name","properties":{"name":"EPSG:4326"}},"type":"Polygon","coordinates":[[[9.158324321598522,36.422193194626004],[9.16281589801912,36.422193194626004],[9.16281589801912,36.426684771046595],[9.158324321598522,36.426684771046595],[9.158324321598522,36.422193194626004]]]},"id":"2039,8109","properties":{"alea":0.0914783004194506,"classe_sol":40.0,"dans_region":true,"lat":36.42443898222186,"lat_max":36.426684771046595,"lat_min":36.422193194626004,"lon":9.160570109802762,"lon_max":9.16281589801912,"lon_min":9.158324321598522,"parcel_id":"P0505"}},{"type":"Feature","geometry":{"geodesic":false,"crs":{"type":"name","properties":{"name":"EPSG:4326"}},"type":"Polygon","coordinates":[[[9.225697967907486,36.85338453100337],[9.230189544328084,36.85338453100337],[9.230189544328084,36.85787610742397],[9.225697967907486,36.85787610742397],[9.225697967907486,36.85338453100337]]]},"id":"2054,8205","properties":{"alea":0.09215206842347179,"classe_sol":40.0,"dans_region":true,"lat":36.8556303182678,"lat_max":36.85787610742397,"lat_min":36.85338453100337,"lon":9.227943756085448,"lon_max":9.230189544328084,"lon_min":9.225697967907486,"parcel_id":"P0506"}},{"type":"Feature","geometry":{"geodesic":false,"crs":{"type":"name","properties":{"name":"EPSG:4326"}},"type":"Polygon","coordinates":[[[9.495192553143342,36.453634229570184],[9.49968412956394,36.453634229570184],[9.49968412956394,36.45812580599078],[9.495192553143342,36.45812580599078],[9.495192553143342,36.453634229570184]]]},"id":"2114,8116","properties":{"alea":0.09265837860336179,"classe_sol":40.0,"dans_region":true,"lat":36.45588001714416,"lat_max":36.45812580599078,"lat_min":36.453634229570184,"lon":9.497438341332895,"lon_max":9.49968412956394,"lon_min":9.495192553143342,"parcel_id":"P0507"}},{"type":"Feature","geometry":{"geodesic":false,"crs":{"type":"name","properties":{"name":"EPSG:4326"}},"type":"Polygon","coordinates":[[[9.252647426431071,36.65126359207648],[9.25713900285167,36.65126359207648],[9.25713900285167,36.65575516849707],[9.252647426431071,36.65575516849707],[9.252647426431071,36.65126359207648]]]},"id":"2060,8160","properties":{"alea":0.09280130863691038,"classe_sol":40.0,"dans_region":true,"lat":36.65350937944729,"lat_max":36.65575516849707,"lat_min":36.65126359207648,"lon":9.2548932146378,"lon_max":9.25713900285167,"lon_min":9.252647426431071,"parcel_id":"P0508"}},{"type":"Feature","geometry":{"geodesic":false,"crs":{"type":"name","properties":{"name":"EPSG:4326"}},"type":"Polygon","coordinates":[[[9.504175705984538,36.46261738241138],[9.508667282405135,36.46261738241138],[9.508667282405135,36.46710895883198],[9.504175705984538,36.46710895883198],[9.504175705984538,36.46261738241138]]]},"id":"2116,8118","properties":{"alea":0.09280181432006207,"classe_sol":40.0,"dans_region":true,"lat":36.46486316987865,"lat_max":36.46710895883198,"lat_min":36.46261738241138,"lon":9.506421494276227,"lon_max":9.508667282405135,"lon_min":9.504175705984538,"parcel_id":"P0509"}},{"type":"Feature","geometry":{"geodesic":false,"crs":{"type":"name","properties":{"name":"EPSG:4326"}},"type":"Polygon","coordinates":[[[9.477226247460953,36.63329728639409],[9.48171782388155,36.63329728639409],[9.48171782388155,36.63778886281469],[9.477226247460953,36.63778886281469],[9.477226247460953,36.63329728639409]]]},"id":"2110,8156","properties":{"alea":0.09280239091753228,"classe_sol":40.0,"dans_region":true,"lat":36.63554307393412,"lat_max":36.63778886281469,"lat_min":36.63329728639409,"lon":9.479472035580434,"lon_max":9.48171782388155,"lon_min":9.477226247460953,"parcel_id":"P0510"}},{"type":"Feature","geometry":{"geodesic":false,"crs":{"type":"name","properties":{"name":"EPSG:4326"}},"type":"Polygon","coordinates":[[[9.149341168757326,36.97465709435951],[9.153832745177924,36.97465709435951],[9.153832745177924,36.979148670780106],[9.149341168757326,36.979148670780106],[9.149341168757326,36.97465709435951]]]},"id":"2037,8232","properties":{"alea":0.09280752560855632,"classe_sol":40.0,"dans_region":true,"lat":36.97690288171878,"lat_max":36.979148670780106,"lat_min":36.97465709435951,"lon":9.151586956951329,"lon_max":9.153832745177924,"lon_min":9.149341168757326,"parcel_id":"P0511"}},{"type":"Feature","geometry":{"geodesic":false,"crs":{"type":"name","properties":{"name":"EPSG:4326"}},"type":"Polygon","coordinates":[[[9.751212409117405,36.561432063664526],[9.755703985538004,36.561432063664526],[9.755703985538004,36.565923640085124],[9.751212409117405,36.565923640085124],[9.751212409117405,36.561432063664526]]]},"id":"2171,8140","properties":{"alea":0.09285985688225429,"classe_sol":40.0,"dans_region":true,"lat":36.56367785108612,"lat_max":36.565923640085124,"lat_min":36.561432063664526,"lon":9.753458197276254,"lon_max":9.755703985538004,"lon_min":9.751212409117405,"parcel_id":"P0512"}},{"type":"Feature","geometry":{"geodesic":false,"crs":{"type":"name","properties":{"name":"EPSG:4326"}},"type":"Polygon","coordinates":[[[9.387394719049,36.529991028720346],[9.391886295469599,36.529991028720346],[9.391886295469599,36.534482605140944],[9.387394719049,36.534482605140944],[9.387394719049,36.529991028720346]]]},"id":"2090,8133","properties":{"alea":0.09291516059164429,"classe_sol":40.0,"dans_region":true,"lat":36.53223681619015,"lat_max":36.534482605140944,"lat_min":36.529991028720346,"lon":9.389640507243238,"lon_max":9.391886295469599,"lon_min":9.387394719049,"parcel_id":"P0513"}},{"type":"Feature","geometry":{"geodesic":false,"crs":{"type":"name","properties":{"name":"EPSG:4326"}},"type":"Polygon","coordinates":[[[9.769178714799796,36.54795733440273],[9.773670291220395,36.54795733440273],[9.773670291220395,36.55244891082333],[9.769178714799796,36.55244891082333],[9.769178714799796,36.54795733440273]]]},"id":"2175,8137","properties":{"alea":0.09305920159386238,"classe_sol":40.0,"dans_region":true,"lat":36.55020312189698,"lat_max":36.55244891082333,"lat_min":36.54795733440273,"lon":9.77142450306803,"lon_max":9.773670291220395,"lon_min":9.769178714799796,"parcel_id":"P0514"}},{"type":"Feature","geometry":{"geodesic":false,"crs":{"type":"name","properties":{"name":"EPSG:4326"}},"type":"Polygon","coordinates":[[[9.715279797752626,36.44015950030839],[9.719771374173224,36.44015950030839],[9.719771374173224,36.44465107672899],[9.715279797752626,36.44465107672899],[9.715279797752626,36.44015950030839]]]},"id":"2163,8113","properties":{"alea":0.09307427111244237,"classe_sol":40.0,"dans_region":true,"lat":36.44240528776505,"lat_max":36.44465107672899,"lat_min":36.44015950030839,"lon":9.717525585959427,"lon_max":9.719771374173224,"lon_min":9.715279797752626,"parcel_id":"P0515"}},{"type":"Feature","geometry":{"geodesic":false,"crs":{"type":"name","properties":{"name":"EPSG:4326"}},"type":"Polygon","coordinates":[[[9.746720832696809,36.678213050600064],[9.751212409117405,36.678213050600064],[9.751212409117405,36.68270462702066],[9.746720832696809,36.68270462702066],[9.746720832696809,36.678213050600064]]]},"id":"2170,8166","properties":{"alea":0.09328360472090813,"classe_sol":40.0,"dans_region":true,"lat":36.680458838044004,"lat_max":36.68270462702066,"lat_min":36.678213050600064,"lon":9.748966620959223,"lon_max":9.751212409117405,"lon_min":9.746720832696809,"parcel_id":"P0516"}},{"type":"Feature","geometry":{"geodesic":false,"crs":{"type":"name","properties":{"name":"EPSG:4326"}},"type":"Polygon","coordinates":[[[9.351462107684219,36.7949940375356],[9.355953684104817,36.7949940375356],[9.355953684104817,36.7994856139562],[9.351462107684219,36.7994856139562],[9.351462107684219,36.7949940375356]]]},"id":"2082,8192","properties":{"alea":0.09332802647245597,"classe_sol":40.0,"dans_region":true,"lat":36.797239824906946,"lat_max":36.7994856139562,"lat_min":36.7949940375356,"lon":9.353707895894459,"lon_max":9.355953684104817,"lon_min":9.351462107684219,"parcel_id":"P0517"}},{"type":"Feature","geometry":{"geodesic":false,"crs":{"type":"name","properties":{"name":"EPSG:4326"}},"type":"Polygon","coordinates":[[[9.706296644911431,36.44015950030839],[9.710788221332027,36.44015950030839],[9.710788221332027,36.44465107672899],[9.706296644911431,36.44465107672899],[9.706296644911431,36.44015950030839]]]},"id":"2161,8113","properties":{"alea":0.09333290885850343,"classe_sol":40.0,"dans_region":true,"lat":36.44240528773577,"lat_max":36.44465107672899,"lat_min":36.44015950030839,"lon":9.70854243316036,"lon_max":9.710788221332027,"lon_min":9.706296644911431,"parcel_id":"P0518"}},{"type":"Feature","geometry":{"geodesic":false,"crs":{"type":"name","properties":{"name":"EPSG:4326"}},"type":"Polygon","coordinates":[[[9.320021072740037,36.47160053525258],[9.324512649160633,36.47160053525258],[9.324512649160633,36.476092111673175],[9.320021072740037,36.476092111673175],[9.320021072740037,36.47160053525258]]]},"id":"2075,8120","properties":{"alea":0.09337517076503321,"classe_sol":40.0,"dans_region":true,"lat":36.47384632280908,"lat_max":36.476092111673175,"lat_min":36.47160053525258,"lon":9.322266860958726,"lon_max":9.324512649160633,"lon_min":9.320021072740037,"parcel_id":"P0519"}},{"type":"Feature","geometry":{"geodesic":false,"crs":{"type":"name","properties":{"name":"EPSG:4326"}},"type":"Polygon","coordinates":[[[9.55807462303171,36.52100787587915],[9.562566199452307,36.52100787587915],[9.562566199452307,36.52549945229975],[9.55807462303171,36.52549945229975],[9.55807462303171,36.52100787587915]]]},"id":"2128,8131","properties":{"alea":0.09348452190854128,"classe_sol":40.0,"dans_region":true,"lat":36.52325366333377,"lat_max":36.52549945229975,"lat_min":36.52100787587915,"lon":9.560320411214546,"lon_max":9.562566199452307,"lon_min":9.55807462303171,"parcel_id":"P0520"}},{"type":"Feature","geometry":{"geodesic":false,"crs":{"type":"name","properties":{"name":"EPSG:4326"}},"type":"Polygon","coordinates":[[[9.216714815066291,36.66024674491767],[9.221206391486888,36.66024674491767],[9.221206391486888,36.66473832133827],[9.216714815066291,36.66473832133827],[9.216714815066291,36.66024674491767]]]},"id":"2052,8162","properties":{"alea":0.09386933007662701,"classe_sol":40.0,"dans_region":true,"lat":36.6624925324394,"lat_max":36.66473832133827,"lat_min":36.66024674491767,"lon":9.21896060334191,"lon_max":9.221206391486888,"lon_min":9.216714815066291,"parcel_id":"P0521"}},{"type":"Feature","geometry":{"geodesic":false,"crs":{"type":"name","properties":{"name":"EPSG:4326"}},"type":"Polygon","coordinates":[[[9.585024081555295,36.678213050600064],[9.589515657975893,36.678213050600064],[9.589515657975893,36.68270462702066],[9.585024081555295,36.68270462702066],[9.585024081555295,36.678213050600064]]]},"id":"2134,8166","properties":{"alea":0.09387637678079952,"classe_sol":40.0,"dans_region":true,"lat":36.68045883808982,"lat_max":36.68270462702066,"lat_min":36.678213050600064,"lon":9.58726986977389,"lon_max":9.589515657975893,"lon_min":9.585024081555295,"parcel_id":"P0522"}},{"type":"Feature","geometry":{"geodesic":false,"crs":{"type":"name","properties":{"name":"EPSG:4326"}},"type":"Polygon","coordinates":[[[9.710788221332027,36.534482605140944],[9.715279797752626,36.534482605140944],[9.715279797752626,36.538974181561535],[9.710788221332027,36.538974181561535],[9.710788221332027,36.534482605140944]]]},"id":"2162,8134","properties":{"alea":0.09453684141102048,"classe_sol":40.0,"dans_region":true,"lat":36.536728392673425,"lat_max":36.538974181561535,"lat_min":36.534482605140944,"lon":9.713034009530855,"lon_max":9.715279797752626,"lon_min":9.710788221332027,"parcel_id":"P0523"}},{"type":"Feature","geometry":{"geodesic":false,"crs":{"type":"name","properties":{"name":"EPSG:4326"}},"type":"Polygon","coordinates":[[[9.18078220370151,36.58388994576752],[9.185273780122108,36.58388994576752],[9.185273780122108,36.588381522188115],[9.18078220370151,36.588381522188115],[9.18078220370151,36.58388994576752]]]},"id":"2044,8145","properties":{"alea":0.09501514441090453,"classe_sol":40.0,"dans_region":true,"lat":36.586135733146186,"lat_max":36.588381522188115,"lat_min":36.58388994576752,"lon":9.183027991961817,"lon_max":9.185273780122108,"lon_min":9.18078220370151,"parcel_id":"P0524"}},{"type":"Feature","geometry":{"geodesic":false,"crs":{"type":"name","properties":{"name":"EPSG:4326"}},"type":"Polygon","coordinates":[[[9.297563190637048,36.54795733440273],[9.302054767057646,36.54795733440273],[9.302054767057646,36.55244891082333],[9.297563190637048,36.55244891082333],[9.297563190637048,36.54795733440273]]]},"id":"2070,8137","properties":{"alea":0.09513734990232825,"classe_sol":40.0,"dans_region":true,"lat":36.55020312187785,"lat_max":36.55244891082333,"lat_min":36.54795733440273,"lon":9.29980897885078,"lon_max":9.302054767057646,"lon_min":9.297563190637048,"parcel_id":"P0525"}},{"type":"Feature","geometry":{"geodesic":false,"crs":{"type":"name","properties":{"name":"EPSG:4326"}},"type":"Polygon","coordinates":[[[9.266122155692864,36.70516250912365],[9.270613732113462,36.70516250912365],[9.270613732113462,36.709654085544244],[9.266122155692864,36.709654085544244],[9.266122155692864,36.70516250912365]]]},"id":"2063,8172","properties":{"alea":0.09523356776753555,"classe_sol":40.0,"dans_region":true,"lat":36.70740829652818,"lat_max":36.709654085544244,"lat_min":36.70516250912365,"lon":9.268367943891642,"lon_max":9.270613732113462,"lon_min":9.266122155692864,"parcel_id":"P0526"}},{"type":"Feature","geometry":{"geodesic":false,"crs":{"type":"name","properties":{"name":"EPSG:4326"}},"type":"Polygon","coordinates":[[[9.320021072740037,36.480583688093766],[9.324512649160633,36.480583688093766],[9.324512649160633,36.485075264514364],[9.320021072740037,36.485075264514364],[9.320021072740037,36.480583688093766]]]},"id":"2075,8122","properties":{"alea":0.0954038987487118,"classe_sol":40.0,"dans_region":true,"lat":36.48282947562918,"lat_max":36.485075264514364,"lat_min":36.480583688093766,"lon":9.322266860927888,"lon_max":9.324512649160633,"lon_min":9.320021072740037,"parcel_id":"P0527"}},{"type":"Feature","geometry":{"geodesic":false,"crs":{"type":"name","properties":{"name":"EPSG:4326"}},"type":"Polygon","coordinates":[[[9.329004225581231,36.73660354406783],[9.33349580200183,36.73660354406783],[9.33349580200183,36.74109512048843],[9.329004225581231,36.74109512048843],[9.329004225581231,36.73660354406783]]]},"id":"2077,8179","properties":{"alea":0.09546092427080177,"classe_sol":40.0,"dans_region":true,"lat":36.73884933162925,"lat_max":36.74109512048843,"lat_min":36.73660354406783,"lon":9.33125001385097,"lon_max":9.33349580200183,"lon_min":9.329004225581231,"parcel_id":"P0528"}},{"type":"Feature","geometry":{"geodesic":false,"crs":{"type":"name","properties":{"name":"EPSG:4326"}},"type":"Polygon","coordinates":[[[9.216714815066291,36.902791871629944],[9.221206391486888,36.902791871629944],[9.221206391486888,36.90728344805054],[9.216714815066291,36.90728344805054],[9.216714815066291,36.902791871629944]]]},"id":"2052,8216","properties":{"alea":0.09560289485594398,"classe_sol":40.0,"dans_region":true,"lat":36.90503765890601,"lat_max":36.90728344805054,"lat_min":36.902791871629944,"lon":9.218960603312397,"lon_max":9.221206391486888,"lon_min":9.216714815066291,"parcel_id":"P0529"}},{"type":"Feature","geometry":{"geodesic":false,"crs":{"type":"name","properties":{"name":"EPSG:4326"}},"type":"Polygon","coordinates":[[[9.63443142218187,36.47160053525258],[9.638922998602466,36.47160053525258],[9.638922998602466,36.476092111673175],[9.63443142218187,36.476092111673175],[9.63443142218187,36.47160053525258]]]},"id":"2145,8120","properties":{"alea":0.09578227135733253,"classe_sol":40.0,"dans_region":true,"lat":36.47384632279345,"lat_max":36.476092111673175,"lat_min":36.47160053525258,"lon":9.636677210430937,"lon_max":9.638922998602466,"lon_min":9.63443142218187,"parcel_id":"P0530"}},{"type":"Feature","geometry":{"geodesic":false,"crs":{"type":"name","properties":{"name":"EPSG:4326"}},"type":"Polygon","coordinates":[[[9.737737679855613,36.485075264514364],[9.742229256276211,36.485075264514364],[9.742229256276211,36.48956684093496],[9.737737679855613,36.48956684093496],[9.737737679855613,36.485075264514364]]]},"id":"2168,8123","properties":{"alea":0.09578405137532997,"classe_sol":40.0,"dans_region":true,"lat":36.487321052150705,"lat_max":36.48956684093496,"lat_min":36.485075264514364,"lon":9.739983468092115,"lon_max":9.742229256276211,"lon_min":9.737737679855613,"parcel_id":"P0531"}},{"type":"Feature","geometry":{"geodesic":false,"crs":{"type":"name","properties":{"name":"EPSG:4326"}},"type":"Polygon","coordinates":[[[9.1987485093839,36.43117634746719],[9.203240085804499,36.43117634746719],[9.203240085804499,36.43566792388779],[9.1987485093839,36.43566792388779],[9.1987485093839,36.43117634746719]]]},"id":"2048,8111","properties":{"alea":0.09581367457035173,"classe_sol":40.0,"dans_region":true,"lat":36.433422135095704,"lat_max":36.43566792388779,"lat_min":36.43117634746719,"lon":9.200994297689844,"lon_max":9.203240085804499,"lon_min":9.1987485093839,"parcel_id":"P0532"}},{"type":"Feature","geometry":{"geodesic":false,"crs":{"type":"name","properties":{"name":"EPSG:4326"}},"type":"Polygon","coordinates":[[[9.459259941778562,36.72312881480604],[9.46375151819916,36.72312881480604],[9.46375151819916,36.72762039122664],[9.459259941778562,36.72762039122664],[9.459259941778562,36.72312881480604]]]},"id":"2106,8176","properties":{"alea":0.09583967968779872,"classe_sol":40.0,"dans_region":true,"lat":36.725374602197036,"lat_max":36.72762039122664,"lat_min":36.72312881480604,"lon":9.461505729962514,"lon_max":9.46375151819916,"lon_min":9.459259941778562,"parcel_id":"P0533"}},{"type":"Feature","geometry":{"geodesic":false,"crs":{"type":"name","properties":{"name":"EPSG:4326"}},"type":"Polygon","coordinates":[[[9.18078220370151,36.426684771046595],[9.185273780122108,36.426684771046595],[9.185273780122108,36.43117634746719],[9.18078220370151,36.43117634746719],[9.18078220370151,36.426684771046595]]]},"id":"2044,8110","properties":{"alea":0.09584773969809468,"classe_sol":40.0,"dans_region":true,"lat":36.428930558562044,"lat_max":36.43117634746719,"lat_min":36.426684771046595,"lon":9.183027991986783,"lon_max":9.185273780122108,"lon_min":9.18078220370151,"parcel_id":"P0534"}},{"type":"Feature","geometry":{"geodesic":false,"crs":{"type":"name","properties":{"name":"EPSG:4326"}},"type":"Polygon","coordinates":[[[9.25713900285167,36.68719620344126],[9.261630579272268,36.68719620344126],[9.261630579272268,36.69168777986186],[9.25713900285167,36.69168777986186],[9.25713900285167,36.68719620344126]]]},"id":"2061,8168","properties":{"alea":0.09587262620763204,"classe_sol":40.0,"dans_region":true,"lat":36.689441990930156,"lat_max":36.69168777986186,"lat_min":36.68719620344126,"lon":9.259384791117718,"lon_max":9.261630579272268,"lon_min":9.25713900285167,"parcel_id":"P0535"}},{"type":"Feature","geometry":{"geodesic":false,"crs":{"type":"name","properties":{"name":"EPSG:4326"}},"type":"Polygon","coordinates":[[[9.306546343478242,36.732111967647235],[9.31103791989884,36.732111967647235],[9.31103791989884,36.73660354406783],[9.306546343478242,36.73660354406783],[9.306546343478242,36.732111967647235]]]},"id":"2072,8178","properties":{"alea":0.09606734502187475,"classe_sol":40.0,"dans_region":true,"lat":36.73435775494704,"lat_max":36.73660354406783,"lat_min":36.732111967647235,"lon":9.308792131711705,"lon_max":9.31103791989884,"lon_min":9.306546343478242,"parcel_id":"P0536"}},{"type":"Feature","geometry":{"geodesic":false,"crs":{"type":"name","properties":{"name":"EPSG:4326"}},"type":"Polygon","coordinates":[[[9.459259941778562,36.50304157019676],[9.46375151819916,36.50304157019676],[9.46375151819916,36.507533146617355],[9.459259941778562,36.507533146617355],[9.459259941778562,36.50304157019676]]]},"id":"2106,8127","properties":{"alea":0.09618570714385855,"classe_sol":40.0,"dans_region":true,"lat":36.50528735772726,"lat_max":36.507533146617355,"lat_min":36.50304157019676,"lon":9.461505729957242,"lon_max":9.46375151819916,"lon_min":9.459259941778562,"parcel_id":"P0537"}},{"type":"Feature","geometry":{"geodesic":false,"crs":{"type":"name","properties":{"name":"EPSG:4326"}},"type":"Polygon","coordinates":[[[9.517650435246331,36.507533146617355],[9.522142011666928,36.507533146617355],[9.522142011666928,36.51202472303795],[9.517650435246331,36.51202472303795],[9.517650435246331,36.507533146617355]]]},"id":"2119,8128","properties":{"alea":0.09629942561893778,"classe_sol":40.0,"dans_region":true,"lat":36.509778934195886,"lat_max":36.51202472303795,"lat_min":36.507533146617355,"lon":9.519896223493742,"lon_max":9.522142011666928,"lon_min":9.517650435246331,"parcel_id":"P0538"}},{"type":"Feature","geometry":{"geodesic":false,"crs":{"type":"name","properties":{"name":"EPSG:4326"}},"type":"Polygon","coordinates":[[[9.149341168757326,36.88482556594755],[9.153832745177924,36.88482556594755],[9.153832745177924,36.88931714236815],[9.149341168757326,36.88931714236815],[9.149341168757326,36.88482556594755]]]},"id":"2037,8212","properties":{"alea":0.09678037372372916,"classe_sol":40.0,"dans_region":true,"lat":36.88707135329533,"lat_max":36.88931714236815,"lat_min":36.88482556594755,"lon":9.151586956944715,"lon_max":9.153832745177924,"lon_min":9.149341168757326,"parcel_id":"P0539"}},{"type":"Feature","geometry":{"geodesic":false,"crs":{"type":"name","properties":{"name":"EPSG:4326"}},"type":"Polygon","coordinates":[[[9.113408557392546,36.983640247200704],[9.117900133813144,36.983640247200704],[9.117900133813144,36.9881318236213],[9.113408557392546,36.9881318236213],[9.113408557392546,36.983640247200704]]]},"id":"2029,8234","properties":{"alea":0.09701017747233143,"classe_sol":40.0,"dans_region":true,"lat":36.985886034406555,"lat_max":36.9881318236213,"lat_min":36.983640247200704,"lon":9.115654345640477,"lon_max":9.117900133813144,"lon_min":9.113408557392546,"parcel_id":"P0540"}},{"type":"Feature","geometry":{"geodesic":false,"crs":{"type":"name","properties":{"name":"EPSG:4326"}},"type":"Polygon","coordinates":[[[9.08645909886896,36.709654085544244],[9.090950675289559,36.709654085544244],[9.090950675289559,36.71414566196484],[9.08645909886896,36.71414566196484],[9.08645909886896,36.709654085544244]]]},"id":"2023,8173","properties":{"alea":0.09726430106351647,"classe_sol":40.0,"dans_region":true,"lat":36.71189987306937,"lat_max":36.71414566196484,"lat_min":36.709654085544244,"lon":9.088704887103475,"lon_max":9.090950675289559,"lon_min":9.08645909886896,"parcel_id":"P0541"}},{"type":"Feature","geometry":{"geodesic":false,"crs":{"type":"name","properties":{"name":"EPSG:4326"}},"type":"Polygon","coordinates":[[[9.638922998602466,36.449142653149586],[9.643414575023064,36.449142653149586],[9.643414575023064,36.453634229570184],[9.638922998602466,36.453634229570184],[9.638922998602466,36.449142653149586]]]},"id":"2146,8115","properties":{"alea":0.09730335210815677,"classe_sol":40.0,"dans_region":true,"lat":36.45138844068294,"lat_max":36.453634229570184,"lat_min":36.449142653149586,"lon":9.641168786792793,"lon_max":9.643414575023064,"lon_min":9.638922998602466,"parcel_id":"P0542"}},{"type":"Feature","geometry":{"geodesic":false,"crs":{"type":"name","properties":{"name":"EPSG:4326"}},"type":"Polygon","coordinates":[[[9.495192553143342,36.68270462702066],[9.49968412956394,36.68270462702066],[9.49968412956394,36.68719620344126],[9.495192553143342,36.68719620344126],[9.495192553143342,36.68270462702066]]]},"id":"2114,8167","properties":{"alea":0.09790182616495657,"classe_sol":40.0,"dans_region":true,"lat":36.684950414381646,"lat_max":36.68719620344126,"lat_min":36.68270462702066,"lon":9.49743834129118,"lon_max":9.49968412956394,"lon_min":9.495192553143342,"parcel_id":"P0543"}},{"type":"Feature","geometry":{"geodesic":false,"crs":{"type":"name","properties":{"name":"EPSG:4326"}},"type":"Polygon","coordinates":[[[9.522142011666928,36.673721474179466],[9.526633588087526,36.673721474179466],[9.526633588087526,36.678213050600064],[9.522142011666928,36.678213050600064],[9.522142011666928,36.673721474179466]]]},"id":"2120,8165","properties":{"alea":0.09807379086521317,"classe_sol":40.0,"dans_region":true,"lat":36.675967261592874,"lat_max":36.678213050600064,"lat_min":36.673721474179466,"lon":9.524387799933542,"lon_max":9.526633588087526,"lon_min":9.522142011666928,"parcel_id":"P0544"}},{"type":"Feature","geometry":{"geodesic":false,"crs":{"type":"name","properties":{"name":"EPSG:4326"}},"type":"Polygon","coordinates":[[[9.580532505134697,36.57490679292632],[9.585024081555295,36.57490679292632],[9.585024081555295,36.57939836934692],[9.580532505134697,36.57939836934692],[9.580532505134697,36.57490679292632]]]},"id":"2133,8143","properties":{"alea":0.09831452004746188,"classe_sol":40.0,"dans_region":true,"lat":36.5771525804431,"lat_max":36.57939836934692,"lat_min":36.57490679292632,"lon":9.582778293333357,"lon_max":9.585024081555295,"lon_min":9.580532505134697,"parcel_id":"P0545"}},{"type":"Feature","geometry":{"geodesic":false,"crs":{"type":"name","properties":{"name":"EPSG:4326"}},"type":"Polygon","coordinates":[[[9.80061974974398,36.52549945229975],[9.805111326164578,36.52549945229975],[9.805111326164578,36.529991028720346],[9.80061974974398,36.529991028720346],[9.80061974974398,36.52549945229975]]]},"id":"2182,8132","properties":{"alea":0.09832708044089455,"classe_sol":40.0,"dans_region":true,"lat":36.52774523989006,"lat_max":36.529991028720346,"lat_min":36.52549945229975,"lon":9.802865537948428,"lon_max":9.805111326164578,"lon_min":9.80061974974398,"parcel_id":"P0546"}},{"type":"Feature","geometry":{"geodesic":false,"crs":{"type":"name","properties":{"name":"EPSG:4326"}},"type":"Polygon","coordinates":[[[9.158324321598522,36.619822557132295],[9.16281589801912,36.619822557132295],[9.16281589801912,36.62431413355289],[9.158324321598522,36.62431413355289],[9.158324321598522,36.619822557132295]]]},"id":"2039,8153","properties":{"alea":0.0985691566180732,"classe_sol":40.0,"dans_region":true,"lat":36.622068344540665,"lat_max":36.62431413355289,"lat_min":36.619822557132295,"lon":9.160570109859124,"lon_max":9.16281589801912,"lon_min":9.158324321598522,"parcel_id":"P0547"}},{"type":"Feature","geometry":{"geodesic":false,"crs":{"type":"name","properties":{"name":"EPSG:4326"}},"type":"Polygon","coordinates":[[[9.490700976722746,36.74558669690903],[9.495192553143342,36.74558669690903],[9.495192553143342,36.75007827332963],[9.490700976722746,36.75007827332963],[9.490700976722746,36.74558669690903]]]},"id":"2113,8181","properties":{"alea":0.09866728814560333,"classe_sol":40.0,"dans_region":true,"lat":36.74783248433273,"lat_max":36.75007827332963,"lat_min":36.74558669690903,"lon":9.49294676489417,"lon_max":9.495192553143342,"lon_min":9.490700976722746,"parcel_id":"P0548"}},{"type":"Feature","geometry":{"geodesic":false,"crs":{"type":"name","properties":{"name":"EPSG:4326"}},"type":"Polygon","coordinates":[[[9.176290627280913,36.866859260265166],[9.18078220370151,36.866859260265166],[9.18078220370151,36.871350836685764],[9.176290627280913,36.871350836685764],[9.176290627280913,36.866859260265166]]]},"id":"2043,8208","properties":{"alea":0.09878554902800885,"classe_sol":40.0,"dans_region":true,"lat":36.86910504768101,"lat_max":36.871350836685764,"lat_min":36.866859260265166,"lon":9.178536415425949,"lon_max":9.18078220370151,"lon_min":9.176290627280913,"parcel_id":"P0549"}},{"type":"Feature","geometry":{"geodesic":false,"crs":{"type":"name","properties":{"name":"EPSG:4326"}},"type":"Polygon","coordinates":[[[9.221206391486888,36.83990980174158],[9.225697967907486,36.83990980174158],[9.225697967907486,36.844401378162175],[9.221206391486888,36.844401378162175],[9.221206391486888,36.83990980174158]]]},"id":"2053,8202","properties":{"alea":0.09879922844266575,"classe_sol":40.0,"dans_region":true,"lat":36.84215558902867,"lat_max":36.844401378162175,"lat_min":36.83990980174158,"lon":9.223452179652607,"lon_max":9.225697967907486,"lon_min":9.221206391486888,"parcel_id":"P0550"}},{"type":"Feature","geometry":{"geodesic":false,"crs":{"type":"name","properties":{"name":"EPSG:4326"}},"type":"Polygon","coordinates":[[[9.67036403354665,36.46261738241138],[9.674855609967247,36.46261738241138],[9.674855609967247,36.46710895883198],[9.67036403354665,36.46710895883198],[9.67036403354665,36.46261738241138]]]},"id":"2153,8118","properties":{"alea":0.09894912105718467,"classe_sol":40.0,"dans_region":true,"lat":36.464863169864564,"lat_max":36.46710895883198,"lat_min":36.46261738241138,"lon":9.672609821685228,"lon_max":9.674855609967247,"lon_min":9.67036403354665,"parcel_id":"P0551"}},{"type":"Feature","geometry":{"geodesic":false,"crs":{"type":"name","properties":{"name":"EPSG:4326"}},"type":"Polygon","coordinates":[[[9.279596884954657,36.38626058326122],[9.284088461375255,36.38626058326122],[9.284088461375255,36.39075215968182],[9.279596884954657,36.39075215968182],[9.279596884954657,36.38626058326122]]]},"id":"2066,8101","properties":{"alea":0.09902250041276939,"classe_sol":40.0,"dans_region":true,"lat":36.38850637077132,"lat_max":36.39075215968182,"lat_min":36.38626058326122,"lon":9.281842673110559,"lon_max":9.284088461375255,"lon_min":9.279596884954657,"parcel_id":"P0552"}},{"type":"Feature","geometry":{"geodesic":false,"crs":{"type":"name","properties":{"name":"EPSG:4326"}},"type":"Polygon","coordinates":[[[9.553583046611111,36.71863723838544],[9.55807462303171,36.71863723838544],[9.55807462303171,36.72312881480604],[9.553583046611111,36.72312881480604],[9.553583046611111,36.71863723838544]]]},"id":"2127,8175","properties":{"alea":0.09930087735360027,"classe_sol":40.0,"dans_region":true,"lat":36.7208830258087,"lat_max":36.72312881480604,"lat_min":36.71863723838544,"lon":9.555828834854793,"lon_max":9.55807462303171,"lon_min":9.553583046611111,"parcel_id":"P0553"}},{"type":"Feature","geometry":{"geodesic":false,"crs":{"type":"name","properties":{"name":"EPSG:4326"}},"type":"Polygon","coordinates":[[[9.31103791989884,36.52549945229975],[9.315529496319439,36.52549945229975],[9.315529496319439,36.529991028720346],[9.31103791989884,36.529991028720346],[9.31103791989884,36.52549945229975]]]},"id":"2073,8132","properties":{"alea":0.09931516105346472,"classe_sol":40.0,"dans_region":true,"lat":36.52774523989187,"lat_max":36.529991028720346,"lat_min":36.52549945229975,"lon":9.313283708056977,"lon_max":9.315529496319439,"lon_min":9.31103791989884,"parcel_id":"P0554"}},{"type":"Feature","geometry":{"geodesic":false,"crs":{"type":"name","properties":{"name":"EPSG:4326"}},"type":"Polygon","coordinates":[[[9.567057775872904,36.72762039122664],[9.571549352293502,36.72762039122664],[9.571549352293502,36.732111967647235],[9.567057775872904,36.732111967647235],[9.567057775872904,36.72762039122664]]]},"id":"2130,8177","properties":{"alea":0.09941740798259946,"classe_sol":40.0,"dans_region":true,"lat":36.72986617861733,"lat_max":36.732111967647235,"lat_min":36.72762039122664,"lon":9.569303564132309,"lon_max":9.571549352293502,"lon_min":9.567057775872904,"parcel_id":"P0555"}},{"type":"Feature","geometry":{"geodesic":false,"crs":{"type":"name","properties":{"name":"EPSG:4326"}},"type":"Polygon","coordinates":[[[9.288580037795853,36.44465107672899],[9.29307161421645,36.44465107672899],[9.29307161421645,36.449142653149586],[9.288580037795853,36.449142653149586],[9.288580037795853,36.44465107672899]]]},"id":"2068,8114","properties":{"alea":0.0994860681122085,"classe_sol":40.0,"dans_region":true,"lat":36.446896864332984,"lat_max":36.449142653149586,"lat_min":36.44465107672899,"lon":9.290825826000388,"lon_max":9.29307161421645,"lon_min":9.288580037795853,"parcel_id":"P0556"}},{"type":"Feature","geometry":{"geodesic":false,"crs":{"type":"name","properties":{"name":"EPSG:4326"}},"type":"Polygon","coordinates":[[[9.203240085804499,36.65575516849707],[9.207731662225095,36.65575516849707],[9.207731662225095,36.66024674491767],[9.203240085804499,36.66024674491767],[9.203240085804499,36.65575516849707]]]},"id":"2049,8161","properties":{"alea":0.0997315449584617,"classe_sol":40.0,"dans_region":true,"lat":36.65800095590812,"lat_max":36.66024674491767,"lat_min":36.65575516849707,"lon":9.205485874028007,"lon_max":9.207731662225095,"lon_min":9.203240085804499,"parcel_id":"P0557"}},{"type":"Feature","geometry":{"geodesic":false,"crs":{"type":"name","properties":{"name":"EPSG:4326"}},"type":"Polygon","coordinates":[[[9.809602902585175,36.58388994576752],[9.814094479005773,36.58388994576752],[9.814094479005773,36.588381522188115],[9.809602902585175,36.588381522188115],[9.809602902585175,36.58388994576752]]]},"id":"2184,8145","properties":{"alea":0.09988262876077214,"classe_sol":40.0,"dans_region":true,"lat":36.58613573310102,"lat_max":36.588381522188115,"lat_min":36.58388994576752,"lon":9.811848690821506,"lon_max":9.814094479005773,"lon_min":9.809602902585175,"parcel_id":"P0558"}},{"type":"Feature","geometry":{"geodesic":false,"crs":{"type":"name","properties":{"name":"EPSG:4326"}},"type":"Polygon","coordinates":[[[9.153832745177924,36.94321605941532],[9.158324321598522,36.94321605941532],[9.158324321598522,36.94770763583592],[9.153832745177924,36.94770763583592],[9.153832745177924,36.94321605941532]]]},"id":"2038,8225","properties":{"alea":0.10001010931400889,"classe_sol":40.0,"dans_region":true,"lat":36.94546184670759,"lat_max":36.94770763583592,"lat_min":36.94321605941532,"lon":9.156078533408538,"lon_max":9.158324321598522,"lon_min":9.153832745177924,"parcel_id":"P0559"}},{"type":"Feature","geometry":{"geodesic":false,"crs":{"type":"name","properties":{"name":"EPSG:4326"}},"type":"Polygon","coordinates":[[[9.647906151443662,36.426684771046595],[9.652397727864258,36.426684771046595],[9.652397727864258,36.43117634746719],[9.647906151443662,36.43117634746719],[9.647906151443662,36.426684771046595]]]},"id":"2148,8110","properties":{"alea":0.10023483405450062,"classe_sol":40.0,"dans_region":true,"lat":36.42893055854876,"lat_max":36.43117634746719,"lat_min":36.426684771046595,"lon":9.650151939640395,"lon_max":9.652397727864258,"lon_min":9.647906151443662,"parcel_id":"P0560"}},{"type":"Feature","geometry":{"geodesic":false,"crs":{"type":"name","properties":{"name":"EPSG:4326"}},"type":"Polygon","coordinates":[[[9.239172697169279,36.73660354406783],[9.243664273589877,36.73660354406783],[9.243664273589877,36.74109512048843],[9.239172697169279,36.74109512048843],[9.239172697169279,36.73660354406783]]]},"id":"2057,8179","properties":{"alea":0.1002993249384102,"classe_sol":40.0,"dans_region":true,"lat":36.73884933164468,"lat_max":36.74109512048843,"lat_min":36.73660354406783,"lon":9.241418485316721,"lon_max":9.243664273589877,"lon_min":9.239172697169279,"parcel_id":"P0561"}},{"type":"Feature","geometry":{"geodesic":false,"crs":{"type":"name","properties":{"name":"EPSG:4326"}},"type":"Polygon","coordinates":[[[9.387394719049,36.51651629945855],[9.391886295469599,36.51651629945855],[9.391886295469599,36.52100787587915],[9.387394719049,36.52100787587915],[9.387394719049,36.51651629945855]]]},"id":"2090,8130","properties":{"alea":0.10030532590201657,"classe_sol":40.0,"dans_region":true,"lat":36.51876208708752,"lat_max":36.52100787587915,"lat_min":36.51651629945855,"lon":9.389640507257278,"lon_max":9.391886295469599,"lon_min":9.387394719049,"parcel_id":"P0562"}},{"type":"Feature","geometry":{"geodesic":false,"crs":{"type":"name","properties":{"name":"EPSG:4326"}},"type":"Polygon","coordinates":[[[9.72426295059382,36.63778886281469],[9.728754527014418,36.63778886281469],[9.728754527014418,36.642280439235286],[9.72426295059382,36.642280439235286],[9.72426295059382,36.63778886281469]]]},"id":"2165,8157","properties":{"alea":0.10034855204010762,"classe_sol":40.0,"dans_region":true,"lat":36.64003465025197,"lat_max":36.642280439235286,"lat_min":36.63778886281469,"lon":9.726508738791837,"lon_max":9.728754527014418,"lon_min":9.72426295059382,"parcel_id":"P0563"}},{"type":"Feature","geometry":{"geodesic":false,"crs":{"type":"name","properties":{"name":"EPSG:4326"}},"type":"Polygon","coordinates":[[[9.643414575023064,36.74558669690903],[9.647906151443662,36.74558669690903],[9.647906151443662,36.75007827332963],[9.643414575023064,36.75007827332963],[9.643414575023064,36.74558669690903]]]},"id":"2147,8181","properties":{"alea":0.1008762951673915,"classe_sol":40.0,"dans_region":true,"lat":36.74783248435067,"lat_max":36.75007827332963,"lat_min":36.74558669690903,"lon":9.645660363253084,"lon_max":9.647906151443662,"lon_min":9.643414575023064,"parcel_id":"P0564"}},{"type":"Feature","geometry":{"geodesic":false,"crs":{"type":"name","properties":{"name":"EPSG:4326"}},"type":"Polygon","coordinates":[[[9.23468112074868,36.529991028720346],[9.239172697169279,36.529991028720346],[9.239172697169279,36.534482605140944],[9.23468112074868,36.534482605140944],[9.23468112074868,36.529991028720346]]]},"id":"2056,8133","properties":{"alea":0.10129913955149883,"classe_sol":40.0,"dans_region":true,"lat":36.53223681620257,"lat_max":36.534482605140944,"lat_min":36.529991028720346,"lon":9.236926908996555,"lon_max":9.239172697169279,"lon_min":9.23468112074868,"parcel_id":"P0565"}},{"type":"Feature","geometry":{"geodesic":false,"crs":{"type":"name","properties":{"name":"EPSG:4326"}},"type":"Polygon","coordinates":[[[9.787145020482187,36.534482605140944],[9.791636596902785,36.534482605140944],[9.791636596902785,36.538974181561535],[9.787145020482187,36.538974181561535],[9.787145020482187,36.534482605140944]]]},"id":"2179,8134","properties":{"alea":0.10131883596643454,"classe_sol":40.0,"dans_region":true,"lat":36.53672839267694,"lat_max":36.538974181561535,"lat_min":36.534482605140944,"lon":9.789390808704326,"lon_max":9.791636596902785,"lon_min":9.787145020482187,"parcel_id":"P0566"}},{"type":"Feature","geometry":{"geodesic":false,"crs":{"type":"name","properties":{"name":"EPSG:4326"}},"type":"Polygon","coordinates":[[[9.284088461375255,36.71414566196484],[9.288580037795853,36.71414566196484],[9.288580037795853,36.71863723838544],[9.284088461375255,36.71863723838544],[9.284088461375255,36.71414566196484]]]},"id":"2067,8174","properties":{"alea":0.10132829367725216,"classe_sol":40.0,"dans_region":true,"lat":36.7163914493177,"lat_max":36.71863723838544,"lat_min":36.71414566196484,"lon":9.286334249517216,"lon_max":9.288580037795853,"lon_min":9.284088461375255,"parcel_id":"P0567"}},{"type":"Feature","geometry":{"geodesic":false,"crs":{"type":"name","properties":{"name":"EPSG:4326"}},"type":"Polygon","coordinates":[[[9.706296644911431,36.55244891082333],[9.710788221332027,36.55244891082333],[9.710788221332027,36.55694048724393],[9.706296644911431,36.55694048724393],[9.706296644911431,36.55244891082333]]]},"id":"2161,8138","properties":{"alea":0.10169957478763159,"classe_sol":40.0,"dans_region":true,"lat":36.55469469836982,"lat_max":36.55694048724393,"lat_min":36.55244891082333,"lon":9.708542433122524,"lon_max":9.710788221332027,"lon_min":9.706296644911431,"parcel_id":"P0568"}},{"type":"Feature","geometry":{"geodesic":false,"crs":{"type":"name","properties":{"name":"EPSG:4326"}},"type":"Polygon","coordinates":[[[9.18078220370151,36.50304157019676],[9.185273780122108,36.50304157019676],[9.185273780122108,36.507533146617355],[9.18078220370151,36.507533146617355],[9.18078220370151,36.50304157019676]]]},"id":"2044,8127","properties":{"alea":0.10200845082373455,"classe_sol":40.0,"dans_region":true,"lat":36.50528735772431,"lat_max":36.507533146617355,"lat_min":36.50304157019676,"lon":9.183027991963632,"lon_max":9.185273780122108,"lon_min":9.18078220370151,"parcel_id":"P0569"}},{"type":"Feature","geometry":{"geodesic":false,"crs":{"type":"name","properties":{"name":"EPSG:4326"}},"type":"Polygon","coordinates":[[[9.329004225581231,36.76804457901201],[9.33349580200183,36.76804457901201],[9.33349580200183,36.77253615543261],[9.329004225581231,36.77253615543261],[9.329004225581231,36.76804457901201]]]},"id":"2077,8186","properties":{"alea":0.10258572322391568,"classe_sol":40.0,"dans_region":true,"lat":36.770290366343495,"lat_max":36.77253615543261,"lat_min":36.76804457901201,"lon":9.331250013856234,"lon_max":9.33349580200183,"lon_min":9.329004225581231,"parcel_id":"P0570"}},{"type":"Feature","geometry":{"geodesic":false,"crs":{"type":"name","properties":{"name":"EPSG:4326"}},"type":"Polygon","coordinates":[[[9.751212409117405,36.57939836934692],[9.755703985538004,36.57939836934692],[9.755703985538004,36.58388994576752],[9.751212409117405,36.58388994576752],[9.751212409117405,36.57939836934692]]]},"id":"2171,8144","properties":{"alea":0.10266620585121167,"classe_sol":40.0,"dans_region":true,"lat":36.58164415695332,"lat_max":36.58388994576752,"lat_min":36.57939836934692,"lon":9.753458197274057,"lon_max":9.755703985538004,"lon_min":9.751212409117405,"parcel_id":"P0571"}},{"type":"Feature","geometry":{"geodesic":false,"crs":{"type":"name","properties":{"name":"EPSG:4326"}},"type":"Polygon","coordinates":[[[9.683838762808442,36.449142653149586],[9.68833033922904,36.449142653149586],[9.68833033922904,36.453634229570184],[9.683838762808442,36.453634229570184],[9.683838762808442,36.449142653149586]]]},"id":"2156,8115","properties":{"alea":0.10275197761637922,"classe_sol":40.0,"dans_region":true,"lat":36.45138844069583,"lat_max":36.453634229570184,"lat_min":36.449142653149586,"lon":9.68608455099373,"lon_max":9.68833033922904,"lon_min":9.683838762808442,"parcel_id":"P0572"}},{"type":"Feature","geometry":{"geodesic":false,"crs":{"type":"name","properties":{"name":"EPSG:4326"}},"type":"Polygon","coordinates":[[[9.755703985538004,36.66473832133827],[9.760195561958602,36.66473832133827],[9.760195561958602,36.66922989775887],[9.755703985538004,36.66922989775887],[9.755703985538004,36.66473832133827]]]},"id":"2172,8163","properties":{"alea":0.10302705013569846,"classe_sol":40.0,"dans_region":true,"lat":36.66698410881932,"lat_max":36.66922989775887,"lat_min":36.66473832133827,"lon":9.757949773780986,"lon_max":9.760195561958602,"lon_min":9.755703985538004,"parcel_id":"P0573"}},{"type":"Feature","geometry":{"geodesic":false,"crs":{"type":"name","properties":{"name":"EPSG:4326"}},"type":"Polygon","coordinates":[[[9.315529496319439,36.754569849750226],[9.320021072740037,36.754569849750226],[9.320021072740037,36.759061426170824],[9.315529496319439,36.759061426170824],[9.315529496319439,36.754569849750226]]]},"id":"2074,8183","properties":{"alea":0.10329035483580074,"classe_sol":40.0,"dans_region":true,"lat":36.75681563717154,"lat_max":36.759061426170824,"lat_min":36.754569849750226,"lon":9.317775284581185,"lon_max":9.320021072740037,"lon_min":9.315529496319439,"parcel_id":"P0574"}},{"type":"Feature","geometry":{"geodesic":false,"crs":{"type":"name","properties":{"name":"EPSG:4326"}},"type":"Polygon","coordinates":[[[9.49968412956394,36.48956684093496],[9.504175705984538,36.48956684093496],[9.504175705984538,36.49405841735556],[9.49968412956394,36.49405841735556],[9.49968412956394,36.48956684093496]]]},"id":"2115,8124","properties":{"alea":0.10336432611264357,"classe_sol":40.0,"dans_region":true,"lat":36.491812628436065,"lat_max":36.49405841735556,"lat_min":36.48956684093496,"lon":9.501929917781265,"lon_max":9.504175705984538,"lon_min":9.49968412956394,"parcel_id":"P0575"}},{"type":"Feature","geometry":{"geodesic":false,"crs":{"type":"name","properties":{"name":"EPSG:4326"}},"type":"Polygon","coordinates":[[[9.346970531263622,36.70516250912365],[9.351462107684219,36.70516250912365],[9.351462107684219,36.709654085544244],[9.346970531263622,36.709654085544244],[9.346970531263622,36.70516250912365]]]},"id":"2081,8172","properties":{"alea":0.10368540325016984,"classe_sol":40.0,"dans_region":true,"lat":36.70740829656096,"lat_max":36.709654085544244,"lat_min":36.70516250912365,"lon":9.349216319527464,"lon_max":9.351462107684219,"lon_min":9.346970531263622,"parcel_id":"P0576"}},{"type":"Feature","geometry":{"geodesic":false,"crs":{"type":"name","properties":{"name":"EPSG:4326"}},"type":"Polygon","coordinates":[[[9.715279797752626,36.72312881480604],[9.719771374173224,36.72312881480604],[9.719771374173224,36.72762039122664],[9.715279797752626,36.72762039122664],[9.715279797752626,36.72312881480604]]]},"id":"2163,8176","properties":{"alea":0.10371071856492886,"classe_sol":40.0,"dans_region":true,"lat":36.72537460220164,"lat_max":36.72762039122664,"lat_min":36.72312881480604,"lon":9.717525585955762,"lon_max":9.719771374173224,"lon_min":9.715279797752626,"parcel_id":"P0577"}},{"type":"Feature","geometry":{"geodesic":false,"crs":{"type":"name","properties":{"name":"EPSG:4326"}},"type":"Polygon","coordinates":[[[9.037051758242386,36.759061426170824],[9.041543334662984,36.759061426170824],[9.041543334662984,36.76355300259142],[9.037051758242386,36.76355300259142],[9.037051758242386,36.759061426170824]]]},"id":"2012,8184","properties":{"alea":0.10388910910204163,"classe_sol":40.0,"dans_region":true,"lat":36.76130721354406,"lat_max":36.76355300259142,"lat_min":36.759061426170824,"lon":9.039297546466008,"lon_max":9.041543334662984,"lon_min":9.037051758242386,"parcel_id":"P0578"}},{"type":"Feature","geometry":{"geodesic":false,"crs":{"type":"name","properties":{"name":"EPSG:4326"}},"type":"Polygon","coordinates":[[[9.616465116499478,36.49405841735556],[9.620956692920076,36.49405841735556],[9.620956692920076,36.49854999377616],[9.616465116499478,36.49854999377616],[9.616465116499478,36.49405841735556]]]},"id":"2141,8125","properties":{"alea":0.10398257508182418,"classe_sol":40.0,"dans_region":true,"lat":36.49630420486835,"lat_max":36.49854999377616,"lat_min":36.49405841735556,"lon":9.618710904718007,"lon_max":9.620956692920076,"lon_min":9.616465116499478,"parcel_id":"P0579"}},{"type":"Feature","geometry":{"geodesic":false,"crs":{"type":"name","properties":{"name":"EPSG:4326"}},"type":"Polygon","coordinates":[[[9.185273780122108,36.866859260265166],[9.189765356542706,36.866859260265166],[9.189765356542706,36.871350836685764],[9.185273780122108,36.871350836685764],[9.185273780122108,36.866859260265166]]]},"id":"2045,8208","properties":{"alea":0.10420215893644691,"classe_sol":40.0,"dans_region":true,"lat":36.86910504764776,"lat_max":36.871350836685764,"lat_min":36.866859260265166,"lon":9.187519568393649,"lon_max":9.189765356542706,"lon_min":9.185273780122108,"parcel_id":"P0580"}},{"type":"Feature","geometry":{"geodesic":false,"crs":{"type":"name","properties":{"name":"EPSG:4326"}},"type":"Polygon","coordinates":[[[9.185273780122108,36.534482605140944],[9.189765356542706,36.534482605140944],[9.189765356542706,36.538974181561535],[9.185273780122108,36.538974181561535],[9.185273780122108,36.534482605140944]]]},"id":"2045,8134","properties":{"alea":0.10452275527118593,"classe_sol":40.0,"dans_region":true,"lat":36.53672839263996,"lat_max":36.538974181561535,"lat_min":36.534482605140944,"lon":9.18751956835324,"lon_max":9.189765356542706,"lon_min":9.185273780122108,"parcel_id":"P0581"}},{"type":"Feature","geometry":{"geodesic":false,"crs":{"type":"name","properties":{"name":"EPSG:4326"}},"type":"Polygon","coordinates":[[[9.585024081555295,36.7949940375356],[9.589515657975893,36.7949940375356],[9.589515657975893,36.7994856139562],[9.585024081555295,36.7994856139562],[9.585024081555295,36.7949940375356]]]},"id":"2134,8192","properties":{"alea":0.10454718840745025,"classe_sol":40.0,"dans_region":true,"lat":36.797239824901986,"lat_max":36.7994856139562,"lat_min":36.7949940375356,"lon":9.587269869785251,"lon_max":9.589515657975893,"lon_min":9.585024081555295,"parcel_id":"P0582"}},{"type":"Feature","geometry":{"geodesic":false,"crs":{"type":"name","properties":{"name":"EPSG:4326"}},"type":"Polygon","coordinates":[[[9.324512649160633,36.66922989775887],[9.329004225581231,36.66922989775887],[9.329004225581231,36.673721474179466],[9.324512649160633,36.673721474179466],[9.324512649160633,36.66922989775887]]]},"id":"2076,8164","properties":{"alea":0.10461517619171934,"classe_sol":40.0,"dans_region":true,"lat":36.67147568519453,"lat_max":36.673721474179466,"lat_min":36.66922989775887,"lon":9.32675843730129,"lon_max":9.329004225581231,"lon_min":9.324512649160633,"parcel_id":"P0583"}},{"type":"Feature","geometry":{"geodesic":false,"crs":{"type":"name","properties":{"name":"EPSG:4326"}},"type":"Polygon","coordinates":[[[9.31103791989884,36.790502461115004],[9.315529496319439,36.790502461115004],[9.315529496319439,36.7949940375356],[9.31103791989884,36.7949940375356],[9.31103791989884,36.790502461115004]]]},"id":"2073,8191","properties":{"alea":0.10469106435357234,"classe_sol":40.0,"dans_region":true,"lat":36.79274824848581,"lat_max":36.7949940375356,"lat_min":36.790502461115004,"lon":9.313283708072992,"lon_max":9.315529496319439,"lon_min":9.31103791989884,"parcel_id":"P0584"}},{"type":"Feature","geometry":{"geodesic":false,"crs":{"type":"name","properties":{"name":"EPSG:4326"}},"type":"Polygon","coordinates":[[[9.207731662225095,36.812960343217995],[9.212223238645693,36.812960343217995],[9.212223238645693,36.81745191963859],[9.207731662225095,36.81745191963859],[9.207731662225095,36.812960343217995]]]},"id":"2050,8196","properties":{"alea":0.1050046908206631,"classe_sol":40.0,"dans_region":true,"lat":36.81520613064174,"lat_max":36.81745191963859,"lat_min":36.812960343217995,"lon":9.209977450317826,"lon_max":9.212223238645693,"lon_min":9.207731662225095,"parcel_id":"P0585"}},{"type":"Feature","geometry":{"geodesic":false,"crs":{"type":"name","properties":{"name":"EPSG:4326"}},"type":"Polygon","coordinates":[[[9.652397727864258,36.49854999377616],[9.656889304284856,36.49854999377616],[9.656889304284856,36.50304157019676],[9.652397727864258,36.50304157019676],[9.652397727864258,36.49854999377616]]]},"id":"2149,8126","properties":{"alea":0.1051782191536973,"classe_sol":40.0,"dans_region":true,"lat":36.50079578138247,"lat_max":36.50304157019676,"lat_min":36.49854999377616,"lon":9.654643516073408,"lon_max":9.656889304284856,"lon_min":9.652397727864258,"parcel_id":"P0586"}},{"type":"Feature","geometry":{"geodesic":false,"crs":{"type":"name","properties":{"name":"EPSG:4326"}},"type":"Polygon","coordinates":[[[9.08645909886896,36.646772015655884],[9.090950675289559,36.646772015655884],[9.090950675289559,36.65126359207648],[9.08645909886896,36.65126359207648],[9.08645909886896,36.646772015655884]]]},"id":"2023,8159","properties":{"alea":0.10556629111579796,"classe_sol":40.0,"dans_region":true,"lat":36.64901780317166,"lat_max":36.65126359207648,"lat_min":36.646772015655884,"lon":9.088704887092442,"lon_max":9.090950675289559,"lon_min":9.08645909886896,"parcel_id":"P0587"}},{"type":"Feature","geometry":{"geodesic":false,"crs":{"type":"name","properties":{"name":"EPSG:4326"}},"type":"Polygon","coordinates":[[[9.7646871383792,36.65575516849707],[9.769178714799796,36.65575516849707],[9.769178714799796,36.66024674491767],[9.7646871383792,36.66024674491767],[9.7646871383792,36.65575516849707]]]},"id":"2174,8161","properties":{"alea":0.10604309139940238,"classe_sol":40.0,"dans_region":true,"lat":36.658000955900945,"lat_max":36.66024674491767,"lat_min":36.65575516849707,"lon":9.766932926518313,"lon_max":9.769178714799796,"lon_min":9.7646871383792,"parcel_id":"P0588"}},{"type":"Feature","geometry":{"geodesic":false,"crs":{"type":"name","properties":{"name":"EPSG:4326"}},"type":"Polygon","coordinates":[[[9.29307161421645,36.43117634746719],[9.297563190637048,36.43117634746719],[9.297563190637048,36.43566792388779],[9.29307161421645,36.43566792388779],[9.29307161421645,36.43117634746719]]]},"id":"2069,8111","properties":{"alea":0.10615922511086295,"classe_sol":40.0,"dans_region":true,"lat":36.43342213513536,"lat_max":36.43566792388779,"lat_min":36.43117634746719,"lon":9.295317402469943,"lon_max":9.297563190637048,"lon_min":9.29307161421645,"parcel_id":"P0589"}},{"type":"Feature","geometry":{"geodesic":false,"crs":{"type":"name","properties":{"name":"EPSG:4326"}},"type":"Polygon","coordinates":[[[9.580532505134697,36.646772015655884],[9.585024081555295,36.646772015655884],[9.585024081555295,36.65126359207648],[9.580532505134697,36.65126359207648],[9.580532505134697,36.646772015655884]]]},"id":"2133,8159","properties":{"alea":0.10618904311628607,"classe_sol":40.0,"dans_region":true,"lat":36.649017803159424,"lat_max":36.65126359207648,"lat_min":36.646772015655884,"lon":9.582778293304564,"lon_max":9.585024081555295,"lon_min":9.580532505134697,"parcel_id":"P0590"}},{"type":"Feature","geometry":{"geodesic":false,"crs":{"type":"name","properties":{"name":"EPSG:4326"}},"type":"Polygon","coordinates":[[[9.378411566207804,36.453634229570184],[9.382903142628402,36.453634229570184],[9.382903142628402,36.45812580599078],[9.378411566207804,36.45812580599078],[9.378411566207804,36.453634229570184]]]},"id":"2088,8116","properties":{"alea":0.10620079216531553,"classe_sol":40.0,"dans_region":true,"lat":36.45588001711218,"lat_max":36.45812580599078,"lat_min":36.453634229570184,"lon":9.380657354402311,"lon_max":9.382903142628402,"lon_min":9.378411566207804,"parcel_id":"P0591"}},{"type":"Feature","geometry":{"geodesic":false,"crs":{"type":"name","properties":{"name":"EPSG:4326"}},"type":"Polygon","coordinates":[[[9.355953684104817,36.51651629945855],[9.360445260525415,36.51651629945855],[9.360445260525415,36.52100787587915],[9.355953684104817,36.52100787587915],[9.355953684104817,36.51651629945855]]]},"id":"2083,8130","properties":{"alea":0.10636627446095892,"classe_sol":40.0,"dans_region":true,"lat":36.51876208705664,"lat_max":36.52100787587915,"lat_min":36.51651629945855,"lon":9.358199472339633,"lon_max":9.360445260525415,"lon_min":9.355953684104817,"parcel_id":"P0592"}},{"type":"Feature","geometry":{"geodesic":false,"crs":{"type":"name","properties":{"name":"EPSG:4326"}},"type":"Polygon","coordinates":[[[9.243664273589877,36.74558669690903],[9.248155850010475,36.74558669690903],[9.248155850010475,36.75007827332963],[9.243664273589877,36.75007827332963],[9.243664273589877,36.74558669690903]]]},"id":"2058,8181","properties":{"alea":0.10674690599499725,"classe_sol":40.0,"dans_region":true,"lat":36.74783248436923,"lat_max":36.75007827332963,"lat_min":36.74558669690903,"lon":9.245910061833609,"lon_max":9.248155850010475,"lon_min":9.243664273589877,"parcel_id":"P0593"}},{"type":"Feature","geometry":{"geodesic":false,"crs":{"type":"name","properties":{"name":"EPSG:4326"}},"type":"Polygon","coordinates":[[[9.279596884954657,36.83541822532098],[9.284088461375255,36.83541822532098],[9.284088461375255,36.83990980174158],[9.279596884954657,36.83990980174158],[9.279596884954657,36.83541822532098]]]},"id":"2066,8201","properties":{"alea":0.10688084422389799,"classe_sol":40.0,"dans_region":true,"lat":36.83766401274043,"lat_max":36.83990980174158,"lat_min":36.83541822532098,"lon":9.281842673195062,"lon_max":9.284088461375255,"lon_min":9.279596884954657,"parcel_id":"P0594"}},{"type":"Feature","geometry":{"geodesic":false,"crs":{"type":"name","properties":{"name":"EPSG:4326"}},"type":"Polygon","coordinates":[[[9.185273780122108,36.678213050600064],[9.189765356542706,36.678213050600064],[9.189765356542706,36.68270462702066],[9.185273780122108,36.68270462702066],[9.185273780122108,36.678213050600064]]]},"id":"2045,8166","properties":{"alea":0.1068988661507837,"classe_sol":40.0,"dans_region":true,"lat":36.68045883806543,"lat_max":36.68270462702066,"lat_min":36.678213050600064,"lon":9.187519568357159,"lon_max":9.189765356542706,"lon_min":9.185273780122108,"parcel_id":"P0595"}},{"type":"Feature","geometry":{"geodesic":false,"crs":{"type":"name","properties":{"name":"EPSG:4326"}},"type":"Polygon","coordinates":[[[9.095442251710155,36.700670932703055],[9.099933828130753,36.700670932703055],[9.099933828130753,36.70516250912365],[9.095442251710155,36.70516250912365],[9.095442251710155,36.700670932703055]]]},"id":"2025,8171","properties":{"alea":0.10691683218952841,"classe_sol":40.0,"dans_region":true,"lat":36.70291672012938,"lat_max":36.70516250912365,"lat_min":36.700670932703055,"lon":9.097688039887917,"lon_max":9.099933828130753,"lon_min":9.095442251710155,"parcel_id":"P0596"}},{"type":"Feature","geometry":{"geodesic":false,"crs":{"type":"name","properties":{"name":"EPSG:4326"}},"type":"Polygon","coordinates":[[[9.7646871383792,36.66473832133827],[9.769178714799796,36.66473832133827],[9.769178714799796,36.66922989775887],[9.7646871383792,36.66922989775887],[9.7646871383792,36.66473832133827]]]},"id":"2174,8163","properties":{"alea":0.10706781426352852,"classe_sol":40.0,"dans_region":true,"lat":36.66698410883938,"lat_max":36.66922989775887,"lat_min":36.66473832133827,"lon":9.766932926597004,"lon_max":9.769178714799796,"lon_min":9.7646871383792,"parcel_id":"P0597"}},{"type":"Feature","geometry":{"geodesic":false,"crs":{"type":"name","properties":{"name":"EPSG:4326"}},"type":"Polygon","coordinates":[[[9.733246103435016,36.700670932703055],[9.737737679855613,36.700670932703055],[9.737737679855613,36.70516250912365],[9.733246103435016,36.70516250912365],[9.733246103435016,36.700670932703055]]]},"id":"2167,8171","properties":{"alea":0.10707536454249367,"classe_sol":40.0,"dans_region":true,"lat":36.70291672014535,"lat_max":36.70516250912365,"lat_min":36.700670932703055,"lon":9.735491891597821,"lon_max":9.737737679855613,"lon_min":9.733246103435016,"parcel_id":"P0598"}},{"type":"Feature","geometry":{"geodesic":false,"crs":{"type":"name","properties":{"name":"EPSG:4326"}},"type":"Polygon","coordinates":[[[9.373919989787208,36.83990980174158],[9.378411566207804,36.83990980174158],[9.378411566207804,36.844401378162175],[9.373919989787208,36.844401378162175],[9.373919989787208,36.83990980174158]]]},"id":"2087,8202","properties":{"alea":0.10719913744909915,"classe_sol":40.0,"dans_region":true,"lat":36.8421555889893,"lat_max":36.844401378162175,"lat_min":36.83990980174158,"lon":9.37616577804909,"lon_max":9.378411566207804,"lon_min":9.373919989787208,"parcel_id":"P0599"}},{"type":"Feature","geometry":{"geodesic":false,"crs":{"type":"name","properties":{"name":"EPSG:4326"}},"type":"Polygon","coordinates":[[[9.737737679855613,36.69617935628246],[9.742229256276211,36.69617935628246],[9.742229256276211,36.700670932703055],[9.737737679855613,36.700670932703055],[9.737737679855613,36.69617935628246]]]},"id":"2168,8170","properties":{"alea":0.1077644019961499,"classe_sol":40.0,"dans_region":true,"lat":36.69842514373625,"lat_max":36.700670932703055,"lat_min":36.69617935628246,"lon":9.739983468068662,"lon_max":9.742229256276211,"lon_min":9.737737679855613,"parcel_id":"P0600"}},{"type":"Feature","geometry":{"geodesic":false,"crs":{"type":"name","properties":{"name":"EPSG:4326"}},"type":"Polygon","coordinates":[[[9.791636596902785,36.6063478278705],[9.796128173323382,36.6063478278705],[9.796128173323382,36.6108394042911],[9.791636596902785,36.6108394042911],[9.791636596902785,36.6063478278705]]]},"id":"2180,8150","properties":{"alea":0.10777231886295058,"classe_sol":40.0,"dans_region":true,"lat":36.60859361531046,"lat_max":36.6108394042911,"lat_min":36.6063478278705,"lon":9.79388238514352,"lon_max":9.796128173323382,"lon_min":9.791636596902785,"parcel_id":"P0601"}},{"type":"Feature","geometry":{"geodesic":false,"crs":{"type":"name","properties":{"name":"EPSG:4326"}},"type":"Polygon","coordinates":[[[9.266122155692864,36.65575516849707],[9.270613732113462,36.65575516849707],[9.270613732113462,36.66024674491767],[9.266122155692864,36.66024674491767],[9.266122155692864,36.65575516849707]]]},"id":"2063,8161","properties":{"alea":0.10829495329105288,"classe_sol":40.0,"dans_region":true,"lat":36.65800095591879,"lat_max":36.66024674491767,"lat_min":36.65575516849707,"lon":9.268367943948215,"lon_max":9.270613732113462,"lon_min":9.266122155692864,"parcel_id":"P0602"}},{"type":"Feature","geometry":{"geodesic":false,"crs":{"type":"name","properties":{"name":"EPSG:4326"}},"type":"Polygon","coordinates":[[[9.55807462303171,36.6153309807117],[9.562566199452307,36.6153309807117],[9.562566199452307,36.619822557132295],[9.55807462303171,36.619822557132295],[9.55807462303171,36.6153309807117]]]},"id":"2128,8152","properties":{"alea":0.10859663656285523,"classe_sol":40.0,"dans_region":true,"lat":36.61757676817614,"lat_max":36.619822557132295,"lat_min":36.6153309807117,"lon":9.56032041130701,"lon_max":9.562566199452307,"lon_min":9.55807462303171,"parcel_id":"P0603"}},{"type":"Feature","geometry":{"geodesic":false,"crs":{"type":"name","properties":{"name":"EPSG:4326"}},"type":"Polygon","coordinates":[[[9.288580037795853,36.86236768384457],[9.29307161421645,36.86236768384457],[9.29307161421645,36.866859260265166],[9.288580037795853,36.866859260265166],[9.288580037795853,36.86236768384457]]]},"id":"2068,8207","properties":{"alea":0.10893600376270562,"classe_sol":40.0,"dans_region":true,"lat":36.864613471193024,"lat_max":36.866859260265166,"lat_min":36.86236768384457,"lon":9.29082582597347,"lon_max":9.29307161421645,"lon_min":9.288580037795853,"parcel_id":"P0604"}},{"type":"Feature","geometry":{"geodesic":false,"crs":{"type":"name","properties":{"name":"EPSG:4326"}},"type":"Polygon","coordinates":[[[9.203240085804499,36.77253615543261],[9.207731662225095,36.77253615543261],[9.207731662225095,36.77702773185321],[9.203240085804499,36.77702773185321],[9.203240085804499,36.77253615543261]]]},"id":"2049,8187","properties":{"alea":0.10893673844667084,"classe_sol":40.0,"dans_region":true,"lat":36.77478194284173,"lat_max":36.77702773185321,"lat_min":36.77253615543261,"lon":9.205485874005774,"lon_max":9.207731662225095,"lon_min":9.203240085804499,"parcel_id":"P0605"}},{"type":"Feature","geometry":{"geodesic":false,"crs":{"type":"name","properties":{"name":"EPSG:4326"}},"type":"Polygon","coordinates":[[[9.055018063924777,36.844401378162175],[9.059509640345375,36.844401378162175],[9.059509640345375,36.84889295458277],[9.055018063924777,36.84889295458277],[9.055018063924777,36.844401378162175]]]},"id":"2016,8203","properties":{"alea":0.10896024244135105,"classe_sol":40.0,"dans_region":true,"lat":36.84664716555741,"lat_max":36.84889295458277,"lat_min":36.844401378162175,"lon":9.057263852128191,"lon_max":9.059509640345375,"lon_min":9.055018063924777,"parcel_id":"P0606"}},{"type":"Feature","geometry":{"geodesic":false,"crs":{"type":"name","properties":{"name":"EPSG:4326"}},"type":"Polygon","coordinates":[[[9.49968412956394,36.65126359207648],[9.504175705984538,36.65126359207648],[9.504175705984538,36.65575516849707],[9.49968412956394,36.65575516849707],[9.49968412956394,36.65126359207648]]]},"id":"2115,8160","properties":{"alea":0.1091746330189246,"classe_sol":40.0,"dans_region":true,"lat":36.65350937945183,"lat_max":36.65575516849707,"lat_min":36.65126359207648,"lon":9.50192991781444,"lon_max":9.504175705984538,"lon_min":9.49968412956394,"parcel_id":"P0607"}},{"type":"Feature","geometry":{"geodesic":false,"crs":{"type":"name","properties":{"name":"EPSG:4326"}},"type":"Polygon","coordinates":[[[9.620956692920076,36.6153309807117],[9.625448269340673,36.6153309807117],[9.625448269340673,36.619822557132295],[9.620956692920076,36.619822557132295],[9.620956692920076,36.6153309807117]]]},"id":"2142,8152","properties":{"alea":0.10935548326315192,"classe_sol":40.0,"dans_region":true,"lat":36.61757676815956,"lat_max":36.619822557132295,"lat_min":36.6153309807117,"lon":9.623202481190276,"lon_max":9.625448269340673,"lon_min":9.620956692920076,"parcel_id":"P0608"}},{"type":"Feature","geometry":{"geodesic":false,"crs":{"type":"name","properties":{"name":"EPSG:4326"}},"type":"Polygon","coordinates":[[[9.486209400302148,36.75007827332963],[9.490700976722746,36.75007827332963],[9.490700976722746,36.754569849750226],[9.486209400302148,36.754569849750226],[9.486209400302148,36.75007827332963]]]},"id":"2112,8182","properties":{"alea":0.10970329326305472,"classe_sol":40.0,"dans_region":true,"lat":36.75232406073472,"lat_max":36.754569849750226,"lat_min":36.75007827332963,"lon":9.488455188534488,"lon_max":9.490700976722746,"lon_min":9.486209400302148,"parcel_id":"P0609"}},{"type":"Feature","geometry":{"geodesic":false,"crs":{"type":"name","properties":{"name":"EPSG:4326"}},"type":"Polygon","coordinates":[[[9.194256932963302,36.90728344805054],[9.1987485093839,36.90728344805054],[9.1987485093839,36.91177502447114],[9.194256932963302,36.91177502447114],[9.194256932963302,36.90728344805054]]]},"id":"2047,8217","properties":{"alea":0.11046051128245926,"classe_sol":40.0,"dans_region":true,"lat":36.90952923536401,"lat_max":36.91177502447114,"lat_min":36.90728344805054,"lon":9.196502721146638,"lon_max":9.1987485093839,"lon_min":9.194256932963302,"parcel_id":"P0610"}},{"type":"Feature","geometry":{"geodesic":false,"crs":{"type":"name","properties":{"name":"EPSG:4326"}},"type":"Polygon","coordinates":[[[9.391886295469599,36.69168777986186],[9.396377871890195,36.69168777986186],[9.396377871890195,36.69617935628246],[9.391886295469599,36.69617935628246],[9.391886295469599,36.69168777986186]]]},"id":"2091,8169","properties":{"alea":0.11049271954302275,"classe_sol":40.0,"dans_region":true,"lat":36.69393356726343,"lat_max":36.69617935628246,"lat_min":36.69168777986186,"lon":9.394132083727818,"lon_max":9.396377871890195,"lon_min":9.391886295469599,"parcel_id":"P0611"}},{"type":"Feature","geometry":{"geodesic":false,"crs":{"type":"name","properties":{"name":"EPSG:4326"}},"type":"Polygon","coordinates":[[[9.692821915649638,36.561432063664526],[9.697313492070235,36.561432063664526],[9.697313492070235,36.565923640085124],[9.692821915649638,36.565923640085124],[9.692821915649638,36.561432063664526]]]},"id":"2158,8140","properties":{"alea":0.11054016337184491,"classe_sol":40.0,"dans_region":true,"lat":36.56367785108757,"lat_max":36.565923640085124,"lat_min":36.561432063664526,"lon":9.695067703846204,"lon_max":9.697313492070235,"lon_min":9.692821915649638,"parcel_id":"P0612"}},{"type":"Feature","geometry":{"geodesic":false,"crs":{"type":"name","properties":{"name":"EPSG:4326"}},"type":"Polygon","coordinates":[[[9.44578521251677,36.63329728639409],[9.450276788937366,36.63329728639409],[9.450276788937366,36.63778886281469],[9.44578521251677,36.63778886281469],[9.44578521251677,36.63329728639409]]]},"id":"2103,8156","properties":{"alea":0.11057526050248123,"classe_sol":40.0,"dans_region":true,"lat":36.63554307393893,"lat_max":36.63778886281469,"lat_min":36.63329728639409,"lon":9.448031000708383,"lon_max":9.450276788937366,"lon_min":9.44578521251677,"parcel_id":"P0613"}},{"type":"Feature","geometry":{"geodesic":false,"crs":{"type":"name","properties":{"name":"EPSG:4326"}},"type":"Polygon","coordinates":[[[9.373919989787208,36.54346575798213],[9.378411566207804,36.54346575798213],[9.378411566207804,36.54795733440273],[9.373919989787208,36.54795733440273],[9.373919989787208,36.54346575798213]]]},"id":"2087,8136","properties":{"alea":0.11104953763526093,"classe_sol":40.0,"dans_region":true,"lat":36.545711545483044,"lat_max":36.54795733440273,"lat_min":36.54346575798213,"lon":9.376165778069298,"lon_max":9.378411566207804,"lon_min":9.373919989787208,"parcel_id":"P0614"}},{"type":"Feature","geometry":{"geodesic":false,"crs":{"type":"name","properties":{"name":"EPSG:4326"}},"type":"Polygon","coordinates":[[[9.212223238645693,36.88033398952696],[9.216714815066291,36.88033398952696],[9.216714815066291,36.88482556594755],[9.212223238645693,36.88482556594755],[9.212223238645693,36.88033398952696]]]},"id":"2051,8211","properties":{"alea":0.11139109161052496,"classe_sol":40.0,"dans_region":true,"lat":36.88257977683052,"lat_max":36.88482556594755,"lat_min":36.88033398952696,"lon":9.21446902689104,"lon_max":9.216714815066291,"lon_min":9.212223238645693,"parcel_id":"P0615"}},{"type":"Feature","geometry":{"geodesic":false,"crs":{"type":"name","properties":{"name":"EPSG:4326"}},"type":"Polygon","coordinates":[[[9.212223238645693,36.754569849750226],[9.216714815066291,36.754569849750226],[9.216714815066291,36.759061426170824],[9.212223238645693,36.759061426170824],[9.212223238645693,36.754569849750226]]]},"id":"2051,8183","properties":{"alea":0.1117924853320752,"classe_sol":40.0,"dans_region":true,"lat":36.756815637196816,"lat_max":36.759061426170824,"lat_min":36.754569849750226,"lon":9.214469026831798,"lon_max":9.216714815066291,"lon_min":9.212223238645693,"parcel_id":"P0616"}},{"type":"Feature","geometry":{"geodesic":false,"crs":{"type":"name","properties":{"name":"EPSG:4326"}},"type":"Polygon","coordinates":[[[9.5760409287141,36.69617935628246],[9.580532505134697,36.69617935628246],[9.580532505134697,36.700670932703055],[9.5760409287141,36.700670932703055],[9.5760409287141,36.69617935628246]]]},"id":"2132,8170","properties":{"alea":0.11212268249367985,"classe_sol":40.0,"dans_region":true,"lat":36.69842514370438,"lat_max":36.700670932703055,"lat_min":36.69617935628246,"lon":9.578286716974036,"lon_max":9.580532505134697,"lon_min":9.5760409287141,"parcel_id":"P0617"}},{"type":"Feature","geometry":{"geodesic":false,"crs":{"type":"name","properties":{"name":"EPSG:4326"}},"type":"Polygon","coordinates":[[[9.751212409117405,36.58388994576752],[9.755703985538004,36.58388994576752],[9.755703985538004,36.588381522188115],[9.751212409117405,36.588381522188115],[9.751212409117405,36.58388994576752]]]},"id":"2171,8145","properties":{"alea":0.11262996235025047,"classe_sol":40.0,"dans_region":true,"lat":36.58613573312378,"lat_max":36.588381522188115,"lat_min":36.58388994576752,"lon":9.75345819727008,"lon_max":9.755703985538004,"lon_min":9.751212409117405,"parcel_id":"P0618"}},{"type":"Feature","geometry":{"geodesic":false,"crs":{"type":"name","properties":{"name":"EPSG:4326"}},"type":"Polygon","coordinates":[[[9.827569208267565,36.54795733440273],[9.832060784688164,36.54795733440273],[9.832060784688164,36.55244891082333],[9.827569208267565,36.55244891082333],[9.827569208267565,36.54795733440273]]]},"id":"2188,8137","properties":{"alea":0.11325905714964968,"classe_sol":40.0,"dans_region":true,"lat":36.55020312188228,"lat_max":36.55244891082333,"lat_min":36.54795733440273,"lon":9.829814996508361,"lon_max":9.832060784688164,"lon_min":9.827569208267565,"parcel_id":"P0619"}},{"type":"Feature","geometry":{"geodesic":false,"crs":{"type":"name","properties":{"name":"EPSG:4326"}},"type":"Polygon","coordinates":[[[9.23468112074868,36.983640247200704],[9.239172697169279,36.983640247200704],[9.239172697169279,36.9881318236213],[9.23468112074868,36.9881318236213],[9.23468112074868,36.983640247200704]]]},"id":"2056,8234","properties":{"alea":0.11327560418093297,"classe_sol":40.0,"dans_region":true,"lat":36.98588603446774,"lat_max":36.9881318236213,"lat_min":36.983640247200704,"lon":9.23692690899884,"lon_max":9.239172697169279,"lon_min":9.23468112074868,"parcel_id":"P0620"}},{"type":"Feature","geometry":{"geodesic":false,"crs":{"type":"name","properties":{"name":"EPSG:4326"}},"type":"Polygon","coordinates":[[[9.117900133813144,36.65126359207648],[9.12239171023374,36.65126359207648],[9.12239171023374,36.65575516849707],[9.117900133813144,36.65575516849707],[9.117900133813144,36.65126359207648]]]},"id":"2030,8160","properties":{"alea":0.11352118230463837,"classe_sol":40.0,"dans_region":true,"lat":36.653509379500754,"lat_max":36.65575516849707,"lat_min":36.65126359207648,"lon":9.120145922019045,"lon_max":9.12239171023374,"lon_min":9.117900133813144,"parcel_id":"P0621"}},{"type":"Feature","geometry":{"geodesic":false,"crs":{"type":"name","properties":{"name":"EPSG:4326"}},"type":"Polygon","coordinates":[[[9.782653444061589,36.57041521650572],[9.787145020482187,36.57041521650572],[9.787145020482187,36.57490679292632],[9.782653444061589,36.57490679292632],[9.782653444061589,36.57041521650572]]]},"id":"2178,8142","properties":{"alea":0.11425136405204883,"classe_sol":40.0,"dans_region":true,"lat":36.572661003986,"lat_max":36.57490679292632,"lat_min":36.57041521650572,"lon":9.784899232235617,"lon_max":9.787145020482187,"lon_min":9.782653444061589,"parcel_id":"P0622"}},{"type":"Feature","geometry":{"geodesic":false,"crs":{"type":"name","properties":{"name":"EPSG:4326"}},"type":"Polygon","coordinates":[[[9.005610723298203,36.82643507247978],[9.0101022997188,36.82643507247978],[9.0101022997188,36.83092664890038],[9.005610723298203,36.83092664890038],[9.005610723298203,36.82643507247978]]]},"id":"2005,8199","properties":{"alea":0.11442196045221886,"classe_sol":40.0,"dans_region":true,"lat":36.82868085970643,"lat_max":36.83092664890038,"lat_min":36.82643507247978,"lon":9.00785651152807,"lon_max":9.0101022997188,"lon_min":9.005610723298203,"parcel_id":"P0623"}},{"type":"Feature","geometry":{"geodesic":false,"crs":{"type":"name","properties":{"name":"EPSG:4326"}},"type":"Polygon","coordinates":[[[9.059509640345375,36.76804457901201],[9.064001216765972,36.76804457901201],[9.064001216765972,36.77253615543261],[9.059509640345375,36.77253615543261],[9.059509640345375,36.76804457901201]]]},"id":"2017,8186","properties":{"alea":0.1148285596059383,"classe_sol":40.0,"dans_region":true,"lat":36.770290366336724,"lat_max":36.77253615543261,"lat_min":36.76804457901201,"lon":9.061755428524483,"lon_max":9.064001216765972,"lon_min":9.059509640345375,"parcel_id":"P0624"}},{"type":"Feature","geometry":{"geodesic":false,"crs":{"type":"name","properties":{"name":"EPSG:4326"}},"type":"Polygon","coordinates":[[[9.692821915649638,36.72312881480604],[9.697313492070235,36.72312881480604],[9.697313492070235,36.72762039122664],[9.692821915649638,36.72762039122664],[9.692821915649638,36.72312881480604]]]},"id":"2158,8176","properties":{"alea":0.11485867824197982,"classe_sol":40.0,"dans_region":true,"lat":36.725374602170696,"lat_max":36.72762039122664,"lat_min":36.72312881480604,"lon":9.695067703854669,"lon_max":9.697313492070235,"lon_min":9.692821915649638,"parcel_id":"P0625"}},{"type":"Feature","geometry":{"geodesic":false,"crs":{"type":"name","properties":{"name":"EPSG:4326"}},"type":"Polygon","coordinates":[[[9.585024081555295,36.57939836934692],[9.589515657975893,36.57939836934692],[9.589515657975893,36.58388994576752],[9.585024081555295,36.58388994576752],[9.585024081555295,36.57939836934692]]]},"id":"2134,8144","properties":{"alea":0.11492589525966956,"classe_sol":40.0,"dans_region":true,"lat":36.581644156981625,"lat_max":36.58388994576752,"lat_min":36.57939836934692,"lon":9.587269869766754,"lon_max":9.589515657975893,"lon_min":9.585024081555295,"parcel_id":"P0626"}},{"type":"Feature","geometry":{"geodesic":false,"crs":{"type":"name","properties":{"name":"EPSG:4326"}},"type":"Polygon","coordinates":[[[9.261630579272268,36.534482605140944],[9.266122155692864,36.534482605140944],[9.266122155692864,36.538974181561535],[9.261630579272268,36.538974181561535],[9.261630579272268,36.534482605140944]]]},"id":"2062,8134","properties":{"alea":0.11498328763639731,"classe_sol":40.0,"dans_region":true,"lat":36.5367283926935,"lat_max":36.538974181561535,"lat_min":36.534482605140944,"lon":9.263876367482768,"lon_max":9.266122155692864,"lon_min":9.261630579272268,"parcel_id":"P0627"}},{"type":"Feature","geometry":{"geodesic":false,"crs":{"type":"name","properties":{"name":"EPSG:4326"}},"type":"Polygon","coordinates":[[[9.715279797752626,36.63329728639409],[9.719771374173224,36.63329728639409],[9.719771374173224,36.63778886281469],[9.715279797752626,36.63778886281469],[9.715279797752626,36.63329728639409]]]},"id":"2163,8156","properties":{"alea":0.11507663882356556,"classe_sol":40.0,"dans_region":true,"lat":36.635543073962324,"lat_max":36.63778886281469,"lat_min":36.63329728639409,"lon":9.717525585997228,"lon_max":9.719771374173224,"lon_min":9.715279797752626,"parcel_id":"P0628"}},{"type":"Feature","geometry":{"geodesic":false,"crs":{"type":"name","properties":{"name":"EPSG:4326"}},"type":"Polygon","coordinates":[[[9.081967522448362,36.983640247200704],[9.08645909886896,36.983640247200704],[9.08645909886896,36.9881318236213],[9.081967522448362,36.9881318236213],[9.081967522448362,36.983640247200704]]]},"id":"2022,8234","properties":{"alea":0.1151126142002008,"classe_sol":40.0,"dans_region":true,"lat":36.985886034399236,"lat_max":36.9881318236213,"lat_min":36.983640247200704,"lon":9.084213310575844,"lon_max":9.08645909886896,"lon_min":9.081967522448362,"parcel_id":"P0629"}},{"type":"Feature","geometry":{"geodesic":false,"crs":{"type":"name","properties":{"name":"EPSG:4326"}},"type":"Polygon","coordinates":[[[9.324512649160633,36.529991028720346],[9.329004225581231,36.529991028720346],[9.329004225581231,36.534482605140944],[9.324512649160633,36.534482605140944],[9.324512649160633,36.529991028720346]]]},"id":"2076,8133","properties":{"alea":0.11512784606731274,"classe_sol":40.0,"dans_region":true,"lat":36.53223681620803,"lat_max":36.534482605140944,"lat_min":36.529991028720346,"lon":9.326758437355332,"lon_max":9.329004225581231,"lon_min":9.324512649160633,"parcel_id":"P0630"}},{"type":"Feature","geometry":{"geodesic":false,"crs":{"type":"name","properties":{"name":"EPSG:4326"}},"type":"Polygon","coordinates":[[[9.131374863074937,36.41321004178481],[9.135866439495533,36.41321004178481],[9.135866439495533,36.417701618205406],[9.131374863074937,36.417701618205406],[9.131374863074937,36.41321004178481]]]},"id":"2033,8107","properties":{"alea":0.11534324064213164,"classe_sol":40.0,"dans_region":true,"lat":36.41545582936245,"lat_max":36.417701618205406,"lat_min":36.41321004178481,"lon":9.133620651183278,"lon_max":9.135866439495533,"lon_min":9.131374863074937,"parcel_id":"P0631"}},{"type":"Feature","geometry":{"geodesic":false,"crs":{"type":"name","properties":{"name":"EPSG:4326"}},"type":"Polygon","coordinates":[[[9.692821915649638,36.66473832133827],[9.697313492070235,36.66473832133827],[9.697313492070235,36.66922989775887],[9.692821915649638,36.66922989775887],[9.692821915649638,36.66473832133827]]]},"id":"2158,8163","properties":{"alea":0.1153445576567651,"classe_sol":40.0,"dans_region":true,"lat":36.666984108837696,"lat_max":36.66922989775887,"lat_min":36.66473832133827,"lon":9.695067703895587,"lon_max":9.697313492070235,"lon_min":9.692821915649638,"parcel_id":"P0632"}},{"type":"Feature","geometry":{"geodesic":false,"crs":{"type":"name","properties":{"name":"EPSG:4326"}},"type":"Polygon","coordinates":[[[9.710788221332027,36.646772015655884],[9.715279797752626,36.646772015655884],[9.715279797752626,36.65126359207648],[9.710788221332027,36.65126359207648],[9.710788221332027,36.646772015655884]]]},"id":"2162,8159","properties":{"alea":0.1154345362505178,"classe_sol":40.0,"dans_region":true,"lat":36.64901780316297,"lat_max":36.65126359207648,"lat_min":36.646772015655884,"lon":9.713034009518376,"lon_max":9.715279797752626,"lon_min":9.710788221332027,"parcel_id":"P0633"}},{"type":"Feature","geometry":{"geodesic":false,"crs":{"type":"name","properties":{"name":"EPSG:4326"}},"type":"Polygon","coordinates":[[[9.194256932963302,36.96118236509771],[9.1987485093839,36.96118236509771],[9.1987485093839,36.96567394151831],[9.194256932963302,36.96567394151831],[9.194256932963302,36.96118236509771]]]},"id":"2047,8229","properties":{"alea":0.11544926058783267,"classe_sol":40.0,"dans_region":true,"lat":36.96342815238572,"lat_max":36.96567394151831,"lat_min":36.96118236509771,"lon":9.196502721117323,"lon_max":9.1987485093839,"lon_min":9.194256932963302,"parcel_id":"P0634"}},{"type":"Feature","geometry":{"geodesic":false,"crs":{"type":"name","properties":{"name":"EPSG:4326"}},"type":"Polygon","coordinates":[[[9.23468112074868,36.866859260265166],[9.239172697169279,36.866859260265166],[9.239172697169279,36.871350836685764],[9.23468112074868,36.871350836685764],[9.23468112074868,36.866859260265166]]]},"id":"2056,8208","properties":{"alea":0.1154917952056832,"classe_sol":40.0,"dans_region":true,"lat":36.86910504766186,"lat_max":36.871350836685764,"lat_min":36.866859260265166,"lon":9.236926908976713,"lon_max":9.239172697169279,"lon_min":9.23468112074868,"parcel_id":"P0635"}},{"type":"Feature","geometry":{"geodesic":false,"crs":{"type":"name","properties":{"name":"EPSG:4326"}},"type":"Polygon","coordinates":[[[9.59400723439649,36.58388994576752],[9.598498810817087,36.58388994576752],[9.598498810817087,36.588381522188115],[9.59400723439649,36.588381522188115],[9.59400723439649,36.58388994576752]]]},"id":"2136,8145","properties":{"alea":0.11586163445487474,"classe_sol":40.0,"dans_region":true,"lat":36.586135733140615,"lat_max":36.588381522188115,"lat_min":36.58388994576752,"lon":9.596253022676759,"lon_max":9.598498810817087,"lon_min":9.59400723439649,"parcel_id":"P0636"}},{"type":"Feature","geometry":{"geodesic":false,"crs":{"type":"name","properties":{"name":"EPSG:4326"}},"type":"Polygon","coordinates":[[[9.25713900285167,36.89380871878875],[9.261630579272268,36.89380871878875],[9.261630579272268,36.898300295209346],[9.25713900285167,36.898300295209346],[9.25713900285167,36.89380871878875]]]},"id":"2061,8214","properties":{"alea":0.11613687546740814,"classe_sol":40.0,"dans_region":true,"lat":36.896054506142555,"lat_max":36.898300295209346,"lat_min":36.89380871878875,"lon":9.259384791068992,"lon_max":9.261630579272268,"lon_min":9.25713900285167,"parcel_id":"P0637"}},{"type":"Feature","geometry":{"geodesic":false,"crs":{"type":"name","properties":{"name":"EPSG:4326"}},"type":"Polygon","coordinates":[[[9.400869448310793,36.6108394042911],[9.405361024731391,36.6108394042911],[9.405361024731391,36.6153309807117],[9.400869448310793,36.6153309807117],[9.400869448310793,36.6108394042911]]]},"id":"2093,8151","properties":{"alea":0.11633316162311513,"classe_sol":40.0,"dans_region":true,"lat":36.61308519180884,"lat_max":36.6153309807117,"lat_min":36.6108394042911,"lon":9.403115236576618,"lon_max":9.405361024731391,"lon_min":9.400869448310793,"parcel_id":"P0638"}},{"type":"Feature","geometry":{"geodesic":false,"crs":{"type":"name","properties":{"name":"EPSG:4326"}},"type":"Polygon","coordinates":[[[9.225697967907486,36.77253615543261],[9.230189544328084,36.77253615543261],[9.230189544328084,36.77702773185321],[9.225697967907486,36.77702773185321],[9.225697967907486,36.77253615543261]]]},"id":"2054,8187","properties":{"alea":0.11668678797929977,"classe_sol":40.0,"dans_region":true,"lat":36.77478194279657,"lat_max":36.77702773185321,"lat_min":36.77253615543261,"lon":9.227943756082826,"lon_max":9.230189544328084,"lon_min":9.225697967907486,"parcel_id":"P0639"}},{"type":"Feature","geometry":{"geodesic":false,"crs":{"type":"name","properties":{"name":"EPSG:4326"}},"type":"Polygon","coordinates":[[[8.965186535512824,36.77702773185321],[8.969678111933423,36.77702773185321],[8.969678111933423,36.78151930827381],[8.965186535512824,36.78151930827381],[8.965186535512824,36.77702773185321]]]},"id":"1996,8188","properties":{"alea":0.1167349325431184,"classe_sol":40.0,"dans_region":true,"lat":36.77927351922662,"lat_max":36.78151930827381,"lat_min":36.77702773185321,"lon":8.96743232369539,"lon_max":8.969678111933423,"lon_min":8.965186535512824,"parcel_id":"P0640"}},{"type":"Feature","geometry":{"geodesic":false,"crs":{"type":"name","properties":{"name":"EPSG:4326"}},"type":"Polygon","coordinates":[[[9.1987485093839,36.588381522188115],[9.203240085804499,36.588381522188115],[9.203240085804499,36.59287309860871],[9.1987485093839,36.59287309860871],[9.1987485093839,36.588381522188115]]]},"id":"2048,8146","properties":{"alea":0.116795919988533,"classe_sol":40.0,"dans_region":true,"lat":36.590627309707926,"lat_max":36.59287309860871,"lat_min":36.588381522188115,"lon":9.20099429767425,"lon_max":9.203240085804499,"lon_min":9.1987485093839,"parcel_id":"P0641"}},{"type":"Feature","geometry":{"geodesic":false,"crs":{"type":"name","properties":{"name":"EPSG:4326"}},"type":"Polygon","coordinates":[[[9.391886295469599,36.507533146617355],[9.396377871890195,36.507533146617355],[9.396377871890195,36.51202472303795],[9.391886295469599,36.51202472303795],[9.391886295469599,36.507533146617355]]]},"id":"2091,8128","properties":{"alea":0.11685050588113943,"classe_sol":40.0,"dans_region":true,"lat":36.509778934244984,"lat_max":36.51202472303795,"lat_min":36.507533146617355,"lon":9.394132083733872,"lon_max":9.396377871890195,"lon_min":9.391886295469599,"parcel_id":"P0642"}},{"type":"Feature","geometry":{"geodesic":false,"crs":{"type":"name","properties":{"name":"EPSG:4326"}},"type":"Polygon","coordinates":[[[9.63443142218187,36.476092111673175],[9.638922998602466,36.476092111673175],[9.638922998602466,36.480583688093766],[9.63443142218187,36.480583688093766],[9.63443142218187,36.476092111673175]]]},"id":"2145,8121","properties":{"alea":0.11685445662843685,"classe_sol":40.0,"dans_region":true,"lat":36.4783378992442,"lat_max":36.480583688093766,"lat_min":36.476092111673175,"lon":9.63667721040257,"lon_max":9.638922998602466,"lon_min":9.63443142218187,"parcel_id":"P0643"}},{"type":"Feature","geometry":{"geodesic":false,"crs":{"type":"name","properties":{"name":"EPSG:4326"}},"type":"Polygon","coordinates":[[[9.751212409117405,36.69617935628246],[9.755703985538004,36.69617935628246],[9.755703985538004,36.700670932703055],[9.751212409117405,36.700670932703055],[9.751212409117405,36.69617935628246]]]},"id":"2171,8170","properties":{"alea":0.1168679037181184,"classe_sol":40.0,"dans_region":true,"lat":36.698425143733665,"lat_max":36.700670932703055,"lat_min":36.69617935628246,"lon":9.753458197351037,"lon_max":9.755703985538004,"lon_min":9.751212409117405,"parcel_id":"P0644"}},{"type":"Feature","geometry":{"geodesic":false,"crs":{"type":"name","properties":{"name":"EPSG:4326"}},"type":"Polygon","coordinates":[[[9.391886295469599,36.52549945229975],[9.396377871890195,36.52549945229975],[9.396377871890195,36.529991028720346],[9.391886295469599,36.529991028720346],[9.391886295469599,36.52549945229975]]]},"id":"2091,8132","properties":{"alea":0.11730763699704916,"classe_sol":40.0,"dans_region":true,"lat":36.52774523987626,"lat_max":36.529991028720346,"lat_min":36.52549945229975,"lon":9.394132083731074,"lon_max":9.396377871890195,"lon_min":9.391886295469599,"parcel_id":"P0645"}},{"type":"Feature","geometry":{"geodesic":false,"crs":{"type":"name","properties":{"name":"EPSG:4326"}},"type":"Polygon","coordinates":[[[9.135866439495533,36.44015950030839],[9.140358015916132,36.44015950030839],[9.140358015916132,36.44465107672899],[9.135866439495533,36.44465107672899],[9.135866439495533,36.44015950030839]]]},"id":"2034,8113","properties":{"alea":0.11764994660376904,"classe_sol":40.0,"dans_region":true,"lat":36.44240528777173,"lat_max":36.44465107672899,"lat_min":36.44015950030839,"lon":9.13811222772407,"lon_max":9.140358015916132,"lon_min":9.135866439495533,"parcel_id":"P0646"}},{"type":"Feature","geometry":{"geodesic":false,"crs":{"type":"name","properties":{"name":"EPSG:4326"}},"type":"Polygon","coordinates":[[[9.320021072740037,36.8039771903768],[9.324512649160633,36.8039771903768],[9.324512649160633,36.8084687667974],[9.320021072740037,36.8084687667974],[9.320021072740037,36.8039771903768]]]},"id":"2075,8194","properties":{"alea":0.11792438600199151,"classe_sol":40.0,"dans_region":true,"lat":36.80622297776126,"lat_max":36.8084687667974,"lat_min":36.8039771903768,"lon":9.322266860977443,"lon_max":9.324512649160633,"lon_min":9.320021072740037,"parcel_id":"P0647"}},{"type":"Feature","geometry":{"geodesic":false,"crs":{"type":"name","properties":{"name":"EPSG:4326"}},"type":"Polygon","coordinates":[[[9.81858605542637,36.6063478278705],[9.823077631846967,36.6063478278705],[9.823077631846967,36.6108394042911],[9.81858605542637,36.6108394042911],[9.81858605542637,36.6063478278705]]]},"id":"2186,8150","properties":{"alea":0.11841876761098136,"classe_sol":40.0,"dans_region":true,"lat":36.608593615289266,"lat_max":36.6108394042911,"lat_min":36.6063478278705,"lon":9.820831843657112,"lon_max":9.823077631846967,"lon_min":9.81858605542637,"parcel_id":"P0648"}},{"type":"Feature","geometry":{"geodesic":false,"crs":{"type":"name","properties":{"name":"EPSG:4326"}},"type":"Polygon","coordinates":[[[9.149341168757326,36.40871846536421],[9.153832745177924,36.40871846536421],[9.153832745177924,36.41321004178481],[9.149341168757326,36.41321004178481],[9.149341168757326,36.40871846536421]]]},"id":"2037,8106","properties":{"alea":0.1185603134830292,"classe_sol":40.0,"dans_region":true,"lat":36.4109642529953,"lat_max":36.41321004178481,"lat_min":36.40871846536421,"lon":9.151586956918816,"lon_max":9.153832745177924,"lon_min":9.149341168757326,"parcel_id":"P0649"}},{"type":"Feature","geometry":{"geodesic":false,"crs":{"type":"name","properties":{"name":"EPSG:4326"}},"type":"Polygon","coordinates":[[[9.248155850010475,36.52549945229975],[9.252647426431071,36.52549945229975],[9.252647426431071,36.529991028720346],[9.248155850010475,36.529991028720346],[9.248155850010475,36.52549945229975]]]},"id":"2059,8132","properties":{"alea":0.11873189291726227,"classe_sol":40.0,"dans_region":true,"lat":36.5277452398874,"lat_max":36.529991028720346,"lat_min":36.52549945229975,"lon":9.250401638288825,"lon_max":9.252647426431071,"lon_min":9.248155850010475,"parcel_id":"P0650"}},{"type":"Feature","geometry":{"geodesic":false,"crs":{"type":"name","properties":{"name":"EPSG:4326"}},"type":"Polygon","coordinates":[[[9.7646871383792,36.62431413355289],[9.769178714799796,36.62431413355289],[9.769178714799796,36.62880570997349],[9.7646871383792,36.62880570997349],[9.7646871383792,36.62431413355289]]]},"id":"2174,8154","properties":{"alea":0.11874314239218708,"classe_sol":40.0,"dans_region":true,"lat":36.62655992116687,"lat_max":36.62880570997349,"lat_min":36.62431413355289,"lon":9.766932926553125,"lon_max":9.769178714799796,"lon_min":9.7646871383792,"parcel_id":"P0651"}},{"type":"Feature","geometry":{"geodesic":false,"crs":{"type":"name","properties":{"name":"EPSG:4326"}},"type":"Polygon","coordinates":[[[9.08645909886896,36.8039771903768],[9.090950675289559,36.8039771903768],[9.090950675289559,36.8084687667974],[9.08645909886896,36.8084687667974],[9.08645909886896,36.8039771903768]]]},"id":"2023,8194","properties":{"alea":0.11901183361323175,"classe_sol":40.0,"dans_region":true,"lat":36.806222977726,"lat_max":36.8084687667974,"lat_min":36.8039771903768,"lon":9.088704887061361,"lon_max":9.090950675289559,"lon_min":9.08645909886896,"parcel_id":"P0652"}},{"type":"Feature","geometry":{"geodesic":false,"crs":{"type":"name","properties":{"name":"EPSG:4326"}},"type":"Polygon","coordinates":[[[9.153832745177924,36.65575516849707],[9.158324321598522,36.65575516849707],[9.158324321598522,36.66024674491767],[9.153832745177924,36.66024674491767],[9.153832745177924,36.65575516849707]]]},"id":"2038,8161","properties":{"alea":0.11917603466257243,"classe_sol":40.0,"dans_region":true,"lat":36.65800095592687,"lat_max":36.66024674491767,"lat_min":36.65575516849707,"lon":9.156078533385653,"lon_max":9.158324321598522,"lon_min":9.153832745177924,"parcel_id":"P0653"}},{"type":"Feature","geometry":{"geodesic":false,"crs":{"type":"name","properties":{"name":"EPSG:4326"}},"type":"Polygon","coordinates":[[[9.266122155692864,36.68719620344126],[9.270613732113462,36.68719620344126],[9.270613732113462,36.69168777986186],[9.266122155692864,36.69168777986186],[9.266122155692864,36.68719620344126]]]},"id":"2063,8168","properties":{"alea":0.11964199678143228,"classe_sol":40.0,"dans_region":true,"lat":36.68944199090638,"lat_max":36.69168777986186,"lat_min":36.68719620344126,"lon":9.26836794389028,"lon_max":9.270613732113462,"lon_min":9.266122155692864,"parcel_id":"P0654"}},{"type":"Feature","geometry":{"geodesic":false,"crs":{"type":"name","properties":{"name":"EPSG:4326"}},"type":"Polygon","coordinates":[[[9.63443142218187,36.709654085544244],[9.638922998602466,36.709654085544244],[9.638922998602466,36.71414566196484],[9.63443142218187,36.71414566196484],[9.63443142218187,36.709654085544244]]]},"id":"2145,8173","properties":{"alea":0.1206681286579826,"classe_sol":40.0,"dans_region":true,"lat":36.71189987305363,"lat_max":36.71414566196484,"lat_min":36.709654085544244,"lon":9.636677210401851,"lon_max":9.638922998602466,"lon_min":9.63443142218187,"parcel_id":"P0655"}},{"type":"Feature","geometry":{"geodesic":false,"crs":{"type":"name","properties":{"name":"EPSG:4326"}},"type":"Polygon","coordinates":[[[9.131374863074937,36.76804457901201],[9.135866439495533,36.76804457901201],[9.135866439495533,36.77253615543261],[9.131374863074937,36.77253615543261],[9.131374863074937,36.76804457901201]]]},"id":"2033,8186","properties":{"alea":0.12067275972479552,"classe_sol":40.0,"dans_region":true,"lat":36.77029036630942,"lat_max":36.77253615543261,"lat_min":36.76804457901201,"lon":9.133620651256823,"lon_max":9.135866439495533,"lon_min":9.131374863074937,"parcel_id":"P0656"}},{"type":"Feature","geometry":{"geodesic":false,"crs":{"type":"name","properties":{"name":"EPSG:4326"}},"type":"Polygon","coordinates":[[[9.53561674092872,36.7949940375356],[9.540108317349318,36.7949940375356],[9.540108317349318,36.7994856139562],[9.53561674092872,36.7994856139562],[9.53561674092872,36.7949940375356]]]},"id":"2123,8192","properties":{"alea":0.12101120095899842,"classe_sol":40.0,"dans_region":true,"lat":36.79723982486739,"lat_max":36.7994856139562,"lat_min":36.7949940375356,"lon":9.537862529130358,"lon_max":9.540108317349318,"lon_min":9.53561674092872,"parcel_id":"P0657"}},{"type":"Feature","geometry":{"geodesic":false,"crs":{"type":"name","properties":{"name":"EPSG:4326"}},"type":"Polygon","coordinates":[[[9.189765356542706,36.844401378162175],[9.194256932963302,36.844401378162175],[9.194256932963302,36.84889295458277],[9.189765356542706,36.84889295458277],[9.189765356542706,36.844401378162175]]]},"id":"2046,8203","properties":{"alea":0.12156625776464136,"classe_sol":40.0,"dans_region":true,"lat":36.84664716554034,"lat_max":36.84889295458277,"lat_min":36.844401378162175,"lon":9.192011144709879,"lon_max":9.194256932963302,"lon_min":9.189765356542706,"parcel_id":"P0658"}},{"type":"Feature","geometry":{"geodesic":false,"crs":{"type":"name","properties":{"name":"EPSG:4326"}},"type":"Polygon","coordinates":[[[9.14484959233673,36.89380871878875],[9.149341168757326,36.89380871878875],[9.149341168757326,36.898300295209346],[9.14484959233673,36.898300295209346],[9.14484959233673,36.89380871878875]]]},"id":"2036,8214","properties":{"alea":0.12191747590943958,"classe_sol":40.0,"dans_region":true,"lat":36.89605450613693,"lat_max":36.898300295209346,"lat_min":36.89380871878875,"lon":9.147095380629533,"lon_max":9.149341168757326,"lon_min":9.14484959233673,"parcel_id":"P0659"}},{"type":"Feature","geometry":{"geodesic":false,"crs":{"type":"name","properties":{"name":"EPSG:4326"}},"type":"Polygon","coordinates":[[[9.29307161421645,36.732111967647235],[9.297563190637048,36.732111967647235],[9.297563190637048,36.73660354406783],[9.29307161421645,36.73660354406783],[9.29307161421645,36.732111967647235]]]},"id":"2069,8178","properties":{"alea":0.1220613398492707,"classe_sol":40.0,"dans_region":true,"lat":36.73435775497236,"lat_max":36.73660354406783,"lat_min":36.732111967647235,"lon":9.295317402467646,"lon_max":9.297563190637048,"lon_min":9.29307161421645,"parcel_id":"P0660"}},{"type":"Feature","geometry":{"geodesic":false,"crs":{"type":"name","properties":{"name":"EPSG:4326"}},"type":"Polygon","coordinates":[[[9.239172697169279,36.422193194626004],[9.243664273589877,36.422193194626004],[9.243664273589877,36.426684771046595],[9.239172697169279,36.426684771046595],[9.239172697169279,36.422193194626004]]]},"id":"2057,8109","properties":{"alea":0.12229863794888074,"classe_sol":40.0,"dans_region":true,"lat":36.42443898224809,"lat_max":36.426684771046595,"lat_min":36.422193194626004,"lon":9.241418485330255,"lon_max":9.243664273589877,"lon_min":9.239172697169279,"parcel_id":"P0661"}},{"type":"Feature","geometry":{"geodesic":false,"crs":{"type":"name","properties":{"name":"EPSG:4326"}},"type":"Polygon","coordinates":[[[9.18078220370151,36.46710895883198],[9.185273780122108,36.46710895883198],[9.185273780122108,36.47160053525258],[9.18078220370151,36.47160053525258],[9.18078220370151,36.46710895883198]]]},"id":"2044,8119","properties":{"alea":0.12248361954220344,"classe_sol":40.0,"dans_region":true,"lat":36.469354746421665,"lat_max":36.47160053525258,"lat_min":36.46710895883198,"lon":9.183027991950455,"lon_max":9.185273780122108,"lon_min":9.18078220370151,"parcel_id":"P0662"}},{"type":"Feature","geometry":{"geodesic":false,"crs":{"type":"name","properties":{"name":"EPSG:4326"}},"type":"Polygon","coordinates":[[[9.773670291220395,36.561432063664526],[9.778161867640993,36.561432063664526],[9.778161867640993,36.565923640085124],[9.773670291220395,36.565923640085124],[9.773670291220395,36.561432063664526]]]},"id":"2176,8140","properties":{"alea":0.12250560291934742,"classe_sol":40.0,"dans_region":true,"lat":36.56367785112895,"lat_max":36.565923640085124,"lat_min":36.561432063664526,"lon":9.775916079397035,"lon_max":9.778161867640993,"lon_min":9.773670291220395,"parcel_id":"P0663"}},{"type":"Feature","geometry":{"geodesic":false,"crs":{"type":"name","properties":{"name":"EPSG:4326"}},"type":"Polygon","coordinates":[[[9.31103791989884,36.75007827332963],[9.315529496319439,36.75007827332963],[9.315529496319439,36.754569849750226],[9.31103791989884,36.754569849750226],[9.31103791989884,36.75007827332963]]]},"id":"2073,8182","properties":{"alea":0.12258288560114106,"classe_sol":40.0,"dans_region":true,"lat":36.75232406066668,"lat_max":36.754569849750226,"lat_min":36.75007827332963,"lon":9.31328370806899,"lon_max":9.315529496319439,"lon_min":9.31103791989884,"parcel_id":"P0664"}},{"type":"Feature","geometry":{"geodesic":false,"crs":{"type":"name","properties":{"name":"EPSG:4326"}},"type":"Polygon","coordinates":[[[9.185273780122108,36.44465107672899],[9.189765356542706,36.44465107672899],[9.189765356542706,36.449142653149586],[9.185273780122108,36.449142653149586],[9.185273780122108,36.44465107672899]]]},"id":"2045,8114","properties":{"alea":0.12259329776189587,"classe_sol":40.0,"dans_region":true,"lat":36.44689686437578,"lat_max":36.449142653149586,"lat_min":36.44465107672899,"lon":9.18751956834244,"lon_max":9.189765356542706,"lon_min":9.185273780122108,"parcel_id":"P0665"}},{"type":"Feature","geometry":{"geodesic":false,"crs":{"type":"name","properties":{"name":"EPSG:4326"}},"type":"Polygon","coordinates":[[[9.261630579272268,36.92075817731234],[9.266122155692864,36.92075817731234],[9.266122155692864,36.925249753732935],[9.261630579272268,36.925249753732935],[9.261630579272268,36.92075817731234]]]},"id":"2062,8220","properties":{"alea":0.12260720506102551,"classe_sol":40.0,"dans_region":true,"lat":36.92300396462667,"lat_max":36.925249753732935,"lat_min":36.92075817731234,"lon":9.263876367463931,"lon_max":9.266122155692864,"lon_min":9.261630579272268,"parcel_id":"P0666"}},{"type":"Feature","geometry":{"geodesic":false,"crs":{"type":"name","properties":{"name":"EPSG:4326"}},"type":"Polygon","coordinates":[[[9.149341168757326,36.91626660089174],[9.153832745177924,36.91626660089174],[9.153832745177924,36.92075817731234],[9.149341168757326,36.92075817731234],[9.149341168757326,36.91626660089174]]]},"id":"2037,8219","properties":{"alea":0.12271172140829967,"classe_sol":40.0,"dans_region":true,"lat":36.91851238813083,"lat_max":36.92075817731234,"lat_min":36.91626660089174,"lon":9.151586956898235,"lon_max":9.153832745177924,"lon_min":9.149341168757326,"parcel_id":"P0667"}},{"type":"Feature","geometry":{"geodesic":false,"crs":{"type":"name","properties":{"name":"EPSG:4326"}},"type":"Polygon","coordinates":[[[9.679347186387844,36.54795733440273],[9.683838762808442,36.54795733440273],[9.683838762808442,36.55244891082333],[9.679347186387844,36.55244891082333],[9.679347186387844,36.54795733440273]]]},"id":"2155,8137","properties":{"alea":0.12285684732569568,"classe_sol":40.0,"dans_region":true,"lat":36.550203121919424,"lat_max":36.55244891082333,"lat_min":36.54795733440273,"lon":9.681592974580557,"lon_max":9.683838762808442,"lon_min":9.679347186387844,"parcel_id":"P0668"}},{"type":"Feature","geometry":{"geodesic":false,"crs":{"type":"name","properties":{"name":"EPSG:4326"}},"type":"Polygon","coordinates":[[[9.099933828130753,36.93872448299472],[9.104425404551352,36.93872448299472],[9.104425404551352,36.94321605941532],[9.099933828130753,36.94321605941532],[9.099933828130753,36.93872448299472]]]},"id":"2026,8224","properties":{"alea":0.12314513473014777,"classe_sol":40.0,"dans_region":true,"lat":36.94097027025265,"lat_max":36.94321605941532,"lat_min":36.93872448299472,"lon":9.102179616275047,"lon_max":9.104425404551352,"lon_min":9.099933828130753,"parcel_id":"P0669"}},{"type":"Feature","geometry":{"geodesic":false,"crs":{"type":"name","properties":{"name":"EPSG:4326"}},"type":"Polygon","coordinates":[[[9.261630579272268,36.74109512048843],[9.266122155692864,36.74109512048843],[9.266122155692864,36.74558669690903],[9.261630579272268,36.74558669690903],[9.261630579272268,36.74109512048843]]]},"id":"2062,8180","properties":{"alea":0.12342976604610079,"classe_sol":40.0,"dans_region":true,"lat":36.74334090779831,"lat_max":36.74558669690903,"lat_min":36.74109512048843,"lon":9.263876367436302,"lon_max":9.266122155692864,"lon_min":9.261630579272268,"parcel_id":"P0670"}},{"type":"Feature","geometry":{"geodesic":false,"crs":{"type":"name","properties":{"name":"EPSG:4326"}},"type":"Polygon","coordinates":[[[9.760195561958602,36.619822557132295],[9.7646871383792,36.619822557132295],[9.7646871383792,36.62431413355289],[9.760195561958602,36.62431413355289],[9.760195561958602,36.619822557132295]]]},"id":"2173,8153","properties":{"alea":0.12344948480687234,"classe_sol":40.0,"dans_region":true,"lat":36.62206834456221,"lat_max":36.62431413355289,"lat_min":36.619822557132295,"lon":9.762441350154765,"lon_max":9.7646871383792,"lon_min":9.760195561958602,"parcel_id":"P0671"}},{"type":"Feature","geometry":{"geodesic":false,"crs":{"type":"name","properties":{"name":"EPSG:4326"}},"type":"Polygon","coordinates":[[[9.710788221332027,36.453634229570184],[9.715279797752626,36.453634229570184],[9.715279797752626,36.45812580599078],[9.710788221332027,36.45812580599078],[9.710788221332027,36.453634229570184]]]},"id":"2162,8116","properties":{"alea":0.12347242961786564,"classe_sol":40.0,"dans_region":true,"lat":36.45588001710917,"lat_max":36.45812580599078,"lat_min":36.453634229570184,"lon":9.713034009488943,"lon_max":9.715279797752626,"lon_min":9.710788221332027,"parcel_id":"P0672"}},{"type":"Feature","geometry":{"geodesic":false,"crs":{"type":"name","properties":{"name":"EPSG:4326"}},"type":"Polygon","coordinates":[[[9.077475946027764,36.72312881480604],[9.081967522448362,36.72312881480604],[9.081967522448362,36.72762039122664],[9.077475946027764,36.72762039122664],[9.077475946027764,36.72312881480604]]]},"id":"2021,8176","properties":{"alea":0.1235279431214964,"classe_sol":40.0,"dans_region":true,"lat":36.7253746022333,"lat_max":36.72762039122664,"lat_min":36.72312881480604,"lon":9.079721734264151,"lon_max":9.081967522448362,"lon_min":9.077475946027764,"parcel_id":"P0673"}},{"type":"Feature","geometry":{"geodesic":false,"crs":{"type":"name","properties":{"name":"EPSG:4326"}},"type":"Polygon","coordinates":[[[9.288580037795853,36.87584241310636],[9.29307161421645,36.87584241310636],[9.29307161421645,36.88033398952696],[9.288580037795853,36.88033398952696],[9.288580037795853,36.87584241310636]]]},"id":"2068,8210","properties":{"alea":0.12353152838005432,"classe_sol":40.0,"dans_region":true,"lat":36.87808820041183,"lat_max":36.88033398952696,"lat_min":36.87584241310636,"lon":9.290825826031607,"lon_max":9.29307161421645,"lon_min":9.288580037795853,"parcel_id":"P0674"}},{"type":"Feature","geometry":{"geodesic":false,"crs":{"type":"name","properties":{"name":"EPSG:4326"}},"type":"Polygon","coordinates":[[[9.207731662225095,36.83990980174158],[9.212223238645693,36.83990980174158],[9.212223238645693,36.844401378162175],[9.207731662225095,36.844401378162175],[9.207731662225095,36.83990980174158]]]},"id":"2050,8202","properties":{"alea":0.12354691004187501,"classe_sol":40.0,"dans_region":true,"lat":36.84215558902648,"lat_max":36.844401378162175,"lat_min":36.83990980174158,"lon":9.20997745035992,"lon_max":9.212223238645693,"lon_min":9.207731662225095,"parcel_id":"P0675"}},{"type":"Feature","geometry":{"geodesic":false,"crs":{"type":"name","properties":{"name":"EPSG:4326"}},"type":"Polygon","coordinates":[[[9.189765356542706,36.44015950030839],[9.194256932963302,36.44015950030839],[9.194256932963302,36.44465107672899],[9.189765356542706,36.44465107672899],[9.189765356542706,36.44015950030839]]]},"id":"2046,8113","properties":{"alea":0.12355060120564865,"classe_sol":40.0,"dans_region":true,"lat":36.44240528773252,"lat_max":36.44465107672899,"lat_min":36.44015950030839,"lon":9.192011144759787,"lon_max":9.194256932963302,"lon_min":9.189765356542706,"parcel_id":"P0676"}},{"type":"Feature","geometry":{"geodesic":false,"crs":{"type":"name","properties":{"name":"EPSG:4326"}},"type":"Polygon","coordinates":[[[9.49968412956394,36.62880570997349],[9.504175705984538,36.62880570997349],[9.504175705984538,36.63329728639409],[9.49968412956394,36.63329728639409],[9.49968412956394,36.62880570997349]]]},"id":"2115,8155","properties":{"alea":0.12402072578537882,"classe_sol":40.0,"dans_region":true,"lat":36.63105149727789,"lat_max":36.63329728639409,"lat_min":36.62880570997349,"lon":9.501929917792284,"lon_max":9.504175705984538,"lon_min":9.49968412956394,"parcel_id":"P0677"}},{"type":"Feature","geometry":{"geodesic":false,"crs":{"type":"name","properties":{"name":"EPSG:4326"}},"type":"Polygon","coordinates":[[[9.733246103435016,36.59287309860871],[9.737737679855613,36.59287309860871],[9.737737679855613,36.597364675029304],[9.733246103435016,36.597364675029304],[9.733246103435016,36.59287309860871]]]},"id":"2167,8147","properties":{"alea":0.1240244516064698,"classe_sol":40.0,"dans_region":true,"lat":36.5951188861054,"lat_max":36.597364675029304,"lat_min":36.59287309860871,"lon":9.735491891580997,"lon_max":9.737737679855613,"lon_min":9.733246103435016,"parcel_id":"P0678"}},{"type":"Feature","geometry":{"geodesic":false,"crs":{"type":"name","properties":{"name":"EPSG:4326"}},"type":"Polygon","coordinates":[[[9.266122155692864,36.54346575798213],[9.270613732113462,36.54346575798213],[9.270613732113462,36.54795733440273],[9.266122155692864,36.54795733440273],[9.266122155692864,36.54346575798213]]]},"id":"2063,8136","properties":{"alea":0.1244214034247001,"classe_sol":40.0,"dans_region":true,"lat":36.54571154548935,"lat_max":36.54795733440273,"lat_min":36.54346575798213,"lon":9.268367943939111,"lon_max":9.270613732113462,"lon_min":9.266122155692864,"parcel_id":"P0679"}},{"type":"Feature","geometry":{"geodesic":false,"crs":{"type":"name","properties":{"name":"EPSG:4326"}},"type":"Polygon","coordinates":[[[9.1987485093839,36.646772015655884],[9.203240085804499,36.646772015655884],[9.203240085804499,36.65126359207648],[9.1987485093839,36.65126359207648],[9.1987485093839,36.646772015655884]]]},"id":"2048,8159","properties":{"alea":0.12446240227335026,"classe_sol":40.0,"dans_region":true,"lat":36.649017803157754,"lat_max":36.65126359207648,"lat_min":36.646772015655884,"lon":9.200994297712452,"lon_max":9.203240085804499,"lon_min":9.1987485093839,"parcel_id":"P0680"}},{"type":"Feature","geometry":{"geodesic":false,"crs":{"type":"name","properties":{"name":"EPSG:4326"}},"type":"Polygon","coordinates":[[[9.661380880705455,36.453634229570184],[9.665872457126051,36.453634229570184],[9.665872457126051,36.45812580599078],[9.661380880705455,36.45812580599078],[9.661380880705455,36.453634229570184]]]},"id":"2151,8116","properties":{"alea":0.12494373133003256,"classe_sol":40.0,"dans_region":true,"lat":36.45588001711792,"lat_max":36.45812580599078,"lat_min":36.453634229570184,"lon":9.663626668826858,"lon_max":9.665872457126051,"lon_min":9.661380880705455,"parcel_id":"P0681"}},{"type":"Feature","geometry":{"geodesic":false,"crs":{"type":"name","properties":{"name":"EPSG:4326"}},"type":"Polygon","coordinates":[[[9.508667282405135,36.62431413355289],[9.513158858825733,36.62431413355289],[9.513158858825733,36.62880570997349],[9.508667282405135,36.62880570997349],[9.508667282405135,36.62431413355289]]]},"id":"2117,8154","properties":{"alea":0.1254677853746825,"classe_sol":40.0,"dans_region":true,"lat":36.62655992117005,"lat_max":36.62880570997349,"lat_min":36.62431413355289,"lon":9.510913070673306,"lon_max":9.513158858825733,"lon_min":9.508667282405135,"parcel_id":"P0682"}},{"type":"Feature","geometry":{"geodesic":false,"crs":{"type":"name","properties":{"name":"EPSG:4326"}},"type":"Polygon","coordinates":[[[9.104425404551352,36.754569849750226],[9.108916980971948,36.754569849750226],[9.108916980971948,36.759061426170824],[9.104425404551352,36.759061426170824],[9.104425404551352,36.754569849750226]]]},"id":"2027,8183","properties":{"alea":0.1255531260866779,"classe_sol":40.0,"dans_region":true,"lat":36.7568156372099,"lat_max":36.759061426170824,"lat_min":36.754569849750226,"lon":9.106671192790634,"lon_max":9.108916980971948,"lon_min":9.104425404551352,"parcel_id":"P0683"}},{"type":"Feature","geometry":{"geodesic":false,"crs":{"type":"name","properties":{"name":"EPSG:4326"}},"type":"Polygon","coordinates":[[[9.580532505134697,36.673721474179466],[9.585024081555295,36.673721474179466],[9.585024081555295,36.678213050600064],[9.580532505134697,36.678213050600064],[9.580532505134697,36.673721474179466]]]},"id":"2133,8165","properties":{"alea":0.12580922323414034,"classe_sol":40.0,"dans_region":true,"lat":36.67596726161484,"lat_max":36.678213050600064,"lat_min":36.673721474179466,"lon":9.582778293313119,"lon_max":9.585024081555295,"lon_min":9.580532505134697,"parcel_id":"P0684"}},{"type":"Feature","geometry":{"geodesic":false,"crs":{"type":"name","properties":{"name":"EPSG:4326"}},"type":"Polygon","coordinates":[[[9.531125164508124,36.642280439235286],[9.53561674092872,36.642280439235286],[9.53561674092872,36.646772015655884],[9.531125164508124,36.646772015655884],[9.531125164508124,36.642280439235286]]]},"id":"2122,8158","properties":{"alea":0.12597044550995717,"classe_sol":40.0,"dans_region":true,"lat":36.64452622662166,"lat_max":36.646772015655884,"lat_min":36.642280439235286,"lon":9.533370952672078,"lon_max":9.53561674092872,"lon_min":9.531125164508124,"parcel_id":"P0685"}},{"type":"Feature","geometry":{"geodesic":false,"crs":{"type":"name","properties":{"name":"EPSG:4326"}},"type":"Polygon","coordinates":[[[9.028068605401192,36.76355300259142],[9.03256018182179,36.76355300259142],[9.03256018182179,36.76804457901201],[9.028068605401192,36.76804457901201],[9.028068605401192,36.76355300259142]]]},"id":"2010,8185","properties":{"alea":0.1261101530518487,"classe_sol":40.0,"dans_region":true,"lat":36.765798790054454,"lat_max":36.76804457901201,"lat_min":36.76355300259142,"lon":9.030314393575615,"lon_max":9.03256018182179,"lon_min":9.028068605401192,"parcel_id":"P0686"}},{"type":"Feature","geometry":{"geodesic":false,"crs":{"type":"name","properties":{"name":"EPSG:4326"}},"type":"Polygon","coordinates":[[[9.364936836946011,36.51202472303795],[9.36942841336661,36.51202472303795],[9.36942841336661,36.51651629945855],[9.364936836946011,36.51651629945855],[9.364936836946011,36.51202472303795]]]},"id":"2085,8129","properties":{"alea":0.12621031185086162,"classe_sol":40.0,"dans_region":true,"lat":36.514270510514145,"lat_max":36.51651629945855,"lat_min":36.51202472303795,"lon":9.367182625111969,"lon_max":9.36942841336661,"lon_min":9.364936836946011,"parcel_id":"P0687"}},{"type":"Feature","geometry":{"geodesic":false,"crs":{"type":"name","properties":{"name":"EPSG:4326"}},"type":"Polygon","coordinates":[[[9.230189544328084,36.85338453100337],[9.23468112074868,36.85338453100337],[9.23468112074868,36.85787610742397],[9.230189544328084,36.85787610742397],[9.230189544328084,36.85338453100337]]]},"id":"2055,8205","properties":{"alea":0.1262475056501643,"classe_sol":40.0,"dans_region":true,"lat":36.85563031825013,"lat_max":36.85787610742397,"lat_min":36.85338453100337,"lon":9.23243533251178,"lon_max":9.23468112074868,"lon_min":9.230189544328084,"parcel_id":"P0688"}},{"type":"Feature","geometry":{"geodesic":false,"crs":{"type":"name","properties":{"name":"EPSG:4326"}},"type":"Polygon","coordinates":[[[9.486209400302148,36.49854999377616],[9.490700976722746,36.49854999377616],[9.490700976722746,36.50304157019676],[9.486209400302148,36.50304157019676],[9.486209400302148,36.49854999377616]]]},"id":"2112,8126","properties":{"alea":0.12631179637687384,"classe_sol":40.0,"dans_region":true,"lat":36.50079578134511,"lat_max":36.50304157019676,"lat_min":36.49854999377616,"lon":9.488455188511258,"lon_max":9.490700976722746,"lon_min":9.486209400302148,"parcel_id":"P0689"}},{"type":"Feature","geometry":{"geodesic":false,"crs":{"type":"name","properties":{"name":"EPSG:4326"}},"type":"Polygon","coordinates":[[[9.346970531263622,36.480583688093766],[9.351462107684219,36.480583688093766],[9.351462107684219,36.485075264514364],[9.346970531263622,36.485075264514364],[9.346970531263622,36.480583688093766]]]},"id":"2081,8122","properties":{"alea":0.12662641665248797,"classe_sol":40.0,"dans_region":true,"lat":36.48282947561351,"lat_max":36.485075264514364,"lat_min":36.480583688093766,"lon":9.349216319498943,"lon_max":9.351462107684219,"lon_min":9.346970531263622,"parcel_id":"P0690"}},{"type":"Feature","geometry":{"geodesic":false,"crs":{"type":"name","properties":{"name":"EPSG:4326"}},"type":"Polygon","coordinates":[[[9.44578521251677,36.69168777986186],[9.450276788937366,36.69168777986186],[9.450276788937366,36.69617935628246],[9.44578521251677,36.69617935628246],[9.44578521251677,36.69168777986186]]]},"id":"2103,8169","properties":{"alea":0.12685274260631885,"classe_sol":40.0,"dans_region":true,"lat":36.69393356722372,"lat_max":36.69617935628246,"lat_min":36.69168777986186,"lon":9.448031000725308,"lon_max":9.450276788937366,"lon_min":9.44578521251677,"parcel_id":"P0691"}},{"type":"Feature","geometry":{"geodesic":false,"crs":{"type":"name","properties":{"name":"EPSG:4326"}},"type":"Polygon","coordinates":[[[9.42332733041378,36.71414566196484],[9.427818906834379,36.71414566196484],[9.427818906834379,36.71863723838544],[9.42332733041378,36.71863723838544],[9.42332733041378,36.71414566196484]]]},"id":"2098,8174","properties":{"alea":0.1270422876184183,"classe_sol":40.0,"dans_region":true,"lat":36.716391449303195,"lat_max":36.71863723838544,"lat_min":36.71414566196484,"lon":9.42557311863997,"lon_max":9.427818906834379,"lon_min":9.42332733041378,"parcel_id":"P0692"}},{"type":"Feature","geometry":{"geodesic":false,"crs":{"type":"name","properties":{"name":"EPSG:4326"}},"type":"Polygon","coordinates":[[[9.12239171023374,36.94770763583592],[9.126883286654339,36.94770763583592],[9.126883286654339,36.95219921225652],[9.12239171023374,36.95219921225652],[9.12239171023374,36.94770763583592]]]},"id":"2031,8226","properties":{"alea":0.12723585033906593,"classe_sol":40.0,"dans_region":true,"lat":36.94995342310703,"lat_max":36.95219921225652,"lat_min":36.94770763583592,"lon":9.124637498488916,"lon_max":9.126883286654339,"lon_min":9.12239171023374,"parcel_id":"P0693"}},{"type":"Feature","geometry":{"geodesic":false,"crs":{"type":"name","properties":{"name":"EPSG:4326"}},"type":"Polygon","coordinates":[[[9.823077631846967,36.529991028720346],[9.827569208267565,36.529991028720346],[9.827569208267565,36.534482605140944],[9.823077631846967,36.534482605140944],[9.823077631846967,36.529991028720346]]]},"id":"2187,8133","properties":{"alea":0.1278474598969006,"classe_sol":40.0,"dans_region":true,"lat":36.53223681618505,"lat_max":36.534482605140944,"lat_min":36.529991028720346,"lon":9.825323420061356,"lon_max":9.827569208267565,"lon_min":9.823077631846967,"parcel_id":"P0694"}},{"type":"Feature","geometry":{"geodesic":false,"crs":{"type":"name","properties":{"name":"EPSG:4326"}},"type":"Polygon","coordinates":[[[9.728754527014418,36.709654085544244],[9.733246103435016,36.709654085544244],[9.733246103435016,36.71414566196484],[9.728754527014418,36.71414566196484],[9.728754527014418,36.709654085544244]]]},"id":"2166,8173","properties":{"alea":0.1278662265008712,"classe_sol":40.0,"dans_region":true,"lat":36.71189987307612,"lat_max":36.71414566196484,"lat_min":36.709654085544244,"lon":9.731000315244623,"lon_max":9.733246103435016,"lon_min":9.728754527014418,"parcel_id":"P0695"}},{"type":"Feature","geometry":{"geodesic":false,"crs":{"type":"name","properties":{"name":"EPSG:4326"}},"type":"Polygon","coordinates":[[[9.131374863074937,36.844401378162175],[9.135866439495533,36.844401378162175],[9.135866439495533,36.84889295458277],[9.131374863074937,36.84889295458277],[9.131374863074937,36.844401378162175]]]},"id":"2033,8203","properties":{"alea":0.12791531572035897,"classe_sol":40.0,"dans_region":true,"lat":36.84664716554226,"lat_max":36.84889295458277,"lat_min":36.844401378162175,"lon":9.133620651242465,"lon_max":9.135866439495533,"lon_min":9.131374863074937,"parcel_id":"P0696"}},{"type":"Feature","geometry":{"geodesic":false,"crs":{"type":"name","properties":{"name":"EPSG:4326"}},"type":"Polygon","coordinates":[[[9.665872457126051,36.588381522188115],[9.67036403354665,36.588381522188115],[9.67036403354665,36.59287309860871],[9.665872457126051,36.59287309860871],[9.665872457126051,36.588381522188115]]]},"id":"2152,8146","properties":{"alea":0.12792230667674276,"classe_sol":40.0,"dans_region":true,"lat":36.590627309722336,"lat_max":36.59287309860871,"lat_min":36.588381522188115,"lon":9.668118245383585,"lon_max":9.67036403354665,"lon_min":9.665872457126051,"parcel_id":"P0697"}},{"type":"Feature","geometry":{"geodesic":false,"crs":{"type":"name","properties":{"name":"EPSG:4326"}},"type":"Polygon","coordinates":[[[9.153832745177924,36.69168777986186],[9.158324321598522,36.69168777986186],[9.158324321598522,36.69617935628246],[9.153832745177924,36.69617935628246],[9.153832745177924,36.69168777986186]]]},"id":"2038,8169","properties":{"alea":0.12817548532569167,"classe_sol":40.0,"dans_region":true,"lat":36.69393356720013,"lat_max":36.69617935628246,"lat_min":36.69168777986186,"lon":9.156078533335336,"lon_max":9.158324321598522,"lon_min":9.153832745177924,"parcel_id":"P0698"}},{"type":"Feature","geometry":{"geodesic":false,"crs":{"type":"name","properties":{"name":"EPSG:4326"}},"type":"Polygon","coordinates":[[[9.571549352293502,36.57939836934692],[9.5760409287141,36.57939836934692],[9.5760409287141,36.58388994576752],[9.571549352293502,36.58388994576752],[9.571549352293502,36.57939836934692]]]},"id":"2131,8144","properties":{"alea":0.12825702113415338,"classe_sol":40.0,"dans_region":true,"lat":36.58164415696351,"lat_max":36.58388994576752,"lat_min":36.57939836934692,"lon":9.573795140421293,"lon_max":9.5760409287141,"lon_min":9.571549352293502,"parcel_id":"P0699"}},{"type":"Feature","geometry":{"geodesic":false,"crs":{"type":"name","properties":{"name":"EPSG:4326"}},"type":"Polygon","coordinates":[[[9.355953684104817,36.8039771903768],[9.360445260525415,36.8039771903768],[9.360445260525415,36.8084687667974],[9.355953684104817,36.8084687667974],[9.355953684104817,36.8039771903768]]]},"id":"2083,8194","properties":{"alea":0.12832607605040514,"classe_sol":40.0,"dans_region":true,"lat":36.80622297777796,"lat_max":36.8084687667974,"lat_min":36.8039771903768,"lon":9.35819947233028,"lon_max":9.360445260525415,"lon_min":9.355953684104817,"parcel_id":"P0700"}},{"type":"Feature","geometry":{"geodesic":false,"crs":{"type":"name","properties":{"name":"EPSG:4326"}},"type":"Polygon","coordinates":[[[9.55807462303171,36.812960343217995],[9.562566199452307,36.812960343217995],[9.562566199452307,36.81745191963859],[9.55807462303171,36.81745191963859],[9.55807462303171,36.812960343217995]]]},"id":"2128,8196","properties":{"alea":0.12866290869359964,"classe_sol":40.0,"dans_region":true,"lat":36.81520613068316,"lat_max":36.81745191963859,"lat_min":36.812960343217995,"lon":9.560320411274471,"lon_max":9.562566199452307,"lon_min":9.55807462303171,"parcel_id":"P0701"}},{"type":"Feature","geometry":{"geodesic":false,"crs":{"type":"name","properties":{"name":"EPSG:4326"}},"type":"Polygon","coordinates":[[[9.185273780122108,36.43566792388779],[9.189765356542706,36.43566792388779],[9.189765356542706,36.44015950030839],[9.185273780122108,36.44015950030839],[9.185273780122108,36.43566792388779]]]},"id":"2045,8112","properties":{"alea":0.12875929721338542,"classe_sol":40.0,"dans_region":true,"lat":36.437913711555275,"lat_max":36.44015950030839,"lat_min":36.43566792388779,"lon":9.187519568312872,"lon_max":9.189765356542706,"lon_min":9.185273780122108,"parcel_id":"P0702"}},{"type":"Feature","geometry":{"geodesic":false,"crs":{"type":"name","properties":{"name":"EPSG:4326"}},"type":"Polygon","coordinates":[[[9.643414575023064,36.52549945229975],[9.647906151443662,36.52549945229975],[9.647906151443662,36.529991028720346],[9.643414575023064,36.529991028720346],[9.643414575023064,36.52549945229975]]]},"id":"2147,8132","properties":{"alea":0.12910610231737063,"classe_sol":40.0,"dans_region":true,"lat":36.527745239885604,"lat_max":36.529991028720346,"lat_min":36.52549945229975,"lon":9.645660363263461,"lon_max":9.647906151443662,"lon_min":9.643414575023064,"parcel_id":"P0703"}},{"type":"Feature","geometry":{"geodesic":false,"crs":{"type":"name","properties":{"name":"EPSG:4326"}},"type":"Polygon","coordinates":[[[9.266122155692864,36.51202472303795],[9.270613732113462,36.51202472303795],[9.270613732113462,36.51651629945855],[9.266122155692864,36.51651629945855],[9.266122155692864,36.51202472303795]]]},"id":"2063,8129","properties":{"alea":0.12917425135191518,"classe_sol":40.0,"dans_region":true,"lat":36.51427051050268,"lat_max":36.51651629945855,"lat_min":36.51202472303795,"lon":9.268367943892596,"lon_max":9.270613732113462,"lon_min":9.266122155692864,"parcel_id":"P0704"}},{"type":"Feature","geometry":{"geodesic":false,"crs":{"type":"name","properties":{"name":"EPSG:4326"}},"type":"Polygon","coordinates":[[[9.602990387237686,36.69168777986186],[9.607481963658282,36.69168777986186],[9.607481963658282,36.69617935628246],[9.602990387237686,36.69617935628246],[9.602990387237686,36.69168777986186]]]},"id":"2138,8169","properties":{"alea":0.12948427491189352,"classe_sol":40.0,"dans_region":true,"lat":36.693933567215666,"lat_max":36.69617935628246,"lat_min":36.69168777986186,"lon":9.605236175424967,"lon_max":9.607481963658282,"lon_min":9.602990387237686,"parcel_id":"P0705"}},{"type":"Feature","geometry":{"geodesic":false,"crs":{"type":"name","properties":{"name":"EPSG:4326"}},"type":"Polygon","coordinates":[[[9.706296644911431,36.453634229570184],[9.710788221332027,36.453634229570184],[9.710788221332027,36.45812580599078],[9.706296644911431,36.45812580599078],[9.706296644911431,36.453634229570184]]]},"id":"2161,8116","properties":{"alea":0.12951081750900928,"classe_sol":40.0,"dans_region":true,"lat":36.45588001711444,"lat_max":36.45812580599078,"lat_min":36.453634229570184,"lon":9.708542433093037,"lon_max":9.710788221332027,"lon_min":9.706296644911431,"parcel_id":"P0706"}},{"type":"Feature","geometry":{"geodesic":false,"crs":{"type":"name","properties":{"name":"EPSG:4326"}},"type":"Polygon","coordinates":[[[9.55807462303171,36.66473832133827],[9.562566199452307,36.66473832133827],[9.562566199452307,36.66922989775887],[9.55807462303171,36.66922989775887],[9.55807462303171,36.66473832133827]]]},"id":"2128,8163","properties":{"alea":0.12962745015339627,"classe_sol":40.0,"dans_region":true,"lat":36.66698410882781,"lat_max":36.66922989775887,"lat_min":36.66473832133827,"lon":9.56032041123929,"lon_max":9.562566199452307,"lon_min":9.55807462303171,"parcel_id":"P0707"}},{"type":"Feature","geometry":{"geodesic":false,"crs":{"type":"name","properties":{"name":"EPSG:4326"}},"type":"Polygon","coordinates":[[[9.266122155692864,36.40422688894361],[9.270613732113462,36.40422688894361],[9.270613732113462,36.40871846536421],[9.266122155692864,36.40871846536421],[9.266122155692864,36.40422688894361]]]},"id":"2063,8105","properties":{"alea":0.12973125486900416,"classe_sol":40.0,"dans_region":true,"lat":36.40647267649226,"lat_max":36.40871846536421,"lat_min":36.40422688894361,"lon":9.268367943936644,"lon_max":9.270613732113462,"lon_min":9.266122155692864,"parcel_id":"P0708"}},{"type":"Feature","geometry":{"geodesic":false,"crs":{"type":"name","properties":{"name":"EPSG:4326"}},"type":"Polygon","coordinates":[[[9.270613732113462,36.40871846536421],[9.27510530853406,36.40871846536421],[9.27510530853406,36.41321004178481],[9.270613732113462,36.41321004178481],[9.270613732113462,36.40871846536421]]]},"id":"2064,8106","properties":{"alea":0.13034469360525525,"classe_sol":40.0,"dans_region":true,"lat":36.410964252972555,"lat_max":36.41321004178481,"lat_min":36.40871846536421,"lon":9.272859520305463,"lon_max":9.27510530853406,"lon_min":9.270613732113462,"parcel_id":"P0709"}},{"type":"Feature","geometry":{"geodesic":false,"crs":{"type":"name","properties":{"name":"EPSG:4326"}},"type":"Polygon","coordinates":[[[9.656889304284856,36.70516250912365],[9.661380880705455,36.70516250912365],[9.661380880705455,36.709654085544244],[9.656889304284856,36.709654085544244],[9.656889304284856,36.70516250912365]]]},"id":"2150,8172","properties":{"alea":0.13045250889344018,"classe_sol":40.0,"dans_region":true,"lat":36.70740829653034,"lat_max":36.709654085544244,"lat_min":36.70516250912365,"lon":9.659135092490084,"lon_max":9.661380880705455,"lon_min":9.656889304284856,"parcel_id":"P0710"}},{"type":"Feature","geometry":{"geodesic":false,"crs":{"type":"name","properties":{"name":"EPSG:4326"}},"type":"Polygon","coordinates":[[[9.562566199452307,36.49405841735556],[9.567057775872904,36.49405841735556],[9.567057775872904,36.49854999377616],[9.562566199452307,36.49854999377616],[9.562566199452307,36.49405841735556]]]},"id":"2129,8125","properties":{"alea":0.13064551619472875,"classe_sol":40.0,"dans_region":true,"lat":36.49630420484763,"lat_max":36.49854999377616,"lat_min":36.49405841735556,"lon":9.56481198757665,"lon_max":9.567057775872904,"lon_min":9.562566199452307,"parcel_id":"P0711"}},{"type":"Feature","geometry":{"geodesic":false,"crs":{"type":"name","properties":{"name":"EPSG:4326"}},"type":"Polygon","coordinates":[[[9.27510530853406,36.529991028720346],[9.279596884954657,36.529991028720346],[9.279596884954657,36.534482605140944],[9.27510530853406,36.534482605140944],[9.27510530853406,36.529991028720346]]]},"id":"2065,8133","properties":{"alea":0.13065106667443693,"classe_sol":40.0,"dans_region":true,"lat":36.53223681619272,"lat_max":36.534482605140944,"lat_min":36.529991028720346,"lon":9.277351096653717,"lon_max":9.279596884954657,"lon_min":9.27510530853406,"parcel_id":"P0712"}},{"type":"Feature","geometry":{"geodesic":false,"crs":{"type":"name","properties":{"name":"EPSG:4326"}},"type":"Polygon","coordinates":[[[9.252647426431071,36.368294277578826],[9.25713900285167,36.368294277578826],[9.25713900285167,36.372785853999424],[9.252647426431071,36.372785853999424],[9.252647426431071,36.368294277578826]]]},"id":"2060,8097","properties":{"alea":0.13068916713925793,"classe_sol":40.0,"dans_region":true,"lat":36.370540065285866,"lat_max":36.372785853999424,"lat_min":36.368294277578826,"lon":9.2548932146774,"lon_max":9.25713900285167,"lon_min":9.252647426431071,"parcel_id":"P0713"}},{"type":"Feature","geometry":{"geodesic":false,"crs":{"type":"name","properties":{"name":"EPSG:4326"}},"type":"Polygon","coordinates":[[[9.248155850010475,36.72312881480604],[9.252647426431071,36.72312881480604],[9.252647426431071,36.72762039122664],[9.248155850010475,36.72762039122664],[9.248155850010475,36.72312881480604]]]},"id":"2059,8176","properties":{"alea":0.13071953453484786,"classe_sol":40.0,"dans_region":true,"lat":36.725374602201725,"lat_max":36.72762039122664,"lat_min":36.72312881480604,"lon":9.250401638289395,"lon_max":9.252647426431071,"lon_min":9.248155850010475,"parcel_id":"P0714"}},{"type":"Feature","geometry":{"geodesic":false,"crs":{"type":"name","properties":{"name":"EPSG:4326"}},"type":"Polygon","coordinates":[[[9.212223238645693,36.92075817731234],[9.216714815066291,36.92075817731234],[9.216714815066291,36.925249753732935],[9.212223238645693,36.925249753732935],[9.212223238645693,36.92075817731234]]]},"id":"2051,8220","properties":{"alea":0.13077064473754985,"classe_sol":40.0,"dans_region":true,"lat":36.92300396461438,"lat_max":36.925249753732935,"lat_min":36.92075817731234,"lon":9.214469026860836,"lon_max":9.216714815066291,"lon_min":9.212223238645693,"parcel_id":"P0715"}},{"type":"Feature","geometry":{"geodesic":false,"crs":{"type":"name","properties":{"name":"EPSG:4326"}},"type":"Polygon","coordinates":[[[9.252647426431071,36.40422688894361],[9.25713900285167,36.40422688894361],[9.25713900285167,36.40871846536421],[9.252647426431071,36.40871846536421],[9.252647426431071,36.40422688894361]]]},"id":"2060,8105","properties":{"alea":0.13078432076990132,"classe_sol":40.0,"dans_region":true,"lat":36.406472676485976,"lat_max":36.40871846536421,"lat_min":36.40422688894361,"lon":9.254893214606117,"lon_max":9.25713900285167,"lon_min":9.252647426431071,"parcel_id":"P0716"}},{"type":"Feature","geometry":{"geodesic":false,"crs":{"type":"name","properties":{"name":"EPSG:4326"}},"type":"Polygon","coordinates":[[[9.302054767057646,36.732111967647235],[9.306546343478242,36.732111967647235],[9.306546343478242,36.73660354406783],[9.302054767057646,36.73660354406783],[9.302054767057646,36.732111967647235]]]},"id":"2071,8178","properties":{"alea":0.1309548042145383,"classe_sol":40.0,"dans_region":true,"lat":36.734357754930805,"lat_max":36.73660354406783,"lat_min":36.732111967647235,"lon":9.304300555295967,"lon_max":9.306546343478242,"lon_min":9.302054767057646,"parcel_id":"P0717"}},{"type":"Feature","geometry":{"geodesic":false,"crs":{"type":"name","properties":{"name":"EPSG:4326"}},"type":"Polygon","coordinates":[[[9.737737679855613,36.46710895883198],[9.742229256276211,36.46710895883198],[9.742229256276211,36.47160053525258],[9.737737679855613,36.47160053525258],[9.737737679855613,36.46710895883198]]]},"id":"2168,8119","properties":{"alea":0.13098904459693483,"classe_sol":40.0,"dans_region":true,"lat":36.46935474645255,"lat_max":36.47160053525258,"lat_min":36.46710895883198,"lon":9.739983468052644,"lon_max":9.742229256276211,"lon_min":9.737737679855613,"parcel_id":"P0718"}},{"type":"Feature","geometry":{"geodesic":false,"crs":{"type":"name","properties":{"name":"EPSG:4326"}},"type":"Polygon","coordinates":[[[9.719771374173224,36.52549945229975],[9.72426295059382,36.52549945229975],[9.72426295059382,36.529991028720346],[9.719771374173224,36.529991028720346],[9.719771374173224,36.52549945229975]]]},"id":"2164,8132","properties":{"alea":0.13130681705669156,"classe_sol":40.0,"dans_region":true,"lat":36.527745239868324,"lat_max":36.529991028720346,"lat_min":36.52549945229975,"lon":9.722017162431433,"lon_max":9.72426295059382,"lon_min":9.719771374173224,"parcel_id":"P0719"}},{"type":"Feature","geometry":{"geodesic":false,"crs":{"type":"name","properties":{"name":"EPSG:4326"}},"type":"Polygon","coordinates":[[[9.540108317349318,36.7994856139562],[9.544599893769917,36.7994856139562],[9.544599893769917,36.8039771903768],[9.540108317349318,36.8039771903768],[9.540108317349318,36.7994856139562]]]},"id":"2124,8193","properties":{"alea":0.13132797278056663,"classe_sol":40.0,"dans_region":true,"lat":36.80173140125138,"lat_max":36.8039771903768,"lat_min":36.7994856139562,"lon":9.542354105593116,"lon_max":9.544599893769917,"lon_min":9.540108317349318,"parcel_id":"P0720"}},{"type":"Feature","geometry":{"geodesic":false,"crs":{"type":"name","properties":{"name":"EPSG:4326"}},"type":"Polygon","coordinates":[[[9.324512649160633,36.44465107672899],[9.329004225581231,36.44465107672899],[9.329004225581231,36.449142653149586],[9.324512649160633,36.449142653149586],[9.324512649160633,36.44465107672899]]]},"id":"2076,8114","properties":{"alea":0.13133937599876966,"classe_sol":40.0,"dans_region":true,"lat":36.446896864348616,"lat_max":36.449142653149586,"lat_min":36.44465107672899,"lon":9.326758437316792,"lon_max":9.329004225581231,"lon_min":9.324512649160633,"parcel_id":"P0721"}},{"type":"Feature","geometry":{"geodesic":false,"crs":{"type":"name","properties":{"name":"EPSG:4326"}},"type":"Polygon","coordinates":[[[9.733246103435016,36.69617935628246],[9.737737679855613,36.69617935628246],[9.737737679855613,36.700670932703055],[9.733246103435016,36.700670932703055],[9.733246103435016,36.69617935628246]]]},"id":"2167,8170","properties":{"alea":0.1314522004271238,"classe_sol":40.0,"dans_region":true,"lat":36.69842514374011,"lat_max":36.700670932703055,"lat_min":36.69617935628246,"lon":9.73549189157944,"lon_max":9.737737679855613,"lon_min":9.733246103435016,"parcel_id":"P0722"}},{"type":"Feature","geometry":{"geodesic":false,"crs":{"type":"name","properties":{"name":"EPSG:4326"}},"type":"Polygon","coordinates":[[[9.252647426431071,36.69168777986186],[9.25713900285167,36.69168777986186],[9.25713900285167,36.69617935628246],[9.252647426431071,36.69617935628246],[9.252647426431071,36.69168777986186]]]},"id":"2060,8169","properties":{"alea":0.1316581772522406,"classe_sol":40.0,"dans_region":true,"lat":36.69393356722033,"lat_max":36.69617935628246,"lat_min":36.69168777986186,"lon":9.254893214623321,"lon_max":9.25713900285167,"lon_min":9.252647426431071,"parcel_id":"P0723"}},{"type":"Feature","geometry":{"geodesic":false,"crs":{"type":"name","properties":{"name":"EPSG:4326"}},"type":"Polygon","coordinates":[[[9.782653444061589,36.673721474179466],[9.787145020482187,36.673721474179466],[9.787145020482187,36.678213050600064],[9.782653444061589,36.678213050600064],[9.782653444061589,36.673721474179466]]]},"id":"2178,8165","properties":{"alea":0.1317269413066845,"classe_sol":40.0,"dans_region":true,"lat":36.67596726158776,"lat_max":36.678213050600064,"lat_min":36.673721474179466,"lon":9.784899232210616,"lon_max":9.787145020482187,"lon_min":9.782653444061589,"parcel_id":"P0724"}},{"type":"Feature","geometry":{"geodesic":false,"crs":{"type":"name","properties":{"name":"EPSG:4326"}},"type":"Polygon","coordinates":[[[9.432310483254977,36.65126359207648],[9.436802059675573,36.65126359207648],[9.436802059675573,36.65575516849707],[9.432310483254977,36.65575516849707],[9.432310483254977,36.65126359207648]]]},"id":"2100,8160","properties":{"alea":0.1318156072334964,"classe_sol":40.0,"dans_region":true,"lat":36.65350937944574,"lat_max":36.65575516849707,"lat_min":36.65126359207648,"lon":9.434556271449972,"lon_max":9.436802059675573,"lon_min":9.432310483254977,"parcel_id":"P0725"}},{"type":"Feature","geometry":{"geodesic":false,"crs":{"type":"name","properties":{"name":"EPSG:4326"}},"type":"Polygon","coordinates":[[[9.25713900285167,36.65126359207648],[9.261630579272268,36.65126359207648],[9.261630579272268,36.65575516849707],[9.25713900285167,36.65575516849707],[9.25713900285167,36.65126359207648]]]},"id":"2061,8160","properties":{"alea":0.1318223392648269,"classe_sol":40.0,"dans_region":true,"lat":36.65350937946604,"lat_max":36.65575516849707,"lat_min":36.65126359207648,"lon":9.259384791124164,"lon_max":9.261630579272268,"lon_min":9.25713900285167,"parcel_id":"P0726"}},{"type":"Feature","geometry":{"geodesic":false,"crs":{"type":"name","properties":{"name":"EPSG:4326"}},"type":"Polygon","coordinates":[[[9.270613732113462,36.39973531252301],[9.27510530853406,36.39973531252301],[9.27510530853406,36.40422688894361],[9.270613732113462,36.40422688894361],[9.270613732113462,36.39973531252301]]]},"id":"2064,8104","properties":{"alea":0.13202678073099916,"classe_sol":40.0,"dans_region":true,"lat":36.40198110012274,"lat_max":36.40422688894361,"lat_min":36.39973531252301,"lon":9.272859520364705,"lon_max":9.27510530853406,"lon_min":9.270613732113462,"parcel_id":"P0727"}},{"type":"Feature","geometry":{"geodesic":false,"crs":{"type":"name","properties":{"name":"EPSG:4326"}},"type":"Polygon","coordinates":[[[9.203240085804499,36.40422688894361],[9.207731662225095,36.40422688894361],[9.207731662225095,36.40871846536421],[9.203240085804499,36.40871846536421],[9.203240085804499,36.40422688894361]]]},"id":"2049,8105","properties":{"alea":0.13203196344803803,"classe_sol":40.0,"dans_region":true,"lat":36.406472676451266,"lat_max":36.40871846536421,"lat_min":36.40422688894361,"lon":9.205485873970455,"lon_max":9.207731662225095,"lon_min":9.203240085804499,"parcel_id":"P0728"}},{"type":"Feature","geometry":{"geodesic":false,"crs":{"type":"name","properties":{"name":"EPSG:4326"}},"type":"Polygon","coordinates":[[[9.225697967907486,36.426684771046595],[9.230189544328084,36.426684771046595],[9.230189544328084,36.43117634746719],[9.225697967907486,36.43117634746719],[9.225697967907486,36.426684771046595]]]},"id":"2054,8110","properties":{"alea":0.1320353676540612,"classe_sol":40.0,"dans_region":true,"lat":36.428930558549396,"lat_max":36.43117634746719,"lat_min":36.426684771046595,"lon":9.227943756125587,"lon_max":9.230189544328084,"lon_min":9.225697967907486,"parcel_id":"P0729"}},{"type":"Feature","geometry":{"geodesic":false,"crs":{"type":"name","properties":{"name":"EPSG:4326"}},"type":"Polygon","coordinates":[[[9.315529496319439,36.66922989775887],[9.320021072740037,36.66922989775887],[9.320021072740037,36.673721474179466],[9.315529496319439,36.673721474179466],[9.315529496319439,36.66922989775887]]]},"id":"2074,8164","properties":{"alea":0.13204891636476024,"classe_sol":40.0,"dans_region":true,"lat":36.67147568519648,"lat_max":36.673721474179466,"lat_min":36.66922989775887,"lon":9.317775284507883,"lon_max":9.320021072740037,"lon_min":9.315529496319439,"parcel_id":"P0730"}},{"type":"Feature","geometry":{"geodesic":false,"crs":{"type":"name","properties":{"name":"EPSG:4326"}},"type":"Polygon","coordinates":[[[9.158324321598522,36.41321004178481],[9.16281589801912,36.41321004178481],[9.16281589801912,36.417701618205406],[9.158324321598522,36.417701618205406],[9.158324321598522,36.41321004178481]]]},"id":"2039,8107","properties":{"alea":0.13215520868081188,"classe_sol":40.0,"dans_region":true,"lat":36.41545582939226,"lat_max":36.417701618205406,"lat_min":36.41321004178481,"lon":9.160570109890802,"lon_max":9.16281589801912,"lon_min":9.158324321598522,"parcel_id":"P0731"}},{"type":"Feature","geometry":{"geodesic":false,"crs":{"type":"name","properties":{"name":"EPSG:4326"}},"type":"Polygon","coordinates":[[[9.692821915649638,36.565923640085124],[9.697313492070235,36.565923640085124],[9.697313492070235,36.57041521650572],[9.692821915649638,36.57041521650572],[9.692821915649638,36.565923640085124]]]},"id":"2158,8141","properties":{"alea":0.13221449694538834,"classe_sol":40.0,"dans_region":true,"lat":36.56816942759321,"lat_max":36.57041521650572,"lat_min":36.565923640085124,"lon":9.695067703834196,"lon_max":9.697313492070235,"lon_min":9.692821915649638,"parcel_id":"P0732"}},{"type":"Feature","geometry":{"geodesic":false,"crs":{"type":"name","properties":{"name":"EPSG:4326"}},"type":"Polygon","coordinates":[[[9.769178714799796,36.619822557132295],[9.773670291220395,36.619822557132295],[9.773670291220395,36.62431413355289],[9.769178714799796,36.62431413355289],[9.769178714799796,36.619822557132295]]]},"id":"2175,8153","properties":{"alea":0.13221485456191673,"classe_sol":40.0,"dans_region":true,"lat":36.62206834454114,"lat_max":36.62431413355289,"lat_min":36.619822557132295,"lon":9.771424503066669,"lon_max":9.773670291220395,"lon_min":9.769178714799796,"parcel_id":"P0733"}},{"type":"Feature","geometry":{"geodesic":false,"crs":{"type":"name","properties":{"name":"EPSG:4326"}},"type":"Polygon","coordinates":[[[9.522142011666928,36.69617935628246],[9.526633588087526,36.69617935628246],[9.526633588087526,36.700670932703055],[9.522142011666928,36.700670932703055],[9.522142011666928,36.69617935628246]]]},"id":"2120,8170","properties":{"alea":0.13224379022429955,"classe_sol":40.0,"dans_region":true,"lat":36.698425143738376,"lat_max":36.700670932703055,"lat_min":36.69617935628246,"lon":9.524387799899335,"lon_max":9.526633588087526,"lon_min":9.522142011666928,"parcel_id":"P0734"}},{"type":"Feature","geometry":{"geodesic":false,"crs":{"type":"name","properties":{"name":"EPSG:4326"}},"type":"Polygon","coordinates":[[[9.796128173323382,36.52549945229975],[9.80061974974398,36.52549945229975],[9.80061974974398,36.529991028720346],[9.796128173323382,36.529991028720346],[9.796128173323382,36.52549945229975]]]},"id":"2181,8132","properties":{"alea":0.13236997082303237,"classe_sol":40.0,"dans_region":true,"lat":36.52774523984584,"lat_max":36.529991028720346,"lat_min":36.52549945229975,"lon":9.79837396154137,"lon_max":9.80061974974398,"lon_min":9.796128173323382,"parcel_id":"P0735"}},{"type":"Feature","geometry":{"geodesic":false,"crs":{"type":"name","properties":{"name":"EPSG:4326"}},"type":"Polygon","coordinates":[[[9.773670291220395,36.68719620344126],[9.778161867640993,36.68719620344126],[9.778161867640993,36.69168777986186],[9.773670291220395,36.69168777986186],[9.773670291220395,36.68719620344126]]]},"id":"2176,8168","properties":{"alea":0.13261736311896777,"classe_sol":40.0,"dans_region":true,"lat":36.68944199093269,"lat_max":36.69168777986186,"lat_min":36.68719620344126,"lon":9.775916079335786,"lon_max":9.778161867640993,"lon_min":9.773670291220395,"parcel_id":"P0736"}},{"type":"Feature","geometry":{"geodesic":false,"crs":{"type":"name","properties":{"name":"EPSG:4326"}},"type":"Polygon","coordinates":[[[9.189765356542706,36.44465107672899],[9.194256932963302,36.44465107672899],[9.194256932963302,36.449142653149586],[9.189765356542706,36.449142653149586],[9.189765356542706,36.44465107672899]]]},"id":"2046,8114","properties":{"alea":0.1327647619450295,"classe_sol":40.0,"dans_region":true,"lat":36.44689686438521,"lat_max":36.449142653149586,"lat_min":36.44465107672899,"lon":9.192011144783319,"lon_max":9.194256932963302,"lon_min":9.189765356542706,"parcel_id":"P0737"}},{"type":"Feature","geometry":{"geodesic":false,"crs":{"type":"name","properties":{"name":"EPSG:4326"}},"type":"Polygon","coordinates":[[[9.23468112074868,36.71414566196484],[9.239172697169279,36.71414566196484],[9.239172697169279,36.71863723838544],[9.23468112074868,36.71863723838544],[9.23468112074868,36.71414566196484]]]},"id":"2056,8174","properties":{"alea":0.13292546417735362,"classe_sol":40.0,"dans_region":true,"lat":36.71639144929779,"lat_max":36.71863723838544,"lat_min":36.71414566196484,"lon":9.236926908980038,"lon_max":9.239172697169279,"lon_min":9.23468112074868,"parcel_id":"P0738"}},{"type":"Feature","geometry":{"geodesic":false,"crs":{"type":"name","properties":{"name":"EPSG:4326"}},"type":"Polygon","coordinates":[[[9.719771374173224,36.52100787587915],[9.72426295059382,36.52100787587915],[9.72426295059382,36.52549945229975],[9.719771374173224,36.52549945229975],[9.719771374173224,36.52100787587915]]]},"id":"2164,8131","properties":{"alea":0.13292886074930543,"classe_sol":40.0,"dans_region":true,"lat":36.523253663323764,"lat_max":36.52549945229975,"lat_min":36.52100787587915,"lon":9.722017162411397,"lon_max":9.72426295059382,"lon_min":9.719771374173224,"parcel_id":"P0739"}},{"type":"Feature","geometry":{"geodesic":false,"crs":{"type":"name","properties":{"name":"EPSG:4326"}},"type":"Polygon","coordinates":[[[9.625448269340673,36.709654085544244],[9.629939845761271,36.709654085544244],[9.629939845761271,36.71414566196484],[9.625448269340673,36.71414566196484],[9.625448269340673,36.709654085544244]]]},"id":"2143,8173","properties":{"alea":0.133052386086013,"classe_sol":40.0,"dans_region":true,"lat":36.71189987305091,"lat_max":36.71414566196484,"lat_min":36.709654085544244,"lon":9.627694057507158,"lon_max":9.629939845761271,"lon_min":9.625448269340673,"parcel_id":"P0740"}},{"type":"Feature","geometry":{"geodesic":false,"crs":{"type":"name","properties":{"name":"EPSG:4326"}},"type":"Polygon","coordinates":[[[9.279596884954657,36.83990980174158],[9.284088461375255,36.83990980174158],[9.284088461375255,36.844401378162175],[9.279596884954657,36.844401378162175],[9.279596884954657,36.83990980174158]]]},"id":"2066,8202","properties":{"alea":0.13307305426634897,"classe_sol":40.0,"dans_region":true,"lat":36.84215558902006,"lat_max":36.844401378162175,"lat_min":36.83990980174158,"lon":9.281842673232317,"lon_max":9.284088461375255,"lon_min":9.279596884954657,"parcel_id":"P0741"}},{"type":"Feature","geometry":{"geodesic":false,"crs":{"type":"name","properties":{"name":"EPSG:4326"}},"type":"Polygon","coordinates":[[[9.31103791989884,36.76804457901201],[9.315529496319439,36.76804457901201],[9.315529496319439,36.77253615543261],[9.31103791989884,36.77253615543261],[9.31103791989884,36.76804457901201]]]},"id":"2073,8186","properties":{"alea":0.13342711175267785,"classe_sol":40.0,"dans_region":true,"lat":36.7702903663453,"lat_max":36.77253615543261,"lat_min":36.76804457901201,"lon":9.313283708068642,"lon_max":9.315529496319439,"lon_min":9.31103791989884,"parcel_id":"P0742"}},{"type":"Feature","geometry":{"geodesic":false,"crs":{"type":"name","properties":{"name":"EPSG:4326"}},"type":"Polygon","coordinates":[[[9.432310483254977,36.480583688093766],[9.436802059675573,36.480583688093766],[9.436802059675573,36.485075264514364],[9.432310483254977,36.485075264514364],[9.432310483254977,36.480583688093766]]]},"id":"2100,8122","properties":{"alea":0.13365445274412058,"classe_sol":40.0,"dans_region":true,"lat":36.48282947561124,"lat_max":36.485075264514364,"lat_min":36.480583688093766,"lon":9.434556271467043,"lon_max":9.436802059675573,"lon_min":9.432310483254977,"parcel_id":"P0743"}},{"type":"Feature","geometry":{"geodesic":false,"crs":{"type":"name","properties":{"name":"EPSG:4326"}},"type":"Polygon","coordinates":[[[9.710788221332027,36.68719620344126],[9.715279797752626,36.68719620344126],[9.715279797752626,36.69168777986186],[9.710788221332027,36.69168777986186],[9.710788221332027,36.68719620344126]]]},"id":"2162,8168","properties":{"alea":0.1338528471248932,"classe_sol":40.0,"dans_region":true,"lat":36.68944199090962,"lat_max":36.69168777986186,"lat_min":36.68719620344126,"lon":9.713034009502833,"lon_max":9.715279797752626,"lon_min":9.710788221332027,"parcel_id":"P0744"}},{"type":"Feature","geometry":{"geodesic":false,"crs":{"type":"name","properties":{"name":"EPSG:4326"}},"type":"Polygon","coordinates":[[[9.194256932963302,36.678213050600064],[9.1987485093839,36.678213050600064],[9.1987485093839,36.68270462702066],[9.194256932963302,36.68270462702066],[9.194256932963302,36.678213050600064]]]},"id":"2047,8166","properties":{"alea":0.13396043939973634,"classe_sol":40.0,"dans_region":true,"lat":36.680458838054875,"lat_max":36.68270462702066,"lat_min":36.678213050600064,"lon":9.196502721197078,"lon_max":9.1987485093839,"lon_min":9.194256932963302,"parcel_id":"P0745"}},{"type":"Feature","geometry":{"geodesic":false,"crs":{"type":"name","properties":{"name":"EPSG:4326"}},"type":"Polygon","coordinates":[[[9.683838762808442,36.54795733440273],[9.68833033922904,36.54795733440273],[9.68833033922904,36.55244891082333],[9.683838762808442,36.55244891082333],[9.683838762808442,36.54795733440273]]]},"id":"2156,8137","properties":{"alea":0.13411502909770123,"classe_sol":40.0,"dans_region":true,"lat":36.550203121898456,"lat_max":36.55244891082333,"lat_min":36.54795733440273,"lon":9.686084551013133,"lon_max":9.68833033922904,"lon_min":9.683838762808442,"parcel_id":"P0746"}},{"type":"Feature","geometry":{"geodesic":false,"crs":{"type":"name","properties":{"name":"EPSG:4326"}},"type":"Polygon","coordinates":[[[9.504175705984538,36.476092111673175],[9.508667282405135,36.476092111673175],[9.508667282405135,36.480583688093766],[9.504175705984538,36.480583688093766],[9.504175705984538,36.476092111673175]]]},"id":"2116,8121","properties":{"alea":0.13416363486712535,"classe_sol":40.0,"dans_region":true,"lat":36.47833789924307,"lat_max":36.480583688093766,"lat_min":36.476092111673175,"lon":9.506421494237895,"lon_max":9.508667282405135,"lon_min":9.504175705984538,"parcel_id":"P0747"}},{"type":"Feature","geometry":{"geodesic":false,"crs":{"type":"name","properties":{"name":"EPSG:4326"}},"type":"Polygon","coordinates":[[[9.239172697169279,36.94321605941532],[9.243664273589877,36.94321605941532],[9.243664273589877,36.94770763583592],[9.239172697169279,36.94770763583592],[9.239172697169279,36.94321605941532]]]},"id":"2057,8225","properties":{"alea":0.13435143115848935,"classe_sol":40.0,"dans_region":true,"lat":36.945461846704404,"lat_max":36.94770763583592,"lat_min":36.94321605941532,"lon":9.241418485353902,"lon_max":9.243664273589877,"lon_min":9.239172697169279,"parcel_id":"P0748"}},{"type":"Feature","geometry":{"geodesic":false,"crs":{"type":"name","properties":{"name":"EPSG:4326"}},"type":"Polygon","coordinates":[[[9.737737679855613,36.534482605140944],[9.742229256276211,36.534482605140944],[9.742229256276211,36.538974181561535],[9.737737679855613,36.538974181561535],[9.737737679855613,36.534482605140944]]]},"id":"2168,8134","properties":{"alea":0.13440251900829603,"classe_sol":40.0,"dans_region":true,"lat":36.536728392696766,"lat_max":36.538974181561535,"lat_min":36.534482605140944,"lon":9.739983468064214,"lon_max":9.742229256276211,"lon_min":9.737737679855613,"parcel_id":"P0749"}},{"type":"Feature","geometry":{"geodesic":false,"crs":{"type":"name","properties":{"name":"EPSG:4326"}},"type":"Polygon","coordinates":[[[9.432310483254977,36.68270462702066],[9.436802059675573,36.68270462702066],[9.436802059675573,36.68719620344126],[9.432310483254977,36.68719620344126],[9.432310483254977,36.68270462702066]]]},"id":"2100,8167","properties":{"alea":0.1345421903264552,"classe_sol":40.0,"dans_region":true,"lat":36.684950414388794,"lat_max":36.68719620344126,"lat_min":36.68270462702066,"lon":9.434556271496001,"lon_max":9.436802059675573,"lon_min":9.432310483254977,"parcel_id":"P0750"}},{"type":"Feature","geometry":{"geodesic":false,"crs":{"type":"name","properties":{"name":"EPSG:4326"}},"type":"Polygon","coordinates":[[[9.68833033922904,36.48956684093496],[9.692821915649638,36.48956684093496],[9.692821915649638,36.49405841735556],[9.68833033922904,36.49405841735556],[9.68833033922904,36.48956684093496]]]},"id":"2157,8124","properties":{"alea":0.1347381510535497,"classe_sol":40.0,"dans_region":true,"lat":36.4918126284431,"lat_max":36.49405841735556,"lat_min":36.48956684093496,"lon":9.690576127457458,"lon_max":9.692821915649638,"lon_min":9.68833033922904,"parcel_id":"P0751"}},{"type":"Feature","geometry":{"geodesic":false,"crs":{"type":"name","properties":{"name":"EPSG:4326"}},"type":"Polygon","coordinates":[[[9.126883286654339,36.426684771046595],[9.131374863074937,36.426684771046595],[9.131374863074937,36.43117634746719],[9.126883286654339,36.43117634746719],[9.126883286654339,36.426684771046595]]]},"id":"2032,8110","properties":{"alea":0.1351225632670896,"classe_sol":40.0,"dans_region":true,"lat":36.42893055862172,"lat_max":36.43117634746719,"lat_min":36.426684771046595,"lon":9.129129074828867,"lon_max":9.131374863074937,"lon_min":9.126883286654339,"parcel_id":"P0752"}},{"type":"Feature","geometry":{"geodesic":false,"crs":{"type":"name","properties":{"name":"EPSG:4326"}},"type":"Polygon","coordinates":[[[9.12239171023374,36.476092111673175],[9.126883286654339,36.476092111673175],[9.126883286654339,36.480583688093766],[9.12239171023374,36.480583688093766],[9.12239171023374,36.476092111673175]]]},"id":"2031,8121","properties":{"alea":0.13519735219529405,"classe_sol":40.0,"dans_region":true,"lat":36.47833789919929,"lat_max":36.480583688093766,"lat_min":36.476092111673175,"lon":9.124637498462956,"lon_max":9.126883286654339,"lon_min":9.12239171023374,"parcel_id":"P0753"}},{"type":"Feature","geometry":{"geodesic":false,"crs":{"type":"name","properties":{"name":"EPSG:4326"}},"type":"Polygon","coordinates":[[[9.598498810817087,36.529991028720346],[9.602990387237686,36.529991028720346],[9.602990387237686,36.534482605140944],[9.598498810817087,36.534482605140944],[9.598498810817087,36.529991028720346]]]},"id":"2137,8133","properties":{"alea":0.13521201760746349,"classe_sol":40.0,"dans_region":true,"lat":36.53223681621787,"lat_max":36.534482605140944,"lat_min":36.529991028720346,"lon":9.60074459896098,"lon_max":9.602990387237686,"lon_min":9.598498810817087,"parcel_id":"P0754"}},{"type":"Feature","geometry":{"geodesic":false,"crs":{"type":"name","properties":{"name":"EPSG:4326"}},"type":"Polygon","coordinates":[[[9.135866439495533,36.89380871878875],[9.140358015916132,36.89380871878875],[9.140358015916132,36.898300295209346],[9.135866439495533,36.898300295209346],[9.135866439495533,36.89380871878875]]]},"id":"2034,8214","properties":{"alea":0.13529620797305975,"classe_sol":40.0,"dans_region":true,"lat":36.896054506140864,"lat_max":36.898300295209346,"lat_min":36.89380871878875,"lon":9.138112227695268,"lon_max":9.140358015916132,"lon_min":9.135866439495533,"parcel_id":"P0755"}},{"type":"Feature","geometry":{"geodesic":false,"crs":{"type":"name","properties":{"name":"EPSG:4326"}},"type":"Polygon","coordinates":[[[9.602990387237686,36.538974181561535],[9.607481963658282,36.538974181561535],[9.607481963658282,36.54346575798213],[9.602990387237686,36.54346575798213],[9.602990387237686,36.538974181561535]]]},"id":"2138,8135","properties":{"alea":0.1353513160306693,"classe_sol":40.0,"dans_region":true,"lat":36.54121996913751,"lat_max":36.54346575798213,"lat_min":36.538974181561535,"lon":9.60523617547151,"lon_max":9.607481963658282,"lon_min":9.602990387237686,"parcel_id":"P0756"}},{"type":"Feature","geometry":{"geodesic":false,"crs":{"type":"name","properties":{"name":"EPSG:4326"}},"type":"Polygon","coordinates":[[[9.306546343478242,36.85787610742397],[9.31103791989884,36.85787610742397],[9.31103791989884,36.86236768384457],[9.306546343478242,36.86236768384457],[9.306546343478242,36.85787610742397]]]},"id":"2072,8206","properties":{"alea":0.13558918666140785,"classe_sol":40.0,"dans_region":true,"lat":36.86012189476253,"lat_max":36.86236768384457,"lat_min":36.85787610742397,"lon":9.30879213166292,"lon_max":9.31103791989884,"lon_min":9.306546343478242,"parcel_id":"P0757"}},{"type":"Feature","geometry":{"geodesic":false,"crs":{"type":"name","properties":{"name":"EPSG:4326"}},"type":"Polygon","coordinates":[[[9.67036403354665,36.52549945229975],[9.674855609967247,36.52549945229975],[9.674855609967247,36.529991028720346],[9.67036403354665,36.529991028720346],[9.67036403354665,36.52549945229975]]]},"id":"2153,8132","properties":{"alea":0.13576680551634468,"classe_sol":40.0,"dans_region":true,"lat":36.527745239879664,"lat_max":36.529991028720346,"lat_min":36.52549945229975,"lon":9.672609821722066,"lon_max":9.674855609967247,"lon_min":9.67036403354665,"parcel_id":"P0758"}},{"type":"Feature","geometry":{"geodesic":false,"crs":{"type":"name","properties":{"name":"EPSG:4326"}},"type":"Polygon","coordinates":[[[9.284088461375255,36.73660354406783],[9.288580037795853,36.73660354406783],[9.288580037795853,36.74109512048843],[9.284088461375255,36.74109512048843],[9.284088461375255,36.73660354406783]]]},"id":"2067,8179","properties":{"alea":0.1359071312147968,"classe_sol":40.0,"dans_region":true,"lat":36.73884933167854,"lat_max":36.74109512048843,"lat_min":36.73660354406783,"lon":9.286334249595123,"lon_max":9.288580037795853,"lon_min":9.284088461375255,"parcel_id":"P0759"}},{"type":"Feature","geometry":{"geodesic":false,"crs":{"type":"name","properties":{"name":"EPSG:4326"}},"type":"Polygon","coordinates":[[[9.248155850010475,36.72762039122664],[9.252647426431071,36.72762039122664],[9.252647426431071,36.732111967647235],[9.248155850010475,36.732111967647235],[9.248155850010475,36.72762039122664]]]},"id":"2059,8177","properties":{"alea":0.13592731950714831,"classe_sol":40.0,"dans_region":true,"lat":36.729866178632456,"lat_max":36.732111967647235,"lat_min":36.72762039122664,"lon":9.250401638314779,"lon_max":9.252647426431071,"lon_min":9.248155850010475,"parcel_id":"P0760"}},{"type":"Feature","geometry":{"geodesic":false,"crs":{"type":"name","properties":{"name":"EPSG:4326"}},"type":"Polygon","coordinates":[[[9.16281589801912,36.57939836934692],[9.167307474439717,36.57939836934692],[9.167307474439717,36.58388994576752],[9.16281589801912,36.58388994576752],[9.16281589801912,36.57939836934692]]]},"id":"2040,8144","properties":{"alea":0.13597667821154225,"classe_sol":40.0,"dans_region":true,"lat":36.58164415696384,"lat_max":36.58388994576752,"lat_min":36.57939836934692,"lon":9.16506168625377,"lon_max":9.167307474439717,"lon_min":9.16281589801912,"parcel_id":"P0761"}},{"type":"Feature","geometry":{"geodesic":false,"crs":{"type":"name","properties":{"name":"EPSG:4326"}},"type":"Polygon","coordinates":[[[9.746720832696809,36.619822557132295],[9.751212409117405,36.619822557132295],[9.751212409117405,36.62431413355289],[9.746720832696809,36.62431413355289],[9.746720832696809,36.619822557132295]]]},"id":"2170,8153","properties":{"alea":0.1359994348504091,"classe_sol":40.0,"dans_region":true,"lat":36.62206834455917,"lat_max":36.62431413355289,"lat_min":36.619822557132295,"lon":9.74896662093075,"lon_max":9.751212409117405,"lon_min":9.746720832696809,"parcel_id":"P0762"}},{"type":"Feature","geometry":{"geodesic":false,"crs":{"type":"name","properties":{"name":"EPSG:4326"}},"type":"Polygon","coordinates":[[[9.131374863074937,36.754569849750226],[9.135866439495533,36.754569849750226],[9.135866439495533,36.759061426170824],[9.131374863074937,36.759061426170824],[9.131374863074937,36.754569849750226]]]},"id":"2033,8183","properties":{"alea":0.1361406903268042,"classe_sol":40.0,"dans_region":true,"lat":36.75681563718549,"lat_max":36.759061426170824,"lat_min":36.754569849750226,"lon":9.133620651208197,"lon_max":9.135866439495533,"lon_min":9.131374863074937,"parcel_id":"P0763"}},{"type":"Feature","geometry":{"geodesic":false,"crs":{"type":"name","properties":{"name":"EPSG:4326"}},"type":"Polygon","coordinates":[[[9.396377871890195,36.449142653149586],[9.400869448310793,36.449142653149586],[9.400869448310793,36.453634229570184],[9.396377871890195,36.453634229570184],[9.396377871890195,36.449142653149586]]]},"id":"2092,8115","properties":{"alea":0.13626193444169032,"classe_sol":40.0,"dans_region":true,"lat":36.451388440657894,"lat_max":36.453634229570184,"lat_min":36.449142653149586,"lon":9.398623660045219,"lon_max":9.400869448310793,"lon_min":9.396377871890195,"parcel_id":"P0764"}},{"type":"Feature","geometry":{"geodesic":false,"crs":{"type":"name","properties":{"name":"EPSG:4326"}},"type":"Polygon","coordinates":[[[9.27510530853406,36.619822557132295],[9.279596884954657,36.619822557132295],[9.279596884954657,36.62431413355289],[9.27510530853406,36.62431413355289],[9.27510530853406,36.619822557132295]]]},"id":"2065,8153","properties":{"alea":0.13645122637890095,"classe_sol":40.0,"dans_region":true,"lat":36.62206834454577,"lat_max":36.62431413355289,"lat_min":36.619822557132295,"lon":9.277351096685097,"lon_max":9.279596884954657,"lon_min":9.27510530853406,"parcel_id":"P0765"}},{"type":"Feature","geometry":{"geodesic":false,"crs":{"type":"name","properties":{"name":"EPSG:4326"}},"type":"Polygon","coordinates":[[[9.194256932963302,36.898300295209346],[9.1987485093839,36.898300295209346],[9.1987485093839,36.902791871629944],[9.194256932963302,36.902791871629944],[9.194256932963302,36.898300295209346]]]},"id":"2047,8215","properties":{"alea":0.13649310374710655,"classe_sol":40.0,"dans_region":true,"lat":36.900546082448386,"lat_max":36.902791871629944,"lat_min":36.898300295209346,"lon":9.196502721093912,"lon_max":9.1987485093839,"lon_min":9.194256932963302,"parcel_id":"P0766"}},{"type":"Feature","geometry":{"geodesic":false,"crs":{"type":"name","properties":{"name":"EPSG:4326"}},"type":"Polygon","coordinates":[[[9.805111326164578,36.62431413355289],[9.809602902585175,36.62431413355289],[9.809602902585175,36.62880570997349],[9.805111326164578,36.62880570997349],[9.805111326164578,36.62431413355289]]]},"id":"2183,8154","properties":{"alea":0.13673060898068512,"classe_sol":40.0,"dans_region":true,"lat":36.626559921160286,"lat_max":36.62880570997349,"lat_min":36.62431413355289,"lon":9.807357114299037,"lon_max":9.809602902585175,"lon_min":9.805111326164578,"parcel_id":"P0767"}},{"type":"Feature","geometry":{"geodesic":false,"crs":{"type":"name","properties":{"name":"EPSG:4326"}},"type":"Polygon","coordinates":[[[9.27510530853406,36.507533146617355],[9.279596884954657,36.507533146617355],[9.279596884954657,36.51202472303795],[9.27510530853406,36.51202472303795],[9.27510530853406,36.507533146617355]]]},"id":"2065,8128","properties":{"alea":0.13758246780228178,"classe_sol":40.0,"dans_region":true,"lat":36.50977893422149,"lat_max":36.51202472303795,"lat_min":36.507533146617355,"lon":9.277351096712632,"lon_max":9.279596884954657,"lon_min":9.27510530853406,"parcel_id":"P0768"}},{"type":"Feature","geometry":{"geodesic":false,"crs":{"type":"name","properties":{"name":"EPSG:4326"}},"type":"Polygon","coordinates":[[[9.683838762808442,36.673721474179466],[9.68833033922904,36.673721474179466],[9.68833033922904,36.678213050600064],[9.683838762808442,36.678213050600064],[9.683838762808442,36.673721474179466]]]},"id":"2156,8165","properties":{"alea":0.13790285867243002,"classe_sol":40.0,"dans_region":true,"lat":36.67596726159239,"lat_max":36.678213050600064,"lat_min":36.673721474179466,"lon":9.686084551044518,"lon_max":9.68833033922904,"lon_min":9.683838762808442,"parcel_id":"P0769"}},{"type":"Feature","geometry":{"geodesic":false,"crs":{"type":"name","properties":{"name":"EPSG:4326"}},"type":"Polygon","coordinates":[[[9.715279797752626,36.49405841735556],[9.719771374173224,36.49405841735556],[9.719771374173224,36.49854999377616],[9.715279797752626,36.49854999377616],[9.715279797752626,36.49405841735556]]]},"id":"2163,8125","properties":{"alea":0.13812557940466552,"classe_sol":40.0,"dans_region":true,"lat":36.496304204880545,"lat_max":36.49854999377616,"lat_min":36.49405841735556,"lon":9.717525585963747,"lon_max":9.719771374173224,"lon_min":9.715279797752626,"parcel_id":"P0770"}},{"type":"Feature","geometry":{"geodesic":false,"crs":{"type":"name","properties":{"name":"EPSG:4326"}},"type":"Polygon","coordinates":[[[9.450276788937366,36.51651629945855],[9.454768365357964,36.51651629945855],[9.454768365357964,36.52100787587915],[9.450276788937366,36.52100787587915],[9.450276788937366,36.51651629945855]]]},"id":"2104,8130","properties":{"alea":0.138328495638129,"classe_sol":40.0,"dans_region":true,"lat":36.51876208707141,"lat_max":36.52100787587915,"lat_min":36.51651629945855,"lon":9.452522577118026,"lon_max":9.454768365357964,"lon_min":9.450276788937366,"parcel_id":"P0771"}},{"type":"Feature","geometry":{"geodesic":false,"crs":{"type":"name","properties":{"name":"EPSG:4326"}},"type":"Polygon","coordinates":[[[9.108916980971948,36.43117634746719],[9.113408557392546,36.43117634746719],[9.113408557392546,36.43566792388779],[9.108916980971948,36.43566792388779],[9.108916980971948,36.43117634746719]]]},"id":"2028,8111","properties":{"alea":0.13858968664518068,"classe_sol":40.0,"dans_region":true,"lat":36.43342213512808,"lat_max":36.43566792388779,"lat_min":36.43117634746719,"lon":9.11116276912871,"lon_max":9.113408557392546,"lon_min":9.108916980971948,"parcel_id":"P0772"}},{"type":"Feature","geometry":{"geodesic":false,"crs":{"type":"name","properties":{"name":"EPSG:4326"}},"type":"Polygon","coordinates":[[[9.306546343478242,36.73660354406783],[9.31103791989884,36.73660354406783],[9.31103791989884,36.74109512048843],[9.306546343478242,36.74109512048843],[9.306546343478242,36.73660354406783]]]},"id":"2072,8179","properties":{"alea":0.13960218716702422,"classe_sol":40.0,"dans_region":true,"lat":36.738849331619534,"lat_max":36.74109512048843,"lat_min":36.73660354406783,"lon":9.308792131671806,"lon_max":9.31103791989884,"lon_min":9.306546343478242,"parcel_id":"P0773"}},{"type":"Feature","geometry":{"geodesic":false,"crs":{"type":"name","properties":{"name":"EPSG:4326"}},"type":"Polygon","coordinates":[[[9.108916980971948,36.63329728639409],[9.113408557392546,36.63329728639409],[9.113408557392546,36.63778886281469],[9.108916980971948,36.63778886281469],[9.108916980971948,36.63329728639409]]]},"id":"2028,8156","properties":{"alea":0.1396930061095547,"classe_sol":40.0,"dans_region":true,"lat":36.63554307397516,"lat_max":36.63778886281469,"lat_min":36.63329728639409,"lon":9.111162769137724,"lon_max":9.113408557392546,"lon_min":9.108916980971948,"parcel_id":"P0774"}},{"type":"Feature","geometry":{"geodesic":false,"crs":{"type":"name","properties":{"name":"EPSG:4326"}},"type":"Polygon","coordinates":[[[9.266122155692864,36.898300295209346],[9.270613732113462,36.898300295209346],[9.270613732113462,36.902791871629944],[9.266122155692864,36.902791871629944],[9.266122155692864,36.898300295209346]]]},"id":"2063,8215","properties":{"alea":0.14004736046912247,"classe_sol":40.0,"dans_region":true,"lat":36.90054608245289,"lat_max":36.902791871629944,"lat_min":36.898300295209346,"lon":9.268367943920218,"lon_max":9.270613732113462,"lon_min":9.266122155692864,"parcel_id":"P0775"}},{"type":"Feature","geometry":{"geodesic":false,"crs":{"type":"name","properties":{"name":"EPSG:4326"}},"type":"Polygon","coordinates":[[[9.391886295469599,36.82194349605919],[9.396377871890195,36.82194349605919],[9.396377871890195,36.82643507247978],[9.391886295469599,36.82643507247978],[9.391886295469599,36.82194349605919]]]},"id":"2091,8198","properties":{"alea":0.14005873936668756,"classe_sol":40.0,"dans_region":true,"lat":36.82418928343775,"lat_max":36.82643507247978,"lat_min":36.82194349605919,"lon":9.394132083732996,"lon_max":9.396377871890195,"lon_min":9.391886295469599,"parcel_id":"P0776"}},{"type":"Feature","geometry":{"geodesic":false,"crs":{"type":"name","properties":{"name":"EPSG:4326"}},"type":"Polygon","coordinates":[[[9.544599893769917,36.790502461115004],[9.549091470190515,36.790502461115004],[9.549091470190515,36.7949940375356],[9.544599893769917,36.7949940375356],[9.544599893769917,36.790502461115004]]]},"id":"2125,8191","properties":{"alea":0.14022292429332595,"classe_sol":40.0,"dans_region":true,"lat":36.792748248485694,"lat_max":36.7949940375356,"lat_min":36.790502461115004,"lon":9.546845681986625,"lon_max":9.549091470190515,"lon_min":9.544599893769917,"parcel_id":"P0777"}},{"type":"Feature","geometry":{"geodesic":false,"crs":{"type":"name","properties":{"name":"EPSG:4326"}},"type":"Polygon","coordinates":[[[9.113408557392546,36.66024674491767],[9.117900133813144,36.66024674491767],[9.117900133813144,36.66473832133827],[9.113408557392546,36.66473832133827],[9.113408557392546,36.66024674491767]]]},"id":"2029,8162","properties":{"alea":0.14098264433997443,"classe_sol":40.0,"dans_region":true,"lat":36.66249253243215,"lat_max":36.66473832133827,"lat_min":36.66024674491767,"lon":9.115654345617056,"lon_max":9.117900133813144,"lon_min":9.113408557392546,"parcel_id":"P0778"}},{"type":"Feature","geometry":{"geodesic":false,"crs":{"type":"name","properties":{"name":"EPSG:4326"}},"type":"Polygon","coordinates":[[[9.549091470190515,36.66473832133827],[9.553583046611111,36.66473832133827],[9.553583046611111,36.66922989775887],[9.549091470190515,36.66922989775887],[9.549091470190515,36.66473832133827]]]},"id":"2126,8163","properties":{"alea":0.14108401265064452,"classe_sol":40.0,"dans_region":true,"lat":36.66698410882406,"lat_max":36.66922989775887,"lat_min":36.66473832133827,"lon":9.551337258340626,"lon_max":9.553583046611111,"lon_min":9.549091470190515,"parcel_id":"P0779"}},{"type":"Feature","geometry":{"geodesic":false,"crs":{"type":"name","properties":{"name":"EPSG:4326"}},"type":"Polygon","coordinates":[[[9.472734671040355,36.6018562514499],[9.477226247460953,36.6018562514499],[9.477226247460953,36.6063478278705],[9.472734671040355,36.6063478278705],[9.472734671040355,36.6018562514499]]]},"id":"2109,8149","properties":{"alea":0.1413755453157135,"classe_sol":40.0,"dans_region":true,"lat":36.60410203888548,"lat_max":36.6063478278705,"lat_min":36.6018562514499,"lon":9.474980459305725,"lon_max":9.477226247460953,"lon_min":9.472734671040355,"parcel_id":"P0780"}},{"type":"Feature","geometry":{"geodesic":false,"crs":{"type":"name","properties":{"name":"EPSG:4326"}},"type":"Polygon","coordinates":[[[9.140358015916132,36.673721474179466],[9.14484959233673,36.673721474179466],[9.14484959233673,36.678213050600064],[9.140358015916132,36.678213050600064],[9.140358015916132,36.673721474179466]]]},"id":"2035,8165","properties":{"alea":0.14159242025890295,"classe_sol":40.0,"dans_region":true,"lat":36.67596726162241,"lat_max":36.678213050600064,"lat_min":36.673721474179466,"lon":9.142603804108095,"lon_max":9.14484959233673,"lon_min":9.140358015916132,"parcel_id":"P0781"}},{"type":"Feature","geometry":{"geodesic":false,"crs":{"type":"name","properties":{"name":"EPSG:4326"}},"type":"Polygon","coordinates":[[[9.059509640345375,36.754569849750226],[9.064001216765972,36.754569849750226],[9.064001216765972,36.759061426170824],[9.059509640345375,36.759061426170824],[9.059509640345375,36.754569849750226]]]},"id":"2017,8183","properties":{"alea":0.14172970159061526,"classe_sol":40.0,"dans_region":true,"lat":36.75681563715744,"lat_max":36.759061426170824,"lat_min":36.754569849750226,"lon":9.061755428495994,"lon_max":9.064001216765972,"lon_min":9.059509640345375,"parcel_id":"P0782"}},{"type":"Feature","geometry":{"geodesic":false,"crs":{"type":"name","properties":{"name":"EPSG:4326"}},"type":"Polygon","coordinates":[[[9.391886295469599,36.51202472303795],[9.396377871890195,36.51202472303795],[9.396377871890195,36.51651629945855],[9.391886295469599,36.51651629945855],[9.391886295469599,36.51202472303795]]]},"id":"2091,8129","properties":{"alea":0.1419614312923193,"classe_sol":40.0,"dans_region":true,"lat":36.51427051048484,"lat_max":36.51651629945855,"lat_min":36.51202472303795,"lon":9.3941320837362,"lon_max":9.396377871890195,"lon_min":9.391886295469599,"parcel_id":"P0783"}},{"type":"Feature","geometry":{"geodesic":false,"crs":{"type":"name","properties":{"name":"EPSG:4326"}},"type":"Polygon","coordinates":[[[9.248155850010475,36.93423290657413],[9.252647426431071,36.93423290657413],[9.252647426431071,36.93872448299472],[9.248155850010475,36.93872448299472],[9.248155850010475,36.93423290657413]]]},"id":"2059,8223","properties":{"alea":0.14196302534522687,"classe_sol":40.0,"dans_region":true,"lat":36.93647869392671,"lat_max":36.93872448299472,"lat_min":36.93423290657413,"lon":9.250401638240891,"lon_max":9.252647426431071,"lon_min":9.248155850010475,"parcel_id":"P0784"}},{"type":"Feature","geometry":{"geodesic":false,"crs":{"type":"name","properties":{"name":"EPSG:4326"}},"type":"Polygon","coordinates":[[[9.140358015916132,36.48956684093496],[9.14484959233673,36.48956684093496],[9.14484959233673,36.49405841735556],[9.140358015916132,36.49405841735556],[9.140358015916132,36.48956684093496]]]},"id":"2035,8124","properties":{"alea":0.14202155632564661,"classe_sol":40.0,"dans_region":true,"lat":36.49181262842236,"lat_max":36.49405841735556,"lat_min":36.48956684093496,"lon":9.142603804125304,"lon_max":9.14484959233673,"lon_min":9.140358015916132,"parcel_id":"P0785"}},{"type":"Feature","geometry":{"geodesic":false,"crs":{"type":"name","properties":{"name":"EPSG:4326"}},"type":"Polygon","coordinates":[[[9.436802059675573,36.68719620344126],[9.441293636096171,36.68719620344126],[9.441293636096171,36.69168777986186],[9.436802059675573,36.69168777986186],[9.436802059675573,36.68719620344126]]]},"id":"2101,8168","properties":{"alea":0.14204559190901223,"classe_sol":40.0,"dans_region":true,"lat":36.68944199088376,"lat_max":36.69168777986186,"lat_min":36.68719620344126,"lon":9.439047847930887,"lon_max":9.441293636096171,"lon_min":9.436802059675573,"parcel_id":"P0786"}},{"type":"Feature","geometry":{"geodesic":false,"crs":{"type":"name","properties":{"name":"EPSG:4326"}},"type":"Polygon","coordinates":[[[9.683838762808442,36.65575516849707],[9.68833033922904,36.65575516849707],[9.68833033922904,36.66024674491767],[9.683838762808442,36.66024674491767],[9.683838762808442,36.65575516849707]]]},"id":"2156,8161","properties":{"alea":0.14212923016704404,"classe_sol":40.0,"dans_region":true,"lat":36.65800095590868,"lat_max":36.66024674491767,"lat_min":36.65575516849707,"lon":9.686084551042068,"lon_max":9.68833033922904,"lon_min":9.683838762808442,"parcel_id":"P0787"}},{"type":"Feature","geometry":{"geodesic":false,"crs":{"type":"name","properties":{"name":"EPSG:4326"}},"type":"Polygon","coordinates":[[[9.270613732113462,36.85787610742397],[9.27510530853406,36.85787610742397],[9.27510530853406,36.86236768384457],[9.270613732113462,36.86236768384457],[9.270613732113462,36.85787610742397]]]},"id":"2064,8206","properties":{"alea":0.14223240921656444,"classe_sol":40.0,"dans_region":true,"lat":36.86012189479452,"lat_max":36.86236768384457,"lat_min":36.85787610742397,"lon":9.272859520346076,"lon_max":9.27510530853406,"lon_min":9.270613732113462,"parcel_id":"P0788"}},{"type":"Feature","geometry":{"geodesic":false,"crs":{"type":"name","properties":{"name":"EPSG:4326"}},"type":"Polygon","coordinates":[[[9.221206391486888,36.95219921225652],[9.225697967907486,36.95219921225652],[9.225697967907486,36.956690788677115],[9.221206391486888,36.956690788677115],[9.221206391486888,36.95219921225652]]]},"id":"2053,8227","properties":{"alea":0.14226571865266846,"classe_sol":40.0,"dans_region":true,"lat":36.95444499961126,"lat_max":36.956690788677115,"lat_min":36.95219921225652,"lon":9.223452179683223,"lon_max":9.225697967907486,"lon_min":9.221206391486888,"parcel_id":"P0789"}},{"type":"Feature","geometry":{"geodesic":false,"crs":{"type":"name","properties":{"name":"EPSG:4326"}},"type":"Polygon","coordinates":[[[9.324512649160633,36.6018562514499],[9.329004225581231,36.6018562514499],[9.329004225581231,36.6063478278705],[9.324512649160633,36.6063478278705],[9.324512649160633,36.6018562514499]]]},"id":"2076,8149","properties":{"alea":0.14227327151434288,"classe_sol":40.0,"dans_region":true,"lat":36.604102038879915,"lat_max":36.6063478278705,"lat_min":36.6018562514499,"lon":9.326758437359764,"lon_max":9.329004225581231,"lon_min":9.324512649160633,"parcel_id":"P0790"}},{"type":"Feature","geometry":{"geodesic":false,"crs":{"type":"name","properties":{"name":"EPSG:4326"}},"type":"Polygon","coordinates":[[[9.589515657975893,36.68719620344126],[9.59400723439649,36.68719620344126],[9.59400723439649,36.69168777986186],[9.589515657975893,36.69168777986186],[9.589515657975893,36.68719620344126]]]},"id":"2135,8168","properties":{"alea":0.14252040792356757,"classe_sol":40.0,"dans_region":true,"lat":36.68944199092739,"lat_max":36.69168777986186,"lat_min":36.68719620344126,"lon":9.591761446153399,"lon_max":9.59400723439649,"lon_min":9.589515657975893,"parcel_id":"P0791"}},{"type":"Feature","geometry":{"geodesic":false,"crs":{"type":"name","properties":{"name":"EPSG:4326"}},"type":"Polygon","coordinates":[[[9.131374863074937,36.66922989775887],[9.135866439495533,36.66922989775887],[9.135866439495533,36.673721474179466],[9.131374863074937,36.673721474179466],[9.131374863074937,36.66922989775887]]]},"id":"2033,8164","properties":{"alea":0.14270177076508272,"classe_sol":40.0,"dans_region":true,"lat":36.67147568517277,"lat_max":36.673721474179466,"lat_min":36.66922989775887,"lon":9.13362065128739,"lon_max":9.135866439495533,"lon_min":9.131374863074937,"parcel_id":"P0792"}},{"type":"Feature","geometry":{"geodesic":false,"crs":{"type":"name","properties":{"name":"EPSG:4326"}},"type":"Polygon","coordinates":[[[9.064001216765972,36.75007827332963],[9.06849279318657,36.75007827332963],[9.06849279318657,36.754569849750226],[9.064001216765972,36.754569849750226],[9.064001216765972,36.75007827332963]]]},"id":"2018,8182","properties":{"alea":0.14271288697570128,"classe_sol":40.0,"dans_region":true,"lat":36.75232406069906,"lat_max":36.754569849750226,"lat_min":36.75007827332963,"lon":9.066247004939855,"lon_max":9.06849279318657,"lon_min":9.064001216765972,"parcel_id":"P0793"}},{"type":"Feature","geometry":{"geodesic":false,"crs":{"type":"name","properties":{"name":"EPSG:4326"}},"type":"Polygon","coordinates":[[[9.701805068490833,36.52100787587915],[9.706296644911431,36.52100787587915],[9.706296644911431,36.52549945229975],[9.701805068490833,36.52549945229975],[9.701805068490833,36.52100787587915]]]},"id":"2160,8131","properties":{"alea":0.14275852577997206,"classe_sol":40.0,"dans_region":true,"lat":36.52325366333585,"lat_max":36.52549945229975,"lat_min":36.52100787587915,"lon":9.704050856764892,"lon_max":9.706296644911431,"lon_min":9.701805068490833,"parcel_id":"P0794"}},{"type":"Feature","geometry":{"geodesic":false,"crs":{"type":"name","properties":{"name":"EPSG:4326"}},"type":"Polygon","coordinates":[[[9.742229256276211,36.65126359207648],[9.746720832696809,36.65126359207648],[9.746720832696809,36.65575516849707],[9.742229256276211,36.65575516849707],[9.742229256276211,36.65126359207648]]]},"id":"2169,8160","properties":{"alea":0.1428293802645304,"classe_sol":40.0,"dans_region":true,"lat":36.653509379475096,"lat_max":36.65575516849707,"lat_min":36.65126359207648,"lon":9.7444750444745,"lon_max":9.746720832696809,"lon_min":9.742229256276211,"parcel_id":"P0795"}},{"type":"Feature","geometry":{"geodesic":false,"crs":{"type":"name","properties":{"name":"EPSG:4326"}},"type":"Polygon","coordinates":[[[9.44578521251677,36.732111967647235],[9.450276788937366,36.732111967647235],[9.450276788937366,36.73660354406783],[9.44578521251677,36.73660354406783],[9.44578521251677,36.732111967647235]]]},"id":"2103,8178","properties":{"alea":0.14285816048788624,"classe_sol":40.0,"dans_region":true,"lat":36.73435775492072,"lat_max":36.73660354406783,"lat_min":36.732111967647235,"lon":9.448031000722647,"lon_max":9.450276788937366,"lon_min":9.44578521251677,"parcel_id":"P0796"}},{"type":"Feature","geometry":{"geodesic":false,"crs":{"type":"name","properties":{"name":"EPSG:4326"}},"type":"Polygon","coordinates":[[[9.270613732113462,36.45812580599078],[9.27510530853406,36.45812580599078],[9.27510530853406,36.46261738241138],[9.270613732113462,36.46261738241138],[9.270613732113462,36.45812580599078]]]},"id":"2064,8117","properties":{"alea":0.14289255590087102,"classe_sol":40.0,"dans_region":true,"lat":36.460371593611654,"lat_max":36.46261738241138,"lat_min":36.45812580599078,"lon":9.27285952038732,"lon_max":9.27510530853406,"lon_min":9.270613732113462,"parcel_id":"P0797"}},{"type":"Feature","geometry":{"geodesic":false,"crs":{"type":"name","properties":{"name":"EPSG:4326"}},"type":"Polygon","coordinates":[[[9.261630579272268,36.40871846536421],[9.266122155692864,36.40871846536421],[9.266122155692864,36.41321004178481],[9.261630579272268,36.41321004178481],[9.261630579272268,36.40871846536421]]]},"id":"2062,8106","properties":{"alea":0.14290095876225017,"classe_sol":40.0,"dans_region":true,"lat":36.41096425302125,"lat_max":36.41321004178481,"lat_min":36.40871846536421,"lon":9.263876367512932,"lon_max":9.266122155692864,"lon_min":9.261630579272268,"parcel_id":"P0798"}},{"type":"Feature","geometry":{"geodesic":false,"crs":{"type":"name","properties":{"name":"EPSG:4326"}},"type":"Polygon","coordinates":[[[9.61197354007888,36.69168777986186],[9.616465116499478,36.69168777986186],[9.616465116499478,36.69617935628246],[9.61197354007888,36.69617935628246],[9.61197354007888,36.69168777986186]]]},"id":"2140,8169","properties":{"alea":0.14293246215350952,"classe_sol":40.0,"dans_region":true,"lat":36.693933567269205,"lat_max":36.69617935628246,"lat_min":36.69168777986186,"lon":9.614219328291181,"lon_max":9.616465116499478,"lon_min":9.61197354007888,"parcel_id":"P0799"}}]}