parcel_id,date,NDVI,EVI,NDMI
P0000,2025-01-01,0.47113752365112305,0.2937958836555481,-0.026039715856313705
P0000,2025-02-01,0.722649872303009,0.5353933572769165,0.24852071702480316
P0000,2025-03-01,0.7994028925895691,0.7140952348709106,0.3979414403438568
P0000,2025-04-01,0.9294337630271912,0.885612428188324,0.49420595169067383
P0000,2025-05-01,0.24123303592205048,0.14036531746387482,-0.11547762900590897
P0000,2025-06-01,0.18547140061855316,0.14216512441635132,-0.11352253705263138
P0000,2025-07-01,0.12661869823932648,0.09854913502931595,-0.1515771746635437
P0000,2025-08-01,0.13110826909542084,0.10205857455730438,-0.14980193972587585
P0000,2025-09-01,0.13781222701072693,0.10452597588300705,-0.16371233761310577
P0000,2025-10-01,0.22316086292266846,0.11251109093427658,-0.267032265663147
P0000,2025-11-01,0.29713475704193115,0.14582321047782898,-0.14522144198417664
P0001,2025-01-01,0.47386759519577026,0.20354057848453522,-0.20552723109722137
P0001,2025-02-01,0.8595505356788635,0.5616956949234009,0.35044020414352417
P0001,2025-03-01,0.7833294868469238,0.6065468788146973,0.40409716963768005
P0001,2025-04-01,NaN,NaN,NaN
P0001,2025-05-01,0.4138031303882599,0.24635067582130432,0.018887722864747047
P0001,2025-06-01,0.17332538962364197,0.12311167269945145,-0.12509264051914215
P0001,2025-07-01,0.19290846586227417,0.15208610892295837,-0.0929928719997406
P0001,2025-08-01,0.16718065738677979,0.130412757396698,-0.10213509947061539
P0001,2025-09-01,0.22956427931785583,0.17419937252998352,-0.07227279245853424
P0001,2025-10-01,0.3251497149467468,0.11096125841140747,-0.31655341386795044
P0001,2025-11-01,0.29356223344802856,0.0723564475774765,-0.4133904278278351
P0002,2025-01-01,0.5809704065322876,0.4424892067909241,0.12780940532684326
P0002,2025-02-01,0.8677444458007812,0.7188730239868164,0.44805195927619934
P0002,2025-03-01,0.8505582213401794,0.8149948120117188,0.45565173029899597
P0002,2025-04-01,0.7662774920463562,0.5717684030532837,0.2981848120689392
P0002,2025-05-01,0.18621495366096497,0.11980278044939041,-0.19591383635997772
P0002,2025-06-01,0.16778089106082916,0.11416999250650406,-0.21453437209129333
P0002,2025-07-01,0.15288527309894562,0.1267789602279663,-0.11023787409067154
P0002,2025-08-01,0.19379128515720367,0.16114504635334015,-0.06536353379487991
P0002,2025-09-01,0.19254744052886963,0.15677516162395477,-0.08111858367919922
P0002,2025-10-01,0.09764588624238968,0.07259595394134521,-0.23011627793312073
P0002,2025-11-01,0.10476896166801453,0.0622851587831974,-0.20132189989089966
P0003,2025-01-01,NaN,NaN,NaN
P0003,2025-02-01,0.9750233292579651,0.7438737750053406,0.5272563099861145
P0003,2025-03-01,0.844809889793396,0.7079371809959412,0.47980213165283203
P0003,2025-04-01,NaN,NaN,NaN
P0003,2025-05-01,0.21677559614181519,0.142333984375,0.04627201333642006
P0003,2025-06-01,0.008509833365678787,0.005826147738844156,-0.14480435848236084
P0003,2025-07-01,0.03486405685544014,0.0294654443860054,-0.15462274849414825
P0003,2025-08-01,0.014678899198770523,0.011914854869246483,-0.17405790090560913
P0003,2025-09-01,-0.011088709346950054,-0.008829060010612011,-0.19068944454193115
P0003,2025-10-01,0.051362089812755585,0.030150586739182472,-0.34679126739501953
P0003,2025-11-01,0.1040746197104454,0.038017358630895615,-0.28671106696128845
P0004,2025-01-01,0.20763467252254486,0.09705176204442978,-0.22945594787597656
P0004,2025-02-01,0.458134263753891,0.2927660048007965,0.03535082936286926
P0004,2025-03-01,0.6094327569007874,0.4612600803375244,0.2123444676399231
P0004,2025-04-01,0.6541638970375061,0.48102179169654846,0.2393777221441269
P0004,2025-05-01,0.35611218214035034,0.2148912400007248,-0.010724925436079502
P0004,2025-06-01,0.14868642389774323,0.10846222937107086,-0.16486047208309174
P0004,2025-07-01,0.15597131848335266,0.11351200193166733,-0.1443178802728653
P0004,2025-08-01,0.14757181704044342,0.10858350992202759,-0.1362934410572052
P0004,2025-09-01,0.15831391513347626,0.10929621011018753,-0.16484594345092773
P0004,2025-10-01,0.20574605464935303,0.10554005950689316,-0.1967483013868332
P0004,2025-11-01,0.2547270655632019,0.1158752292394638,-0.16042014956474304
P0005,2025-01-01,0.2079484462738037,0.15281154215335846,-0.12455239146947861
P0005,2025-02-01,0.761938214302063,0.5736289024353027,0.30541104078292847
P0005,2025-03-01,0.8025465607643127,0.6911168098449707,0.40372946858406067
P0005,2025-04-01,0.889266312122345,0.6755548119544983,0.44192880392074585
P0005,2025-05-01,0.1985754370689392,0.14039799571037292,-0.1796424835920334
P0005,2025-06-01,0.10865467041730881,0.08918774127960205,-0.16496708989143372
P0005,2025-07-01,0.09146241098642349,0.07474926859140396,-0.15585242211818695
P0005,2025-08-01,0.08969716727733612,0.07308568805456161,-0.15137144923210144
P0005,2025-09-01,0.1034541130065918,0.08298248052597046,-0.15176363289356232
P0005,2025-10-01,0.1949537694454193,0.1691136509180069,-0.10724739730358124
P0005,2025-11-01,0.2646009922027588,0.17737597227096558,-0.02509022131562233
P0006,2025-01-01,NaN,NaN,NaN
P0006,2025-02-01,0.6460325121879578,0.45472899079322815,0.21122054755687714
P0006,2025-03-01,0.7294905185699463,0.5548075437545776,0.35940948128700256
P0006,2025-04-01,0.9001051783561707,0.7356985807418823,0.4899406433105469
P0006,2025-05-01,0.6935522556304932,0.4718252122402191,0.33250996470451355
P0006,2025-06-01,0.2740899324417114,0.17492179572582245,-0.006493506487458944
P0006,2025-07-01,0.15072408318519592,0.10298406332731247,-0.16795259714126587
P0006,2025-08-01,0.1478312760591507,0.0994778424501419,-0.1900884509086609
P0006,2025-09-01,0.13992272317409515,0.09235642850399017,-0.19802546501159668
P0006,2025-10-01,0.16769684851169586,0.09922086447477341,-0.22034810483455658
P0006,2025-11-01,0.24455375969409943,0.1535700559616089,-0.07840416580438614
P0007,2025-01-01,0.22665342688560486,0.1888599842786789,-0.07521934807300568
P0007,2025-02-01,0.42301079630851746,0.35509946942329407,0.06679948419332504
P0007,2025-03-01,0.5751481056213379,0.5294809937477112,0.20102234184741974
P0007,2025-04-01,0.3731754720211029,0.30145421624183655,0.013890552334487438
P0007,2025-05-01,0.21734392642974854,0.17973940074443817,-0.11248581111431122
P0007,2025-06-01,0.20596006512641907,0.17567364871501923,-0.12902884185314178
P0007,2025-07-01,0.12592282891273499,0.1052607074379921,-0.16134051978588104
P0007,2025-08-01,0.12462285161018372,0.10685202479362488,-0.14628559350967407
P0007,2025-09-01,0.11988773196935654,0.10259167104959488,-0.14682821929454803
P0007,2025-10-01,0.11034566164016724,0.09538037329912186,-0.14793173968791962
P0007,2025-11-01,0.18992435932159424,0.14037926495075226,-0.10115501284599304
P0008,2025-01-01,0.5907904505729675,0.4821825325489044,0.18744781613349915
P0008,2025-02-01,0.8492926955223083,0.7349110245704651,0.40725916624069214
P0008,2025-03-01,0.8075606822967529,0.7523453831672668,0.4573042690753937
P0008,2025-04-01,0.5325570106506348,0.34766826033592224,0.12626615166664124
P0008,2025-05-01,0.21307024359703064,0.1642661690711975,-0.1625843495130539
P0008,2025-06-01,0.14161613583564758,0.1155698224902153,-0.21574147045612335
P0008,2025-07-01,0.09323181211948395,0.07028419524431229,-0.2153266966342926
P0008,2025-08-01,0.1026153564453125,0.07772085815668106,-0.20625974237918854
P0008,2025-09-01,0.16122448444366455,0.11501403152942657,-0.18777576088905334
P0008,2025-10-01,0.1639418751001358,0.12717238068580627,-0.1490703821182251
P0008,2025-11-01,0.1623430997133255,0.0839875340461731,-0.2334437072277069
P0009,2025-01-01,0.25137758255004883,0.1603078991174698,-0.1308547407388687
P0009,2025-02-01,0.39956390857696533,0.2570036053657532,-0.01040662918239832
P0009,2025-03-01,0.5417239665985107,0.4109279215335846,0.17961761355400085
P0009,2025-04-01,0.6094716787338257,0.45525652170181274,0.22740471363067627
P0009,2025-05-01,0.33500435948371887,0.25570639967918396,-0.0022805016487836838
P0009,2025-06-01,0.16617746651172638,0.11319246143102646,-0.16948062181472778
P0009,2025-07-01,0.08106327056884766,0.05265110358595848,-0.24789851903915405
P0009,2025-08-01,0.06948200613260269,0.04641209542751312,-0.23199880123138428
P0009,2025-09-01,0.06855302304029465,0.042850568890571594,-0.25976094603538513
P0009,2025-10-01,0.1897735893726349,0.11820630729198456,-0.18970893323421478
P0009,2025-11-01,0.31815510988235474,0.17744790017604828,-0.046536337584257126
P0010,2025-01-01,NaN,NaN,NaN
P0010,2025-02-01,0.9200565218925476,0.6181907653808594,0.4324552118778229
P0010,2025-03-01,0.817905604839325,0.697481632232666,0.4824909269809723
P0010,2025-04-01,NaN,NaN,NaN
P0010,2025-05-01,0.3899623453617096,0.256367951631546,0.07013137638568878
P0010,2025-06-01,0.36417698860168457,0.24804769456386566,-0.0015668523265048862
P0010,2025-07-01,0.21289241313934326,0.17575864493846893,-0.07205316424369812
P0010,2025-08-01,0.1758890300989151,0.14655616879463196,-0.08507462590932846
P0010,2025-09-01,0.16572026908397675,0.13705909252166748,-0.08706846088171005
P0010,2025-10-01,0.3488852083683014,0.16081759333610535,-0.2225130945444107
P0010,2025-11-01,0.24688057601451874,0.05806640908122063,-0.41193780303001404
P0011,2025-01-01,0.2873601019382477,0.16509701311588287,-0.2507662773132324
P0011,2025-02-01,0.8058890104293823,0.6267836093902588,0.3470180630683899
P0011,2025-03-01,NaN,NaN,NaN
P0011,2025-04-01,NaN,NaN,NaN
P0011,2025-05-01,0.09460680931806564,0.05375607684254646,-0.23676469922065735
P0011,2025-06-01,0.08879897743463516,0.06055765226483345,-0.20407845079898834
P0011,2025-07-01,0.11920865625143051,0.09389733523130417,-0.17530526220798492
P0011,2025-08-01,0.10417759418487549,0.08092328906059265,-0.18794189393520355
P0011,2025-09-01,0.1030883938074112,0.07341564446687698,-0.2412833273410797
P0011,2025-10-01,0.1499003916978836,0.05848294124007225,-0.37628307938575745
P0011,2025-11-01,0.20954470336437225,0.07453949749469757,-0.3246554434299469
P0012,2025-01-01,NaN,NaN,NaN
P0012,2025-02-01,0.07455429434776306,0.027533918619155884,-0.43829426169395447
P0012,2025-03-01,0.5453069806098938,0.37227165699005127,0.07246104627847672
P0012,2025-04-01,0.837803065776825,0.780431866645813,0.3975415527820587
P0012,2025-05-01,0.8853302597999573,0.916824221611023,0.5077637434005737
P0012,2025-06-01,0.28315624594688416,0.19405561685562134,0.039368823170661926
P0012,2025-07-01,0.21138527989387512,0.1461697667837143,-0.10634943097829819
P0012,2025-08-01,0.17948199808597565,0.12225376814603806,-0.14203709363937378
P0012,2025-09-01,0.23905959725379944,0.15078549087047577,-0.1758786141872406
P0012,2025-10-01,0.30441558361053467,0.11298345774412155,-0.300362229347229
P0012,2025-11-01,0.2823275923728943,0.07903628051280975,-0.30027440190315247
P0013,2025-01-01,0.3541235625743866,0.20454855263233185,-0.12576335668563843
P0013,2025-02-01,0.6713522672653198,0.4252591133117676,0.18402709066867828
P0013,2025-03-01,0.7539868354797363,0.5940892696380615,0.37873977422714233
P0013,2025-04-01,NaN,NaN,NaN
P0013,2025-05-01,0.3866473138332367,0.23118577897548676,-0.032604292035102844
P0013,2025-06-01,0.11044371128082275,0.08077086508274078,-0.2205902338027954
P0013,2025-07-01,0.10946094244718552,0.08017512410879135,-0.19886137545108795
P0013,2025-08-01,0.029820673167705536,0.020872116088867188,-0.2670299708843231
P0013,2025-09-01,0.041205812245607376,0.027785902842879295,-0.28343284130096436
P0013,2025-10-01,0.20062875747680664,0.12214643508195877,-0.2236185520887375
P0013,2025-11-01,0.3653934597969055,0.1431972235441208,-0.11061151325702667
P0014,2025-01-01,0.22981493175029755,0.2341289520263672,-0.05883268639445305
P0014,2025-02-01,0.7374184131622314,0.617397129535675,0.32206377387046814
P0014,2025-03-01,0.7085435390472412,0.6464630961418152,0.46763941645622253
P0014,2025-04-01,0.8122263550758362,0.7650940418243408,0.5949310660362244
P0014,2025-05-01,0.2621976137161255,0.19441235065460205,-0.09242334961891174
P0014,2025-06-01,0.18333932757377625,0.14472787082195282,-0.11325334012508392
P0014,2025-07-01,0.21144644916057587,0.15802069008350372,-0.09611424058675766
P0014,2025-08-01,0.20513300597667694,0.15388290584087372,-0.0990196093916893
P0014,2025-09-01,0.14329268038272858,0.0862845852971077,-0.21741604804992676
P0014,2025-10-01,0.20522205531597137,0.1331792026758194,-0.1927100419998169
P0014,2025-11-01,0.2726340889930725,0.13483373820781708,-0.11119064688682556
P0015,2025-01-01,0.44670185446739197,0.30402615666389465,0.04199923947453499
P0015,2025-02-01,0.6667435169219971,0.49300819635391235,0.3187956213951111
P0015,2025-03-01,0.6979826092720032,0.5852404832839966,0.4018615186214447
P0015,2025-04-01,NaN,NaN,NaN
P0015,2025-05-01,0.4301110506057739,0.24163363873958588,0.036695074290037155
P0015,2025-06-01,0.23362202942371368,0.16733473539352417,-0.07075945287942886
P0015,2025-07-01,0.3607843220233917,0.2951761782169342,0.07141898572444916
P0015,2025-08-01,0.3573077619075775,0.28648725152015686,0.04469655454158783
P0015,2025-09-01,0.37642791867256165,0.2945265769958496,0.05328153073787689
P0015,2025-10-01,0.20889639854431152,0.07369884848594666,-0.2807370126247406
P0015,2025-11-01,0.25411567091941833,0.10949037969112396,-0.16002261638641357
P0016,2025-01-01,0.4088139832019806,0.2998569905757904,0.021499043330550194
P0016,2025-02-01,0.7933884263038635,0.6134291291236877,0.3478260934352875
P0016,2025-03-01,0.7689720392227173,0.6181768774986267,0.36143019795417786
P0016,2025-04-01,0.7722563147544861,0.6254281401634216,0.31137537956237793
P0016,2025-05-01,0.3279126286506653,0.21200138330459595,-0.09465496987104416
P0016,2025-06-01,0.11162951588630676,0.08541132509708405,-0.21096529066562653
P0016,2025-07-01,0.15493588149547577,0.12386742979288101,-0.14438797533512115
P0016,2025-08-01,0.14315848052501678,0.1188974529504776,-0.12090408056974411
P0016,2025-09-01,0.14881305396556854,0.12256219983100891,-0.1348603367805481
P0016,2025-10-01,0.30651843547821045,0.21500442922115326,-0.1448344737291336
P0016,2025-11-01,0.26976531744003296,0.1708957552909851,-0.10112903267145157
P0017,2025-01-01,0.139384925365448,0.12639059126377106,-0.13733099400997162
P0017,2025-02-01,0.5487170219421387,0.4713455140590668,0.16261865198612213
P0017,2025-03-01,0.7230371236801147,0.6614466309547424,0.35647329688072205
P0017,2025-04-01,0.8298673033714294,0.6936856508255005,0.4094584286212921
P0017,2025-05-01,0.160075843334198,0.09550125896930695,-0.2245156615972519
P0017,2025-06-01,0.08835792541503906,0.07255728542804718,-0.20647725462913513
P0017,2025-07-01,0.0954640582203865,0.08445904403924942,-0.16500000655651093
P0017,2025-08-01,0.09762566536664963,0.09307870268821716,-0.13694140315055847
P0017,2025-09-01,0.09759068489074707,0.09140698611736298,-0.1575940102338791
P0017,2025-10-01,0.07661823183298111,0.061812978237867355,-0.2584167420864105
P0017,2025-11-01,0.1624472588300705,0.1064189225435257,-0.10841424018144608
P0018,2025-01-01,0.3466666638851166,0.2143879532814026,-0.0840177983045578
P0018,2025-02-01,0.4494929015636444,0.19491256773471832,-0.1468481421470642
P0018,2025-03-01,0.5747451782226562,0.46130773425102234,0.20511339604854584
P0018,2025-04-01,0.4000903069972992,0.25996890664100647,-0.01273682527244091
P0018,2025-05-01,0.16738523542881012,0.10082801431417465,-0.2537289261817932
P0018,2025-06-01,0.1393367052078247,0.0870954766869545,-0.2620823383331299
P0018,2025-07-01,0.12184587121009827,0.07277467101812363,-0.24897275865077972
P0018,2025-08-01,0.16135501861572266,0.09812425822019577,-0.20901639759540558
P0018,2025-09-01,0.1560789942741394,0.09097465127706528,-0.2312925159931183
P0018,2025-10-01,0.1465216428041458,0.09140019118785858,-0.2324495166540146
P0018,2025-11-01,0.1887332946062088,0.08854182064533234,-0.24803704023361206
P0019,2025-01-01,0.25099897384643555,0.22542999684810638,-0.05774161219596863
P0019,2025-02-01,0.6052950620651245,0.5371456742286682,0.2652755081653595
P0019,2025-03-01,0.7349525094032288,0.7047387361526489,0.5441729426383972
P0019,2025-04-01,0.8278248310089111,0.8541739583015442,0.6883235573768616
P0019,2025-05-01,0.3386789858341217,0.1983065903186798,-0.016377072781324387
P0019,2025-06-01,0.2587253451347351,0.2221035361289978,-0.01155862770974636
P0019,2025-07-01,0.17560513317584991,0.14150942862033844,-0.09752246737480164
P0019,2025-08-01,0.15046297013759613,0.12348649650812149,-0.09778530895709991
P0019,2025-09-01,0.17360526323318481,0.13595923781394958,-0.11208875477313995
P0019,2025-10-01,0.18615591526031494,0.12488353252410889,-0.20626592636108398
P0019,2025-11-01,0.21708683669567108,0.11923810839653015,-0.12293096631765366
P0020,2025-01-01,0.43415266275405884,0.2768702805042267,-0.04710331931710243
P0020,2025-02-01,0.8712823987007141,0.6385575532913208,0.38736990094184875
P0020,2025-03-01,0.884742796421051,0.809302031993866,0.486795037984848
P0020,2025-04-01,0.6973016262054443,0.44374170899391174,0.20550285279750824
P0020,2025-05-01,0.15336903929710388,0.09099424630403519,-0.2500458359718323
P0020,2025-06-01,-0.03783431276679039,-0.02561761997640133,-0.3858431577682495
P0020,2025-07-01,0.13073499500751495,0.10502440482378006,-0.16127930581569672
P0020,2025-08-01,0.15252433717250824,0.1224963366985321,-0.13412544131278992
P0020,2025-09-01,0.15846551954746246,0.12452618777751923,-0.14675727486610413
P0020,2025-10-01,0.2836095690727234,0.19764988124370575,-0.13796894252300262
P0020,2025-11-01,0.1414545476436615,0.06436561048030853,-0.2195425182580948
P0021,2025-01-01,0.21196773648262024,0.1545616239309311,-0.08987181633710861
P0021,2025-02-01,0.4735276699066162,0.34908199310302734,0.10827740281820297
P0021,2025-03-01,0.7067592740058899,0.6405847072601318,0.36425185203552246
P0021,2025-04-01,0.5881820321083069,0.4175237715244293,0.1760268211364746
P0021,2025-05-01,0.21298450231552124,0.15766218304634094,-0.14354132115840912
P0021,2025-06-01,0.19118428230285645,0.14851076900959015,-0.16264310479164124
P0021,2025-07-01,0.10311879962682724,0.07413744181394577,-0.17288456857204437
P0021,2025-08-01,0.1133478432893753,0.08104042708873749,-0.15405814349651337
P0021,2025-09-01,0.10710105299949646,0.07201889157295227,-0.16971470415592194
P0021,2025-10-01,0.07573020458221436,0.05939728766679764,-0.17816884815692902
P0021,2025-11-01,0.1632835865020752,0.0817687138915062,-0.17331352829933167
P0022,2025-01-01,0.26130473613739014,0.22136086225509644,-0.060069259256124496
P0022,2025-02-01,0.6212942600250244,0.5432789325714111,0.2401825189590454
P0022,2025-03-01,0.7215028405189514,0.632777750492096,0.37795621156692505
P0022,2025-04-01,0.7741259932518005,0.6177335381507874,0.4022170603275299
P0022,2025-05-01,0.18601715564727783,0.12029903382062912,-0.18688353896141052
P0022,2025-06-01,0.07667799293994904,0.05433637276291847,-0.24658145010471344
P0022,2025-07-01,0.11885560303926468,0.08825458586215973,-0.1875348538160324
P0022,2025-08-01,0.10817220062017441,0.08251697570085526,-0.18093568086624146
P0022,2025-09-01,0.11368954926729202,0.08363459259271622,-0.18946920335292816
P0022,2025-10-01,0.10384321957826614,0.0672801062464714,-0.25506699085235596
P0022,2025-11-01,0.15554916858673096,0.09207256883382797,-0.18890009820461273
P0023,2025-01-01,0.4108077883720398,0.3194800019264221,0.012208210304379463
P0023,2025-02-01,0.6673679947853088,0.5079426169395447,0.2203572541475296
P0023,2025-03-01,0.6458712220191956,0.5490275025367737,0.24796579778194427
P0023,2025-04-01,0.39014506340026855,0.26893895864486694,-0.027313433587551117
P0023,2025-05-01,0.20723086595535278,0.15050609409809113,-0.16522346436977386
P0023,2025-06-01,0.2618827223777771,0.2235659956932068,-0.09305679053068161
P0023,2025-07-01,0.15809611976146698,0.1266055554151535,-0.15556299686431885
P0023,2025-08-01,0.14481379091739655,0.11580397933721542,-0.1796426922082901
P0023,2025-09-01,0.14039179682731628,0.11241970211267471,-0.1744513213634491
P0023,2025-10-01,0.238535076379776,0.1829480528831482,-0.12401146441698074
P0023,2025-11-01,0.17378048598766327,0.10361897200345993,-0.21686747670173645
P0024,2025-01-01,0.4782867431640625,0.39522841572761536,0.02728400193154812
P0024,2025-02-01,0.8670353293418884,0.6387727856636047,0.3988470435142517
P0024,2025-03-01,0.8868116140365601,0.7260023355484009,0.6207016706466675
P0024,2025-04-01,NaN,NaN,NaN
P0024,2025-05-01,0.3592356741428375,0.2237526923418045,0.0450538694858551
P0024,2025-06-01,0.1695309728384018,0.12481877207756042,-0.06950576603412628
P0024,2025-07-01,0.12465263903141022,0.10493015497922897,-0.11163374036550522
P0024,2025-08-01,0.048270441591739655,0.038262125104665756,-0.20536352694034576
P0024,2025-09-01,0.04314522445201874,0.03404717147350311,-0.20255735516548157
P0024,2025-10-01,0.2627760171890259,0.14177276194095612,-0.19747394323349
P0024,2025-11-01,0.27308154106140137,0.14871041476726532,-0.11869682371616364
P0025,2025-01-01,0.32203781604766846,0.2384854406118393,-0.04844864830374718
P0025,2025-02-01,0.45177072286605835,0.32801029086112976,0.042670682072639465
P0025,2025-03-01,0.5695533752441406,0.5099985003471375,0.2490842491388321
P0025,2025-04-01,0.5261532664299011,0.44942599534988403,0.19871611893177032
P0025,2025-05-01,0.0688183531165123,0.04400327429175377,-0.2863757908344269
P0025,2025-06-01,0.1352929323911667,0.10150443762540817,-0.18381820619106293
P0025,2025-07-01,0.13343647122383118,0.0987972542643547,-0.17647884786128998
P0025,2025-08-01,0.14116095006465912,0.10550782084465027,-0.16065983474254608
P0025,2025-09-01,0.14348646998405457,0.1005527451634407,-0.19601769745349884
P0025,2025-10-01,-0.029925186187028885,-0.01756897382438183,-0.3776000142097473
P0025,2025-11-01,-0.005466614384204149,-0.0024578652810305357,-0.3574672043323517
P0026,2025-01-01,0.43642446398735046,0.40583789348602295,0.13854508101940155
P0026,2025-02-01,0.651822566986084,0.5523264408111572,0.35538530349731445
P0026,2025-03-01,0.5933724045753479,0.4977424144744873,0.2937416434288025
P0026,2025-04-01,0.6005253791809082,0.47315800189971924,0.2867121398448944
P0026,2025-05-01,0.11180371046066284,0.11485639214515686,-0.11850683391094208
P0026,2025-06-01,0.07127273082733154,0.06642626971006393,-0.15374009311199188
P0026,2025-07-01,0.031105507165193558,0.028632599860429764,-0.17100371420383453
P0026,2025-08-01,0.023271922022104263,0.02155725471675396,-0.19364698231220245
P0026,2025-09-01,0.016724739223718643,0.015575110912322998,-0.19702807068824768
P0026,2025-10-01,-0.03181587532162666,-0.026088645681738853,-0.24931111931800842
P0026,2025-11-01,0.03581191971898079,0.019964033737778664,-0.20499370992183685
P0027,2025-01-01,0.5266314744949341,0.37865719199180603,0.10392089188098907
P0027,2025-02-01,0.798502504825592,0.7489543557167053,0.4216756522655487
P0027,2025-03-01,0.7487179636955261,0.7072317004203796,0.39293715357780457
P0027,2025-04-01,0.4768211841583252,0.31495043635368347,0.048771992325782776
P0027,2025-05-01,0.11414708942174911,0.0717611163854599,-0.26856663823127747
P0027,2025-06-01,0.12786811590194702,0.08791276067495346,-0.24410271644592285
P0027,2025-07-01,0.1789456456899643,0.1412728726863861,-0.14578884840011597
P0027,2025-08-01,0.14639487862586975,0.11371368914842606,-0.1774446964263916
P0027,2025-09-01,0.14156946539878845,0.10795439034700394,-0.18570348620414734
P0027,2025-10-01,-0.013498622924089432,-0.007635253015905619,-0.40975770354270935
P0027,2025-11-01,0.017025712877511978,0.007903480902314186,-0.3989733159542084
P0028,2025-01-01,0.7185168266296387,0.5512767434120178,0.23352807760238647
P0028,2025-02-01,0.8593155741691589,0.6585533022880554,0.3674946427345276
P0028,2025-03-01,0.8192235231399536,0.7625688314437866,0.4384043216705322
P0028,2025-04-01,0.6786951422691345,0.4094962775707245,0.17379894852638245
P0028,2025-05-01,0.2655038833618164,0.1592124104499817,-0.1683042198419571
P0028,2025-06-01,0.1923208236694336,0.15334168076515198,-0.18232885003089905
P0028,2025-07-01,0.15723779797554016,0.12282834202051163,-0.16051270067691803
P0028,2025-08-01,0.15891773998737335,0.12546034157276154,-0.14978325366973877
P0028,2025-09-01,0.16776257753372192,0.12486112117767334,-0.18403080105781555
P0028,2025-10-01,0.2504444122314453,0.17029735445976257,-0.1911332607269287
P0028,2025-11-01,0.27397799491882324,0.11457785218954086,-0.2935919761657715
P0029,2025-01-01,0.27409371733665466,0.15765918791294098,-0.18000759184360504
P0029,2025-02-01,0.7202422618865967,0.5308336615562439,0.254672110080719
P0029,2025-03-01,0.8691003322601318,0.8592051267623901,0.46550896763801575
P0029,2025-04-01,0.8153963088989258,0.5630158185958862,0.32269373536109924
P0029,2025-05-01,0.1724606156349182,0.10409153252840042,-0.2511708438396454
P0029,2025-06-01,0.1711553931236267,0.15589353442192078,-0.12838244438171387
P0029,2025-07-01,0.16357837617397308,0.13601575791835785,-0.12435706704854965
P0029,2025-08-01,0.15561263263225555,0.1294425129890442,-0.11806756258010864
P0029,2025-09-01,0.14496180415153503,0.10874904692173004,-0.17377609014511108
P0029,2025-10-01,0.14596670866012573,0.11241970211267471,-0.21323621273040771
P0029,2025-11-01,0.13588735461235046,0.06805286556482315,-0.2582852244377136
P0030,2025-01-01,0.26105791330337524,0.1969384253025055,-0.029308529570698738
P0030,2025-02-01,0.5852586627006531,0.6539735198020935,0.35621440410614014
P0030,2025-03-01,0.4747430384159088,0.48041489720344543,0.24773263931274414
P0030,2025-04-01,0.43801283836364746,0.4486689567565918,0.2123003453016281
P0030,2025-05-01,-0.01764826662838459,-0.014525064267218113,-0.27038562297821045
P0030,2025-06-01,0.00855199247598648,0.007000127341598272,-0.24556557834148407
P0030,2025-07-01,0.05575604364275932,0.04651933163404465,-0.18327750265598297
P0030,2025-08-01,0.10570675879716873,0.08907169848680496,-0.13012847304344177
P0030,2025-09-01,0.08044865727424622,0.06424710154533386,-0.16537196934223175
P0030,2025-10-01,0.03286052122712135,0.02318366803228855,-0.24879641830921173
P0030,2025-11-01,0.14764751493930817,0.09606927633285522,-0.11981658637523651
P0031,2025-01-01,0.18114511668682098,0.14515873789787292,-0.13045057654380798
P0031,2025-02-01,0.49356600642204285,0.408651739358902,0.11311087757349014
P0031,2025-03-01,0.688599705696106,0.5880419611930847,0.2739214599132538
P0031,2025-04-01,NaN,NaN,NaN
P0031,2025-05-01,0.3631775677204132,0.28051280975341797,-0.013926446437835693
P0031,2025-06-01,0.16921430826187134,0.1418248862028122,-0.1495441347360611
P0031,2025-07-01,0.14524328708648682,0.12066219747066498,-0.14858007431030273
P0031,2025-08-01,0.16337907314300537,0.13741284608840942,-0.12266896665096283
P0031,2025-09-01,0.16928952932357788,0.13948336243629456,-0.13759297132492065
P0031,2025-10-01,0.13379669189453125,0.10034403949975967,-0.19054707884788513
P0031,2025-11-01,0.13651877641677856,0.08820858597755432,-0.17466102540493011
P0032,2025-01-01,0.44718948006629944,0.32283928990364075,0.009167062118649483
P0032,2025-02-01,0.6632217764854431,0.4847290515899658,0.20081102848052979
P0032,2025-03-01,0.632696807384491,0.5199859142303467,0.2747603952884674
P0032,2025-04-01,0.3891424536705017,0.251443475484848,-0.02413094788789749
P0032,2025-05-01,0.19153271615505219,0.13182908296585083,-0.20869041979312897
P0032,2025-06-01,0.18640775978565216,0.13346515595912933,-0.22110481560230255
P0032,2025-07-01,0.15719544887542725,0.12693242728710175,-0.15578652918338776
P0032,2025-08-01,0.1647621989250183,0.13511459529399872,-0.13398392498493195
P0032,2025-09-01,0.1679352968931198,0.13552597165107727,-0.1350557804107666
P0032,2025-10-01,0.1560889184474945,0.1294623762369156,-0.18803031742572784
P0032,2025-11-01,0.16185805201530457,0.08903348445892334,-0.2083742916584015
P0033,2025-01-01,0.07438423484563828,0.02746153622865677,-0.4179343581199646
P0033,2025-02-01,0.16193434596061707,0.06516461074352264,-0.33897021412849426
P0033,2025-03-01,0.2667214870452881,0.16414183378219604,-0.08621712774038315
P0033,2025-04-01,0.3697310984134674,0.3144702613353729,0.05249197408556938
P0033,2025-05-01,0.6978490352630615,0.5797565579414368,0.27254754304885864
P0033,2025-06-01,0.7251923084259033,0.6289612650871277,0.37024590373039246
P0033,2025-07-01,0.2308826595544815,0.16045913100242615,-0.15952244400978088
P0033,2025-08-01,0.2504095137119293,0.17869144678115845,-0.0984647199511528
P0033,2025-09-01,0.329708456993103,0.21514630317687988,-0.05694125220179558
P0033,2025-10-01,0.15843023359775543,0.0834660604596138,-0.27439913153648376
P0033,2025-11-01,0.25546684861183167,0.11649256199598312,-0.1080147996544838
P0034,2025-01-01,0.26663926243782043,0.11516893655061722,-0.25513407588005066
P0034,2025-02-01,0.8484216928482056,0.5358486175537109,0.31783440709114075
P0034,2025-03-01,0.81146639585495,0.6377153396606445,0.4609639048576355
P0034,2025-04-01,0.925999104976654,0.7293071746826172,0.5598434805870056
P0034,2025-05-01,0.18874064087867737,0.09998621046543121,-0.20048150420188904
P0034,2025-06-01,0.19389814138412476,0.12204411625862122,-0.14422555267810822
P0034,2025-07-01,0.11145409941673279,0.0881340280175209,-0.14986951649188995
P0034,2025-08-01,0.11329974234104156,0.09195459634065628,-0.12103676795959473
P0034,2025-09-01,0.11782227456569672,0.09268660843372345,-0.14784912765026093
P0034,2025-10-01,0.1627417951822281,0.066099613904953,-0.34618112444877625
P0034,2025-11-01,0.18231144547462463,0.06067391484975815,-0.30847349762916565
P0035,2025-01-01,0.7309406995773315,0.5706578493118286,0.286874383687973
P0035,2025-02-01,0.9343761205673218,0.8537306785583496,0.5367804765701294
P0035,2025-03-01,0.8351938128471375,0.8355047106742859,0.4863134026527405
P0035,2025-04-01,0.5300177335739136,0.2626945674419403,0.03285371884703636
P0035,2025-05-01,0.1283460408449173,0.10357654094696045,-0.20872700214385986
P0035,2025-06-01,0.12728719413280487,0.10887908935546875,-0.20473678410053253
P0035,2025-07-01,0.1621621549129486,0.12537558376789093,-0.172140434384346
P0035,2025-08-01,0.16281834244728088,0.12942668795585632,-0.15371309220790863
P0035,2025-09-01,0.16422338783740997,0.1303035318851471,-0.15116426348686218
P0035,2025-10-01,0.15297789871692657,0.09338533133268356,-0.21088099479675293
P0035,2025-11-01,0.1903262734413147,0.10169439762830734,-0.19617317616939545
P0036,2025-01-01,0.2175607532262802,0.149063840508461,-0.16058163344860077
P0036,2025-02-01,0.35600748658180237,0.24482381343841553,-0.05243384465575218
P0036,2025-03-01,0.40087464451789856,0.30308279395103455,0.0322234146296978
P0036,2025-04-01,0.37121886014938354,0.26483654975891113,-0.025296442210674286
P0036,2025-05-01,-0.0008611410157755017,-0.0006009073695167899,-0.3312680125236511
P0036,2025-06-01,0.1460307538509369,0.12496011704206467,-0.1612279713153839
P0036,2025-07-01,0.1158527210354805,0.09684481471776962,-0.16651323437690735
P0036,2025-08-01,0.09688793867826462,0.08117341995239258,-0.17455007135868073
P0036,2025-09-01,0.07637625932693481,0.061385560780763626,-0.21488001942634583
P0036,2025-10-01,0.11231587827205658,0.07827425748109818,-0.2193826287984848
P0036,2025-11-01,0.0625462606549263,0.027744032442569733,-0.29372695088386536
P0037,2025-01-01,0.3574051260948181,0.15298637747764587,-0.16616541147232056
P0037,2025-02-01,0.8520747423171997,0.5326310992240906,0.33310532569885254
P0037,2025-03-01,0.8093779683113098,0.6187851428985596,0.3903675675392151
P0037,2025-04-01,NaN,NaN,NaN
P0037,2025-05-01,0.2594379782676697,0.15163077414035797,-0.12086387723684311
P0037,2025-06-01,0.11891700327396393,0.09098294377326965,-0.19277416169643402
P0037,2025-07-01,0.07947749644517899,0.06128492206335068,-0.19020070135593414
P0037,2025-08-01,0.12947702407836914,0.09942075610160828,-0.14881165325641632
P0037,2025-09-01,0.12079378962516785,0.08808799088001251,-0.1874139904975891
P0037,2025-10-01,0.0938582643866539,0.046391431242227554,-0.33658069372177124
P0037,2025-11-01,0.23134002089500427,0.09062927216291428,-0.2001701146364212
P0038,2025-01-01,0.3732123076915741,0.23300136625766754,-0.09152110666036606
P0038,2025-02-01,0.6920537352561951,0.5172924399375916,0.2305106520652771
P0038,2025-03-01,0.7521079182624817,0.650947093963623,0.3886248767375946
P0038,2025-04-01,0.8783307075500488,0.7488890886306763,0.4949321746826172
P0038,2025-05-01,0.3669305741786957,0.20186959207057953,-0.07576693594455719
P0038,2025-06-01,0.31811460852622986,0.24464789032936096,-0.05349083989858627
P0038,2025-07-01,0.2709336578845978,0.21559077501296997,-0.05661900341510773
P0038,2025-08-01,0.1866489052772522,0.1493014395236969,-0.08261814713478088
P0038,2025-09-01,0.19876433908939362,0.15000133216381073,-0.13047374784946442
P0038,2025-10-01,0.1980874389410019,0.117245614528656,-0.2298911064863205
P0038,2025-11-01,0.33493128418922424,0.17321741580963135,-0.07363051921129227
P0039,2025-01-01,0.3336084485054016,0.28996527194976807,0.027601119130849838
P0039,2025-02-01,0.5570627450942993,0.4765441119670868,0.20456135272979736
P0039,2025-03-01,0.5430040955543518,0.4754510819911957,0.2101529836654663
P0039,2025-04-01,0.5383943915367126,0.47181352972984314,0.1916993409395218
P0039,2025-05-01,0.3942887485027313,0.33836647868156433,0.05290650948882103
P0039,2025-06-01,0.31906676292419434,0.28682947158813477,0.010774331167340279
P0039,2025-07-01,0.29709818959236145,0.2625215947628021,0.010542345233261585
P0039,2025-08-01,0.31037014722824097,0.28211700916290283,0.03407905250787735
P0039,2025-09-01,0.3121165633201599,0.2787823975086212,0.020639466121792793
P0039,2025-10-01,0.30775052309036255,0.28306877613067627,0.035106636583805084
P0039,2025-11-01,0.38009750843048096,0.2588132321834564,0.04761103540658951
P0040,2025-01-01,0.5159313678741455,0.37298887968063354,0.00503737386316061
P0040,2025-02-01,0.8435171246528625,0.6954049468040466,0.4465419352054596
P0040,2025-03-01,0.7735191583633423,0.6913847327232361,0.5066209435462952
P0040,2025-04-01,NaN,NaN,NaN
P0040,2025-05-01,0.3780456483364105,0.2395501583814621,-0.0018577001756057143
P0040,2025-06-01,0.15722332894802094,0.12702450156211853,-0.11604657024145126
P0040,2025-07-01,0.18594840168952942,0.14586091041564941,-0.08910767734050751
P0040,2025-08-01,0.17785455286502838,0.1398845762014389,-0.0981355533003807
P0040,2025-09-01,0.17849567532539368,0.13927079737186432,-0.09292980283498764
P0040,2025-10-01,0.3375089466571808,0.16959822177886963,-0.1743261218070984
P0040,2025-11-01,0.374825656414032,0.18910075724124908,-0.09084621071815491
P0041,2025-01-01,0.5782291293144226,0.36193880438804626,0.03582587093114853
P0041,2025-02-01,0.85975182056427,0.6732673048973083,0.4827328622341156
P0041,2025-03-01,0.6223764419555664,0.5403156280517578,0.49103888869285583
P0041,2025-04-01,0.8280632495880127,0.7763180136680603,0.664485514163971
P0041,2025-05-01,0.29640528559684753,0.2266370952129364,-0.08718176186084747
P0041,2025-06-01,0.12470799684524536,0.10288187861442566,-0.16222727298736572
P0041,2025-07-01,0.1834845095872879,0.1405535340309143,-0.11301515251398087
P0041,2025-08-01,0.0977221354842186,0.07670260965824127,-0.14689189195632935
P0041,2025-09-01,0.06869480013847351,0.05013895779848099,-0.1879194676876068
P0041,2025-10-01,0.17061612010002136,0.06517541408538818,-0.3774853050708771
P0041,2025-11-01,0.34540942311286926,0.14041884243488312,-0.20053081214427948
P0045,2025-01-01,0.22773972153663635,0.1044185534119606,-0.2305215746164322
P0045,2025-02-01,0.8546125292778015,0.6183034777641296,0.3677431046962738
P0045,2025-03-01,0.828576385974884,0.7679974436759949,0.45586007833480835
P0045,2025-04-01,0.8629535436630249,0.6511579155921936,0.41321879625320435
P0045,2025-05-01,0.25720417499542236,0.14001068472862244,-0.17700180411338806
P0045,2025-06-01,0.24491998553276062,0.18752580881118774,-0.11277713626623154
P0045,2025-07-01,0.13821271061897278,0.10219860076904297,-0.16272082924842834
P0045,2025-08-01,0.14198549091815948,0.10236351191997528,-0.14842596650123596
P0045,2025-09-01,0.1526104360818863,0.100640669465065,-0.18926553428173065
P0045,2025-10-01,0.15420235693454742,0.08990038186311722,-0.2512766718864441
P0045,2025-11-01,0.23878954350948334,0.12735489010810852,-0.12698720395565033
P0050,2025-01-01,0.087420754134655,0.04569714143872261,-0.33381029963493347
P0050,2025-02-01,0.19949352741241455,0.12057413160800934,-0.2271573543548584
P0050,2025-03-01,0.5417455434799194,0.4325340986251831,0.1395927220582962
P0050,2025-04-01,0.7249289751052856,0.5821665525436401,0.27236101031303406
P0050,2025-05-01,0.31892654299736023,0.19544368982315063,-0.14314553141593933
P0050,2025-06-01,0.10930465161800385,0.06842236965894699,-0.2735462784767151
P0050,2025-07-01,0.06320442259311676,0.04159032180905342,-0.2747965157032013
P0050,2025-08-01,0.11171213537454605,0.07204173505306244,-0.2593230903148651
P0050,2025-09-01,0.11503739655017853,0.06948772072792053,-0.30296677350997925
P0050,2025-10-01,0.1232655718922615,0.0656447634100914,-0.319718599319458
P0050,2025-11-01,0.1771685779094696,0.07738775759935379,-0.24764643609523773
P0055,2025-01-01,NaN,NaN,NaN
P0055,2025-02-01,0.7187255024909973,0.4899238049983978,0.2452223300933838
P0055,2025-03-01,0.7718576192855835,0.6323950886726379,0.3941405117511749
P0055,2025-04-01,NaN,NaN,NaN
P0055,2025-05-01,0.45873260498046875,0.2659688889980316,0.05570469796657562
P0055,2025-06-01,0.22348399460315704,0.15159918367862701,-0.07598628103733063
P0055,2025-07-01,0.20946578681468964,0.16682423651218414,-0.06946280598640442
P0055,2025-08-01,0.2118447721004486,0.17554596066474915,-0.03915040194988251
P0055,2025-09-01,0.22243401408195496,0.18170711398124695,-0.035181112587451935
P0055,2025-10-01,0.15018773078918457,0.06537847220897675,-0.3165592551231384
P0055,2025-11-01,0.22049538791179657,0.08281347155570984,-0.2146874964237213
P0061,2025-01-01,NaN,NaN,NaN
P0061,2025-02-01,0.8729859590530396,0.7368161082267761,0.4568684995174408
P0061,2025-03-01,0.7726610898971558,0.7115081548690796,0.4317847788333893
P0061,2025-04-01,NaN,NaN,NaN
P0061,2025-05-01,0.4791848659515381,0.30309727787971497,0.010741992853581905
P0061,2025-06-01,0.24789364635944366,0.18990246951580048,-0.06364147365093231
P0061,2025-07-01,0.22790148854255676,0.17462000250816345,-0.08116637170314789
P0061,2025-08-01,0.1856277585029602,0.14590463042259216,-0.11096108704805374
P0061,2025-09-01,0.194248229265213,0.14935988187789917,-0.10925740003585815
P0061,2025-10-01,0.12837249040603638,0.05654807388782501,-0.3628992736339569
P0061,2025-11-01,0.24987703561782837,0.09724721312522888,-0.2446492314338684
P0066,2025-01-01,0.5296671390533447,0.23146000504493713,-0.16858941316604614
P0066,2025-02-01,0.8880914449691772,0.6208421587944031,0.41946443915367126
P0066,2025-03-01,0.8315379619598389,0.6444278955459595,0.4735386371612549
P0066,2025-04-01,NaN,NaN,NaN
P0066,2025-05-01,0.19257721304893494,0.11548997461795807,-0.10323965549468994
P0066,2025-06-01,0.21613650023937225,0.1513185054063797,-0.08495799452066422
P0066,2025-07-01,0.1530718058347702,0.12627311050891876,-0.1102353185415268
P0066,2025-08-01,0.15465307235717773,0.12831352651119232,-0.09512624889612198
P0066,2025-09-01,0.15808987617492676,0.13252443075180054,-0.08986014127731323
P0066,2025-10-01,0.40241146087646484,0.11279148608446121,-0.3520194888114929
P0066,2025-11-01,0.4480421543121338,0.1236286535859108,-0.33275502920150757
P0071,2025-01-01,0.4998389780521393,0.2593756318092346,0.07131355255842209
P0071,2025-02-01,0.6117486357688904,0.3753184974193573,0.21054792404174805
P0071,2025-03-01,0.5705188512802124,0.3969738781452179,0.2229568362236023
P0071,2025-04-01,NaN,NaN,NaN
P0071,2025-05-01,0.38867470622062683,0.2467643767595291,0.0017382234800606966
P0071,2025-06-01,0.27584660053253174,0.18159806728363037,-0.06905580312013626
P0071,2025-07-01,0.2666960656642914,0.16633674502372742,-0.08150871098041534
P0071,2025-08-01,0.26064178347587585,0.16448546946048737,-0.07555626332759857
P0071,2025-09-01,0.2737017571926117,0.16201810538768768,-0.08441780507564545
P0071,2025-10-01,0.2830451726913452,0.15233378112316132,-0.08035179227590561
P0071,2025-11-01,0.36510127782821655,0.13940651714801788,-0.003696236526593566
P0077,2025-01-01,0.3265306055545807,0.2613321840763092,-0.07041677832603455
P0077,2025-02-01,0.7632550597190857,0.718346357345581,0.376785010099411
P0077,2025-03-01,0.7368656992912292,0.7347163558006287,0.42855387926101685
P0077,2025-04-01,0.7668169140815735,0.7098269462585449,0.4436715841293335
P0077,2025-05-01,0.11053071171045303,0.08092397451400757,-0.2285921573638916
P0077,2025-06-01,0.1220267191529274,0.10187981277704239,-0.18332740664482117
P0077,2025-07-01,0.12480177730321884,0.10318604856729507,-0.17021524906158447
P0077,2025-08-01,0.13353988528251648,0.11202661693096161,-0.158094584941864
P0077,2025-09-01,0.13553640246391296,0.11283591389656067,-0.18231980502605438
P0077,2025-10-01,0.10993467271327972,0.07602193206548691,-0.2512158155441284
P0077,2025-11-01,0.17433708906173706,0.09267660230398178,-0.19527986645698547
P0082,2025-01-01,0.5190052390098572,0.4001558721065521,0.08131836354732513
P0082,2025-02-01,0.7760111689567566,0.5011168122291565,0.331172913312912
P0082,2025-03-01,0.7883873581886292,0.7005245089530945,0.4499530792236328
P0082,2025-04-01,NaN,NaN,NaN
P0082,2025-05-01,0.2909049391746521,0.19503600895404816,0.015094339847564697
P0082,2025-06-01,0.17538896203041077,0.12476283311843872,-0.1306232213973999
P0082,2025-07-01,0.14581066370010376,0.11643784493207932,-0.1292380392551422
P0082,2025-08-01,0.12115534394979477,0.09579537063837051,-0.1347150206565857
P0082,2025-09-01,0.11577446758747101,0.09025582671165466,-0.13843707740306854
P0082,2025-10-01,0.14589783549308777,0.06521137803792953,-0.2608587145805359
P0082,2025-11-01,0.24185697734355927,0.10745176672935486,-0.13955901563167572
P0088,2025-01-01,0.7075985074043274,0.5607509016990662,0.2865813672542572
P0088,2025-02-01,0.8407316207885742,0.6757515668869019,0.41299888491630554
P0088,2025-03-01,0.7454577088356018,0.6703638434410095,0.4145547151565552
P0088,2025-04-01,0.5682399272918701,0.3940664231777191,0.13916568458080292
P0088,2025-05-01,0.21910113096237183,0.1502867043018341,-0.17099633812904358
P0088,2025-06-01,0.2103777974843979,0.17706353962421417,-0.1451505720615387
P0088,2025-07-01,0.15537913143634796,0.12344884127378464,-0.1461925357580185
P0088,2025-08-01,0.16490952670574188,0.13322146236896515,-0.12203510105609894
P0088,2025-09-01,0.16626876592636108,0.13044874370098114,-0.13866499066352844
P0088,2025-10-01,0.17340709269046783,0.13087798655033112,-0.1811767816543579
P0088,2025-11-01,0.21246546506881714,0.10753022134304047,-0.1729842871427536
P0091,2025-01-01,0.11305221170186996,0.0823388323187828,-0.1988726705312729
P0091,2025-02-01,0.36977559328079224,0.27214595675468445,-0.03003353253006935
P0091,2025-03-01,0.6896920204162598,0.5992822051048279,0.2994249761104584
P0091,2025-04-01,0.6434804797172546,0.43224138021469116,0.1483142077922821
P0091,2025-05-01,0.09343434125185013,0.06243288889527321,-0.25274553894996643
P0091,2025-06-01,0.021944986656308174,0.018561366945505142,-0.2683740556240082
P0091,2025-07-01,0.05984104797244072,0.04822060838341713,-0.19903427362442017
P0091,2025-08-01,0.06575720757246017,0.05415846034884453,-0.1813257932662964
P0091,2025-09-01,0.053687822073698044,0.04232246056199074,-0.21795034408569336
P0091,2025-10-01,-0.029099231585860252,-0.023631246760487556,-0.2941526174545288
P0091,2025-11-01,0.0809537023305893,0.044066160917282104,-0.22654235363006592
P0093,2025-01-01,0.28333941102027893,0.23722125589847565,-0.05868953466415405
P0093,2025-02-01,0.5861652493476868,0.5304070711135864,0.23888440430164337
P0093,2025-03-01,0.5944772362709045,0.5344429016113281,0.26739370822906494
P0093,2025-04-01,0.5520581007003784,0.46815770864486694,0.20332129299640656
P0093,2025-05-01,0.3052132725715637,0.24881772696971893,-0.053478140383958817
P0093,2025-06-01,0.15605854988098145,0.12906403839588165,-0.15530961751937866
P0093,2025-07-01,0.13610132038593292,0.11080946773290634,-0.15560586750507355
P0093,2025-08-01,0.12444032728672028,0.10366026312112808,-0.14679007232189178
P0093,2025-09-01,0.11787009239196777,0.09528251737356186,-0.1703168898820877
P0093,2025-10-01,0.14314702153205872,0.11212252825498581,-0.18061615526676178
P0093,2025-11-01,0.24137234687805176,0.1764376163482666,-0.057895541191101074
P0096,2025-01-01,0.7810894250869751,0.43426916003227234,0.15251606702804565
P0096,2025-02-01,0.7701292037963867,0.5440468788146973,0.29815927147865295
P0096,2025-03-01,0.5446122884750366,0.4230552613735199,0.19306160509586334
P0096,2025-04-01,NaN,NaN,NaN
P0096,2025-05-01,0.3670159578323364,0.23642675578594208,-0.03249161317944527
P0096,2025-06-01,0.20586195588111877,0.15788774192333221,-0.09748182445764542
P0096,2025-07-01,0.17309577763080597,0.13196590542793274,-0.11043629050254822
P0096,2025-08-01,0.12965604662895203,0.09997311234474182,-0.1309596449136734
P0096,2025-09-01,0.1307704895734787,0.09863203763961792,-0.14845973253250122
P0096,2025-10-01,0.14123639464378357,0.08836481720209122,-0.23876447975635529
P0096,2025-11-01,0.27953410148620605,0.1342153251171112,-0.13361874222755432
P0098,2025-01-01,NaN,NaN,NaN
P0098,2025-02-01,0.7098025679588318,0.39370232820510864,0.2657269537448883
P0098,2025-03-01,0.4603128731250763,0.34525465965270996,0.22413793206214905
P0098,2025-04-01,0.8771782517433167,0.7276464104652405,0.5095390677452087
P0098,2025-05-01,0.6557620763778687,0.46448758244514465,0.1770613044500351
P0098,2025-06-01,0.3170887529850006,0.23360823094844818,-0.09038800746202469
P0098,2025-07-01,0.2600569725036621,0.2011067122220993,-0.044411446899175644
P0098,2025-08-01,0.28040140867233276,0.20630048215389252,-0.05283842980861664
P0098,2025-09-01,0.2493325173854828,0.17591144144535065,-0.08622502535581589
P0098,2025-10-01,0.07064760476350784,0.017297474667429924,-0.45364806056022644
P0098,2025-11-01,0.058467742055654526,0.016867656260728836,-0.35661765933036804
P0101,2025-01-01,0.17194215953350067,0.08738481253385544,-0.30514365434646606
P0101,2025-02-01,0.4388701617717743,0.21582286059856415,-0.08523184061050415
P0101,2025-03-01,0.5795365571975708,0.4058340787887573,0.23639698326587677
P0101,2025-04-01,NaN,NaN,NaN
P0101,2025-05-01,0.37067005038261414,0.23979324102401733,0.08181999623775482
P0101,2025-06-01,0.14933791756629944,0.10315389931201935,-0.17771929502487183
P0101,2025-07-01,0.13675417006015778,0.09217257052659988,-0.18245795369148254
P0101,2025-08-01,0.11553473770618439,0.0743618980050087,-0.20860254764556885
P0101,2025-09-01,0.11702127754688263,0.0698496624827385,-0.23418095707893372
P0101,2025-10-01,0.15531794726848602,0.057351842522621155,-0.35843750834465027
P0101,2025-11-01,0.13025210797786713,0.04381183162331581,-0.2958115041255951
P0103,2025-01-01,0.2568189203739166,0.2378995418548584,-0.0567270927131176
P0103,2025-02-01,0.783170759677887,0.5767296552658081,0.31469160318374634
P0103,2025-03-01,0.8210253715515137,0.7522724270820618,0.4247031509876251
P0103,2025-04-01,0.9104267358779907,0.7862258553504944,0.47719845175743103
P0103,2025-05-01,0.1649167686700821,0.09813183546066284,-0.03948479890823364
P0103,2025-06-01,0.13385115563869476,0.09796404093503952,-0.08042777329683304
P0103,2025-07-01,0.12501759827136993,0.10208304226398468,-0.11906073987483978
P0103,2025-08-01,0.3688080608844757,0.1776593029499054,-0.1644223928451538
P0103,2025-09-01,0.18122127652168274,0.13142439723014832,-0.18437358736991882
P0103,2025-10-01,0.17395371198654175,0.11947201192378998,-0.1659468412399292
P0103,2025-11-01,0.20542356371879578,0.13289035856723785,-0.0656622052192688
P0106,2025-01-01,0.5240184664726257,0.37812885642051697,0.07144016772508621
P0106,2025-02-01,0.7389889359474182,0.5681211352348328,0.3418717682361603
P0106,2025-03-01,0.620999813079834,0.541478157043457,0.23302631080150604
P0106,2025-04-01,0.40357211232185364,0.3041324317455292,-0.03121311403810978
P0106,2025-05-01,0.2989397943019867,0.2303965985774994,-0.12240982055664062
P0106,2025-06-01,0.22993852198123932,0.1877322942018509,-0.15616095066070557
P0106,2025-07-01,0.1582157164812088,0.11657166481018066,-0.19234508275985718
P0106,2025-08-01,0.17693470418453217,0.13500012457370758,-0.17488525807857513
P0106,2025-09-01,0.171701118350029,0.12747541069984436,-0.18543533980846405
P0106,2025-10-01,0.2891794443130493,0.20746661722660065,-0.13138405978679657
P0106,2025-11-01,0.16269400715827942,0.08747094124555588,-0.26403507590293884
P0108,2025-01-01,0.5226141214370728,0.3897208869457245,0.12907692790031433
P0108,2025-02-01,0.5529918670654297,0.35752925276756287,0.16688893735408783
P0108,2025-03-01,0.5907524824142456,0.49017542600631714,0.24775992333889008
P0108,2025-04-01,0.28857678174972534,0.20245414972305298,-0.07000946253538132
P0108,2025-05-01,0.23878459632396698,0.18655233085155487,-0.10267342627048492
P0108,2025-06-01,0.2197108119726181,0.16621822118759155,-0.12349217385053635
P0108,2025-07-01,0.20199958980083466,0.12946254014968872,-0.15054073929786682
P0108,2025-08-01,0.21886582672595978,0.14819927513599396,-0.13506048917770386
P0108,2025-09-01,0.22307118773460388,0.14910313487052917,-0.12795642018318176
P0108,2025-10-01,0.20094677805900574,0.1426088958978653,-0.13487771153450012
P0108,2025-11-01,0.27952510118484497,0.173856720328331,-0.060416027903556824
P0110,2025-01-01,0.6272976398468018,0.3082599937915802,0.19948111474514008
P0110,2025-02-01,0.6754087209701538,0.37663817405700684,0.2590222656726837
P0110,2025-03-01,0.6091797947883606,0.40057864785194397,0.24763107299804688
P0110,2025-04-01,0.6776217222213745,0.4228661060333252,0.274398535490036
P0110,2025-05-01,0.5618279576301575,0.3586409389972687,0.09324691444635391
P0110,2025-06-01,0.44923707842826843,0.2904682457447052,0.008576679974794388
P0110,2025-07-01,0.3826979398727417,0.22928525507450104,-0.06652148067951202
P0110,2025-08-01,0.3716508150100708,0.22564281523227692,-0.06975381076335907
P0110,2025-09-01,0.41128239035606384,0.22634561359882355,-0.08446808159351349
P0110,2025-10-01,0.707744300365448,0.42001020908355713,0.27162471413612366
P0110,2025-11-01,0.7361344695091248,0.3990815579891205,0.3125794231891632
P0113,2025-01-01,0.6829801201820374,0.5164040327072144,0.3009626865386963
P0113,2025-02-01,0.8507217168807983,0.746895968914032,0.5377258062362671
P0113,2025-03-01,0.715833306312561,0.646876335144043,0.4249134957790375
P0113,2025-04-01,0.7077198624610901,0.5742654204368591,0.3448761999607086
P0113,2025-05-01,0.2003690004348755,0.1015978753566742,-0.26168861985206604
P0113,2025-06-01,0.3168011009693146,0.2651384472846985,-0.009424218907952309
P0113,2025-07-01,0.3032030761241913,0.24863170087337494,-0.01056786347180605
P0113,2025-08-01,0.32401421666145325,0.2736528813838959,0.019029850140213966
P0113,2025-09-01,0.339057981967926,0.27942824363708496,0.020474277436733246
P0113,2025-10-01,0.36122769117355347,0.22027066349983215,-0.04102753475308418
P0113,2025-11-01,0.42889463901519775,0.2205711305141449,0.027661552652716637
P0114,2025-01-01,0.22884811460971832,0.09291449189186096,-0.31777024269104004
P0114,2025-02-01,0.7118756175041199,0.41698962450027466,0.18150684237480164
P0114,2025-03-01,0.7580645084381104,0.5794006586074829,0.37729132175445557
P0114,2025-04-01,NaN,NaN,NaN
P0114,2025-05-01,0.329439252614975,0.17243187129497528,0.004793138243257999
P0114,2025-06-01,0.1594650149345398,0.1326049268245697,-0.08267442137002945
P0114,2025-07-01,0.1294914335012436,0.10969328135251999,-0.08106588572263718
P0114,2025-08-01,0.14055953919887543,0.12266755104064941,-0.0575161948800087
P0114,2025-09-01,0.16027303040027618,0.1397186517715454,-0.04783777892589569
P0114,2025-10-01,0.17537705600261688,0.09064539521932602,-0.2563248872756958
P0114,2025-11-01,0.21303395926952362,0.0762595534324646,-0.31039851903915405
P0117,2025-01-01,0.47821128368377686,0.36510589718818665,0.018870892003178596
P0117,2025-02-01,0.6714784502983093,0.5054683089256287,0.24311688542366028
P0117,2025-03-01,0.6608296632766724,0.5397214293479919,0.2732939124107361
P0117,2025-04-01,0.6426879167556763,0.507241427898407,0.22640295326709747
P0117,2025-05-01,0.380927711725235,0.2598458528518677,-0.10013508796691895
P0117,2025-06-01,0.17233319580554962,0.12340231239795685,-0.20205380022525787
P0117,2025-07-01,0.14895811676979065,0.10485956072807312,-0.2161857783794403
P0117,2025-08-01,0.15643033385276794,0.11164391785860062,-0.20490293204784393
P0117,2025-09-01,0.16970065236091614,0.12290879338979721,-0.19164103269577026
P0117,2025-10-01,0.1416414976119995,0.08784773200750351,-0.2739175856113434
P0117,2025-11-01,0.39232000708580017,0.2245997190475464,-0.04478595033288002
P0119,2025-01-01,0.1617533564567566,0.1397855132818222,-0.10136102885007858
P0119,2025-02-01,0.2631497085094452,0.22756022214889526,-0.026621896773576736
P0119,2025-03-01,0.35245901346206665,0.297253280878067,0.05573723837733269
P0119,2025-04-01,0.3529411852359772,0.2670378088951111,-0.008297525346279144
P0119,2025-05-01,0.22004684805870056,0.18586573004722595,-0.10330832749605179
P0119,2025-06-01,0.12673690915107727,0.10981450974941254,-0.18867509067058563
P0119,2025-07-01,0.07019982486963272,0.05428210645914078,-0.21760670840740204
P0119,2025-08-01,0.0584210529923439,0.04456280171871185,-0.22084462642669678
P0119,2025-09-01,0.06409788131713867,0.04720914736390114,-0.22213321924209595
P0119,2025-10-01,0.14144907891750336,0.10743650048971176,-0.16696113348007202
P0119,2025-11-01,0.2820698022842407,0.17299914360046387,-0.04807005077600479
P0121,2025-01-01,0.4911423325538635,0.38493457436561584,0.06454426795244217
P0121,2025-02-01,0.8066254258155823,0.6703150868415833,0.3344634473323822
P0121,2025-03-01,0.8114418983459473,0.6850440502166748,0.3726039528846741
P0121,2025-04-01,0.6964762210845947,0.443632036447525,0.25394633412361145
P0121,2025-05-01,0.1708422750234604,0.10779885947704315,-0.203796848654747
P0121,2025-06-01,0.13892629742622375,0.09733869135379791,-0.20261350274085999
P0121,2025-07-01,0.10809169709682465,0.08323202282190323,-0.17197957634925842
P0121,2025-08-01,0.09016270935535431,0.06991387903690338,-0.17851518094539642
P0121,2025-09-01,0.08917927742004395,0.05591972917318344,-0.2556791603565216
P0121,2025-10-01,0.1275562345981598,0.07388871163129807,-0.286361426115036
P0121,2025-11-01,0.12616510689258575,0.061344727873802185,-0.2772911787033081
P0124,2025-01-01,0.37577077746391296,0.19173112511634827,-0.18987612426280975
P0124,2025-02-01,0.6968981623649597,0.3912549614906311,0.11745115369558334
P0124,2025-03-01,0.8019822239875793,0.6581043004989624,0.4308903217315674
P0124,2025-04-01,0.926447868347168,0.8000199794769287,0.5572721362113953
P0124,2025-05-01,0.20140159130096436,0.10874572396278381,-0.16231144964694977
P0124,2025-06-01,0.1894736886024475,0.15307287871837616,-0.09901225566864014
P0124,2025-07-01,0.17136116325855255,0.13740096986293793,-0.0950210765004158
P0124,2025-08-01,0.17217771708965302,0.14038671553134918,-0.09339793026447296
P0124,2025-09-01,0.1661301851272583,0.12482532858848572,-0.16547222435474396
P0124,2025-10-01,0.13973213732242584,0.056522682309150696,-0.3725731074810028
P0124,2025-11-01,0.17323516309261322,0.07002555578947067,-0.2839016616344452
P0126,2025-01-01,0.3517862558364868,0.30251866579055786,0.048071421682834625
P0126,2025-02-01,0.7535458207130432,0.6728448271751404,0.35163986682891846
P0126,2025-03-01,0.7689164876937866,0.7619062066078186,0.42722833156585693
P0126,2025-04-01,0.6114206314086914,0.3782135248184204,0.1274605393409729
P0126,2025-05-01,0.10589272528886795,0.09295488148927689,-0.15156491100788116
P0126,2025-06-01,0.1387796550989151,0.12391264736652374,-0.12496344745159149
P0126,2025-07-01,0.11020243912935257,0.09167763590812683,-0.13685636222362518
P0126,2025-08-01,0.13362182676792145,0.11217525601387024,-0.10645994544029236
P0126,2025-09-01,0.13847583532333374,0.11435902118682861,-0.09803302586078644
P0126,2025-10-01,0.11908990144729614,0.1097181886434555,-0.10966887325048447
P0126,2025-11-01,0.22420942783355713,0.12290772795677185,-0.15645651519298553
P0128,2025-01-01,0.683742344379425,0.4141121506690979,0.16539278626441956
P0128,2025-02-01,0.890651285648346,0.6528095602989197,0.44507715106010437
P0128,2025-03-01,0.7903196811676025,0.7032656073570251,0.42735782265663147
P0128,2025-04-01,0.5737230777740479,0.314281702041626,0.08313066512346268
P0128,2025-05-01,0.20143061876296997,0.11749783158302307,-0.19927535951137543
P0128,2025-06-01,0.03955774009227753,0.024966659024357796,-0.3313843309879303
P0128,2025-07-01,0.11165375262498856,0.08377770334482193,-0.1815251111984253
P0128,2025-08-01,0.3273278474807739,0.24541735649108887,-0.009050911292433739
P0128,2025-09-01,0.28766104578971863,0.16313053667545319,-0.13971196115016937
P0128,2025-10-01,0.43872150778770447,0.2880477011203766,-0.010085445828735828
P0128,2025-11-01,0.3655685484409332,0.16148212552070618,-0.14580102264881134
P0131,2025-01-01,0.24638092517852783,0.15104058384895325,-0.1963762789964676
P0131,2025-02-01,0.7293492555618286,0.505560040473938,0.24707910418510437
P0131,2025-03-01,0.8001495599746704,0.708585798740387,0.4523378610610962
P0131,2025-04-01,NaN,NaN,NaN
P0131,2025-05-01,0.30899012088775635,0.20255324244499207,-0.03893116116523743
P0131,2025-06-01,0.240127831697464,0.1616968959569931,-0.0853535383939743
P0131,2025-07-01,0.07755298912525177,0.05933806672692299,-0.19173792004585266
P0131,2025-08-01,0.23174971342086792,0.15677420794963837,-0.14398454129695892
P0131,2025-09-01,0.1819583624601364,0.11514067649841309,-0.22640874981880188
P0131,2025-10-01,0.04590880870819092,0.024609100073575974,-0.3411371111869812
P0131,2025-11-01,0.21070095896720886,0.08918539434671402,-0.20765472948551178
P0133,2025-01-01,0.8033877611160278,0.2969721257686615,0.3839368522167206
P0133,2025-02-01,0.9097382426261902,0.733833372592926,0.5511141419410706
P0133,2025-03-01,0.8505768775939941,0.7520318627357483,0.5225045680999756
P0133,2025-04-01,0.9126574397087097,0.7607834935188293,0.4923473596572876
P0133,2025-05-01,0.3242749571800232,0.22221526503562927,0.06874308735132217
P0133,2025-06-01,0.1590021699666977,0.10698231309652328,-0.11437095701694489
P0133,2025-07-01,0.07040572911500931,0.05195622146129608,-0.17953743040561676
P0133,2025-08-01,0.08136069029569626,0.061679162085056305,-0.16220621764659882
P0133,2025-09-01,0.00900292582809925,0.005957877729088068,-0.2305183708667755
P0133,2025-10-01,0.16573461890220642,0.06180797889828682,-0.22297526895999908
P0133,2025-11-01,0.12510748207569122,0.05123239383101463,-0.18928128480911255
P0136,2025-01-01,0.31346800923347473,0.17778711020946503,-0.28171607851982117
P0136,2025-02-01,0.6157692074775696,0.3190768361091614,-0.015005861409008503
P0136,2025-03-01,0.7485977411270142,0.651226818561554,0.3265957534313202
P0136,2025-04-01,0.830366313457489,0.8084461092948914,0.5376761555671692
P0136,2025-05-01,0.3294515311717987,0.16143877804279327,-0.05852620303630829
P0136,2025-06-01,0.18548762798309326,0.11990950256586075,-0.16196602582931519
P0136,2025-07-01,0.16439975798130035,0.11971062421798706,-0.18636363744735718
P0136,2025-08-01,0.005164034198969603,0.002881648950278759,-0.3990192413330078
P0136,2025-09-01,-0.0790538415312767,-0.04191557317972183,-0.45506444573402405
P0136,2025-10-01,0.19921018183231354,0.0863741859793663,-0.37129053473472595
P0136,2025-11-01,0.32133153080940247,0.09457352012395859,-0.3508010804653168
P0138,2025-01-01,NaN,NaN,NaN
P0138,2025-02-01,0.7779390215873718,0.642707884311676,0.37287864089012146
P0138,2025-03-01,0.7818408608436584,0.707848846912384,0.41087570786476135
P0138,2025-04-01,NaN,NaN,NaN
P0138,2025-05-01,0.6671642065048218,0.508648157119751,0.33658120036125183
P0138,2025-06-01,0.18109610676765442,0.14429283142089844,-0.049232736229896545
P0138,2025-07-01,0.031117182224988937,0.02416370064020157,-0.18607716262340546
P0138,2025-08-01,0.045049674808979034,0.033452898263931274,-0.21992072463035583
P0138,2025-09-01,0.055921051651239395,0.041209492832422256,-0.20812775194644928
P0138,2025-10-01,0.21553155779838562,0.09865419566631317,-0.25954970717430115
P0138,2025-11-01,0.45267918705940247,0.23013514280319214,0.00942940078675747
P0140,2025-01-01,0.5353559851646423,0.3830934762954712,0.10533732920885086
P0140,2025-02-01,0.8547516465187073,0.7711919546127319,0.49781978130340576
P0140,2025-03-01,0.8021636009216309,0.7602920532226562,0.48120707273483276
P0140,2025-04-01,0.6043981909751892,0.43218016624450684,0.1991869956254959
P0140,2025-05-01,0.14834652841091156,0.10061284154653549,-0.21104000508785248
P0140,2025-06-01,0.15786083042621613,0.11307692527770996,-0.21034128963947296
P0140,2025-07-01,0.13699547946453094,0.10834436863660812,-0.17348429560661316
P0140,2025-08-01,0.11547084897756577,0.09321025758981705,-0.16586826741695404
P0140,2025-09-01,0.11595481634140015,0.09049586951732635,-0.18946288526058197
P0140,2025-10-01,0.23608680069446564,0.18598687648773193,-0.1071925163269043
P0140,2025-11-01,0.3416557013988495,0.2056441456079483,-0.04650728404521942
P0143,2025-01-01,0.6527050733566284,0.46816882491111755,0.20900966227054596
P0143,2025-02-01,0.8163554668426514,0.6075637936592102,0.40365296602249146
P0143,2025-03-01,0.7692606449127197,0.6524243950843811,0.4480622708797455
P0143,2025-04-01,0.645423948764801,0.39444786310195923,0.18236836791038513
P0143,2025-05-01,0.16211165487766266,0.10823456197977066,-0.20016077160835266
P0143,2025-06-01,0.19374537467956543,0.15031872689723969,-0.1618812531232834
P0143,2025-07-01,0.07606853544712067,0.053981829434633255,-0.21172413229942322
P0143,2025-08-01,0.06858865916728973,0.048433881253004074,-0.20873448252677917
P0143,2025-09-01,0.07861699908971786,0.052790138870477676,-0.22390048205852509
P0143,2025-10-01,0.13801878690719604,0.09616958349943161,-0.19798564910888672
P0143,2025-11-01,0.23403605818748474,0.11976609379053116,-0.16324838995933533
P0145,2025-01-01,0.560832679271698,0.429646372795105,0.1892516165971756
P0145,2025-02-01,0.5746695399284363,0.4843566417694092,0.23372988402843475
P0145,2025-03-01,0.18651734292507172,0.13629639148712158,-0.11373873800039291
P0145,2025-04-01,NaN,NaN,NaN
P0145,2025-05-01,0.3739872872829437,0.2726953327655792,-0.03890335559844971
P0145,2025-06-01,0.32455959916114807,0.24744808673858643,-0.04354983568191528
P0145,2025-07-01,0.3017629384994507,0.23681266605854034,-0.0353022925555706
P0145,2025-08-01,0.3188650906085968,0.25031712651252747,-0.02228722721338272
P0145,2025-09-01,0.32206404209136963,0.24500662088394165,-0.03129074349999428
P0145,2025-10-01,0.22968117892742157,0.156465083360672,-0.12661457061767578
P0145,2025-11-01,0.5640586614608765,0.36627188324928284,0.23090244829654694
P0147,2025-01-01,0.6542350053787231,0.5094471573829651,0.20173004269599915
P0147,2025-02-01,0.8331924080848694,0.6612859964370728,0.3706923723220825
P0147,2025-03-01,0.8614182472229004,0.7414274215698242,0.4684210419654846
P0147,2025-04-01,0.7304548025131226,0.5030616521835327,0.231230691075325
P0147,2025-05-01,0.33938679099082947,0.23129098117351532,-0.10312697291374207
P0147,2025-06-01,0.16449536383152008,0.13964024186134338,-0.19950367510318756
P0147,2025-07-01,0.11590070277452469,0.09001615643501282,-0.1866748183965683
P0147,2025-08-01,0.08732711523771286,0.06777503341436386,-0.18542169034481049
P0147,2025-09-01,0.25377413630485535,0.17811636626720428,-0.12203934043645859
P0147,2025-10-01,0.25020459294319153,0.16054503619670868,-0.15523914992809296
P0147,2025-11-01,0.13035331666469574,0.07057970762252808,-0.15658079087734222
P0150,2025-01-01,0.2973768711090088,0.18770062923431396,-0.12000726163387299
P0150,2025-02-01,0.7408003807067871,0.5689003467559814,0.312467485666275
P0150,2025-03-01,0.7530341744422913,0.6624284386634827,0.4538660943508148
P0150,2025-04-01,0.771109402179718,0.6744047403335571,0.4416705071926117
P0150,2025-05-01,0.21998898684978485,0.14200909435749054,-0.16095437109470367
P0150,2025-06-01,0.07450523972511292,0.04960009828209877,-0.2586345374584198
P0150,2025-07-01,0.20794589817523956,0.16411817073822021,-0.11021170765161514
P0150,2025-08-01,0.2117258757352829,0.1750623881816864,-0.07432757318019867
P0150,2025-09-01,0.22173398733139038,0.17757566273212433,-0.09172006696462631
P0150,2025-10-01,0.23886363208293915,0.16448603570461273,-0.1603512018918991
P0150,2025-11-01,0.3285670876502991,0.18285249173641205,-0.06906843185424805
P0152,2025-01-01,0.5552502870559692,0.3157438039779663,0.01151479035615921
P0152,2025-02-01,0.9425638914108276,0.7693130373954773,0.5448071956634521
P0152,2025-03-01,0.8321125507354736,0.7120472192764282,0.514741063117981
P0152,2025-04-01,NaN,NaN,NaN
P0152,2025-05-01,0.19932015240192413,0.10974987596273422,-0.20012366771697998
P0152,2025-06-01,0.18162252008914948,0.1474541574716568,-0.13532832264900208
P0152,2025-07-01,0.1885538250207901,0.1519308090209961,-0.11727874726057053
P0152,2025-08-01,0.14073097705841064,0.10118112713098526,-0.17809149622917175
P0152,2025-09-01,0.1835365891456604,0.12706498801708221,-0.17251670360565186
P0152,2025-10-01,0.2460678070783615,0.11285668611526489,-0.24229542911052704
P0152,2025-11-01,0.3106968402862549,0.11984659731388092,-0.14800922572612762
P0154,2025-01-01,0.4432730972766876,0.18382811546325684,-0.20929592847824097
P0154,2025-02-01,0.6943463087081909,0.389293909072876,0.11563517898321152
P0154,2025-03-01,0.7073465585708618,0.5241950154304504,0.30495011806488037
P0154,2025-04-01,0.7582491636276245,0.5819522738456726,0.37036389112472534
P0154,2025-05-01,0.07020316272974014,0.04537761211395264,-0.25067171454429626
P0154,2025-06-01,0.03338926285505295,0.025290394201874733,-0.2390659749507904
P0154,2025-07-01,0.18630509078502655,0.15719744563102722,-0.07642774283885956
P0154,2025-08-01,0.29690879583358765,0.2389422357082367,0.015367860905826092
P0154,2025-09-01,0.3080765902996063,0.23667579889297485,0.0014023457188159227
P0154,2025-10-01,0.1868162751197815,0.10180995613336563,-0.22267131507396698
P0154,2025-11-01,0.2072920948266983,0.08573365211486816,-0.2035135179758072
P0157,2025-01-01,0.2811872363090515,0.17895185947418213,-0.13238628208637238
P0157,2025-02-01,0.7361353039741516,0.5129093527793884,0.25354641675949097
P0157,2025-03-01,0.7424604296684265,0.5734682679176331,0.34275203943252563
P0157,2025-04-01,0.8462379574775696,0.658396303653717,0.40379178524017334
P0157,2025-05-01,0.5668248534202576,0.427859365940094,0.11950840801000595
P0157,2025-06-01,0.45178863406181335,0.3546483516693115,0.061330147087574005
P0157,2025-07-01,0.23212465643882751,0.19208522140979767,-0.07469379156827927
P0157,2025-08-01,0.20737527310848236,0.17102783918380737,-0.07868020236492157
P0157,2025-09-01,0.2797969877719879,0.22238704562187195,-0.06896141171455383
P0157,2025-10-01,0.3284023702144623,0.23059025406837463,-0.08789274096488953
P0157,2025-11-01,0.34462299942970276,0.2027459442615509,-0.022290131077170372
P0159,2025-01-01,0.4830053746700287,0.3535485863685608,0.030545195564627647
P0159,2025-02-01,0.8694117665290833,0.6670156717300415,0.41773733496665955
P0159,2025-03-01,0.7738258838653564,0.6693636178970337,0.4073900878429413
P0159,2025-04-01,NaN,NaN,NaN
P0159,2025-05-01,0.3078668713569641,0.20151840150356293,-0.02242744155228138
P0159,2025-06-01,0.1226983591914177,0.09377958625555038,-0.14100922644138336
P0159,2025-07-01,0.04723449796438217,0.036756858229637146,-0.1910310685634613
P0159,2025-08-01,-0.02905668132007122,-0.02019512467086315,-0.28398972749710083
P0159,2025-09-01,-0.02882922627031803,-0.0191851444542408,-0.29028627276420593
P0159,2025-10-01,0.024957699701189995,0.011021445505321026,-0.36387503147125244
P0159,2025-11-01,0.027280129492282867,0.011812412180006504,-0.2874894142150879
P0162,2025-01-01,0.39003539085388184,0.2359803020954132,-0.21833553910255432
P0162,2025-02-01,0.7005297541618347,0.4323742091655731,0.1284119039773941
P0162,2025-03-01,0.7706251740455627,0.5837206244468689,0.3554527759552002
P0162,2025-04-01,NaN,NaN,NaN
P0162,2025-05-01,0.2599928081035614,0.12712609767913818,-0.15503501892089844
P0162,2025-06-01,0.1994381994009018,0.14910537004470825,-0.148157998919487
P0162,2025-07-01,0.13598941266536713,0.11249756813049316,-0.14882132411003113
P0162,2025-08-01,0.1315447837114334,0.1113036721944809,-0.13036248087882996
P0162,2025-09-01,0.1407572329044342,0.11704281717538834,-0.1357705295085907
P0162,2025-10-01,0.1749546229839325,0.08789846301078796,-0.32067155838012695
P0162,2025-11-01,0.19362084567546844,0.08035048842430115,-0.2989445924758911
P0164,2025-01-01,0.14900046586990356,0.09634172171354294,-0.2323342114686966
P0164,2025-02-01,0.6706189513206482,0.48738452792167664,0.18165045976638794
P0164,2025-03-01,0.8052546977996826,0.675130307674408,0.4367118775844574
P0164,2025-04-01,NaN,NaN,NaN
P0164,2025-05-01,0.2450731098651886,0.13533438742160797,-0.18936258554458618
P0164,2025-06-01,0.0772300437092781,0.051169589161872864,-0.26845210790634155
P0164,2025-07-01,0.11900097876787186,0.09613609313964844,-0.18644671142101288
P0164,2025-08-01,0.11421725153923035,0.09306745231151581,-0.17553190886974335
P0164,2025-09-01,0.11970198899507523,0.09561468660831451,-0.18635708093643188
P0164,2025-10-01,0.16807085275650024,0.11218133568763733,-0.21580855548381805
P0164,2025-11-01,0.1813884824514389,0.0956893041729927,-0.16391386091709137
P0167,2025-01-01,0.20033468306064606,0.13166163861751556,-0.1658082753419876
P0167,2025-02-01,0.6490780115127563,0.40412604808807373,0.18222492933273315
P0167,2025-03-01,0.7156631946563721,0.571682870388031,0.3261013627052307
P0167,2025-04-01,0.8293269276618958,0.6443123817443848,0.4338814616203308
P0167,2025-05-01,0.25792479515075684,0.18586306273937225,-0.07338651269674301
P0167,2025-06-01,0.24765174090862274,0.19174824655056,-0.08758256584405899
P0167,2025-07-01,0.16041912138462067,0.1321580559015274,-0.12429001182317734
P0167,2025-08-01,0.132579505443573,0.11167198419570923,-0.12788419425487518
P0167,2025-09-01,0.1160779744386673,0.09649357944726944,-0.15039607882499695
P0167,2025-10-01,0.07375222444534302,0.050822995603084564,-0.2742469906806946
P0167,2025-11-01,0.06016119569540024,0.03082050383090973,-0.23046384751796722
P0169,2025-01-01,0.33420613408088684,0.21693448722362518,-0.06723248213529587
P0169,2025-02-01,0.5326144099235535,0.3454216718673706,0.12729735672473907
P0169,2025-03-01,0.7025696039199829,0.5627208352088928,0.37228167057037354
P0169,2025-04-01,NaN,NaN,NaN
P0169,2025-05-01,0.25116685032844543,0.14774014055728912,-0.20070816576480865
P0169,2025-06-01,0.1490669995546341,0.10592135041952133,-0.23417185246944427
P0169,2025-07-01,0.1337280571460724,0.09242535382509232,-0.22821404039859772
P0169,2025-08-01,-0.009878099896013737,-0.006638605613261461,-0.3046494424343109
P0169,2025-09-01,-0.017728904262185097,-0.01141123753041029,-0.3219209909439087
P0169,2025-10-01,0.1642512083053589,0.09997214376926422,-0.2084701806306839
P0169,2025-11-01,0.19456830620765686,0.08204567432403564,-0.21076592803001404
P0172,2025-01-01,0.18458698689937592,0.07298737019300461,-0.3481462597846985
P0172,2025-02-01,0.6325268745422363,0.41053110361099243,0.11513037234544754
P0172,2025-03-01,0.7529271841049194,0.6317858099937439,0.3562106490135193
P0172,2025-04-01,0.8259613513946533,0.6428843140602112,0.35583430528640747
P0172,2025-05-01,0.45306017994880676,0.29160407185554504,0.014484881423413754
P0172,2025-06-01,0.45838335156440735,0.3539426624774933,0.06876832991838455
P0172,2025-07-01,0.30512598156929016,0.2420533150434494,-0.030588539317250252
P0172,2025-08-01,0.24327628314495087,0.1885489970445633,-0.06304290890693665
P0172,2025-09-01,0.30327868461608887,0.22291122376918793,-0.05917159840464592
P0172,2025-10-01,0.37383177876472473,0.20457319915294647,-0.12399077415466309
P0172,2025-11-01,0.33743932843208313,0.1525944471359253,-0.16480186581611633
P0174,2025-01-01,0.08770591765642166,0.07811438292264938,-0.1553950011730194
P0174,2025-02-01,0.2536185383796692,0.22274640202522278,-0.030713751912117004
P0174,2025-03-01,0.4472508728504181,0.43119320273399353,0.14041262865066528
P0174,2025-04-01,0.28503260016441345,0.2489442080259323,-0.029549550265073776
P0174,2025-05-01,0.12036444991827011,0.10535889118909836,-0.17356443405151367
P0174,2025-06-01,0.10375111550092697,0.09388722479343414,-0.1837296336889267
P0174,2025-07-01,0.1000438779592514,0.08618517220020294,-0.1669251173734665
P0174,2025-08-01,0.09398232400417328,0.0832277461886406,-0.15986211597919464
P0174,2025-09-01,0.09084516763687134,0.08165845274925232,-0.16049782931804657
P0174,2025-10-01,0.005200715269893408,0.004441483411937952,-0.23951801657676697
P0174,2025-11-01,0.018998658284544945,0.012876446358859539,-0.2572499215602875
P0177,2025-01-01,0.43875905871391296,0.2063516080379486,-0.1147744208574295
P0177,2025-02-01,0.8607667684555054,0.5670122504234314,0.3192315697669983
P0177,2025-03-01,0.8356726169586182,0.6701298952102661,0.42825940251350403
P0177,2025-04-01,0.8423926830291748,0.6060497760772705,0.41714394092559814
P0177,2025-05-01,0.14989793300628662,0.08559248596429825,-0.19349560141563416
P0177,2025-06-01,0.12694048881530762,0.10546538978815079,-0.1534256488084793
P0177,2025-07-01,0.10901019722223282,0.08652641624212265,-0.15939681231975555
P0177,2025-08-01,0.08015451580286026,0.06386416405439377,-0.16028527915477753
P0177,2025-09-01,0.07573389261960983,0.05845757946372032,-0.18865452706813812
P0177,2025-10-01,0.07001733034849167,0.03395757079124451,-0.3090868294239044
P0177,2025-11-01,0.11587436497211456,0.04721549525856972,-0.2936593294143677
P0179,2025-01-01,0.6803770065307617,0.4454001486301422,0.13134615123271942
P0179,2025-02-01,NaN,NaN,NaN
P0179,2025-03-01,0.6237022280693054,0.523891031742096,0.2449684590101242
P0179,2025-04-01,NaN,NaN,NaN
P0179,2025-05-01,0.601335346698761,0.48272761702537537,0.13685014843940735
P0179,2025-06-01,0.3801853358745575,0.28552964329719543,-0.06292134523391724
P0179,2025-07-01,0.32591649889945984,0.23362497985363007,-0.10126400738954544
P0179,2025-08-01,0.27313029766082764,0.2105247527360916,-0.08959338068962097
P0179,2025-09-01,0.3061179518699646,0.21488599479198456,-0.11364994198083878
P0179,2025-10-01,0.39519229531288147,0.21828417479991913,-0.12484921514987946
P0179,2025-11-01,0.5562664866447449,0.26861006021499634,0.03478478640317917
P0182,2025-01-01,0.4641803205013275,0.29489976167678833,-0.006010929122567177
P0182,2025-02-01,0.7749558091163635,0.5960793495178223,0.37196996808052063
P0182,2025-03-01,0.7124561667442322,0.6408799886703491,0.3878856897354126
P0182,2025-04-01,0.757365345954895,0.6513669490814209,0.42476800084114075
P0182,2025-05-01,0.35250672698020935,0.2471829056739807,0.053521618247032166
P0182,2025-06-01,0.14653262495994568,0.113393634557724,-0.12004707753658295
P0182,2025-07-01,0.14051036536693573,0.10643181949853897,-0.1011814996600151
P0182,2025-08-01,0.13906152546405792,0.10662377625703812,-0.1091262623667717
P0182,2025-09-01,0.12910552322864532,0.09300042688846588,-0.15394684672355652
P0182,2025-10-01,0.14578993618488312,0.0793650820851326,-0.2738072872161865
P0182,2025-11-01,0.26657506823539734,0.1299397200345993,-0.15163367986679077
P0184,2025-01-01,0.576600968837738,0.39788565039634705,0.040813006460666656
P0184,2025-02-01,0.9120798707008362,0.6719899773597717,0.4560459852218628
P0184,2025-03-01,0.9558887481689453,0.77414470911026,0.5036752223968506
P0184,2025-04-01,0.8137750029563904,0.7346083521842957,0.49552470445632935
P0184,2025-05-01,0.19128172099590302,0.13080231845378876,-0.09669462591409683
P0184,2025-06-01,0.051243856549263,0.04063408076763153,-0.19247053563594818
P0184,2025-07-01,0.056756358593702316,0.04572376236319542,-0.16672463715076447
P0184,2025-08-01,0.10181592404842377,0.07972000539302826,-0.1550821214914322
P0184,2025-09-01,0.12158447504043579,0.09457216411828995,-0.13933002948760986
P0184,2025-10-01,0.17309725284576416,0.10311388224363327,-0.23174108564853668
P0184,2025-11-01,0.2888212203979492,0.11745560169219971,-0.15367038547992706
P0187,2025-01-01,0.3718397617340088,0.16519786417484283,-0.2034778743982315
P0187,2025-02-01,0.8696090579032898,0.6219785213470459,0.39578235149383545
P0187,2025-03-01,0.8365051746368408,0.781022846698761,0.5001413226127625
P0187,2025-04-01,0.8307772874832153,0.7210927605628967,0.5302257537841797
P0187,2025-05-01,0.25286006927490234,0.14068415760993958,-0.12389743328094482
P0187,2025-06-01,0.13334733247756958,0.09141425788402557,-0.19866369664669037
P0187,2025-07-01,0.1383892446756363,0.10574541985988617,-0.146830216050148
P0187,2025-08-01,0.14746259152889252,0.11366338282823563,-0.1252351850271225
P0187,2025-09-01,0.1529001146554947,0.11450761556625366,-0.1484163999557495
P0187,2025-10-01,0.13045337796211243,0.04870804026722908,-0.3849197030067444
P0187,2025-11-01,0.13664014637470245,0.04781085252761841,-0.31013917922973633
P0189,2025-01-01,0.37492239475250244,0.12104208767414093,-0.01904340088367462
P0189,2025-02-01,0.8228174448013306,0.695501983165741,0.46057233214378357
P0189,2025-03-01,0.7343992590904236,0.694366991519928,0.5117034316062927
P0189,2025-04-01,0.8724526762962341,0.7954545617103577,0.6198646426200867
P0189,2025-05-01,0.11145952343940735,0.06547439843416214,-0.27662336826324463
P0189,2025-06-01,0.18767932057380676,0.15334546566009521,-0.10935324430465698
P0189,2025-07-01,0.09475433826446533,0.06961406767368317,-0.18808218836784363
P0189,2025-08-01,0.08615107834339142,0.06336314231157303,-0.1689830720424652
P0189,2025-09-01,0.09475132822990417,0.06546778231859207,-0.19394992291927338
P0189,2025-10-01,0.19604863226413727,0.1036544218659401,-0.23873089253902435
P0189,2025-11-01,0.20911063253879547,0.08412454277276993,-0.21757440268993378
P0192,2025-01-01,0.8792074918746948,0.7237557172775269,0.39705416560173035
P0192,2025-02-01,0.9384481310844421,0.8845281600952148,0.5500558018684387
P0192,2025-03-01,0.7351331114768982,0.6231995224952698,0.4216550588607788
P0192,2025-04-01,0.7505192756652832,0.5353262424468994,0.4137931168079376
P0192,2025-05-01,0.1582118570804596,0.12285679578781128,-0.20536071062088013
P0192,2025-06-01,0.18055802583694458,0.15030920505523682,-0.17539721727371216
P0192,2025-07-01,0.003061447525396943,0.0020849467255175114,-0.30426210165023804
P0192,2025-08-01,-0.02327127568423748,-0.015442539006471634,-0.31748488545417786
P0192,2025-09-01,-0.03215513005852699,-0.019832858815789223,-0.34976911544799805
P0192,2025-10-01,0.03869226202368736,0.020218802616000175,-0.3469734191894531
P0192,2025-11-01,0.14042392373085022,0.06070622056722641,-0.2497510015964508
P0194,2025-01-01,0.32690998911857605,0.22328893840312958,-0.1189221739768982
P0194,2025-02-01,0.8658227920532227,0.5662668347358704,0.2641509473323822
P0194,2025-03-01,0.9174597263336182,0.7806715965270996,0.4346120357513428
P0194,2025-04-01,0.7740547060966492,0.44773995876312256,0.18940642476081848
P0194,2025-05-01,0.3520437479019165,0.2059546709060669,-0.14924833178520203
P0194,2025-06-01,0.36939314007759094,0.2990345358848572,-0.04654011130332947
P0194,2025-07-01,0.17294402420520782,0.13017243146896362,-0.16730037331581116
P0194,2025-08-01,0.16447705030441284,0.1244673952460289,-0.16350042819976807
P0194,2025-09-01,0.16020962595939636,0.11786088347434998,-0.187762051820755
P0194,2025-10-01,0.028035104274749756,0.01606728695333004,-0.37293681502342224
P0194,2025-11-01,0.011920102871954441,0.005557892378419638,-0.3943308889865875
P0197,2025-01-01,0.30209824442863464,0.19348828494548798,-0.08877023309469223
P0197,2025-02-01,0.7157976031303406,0.4741629958152771,0.1861170530319214
P0197,2025-03-01,0.7437967658042908,0.6086242198944092,0.3008667528629303
P0197,2025-04-01,0.4691525399684906,0.32053855061531067,0.09426022320985794
P0197,2025-05-01,0.21889126300811768,0.14474967122077942,-0.14914466440677643
P0197,2025-06-01,0.19410164654254913,0.1374407559633255,-0.15196079015731812
P0197,2025-07-01,0.13391275703907013,0.1044989824295044,-0.13153353333473206
P0197,2025-08-01,0.08500257134437561,0.04789327457547188,-0.24862173199653625
P0197,2025-09-01,0.07215047627687454,0.037998639047145844,-0.2710441052913666
P0197,2025-10-01,0.06185567006468773,0.03879113495349884,-0.2702139616012573
P0197,2025-11-01,0.3903213143348694,0.16147029399871826,-0.08984678983688354
P0199,2025-01-01,0.468894898891449,0.3822649121284485,0.11693844944238663
P0199,2025-02-01,0.7002118825912476,0.6890748739242554,0.36496174335479736
P0199,2025-03-01,0.6232557892799377,0.5922335982322693,0.30610400438308716
P0199,2025-04-01,0.26450225710868835,0.1789058893918991,-0.09499402344226837
P0199,2025-05-01,0.02495800331234932,0.01726599596440792,-0.32055360078811646
P0199,2025-06-01,0.018406236544251442,0.013585219159722328,-0.32252952456474304
P0199,2025-07-01,0.12075413018465042,0.1020435020327568,-0.17140881717205048
P0199,2025-08-01,0.1172320619225502,0.10003329813480377,-0.16229599714279175
P0199,2025-09-01,0.1342054307460785,0.11020635813474655,-0.16680507361888885
P0199,2025-10-01,0.20123088359832764,0.15960593521595,-0.16986724734306335
P0199,2025-11-01,0.23335620760917664,0.15373021364212036,-0.14265267550945282
P0202,2025-01-01,NaN,NaN,NaN
P0202,2025-02-01,0.8863407373428345,0.6377384662628174,0.44247445464134216
P0202,2025-03-01,0.8298981785774231,0.5934581160545349,0.4245118796825409
P0202,2025-04-01,0.8877284526824951,0.7524428963661194,0.501197874546051
P0202,2025-05-01,0.5167958736419678,0.3670092225074768,0.15118560194969177
P0202,2025-06-01,0.28859737515449524,0.21475985646247864,-0.039560768753290176
P0202,2025-07-01,0.28178220987319946,0.2201080322265625,-0.02981770783662796
P0202,2025-08-01,0.28073880076408386,0.21795536577701569,-0.038304053246974945
P0202,2025-09-01,0.28862419724464417,0.22419480979442596,-0.02672751061618328
P0202,2025-10-01,0.3690560758113861,0.10718997567892075,-0.2921100854873657
P0202,2025-11-01,0.42009133100509644,0.129270538687706,-0.19280682504177094
P0204,2025-01-01,0.26343992352485657,0.21074174344539642,-0.08546046167612076
P0204,2025-02-01,0.6489994525909424,0.5433633923530579,0.2566286623477936
P0204,2025-03-01,0.7173676490783691,0.6248223781585693,0.3713086247444153
P0204,2025-04-01,0.7580138444900513,0.5905203223228455,0.3778325021266937
P0204,2025-05-01,0.2518308460712433,0.15970516204833984,-0.15418994426727295
P0204,2025-06-01,0.15857253968715668,0.13053029775619507,-0.1445755511522293
P0204,2025-07-01,0.1557796746492386,0.12530264258384705,-0.13874436914920807
P0204,2025-08-01,0.1393158882856369,0.1187300831079483,-0.11499569565057755
P0204,2025-09-01,0.1455858051776886,0.1188867837190628,-0.1468413919210434
P0204,2025-10-01,0.13097307085990906,0.08764280378818512,-0.23985400795936584
P0204,2025-11-01,0.1911121904850006,0.11444276571273804,-0.1421825885772705
P0207,2025-01-01,0.6752201318740845,0.4859149754047394,0.168655663728714
P0207,2025-02-01,0.9087199568748474,0.7302381992340088,0.5230505466461182
P0207,2025-03-01,0.8432561755180359,0.7543479204177856,0.5214621424674988
P0207,2025-04-01,NaN,NaN,NaN
P0207,2025-05-01,0.43888524174690247,0.31779325008392334,0.15257515013217926
P0207,2025-06-01,0.2011013627052307,0.14043983817100525,-0.06508969515562057
P0207,2025-07-01,0.11464474350214005,0.08906833827495575,-0.1330839842557907
P0207,2025-08-01,0.11753285676240921,0.09252292662858963,-0.12387308478355408
P0207,2025-09-01,0.11516168713569641,0.08995591849088669,-0.13026410341262817
P0207,2025-10-01,0.2113526612520218,0.09500198811292648,-0.2698374092578888
P0207,2025-11-01,0.2607373595237732,0.11972076445817947,-0.15833544731140137
P0210,2025-01-01,0.5592585802078247,0.46835821866989136,0.18149898946285248
P0210,2025-02-01,0.8574273586273193,0.7988741993904114,0.4674796760082245
P0210,2025-03-01,0.7935580611228943,0.7392264008522034,0.43830299377441406
P0210,2025-04-01,0.538084089756012,0.3689759075641632,0.10304959863424301
P0210,2025-05-01,0.20082144439220428,0.13905103504657745,-0.16754083335399628
P0210,2025-06-01,0.24312534928321838,0.18377821147441864,-0.13305118680000305
P0210,2025-07-01,0.12855269014835358,0.10649601370096207,-0.14299944043159485
P0210,2025-08-01,0.12369576841592789,0.10502144694328308,-0.12907001376152039
P0210,2025-09-01,0.12301763892173767,0.10274311900138855,-0.14615730941295624
P0210,2025-10-01,0.17359724640846252,0.12675011157989502,-0.1800304502248764
P0210,2025-11-01,0.1110810786485672,0.06007366627454758,-0.26405298709869385
P0212,2025-01-01,0.2628733217716217,0.16298969089984894,-0.15952707827091217
P0212,2025-02-01,0.5532273650169373,0.3869348466396332,0.10258163511753082
P0212,2025-03-01,0.6596425175666809,0.5587607026100159,0.31794410943984985
P0212,2025-04-01,NaN,NaN,NaN
P0212,2025-05-01,0.15890280902385712,0.10368449985980988,-0.20308943092823029
P0212,2025-06-01,0.15516631305217743,0.11994966864585876,-0.16551636159420013
P0212,2025-07-01,0.1340292990207672,0.1031595841050148,-0.1757434904575348
P0212,2025-08-01,0.1366894692182541,0.10749795287847519,-0.155122309923172
P0212,2025-09-01,0.1438736617565155,0.10779673606157303,-0.1773589551448822
P0212,2025-10-01,0.2060834765434265,0.1302533596754074,-0.202774316072464
P0212,2025-11-01,0.20019125938415527,0.10004141926765442,-0.173435777425766
P0215,2025-01-01,0.5940278172492981,0.44904711842536926,0.21978022158145905
P0215,2025-02-01,0.5945945978164673,0.45099711418151855,0.2017272263765335
P0215,2025-03-01,0.5786547064781189,0.5083837509155273,0.24907748401165009
P0215,2025-04-01,0.45730358362197876,0.35405388474464417,0.06007015332579613
P0215,2025-05-01,0.25271740555763245,0.20139750838279724,-0.11357518285512924
P0215,2025-06-01,0.2530864179134369,0.21198400855064392,-0.1068965494632721
P0215,2025-07-01,0.22057120501995087,0.16211846470832825,-0.1240825355052948
P0215,2025-08-01,0.24204881489276886,0.1833898425102234,-0.08823130279779434
P0215,2025-09-01,0.2434147298336029,0.17995736002922058,-0.09298738092184067
P0215,2025-10-01,0.1298927217721939,0.07305698096752167,-0.2798004150390625
P0215,2025-11-01,0.20152856409549713,0.08720626682043076,-0.20874172449111938
P0217,2025-01-01,NaN,NaN,NaN
P0217,2025-02-01,0.823186993598938,0.6116637587547302,0.39539632201194763
P0217,2025-03-01,NaN,NaN,NaN
P0217,2025-04-01,NaN,NaN,NaN
P0217,2025-05-01,0.5359507203102112,0.39877718687057495,0.17229965329170227
P0217,2025-06-01,0.3140659034252167,0.2329801619052887,0.006345369387418032
P0217,2025-07-01,0.24477660655975342,0.19348527491092682,-0.04122307524085045
P0217,2025-08-01,0.2555294930934906,0.20385520160198212,-0.03775523230433464
P0217,2025-09-01,0.2681209146976471,0.20587149262428284,-0.036287691444158554
P0217,2025-10-01,0.1486068069934845,0.04829362407326698,-0.41260290145874023
P0217,2025-11-01,0.2912813723087311,0.08847959339618683,-0.32094478607177734
P0219,2025-01-01,0.5537806153297424,0.4126591086387634,0.14162755012512207
P0219,2025-02-01,0.7002492547035217,0.5343838334083557,0.25729647278785706
P0219,2025-03-01,0.6681322455406189,0.5881715416908264,0.3168124258518219
P0219,2025-04-01,0.46981456875801086,0.32557374238967896,0.0708451122045517
P0219,2025-05-01,0.2552545964717865,0.17882081866264343,-0.1484639197587967
P0219,2025-06-01,0.1907580941915512,0.15679913759231567,-0.1750028431415558
P0219,2025-07-01,0.155132457613945,0.12007278949022293,-0.16662685573101044
P0219,2025-08-01,0.15146300196647644,0.1195652186870575,-0.14885495603084564
P0219,2025-09-01,0.1512659192085266,0.11789844185113907,-0.1538461595773697
P0219,2025-10-01,0.11308349668979645,0.07416137307882309,-0.28018707036972046
P0219,2025-11-01,0.24370861053466797,0.13594183325767517,-0.1784776896238327
P0222,2025-01-01,0.16828234493732452,0.1389896720647812,-0.1108933687210083
P0222,2025-02-01,0.23051847517490387,0.19418364763259888,-0.04826509952545166
P0222,2025-03-01,0.29480230808258057,0.2541091740131378,0.026415571570396423
P0222,2025-04-01,0.2813706696033478,0.23965470492839813,-0.0012539185117930174
P0222,2025-05-01,0.17828698456287384,0.15981163084506989,-0.0935182198882103
P0222,2025-06-01,0.12083518505096436,0.10243792086839676,-0.159933403134346
P0222,2025-07-01,0.09493491798639297,0.07997807115316391,-0.17141327261924744
P0222,2025-08-01,0.09281601011753082,0.07979538291692734,-0.16638778150081635
P0222,2025-09-01,0.08275362104177475,0.06847672164440155,-0.1881995052099228
P0222,2025-10-01,0.10132228583097458,0.07836952060461044,-0.17417274415493011
P0222,2025-11-01,0.1596902459859848,0.10200807452201843,-0.13516466319561005
P0223,2025-01-01,0.3966677486896515,0.2131909728050232,-0.15227538347244263
P0223,2025-02-01,0.82892906665802,0.5508725047111511,0.3149999976158142
P0223,2025-03-01,0.8283777832984924,0.6519046425819397,0.4664211869239807
P0223,2025-04-01,NaN,NaN,NaN
P0223,2025-05-01,0.22588565945625305,0.11611972749233246,-0.1978425532579422
P0223,2025-06-01,0.12656337022781372,0.09401780366897583,-0.2128603160381317
P0223,2025-07-01,0.1821543425321579,0.14470726251602173,-0.13575458526611328
P0223,2025-08-01,0.16280120611190796,0.1329054832458496,-0.12460317462682724
P0223,2025-09-01,0.13918806612491608,0.10953759402036667,-0.17723791301250458
P0223,2025-10-01,0.1533385068178177,0.06421720236539841,-0.3685441017150879
P0223,2025-11-01,0.13059398531913757,0.053024545311927795,-0.26752766966819763
P0226,2025-01-01,NaN,NaN,NaN
P0226,2025-02-01,0.7584978342056274,0.5161542892456055,0.3462749123573303
P0226,2025-03-01,0.7572513222694397,0.6709904670715332,0.4324024021625519
P0226,2025-04-01,0.869269609451294,0.7770715951919556,0.5255231261253357
P0226,2025-05-01,0.43886715173721313,0.31416893005371094,0.09382110834121704
P0226,2025-06-01,0.22413793206214905,0.16468697786331177,-0.03956363722681999
P0226,2025-07-01,0.1961398869752884,0.15588535368442535,-0.049298543483018875
P0226,2025-08-01,0.2121984362602234,0.1692182570695877,-0.032804664224386215
P0226,2025-09-01,0.16678687930107117,0.12669497728347778,-0.06905481219291687
P0226,2025-10-01,0.15100671350955963,0.08555428683757782,-0.22684426605701447
P0226,2025-11-01,0.10158383101224899,0.03578987717628479,-0.2728911340236664
P0228,2025-01-01,0.14442627131938934,0.08918778598308563,-0.24159826338291168
P0228,2025-02-01,0.21148036420345306,0.1194724589586258,-0.2173527330160141
P0228,2025-03-01,0.5794073939323425,0.44044724106788635,0.15892381966114044
P0228,2025-04-01,0.7592437863349915,0.6985407471656799,0.44159582257270813
P0228,2025-05-01,0.47945648431777954,0.26872166991233826,-0.008026029914617538
P0228,2025-06-01,0.273203581571579,0.1662668138742447,-0.1366942971944809
P0228,2025-07-01,0.21505184471607208,0.15618914365768433,-0.12780700623989105
P0228,2025-08-01,0.18825876712799072,0.14338551461696625,-0.11341357231140137
P0228,2025-09-01,0.2065376192331314,0.1463319957256317,-0.13690398633480072
P0228,2025-10-01,0.15166284143924713,0.08110014349222183,-0.2833184599876404
P0228,2025-11-01,0.3178545832633972,0.14873331785202026,-0.09291377663612366
P0230,2025-01-01,-0.6901041865348816,-0.17899760603904724,-0.8326300978660583
P0230,2025-02-01,0.6451736688613892,0.5637156367301941,0.3312111794948578
P0230,2025-03-01,0.6718281507492065,0.6402729153633118,0.3903350830078125
P0230,2025-04-01,0.6806709170341492,0.6668649315834045,0.42214110493659973
P0230,2025-05-01,0.4230000078678131,0.3486301898956299,0.08526540547609329
P0230,2025-06-01,0.33915603160858154,0.2679651379585266,-0.01029881089925766
P0230,2025-07-01,0.3291003406047821,0.2587176561355591,-0.00853902567178011
P0230,2025-08-01,0.22665069997310638,0.18839755654335022,-0.05978759750723839
P0230,2025-09-01,0.2524898648262024,0.20410293340682983,-0.06640087813138962
P0230,2025-10-01,0.27385053038597107,0.22100892663002014,-0.06344006210565567
P0230,2025-11-01,0.4079110026359558,0.2791122496128082,0.07473108172416687
P0233,2025-01-01,0.3271394968032837,0.18401294946670532,-0.12099150568246841
P0233,2025-02-01,0.734189510345459,0.5068245530128479,0.24361424148082733
P0233,2025-03-01,0.70426344871521,0.5261383652687073,0.2972184121608734
P0233,2025-04-01,0.8638855218887329,0.521967887878418,0.3432082533836365
P0233,2025-05-01,0.20468343794345856,0.10910435765981674,-0.231606125831604
P0233,2025-06-01,0.1496940553188324,0.09762006253004074,-0.22677835822105408
P0233,2025-07-01,0.1371096819639206,0.08978896588087082,-0.2128308117389679
P0233,2025-08-01,0.13091641664505005,0.08479440957307816,-0.21170854568481445
P0233,2025-09-01,0.129755437374115,0.07800163328647614,-0.24431990087032318
P0233,2025-10-01,0.08197290450334549,0.03479696810245514,-0.3450378477573395
P0233,2025-11-01,0.06826286017894745,0.022032950073480606,-0.3444826602935791
P0235,2025-01-01,0.33018580079078674,0.21997645497322083,-0.17557108402252197
P0235,2025-02-01,0.7762951254844666,0.5539168119430542,0.3083445727825165
P0235,2025-03-01,0.7200927138328552,0.7415719628334045,0.40358179807662964
P0235,2025-04-01,NaN,NaN,NaN
P0235,2025-05-01,0.3444671630859375,0.24803665280342102,0.02993907779455185
P0235,2025-06-01,0.19848273694515228,0.1674022674560547,-0.07658356428146362
P0235,2025-07-01,0.13445858657360077,0.11373260617256165,-0.10997643321752548
P0235,2025-08-01,0.2224406749010086,0.19827263057231903,-0.024103138595819473
P0235,2025-09-01,0.21128301322460175,0.18052662909030914,-0.06805338710546494
P0235,2025-10-01,0.041739895939826965,0.01841799169778824,-0.4008086919784546
P0235,2025-11-01,0.2494095414876938,0.10087116062641144,-0.2344428300857544
P0238,2025-01-01,0.6018778085708618,0.5594855546951294,0.217908576130867
P0238,2025-02-01,0.7715834975242615,0.6106857061386108,0.35754653811454773
P0238,2025-03-01,0.7635217308998108,0.6346336007118225,0.41438356041908264
P0238,2025-04-01,0.8159598708152771,0.6633380651473999,0.47239160537719727
P0238,2025-05-01,0.22188633680343628,0.16228406131267548,-0.09412819147109985
P0238,2025-06-01,0.19494584202766418,0.15865908563137054,-0.12301287055015564
P0238,2025-07-01,0.1690962165594101,0.14067627489566803,-0.1394849717617035
P0238,2025-08-01,0.18125960230827332,0.14892303943634033,-0.11006814986467361
P0238,2025-09-01,0.19419601559638977,0.15541468560695648,-0.12713447213172913
P0238,2025-10-01,0.29847458004951477,0.2557511329650879,-0.049267809838056564
P0238,2025-11-01,0.33577749133110046,0.209015354514122,-0.002643005456775427
P0240,2025-01-01,0.10197246074676514,0.07274851202964783,-0.10435571521520615
P0240,2025-02-01,0.5772684812545776,0.3482029438018799,0.13886404037475586
P0240,2025-03-01,0.5692534446716309,0.2406061887741089,0.2713887691497803
P0240,2025-04-01,NaN,NaN,NaN
P0240,2025-05-01,0.6379609107971191,0.45220136642456055,0.2437053769826889
P0240,2025-06-01,0.3326617479324341,0.23653380572795868,0.01621713861823082
P0240,2025-07-01,0.13072605431079865,0.0958220511674881,-0.16286863386631012
P0240,2025-08-01,0.11877326667308807,0.08947649598121643,-0.16521163284778595
P0240,2025-09-01,0.09461141377687454,0.07013103365898132,-0.17998933792114258
P0240,2025-10-01,0.11899863183498383,0.0597451776266098,-0.26126331090927124
P0240,2025-11-01,0.16605950891971588,0.08683641999959946,-0.1411001831293106
P0242,2025-01-01,0.36618590354919434,0.2349533885717392,-0.1272820383310318
P0242,2025-02-01,0.7102094292640686,0.4925026297569275,0.1967393308877945
P0242,2025-03-01,0.7909851670265198,0.7000740766525269,0.4246596097946167
P0242,2025-04-01,0.8808928728103638,0.8230445981025696,0.5305143594741821
P0242,2025-05-01,0.3788931667804718,0.23747298121452332,0.09752099961042404
P0242,2025-06-01,0.2997124195098877,0.21631479263305664,0.035346098244190216
P0242,2025-07-01,0.1875283122062683,0.15206052362918854,-0.08969907462596893
P0242,2025-08-01,0.028086600825190544,0.019413810223340988,-0.24559897184371948
P0242,2025-09-01,0.026616856455802917,0.01708940416574478,-0.29794028401374817
P0242,2025-10-01,0.266783207654953,0.13190194964408875,-0.25727757811546326
P0242,2025-11-01,0.2289021611213684,0.10758538544178009,-0.2143709659576416
P0244,2025-01-01,0.45346805453300476,0.45475801825523376,0.08782899379730225
P0244,2025-02-01,0.8407800793647766,0.6120395064353943,0.40274643898010254
P0244,2025-03-01,0.5554505586624146,0.36788949370384216,0.33324331045150757
P0244,2025-04-01,0.8275783658027649,0.6459907293319702,0.4123946726322174
P0244,2025-05-01,0.33397260308265686,0.20409871637821198,-0.04247787594795227
P0244,2025-06-01,0.18382804095745087,0.13379819691181183,-0.14604252576828003
P0244,2025-07-01,0.1210501492023468,0.09753008186817169,-0.14259949326515198
P0244,2025-08-01,0.11221660673618317,0.09008773416280746,-0.1515490859746933
P0244,2025-09-01,0.1103532686829567,0.08652369678020477,-0.16973976790905
P0244,2025-10-01,0.08784648030996323,0.03854357823729515,-0.3438785970211029
P0244,2025-11-01,0.15006963908672333,0.073808953166008,-0.2241014838218689
P0247,2025-01-01,0.42014944553375244,0.2769668698310852,0.07635829597711563
P0247,2025-02-01,0.8301166296005249,0.7037428617477417,0.4725008010864258
P0247,2025-03-01,0.7952286005020142,0.7143089175224304,0.4253121018409729
P0247,2025-04-01,0.14920581877231598,0.13334742188453674,-0.0809459462761879
P0247,2025-05-01,0.3603460490703583,0.32950177788734436,0.046022266149520874
P0247,2025-06-01,0.24901120364665985,0.2286345511674881,-0.04341789707541466
P0247,2025-07-01,0.1771615594625473,0.13464465737342834,-0.12471362948417664
P0247,2025-08-01,0.18658892810344696,0.14254744350910187,-0.11070648580789566
P0247,2025-09-01,0.1857699453830719,0.13778629899024963,-0.11439509689807892
P0247,2025-10-01,0.21596857905387878,0.13644030690193176,-0.1267155408859253
P0247,2025-11-01,0.3498985767364502,0.1806030571460724,0.025423727929592133
P0249,2025-01-01,0.21835242211818695,0.18914972245693207,-0.08579952269792557
P0249,2025-02-01,0.36857953667640686,0.2997695207595825,0.035790883004665375
P0249,2025-03-01,0.4428044259548187,0.3760632872581482,0.08985930681228638
P0249,2025-04-01,0.36663106083869934,0.2999271750450134,0.0013046314707025886
P0249,2025-05-01,0.24960368871688843,0.22545625269412994,-0.062087614089250565
P0249,2025-06-01,0.16545569896697998,0.15641193091869354,-0.11874698847532272
P0249,2025-07-01,0.1339646279811859,0.11595949530601501,-0.11700282245874405
P0249,2025-08-01,-0.007867133244872093,-0.00584294181317091,-0.26356086134910583
P0249,2025-09-01,0.008169064298272133,0.006122720427811146,-0.2539098560810089
P0249,2025-10-01,0.10619330406188965,0.08744140714406967,-0.17245817184448242
P0249,2025-11-01,0.0896429494023323,0.051715072244405746,-0.24930216372013092
P0251,2025-01-01,0.26024705171585083,0.1600925624370575,-0.2172624170780182
P0251,2025-02-01,0.7454493045806885,0.4783092439174652,0.19837333261966705
P0251,2025-03-01,0.7863507866859436,0.631744384765625,0.3867049217224121
P0251,2025-04-01,0.9080820083618164,0.6835433840751648,0.4649009108543396
P0251,2025-05-01,0.38049450516700745,0.2268780916929245,0.01005025114864111
P0251,2025-06-01,0.19231483340263367,0.14488700032234192,-0.11541110277175903
P0251,2025-07-01,0.15632641315460205,0.12392189353704453,-0.11403816938400269
P0251,2025-08-01,0.14939068257808685,0.12292664498090744,-0.09371467679738998
P0251,2025-09-01,0.14455753564834595,0.11178699135780334,-0.16002026200294495
P0251,2025-10-01,0.1799784153699875,0.10974004864692688,-0.26750418543815613
P0251,2025-11-01,0.17980636656284332,0.07061123847961426,-0.2885738015174866
P0254,2025-01-01,0.22367171943187714,0.14346569776535034,-0.16696269810199738
P0254,2025-02-01,0.7128837704658508,0.4993654489517212,0.2329288125038147
P0254,2025-03-01,0.7613160610198975,0.6348942518234253,0.3903667628765106
P0254,2025-04-01,0.8666009902954102,0.740703284740448,0.47050604224205017
P0254,2025-05-01,0.34105780720710754,0.20781421661376953,-0.057662833482027054
P0254,2025-06-01,0.1870109587907791,0.15311482548713684,-0.09139914065599442
P0254,2025-07-01,0.1582813560962677,0.13152742385864258,-0.08094138652086258
P0254,2025-08-01,0.15616852045059204,0.13248887658119202,-0.08254382759332657
P0254,2025-09-01,0.15422813594341278,0.12670378386974335,-0.10932040959596634
P0254,2025-10-01,0.11672520637512207,0.06814955174922943,-0.29483023285865784
P0254,2025-11-01,0.1809891313314438,0.08232291042804718,-0.2156999707221985
P0256,2025-01-01,-0.01247689500451088,-0.005267059430480003,-0.5049803256988525
P0256,2025-02-01,0.6242711544036865,0.3305546045303345,0.041841983795166016
P0256,2025-03-01,0.7604732513427734,0.6515453457832336,0.3881327509880066
P0256,2025-04-01,NaN,NaN,NaN
P0256,2025-05-01,0.5470990538597107,0.40710464119911194,0.18522900342941284
P0256,2025-06-01,0.15909090638160706,0.12465675175189972,-0.1355932205915451
P0256,2025-07-01,0.06098271533846855,0.04341093823313713,-0.2467944324016571
P0256,2025-08-01,0.035853978246450424,0.024096736684441566,-0.2861635088920593
P0256,2025-09-01,0.03353884071111679,0.020720336586236954,-0.3287956416606903
P0256,2025-10-01,0.3171221911907196,0.14546996355056763,-0.24161073565483093
P0256,2025-11-01,0.2966978847980499,0.11298374831676483,-0.27520662546157837
P0259,2025-01-01,0.2649388015270233,0.1746172308921814,-0.10887573659420013
P0259,2025-02-01,0.5931129455566406,0.37374579906463623,0.11986831575632095
P0259,2025-03-01,0.8077152371406555,0.6687300205230713,0.34283605217933655
P0259,2025-04-01,0.5441873669624329,0.32531166076660156,0.039797257632017136
P0259,2025-05-01,0.205967977643013,0.1339666098356247,-0.2009323239326477
P0259,2025-06-01,0.15700119733810425,0.13476915657520294,-0.1829177737236023
P0259,2025-07-01,0.06265018880367279,0.04970043525099754,-0.19124755263328552
P0259,2025-08-01,0.10193571448326111,0.07931463420391083,-0.17431803047657013
P0259,2025-09-01,0.09207206964492798,0.07089738547801971,-0.17615875601768494
P0259,2025-10-01,0.06704597920179367,0.055254220962524414,-0.18278177082538605
P0259,2025-11-01,0.13585813343524933,0.0704444870352745,-0.20021164417266846
P0261,2025-01-01,0.2862977385520935,0.20162798464298248,-0.05957002192735672
P0261,2025-02-01,0.6083704233169556,0.46716347336769104,0.16420313715934753
P0261,2025-03-01,0.7581300735473633,0.6572792530059814,0.3475428521633148
P0261,2025-04-01,0.49961408972740173,0.3060002624988556,0.03442768380045891
P0261,2025-05-01,0.19658337533473969,0.12127599120140076,-0.23753046989440918
P0261,2025-06-01,0.2093081772327423,0.1332351118326187,-0.25806450843811035
P0261,2025-07-01,0.11271820217370987,0.08538397401571274,-0.20007170736789703
P0261,2025-08-01,0.103043332695961,0.07675249129533768,-0.18858741223812103
P0261,2025-09-01,0.10851788520812988,0.07867500185966492,-0.18925990164279938
P0261,2025-10-01,0.07109081745147705,0.05087633430957794,-0.23160603642463684
P0261,2025-11-01,0.08025567978620529,0.0452168807387352,-0.2293531447649002
P0264,2025-01-01,0.5803530812263489,0.2510181665420532,-0.08034773170948029
P0264,2025-02-01,0.9377170205116272,0.7617049813270569,0.46955233812332153
P0264,2025-03-01,0.8663960695266724,0.794079601764679,0.5002127885818481
P0264,2025-04-01,0.9145824313163757,0.7443761825561523,0.5138260722160339
P0264,2025-05-01,0.16258688271045685,0.08887860924005508,-0.19569307565689087
P0264,2025-06-01,0.1613609492778778,0.1300676167011261,-0.13790947198867798
P0264,2025-07-01,0.16866867244243622,0.13215340673923492,-0.12666749954223633
P0264,2025-08-01,0.14402566850185394,0.11503086984157562,-0.12014308571815491
P0264,2025-09-01,0.15344008803367615,0.11723896861076355,-0.1438087821006775
P0264,2025-10-01,0.1523037552833557,0.06257449090480804,-0.3452121317386627
P0264,2025-11-01,0.19680577516555786,0.06855706870555878,-0.334955632686615
P0266,2025-01-01,0.30711981654167175,0.18160481750965118,-0.11400706321001053
P0266,2025-02-01,0.5586318969726562,0.3642404079437256,0.07839664816856384
P0266,2025-03-01,0.6768180131912231,0.5604634284973145,0.2729438245296478
P0266,2025-04-01,0.4834812581539154,0.30403101444244385,0.0056827678345143795
P0266,2025-05-01,0.23967130482196808,0.15228426456451416,-0.15720050036907196
P0266,2025-06-01,0.19039902091026306,0.12945161759853363,-0.17907528579235077
P0266,2025-07-01,0.16371452808380127,0.11721828579902649,-0.13927753269672394
P0266,2025-08-01,0.14907954633235931,0.10810230672359467,-0.1333829164505005
P0266,2025-09-01,0.1523076891899109,0.1071866825222969,-0.14072658121585846
P0266,2025-10-01,0.11871474236249924,0.06368923932313919,-0.27070674300193787
P0266,2025-11-01,0.15058965981006622,0.07102718204259872,-0.2495069056749344
P0269,2025-01-01,0.08709800988435745,0.060737933963537216,-0.23194481432437897
P0269,2025-02-01,0.3468668758869171,0.2633282542228699,-0.002334523480385542
P0269,2025-03-01,0.612389087677002,0.5524755120277405,0.29801586270332336
P0269,2025-04-01,0.7335515022277832,0.6573545336723328,0.42624345421791077
P0269,2025-05-01,0.20411013066768646,0.14964015781879425,-0.15499860048294067
P0269,2025-06-01,0.08053577691316605,0.06219068169593811,-0.2264837920665741
P0269,2025-07-01,0.09013904631137848,0.06973811239004135,-0.19354456663131714
P0269,2025-08-01,0.11356707662343979,0.09024177491664886,-0.15811917185783386
P0269,2025-09-01,0.1219317838549614,0.09427916258573532,-0.16460953652858734
P0269,2025-10-01,0.05697399377822876,0.03430800512433052,-0.2917788624763489
P0269,2025-11-01,0.1177293062210083,0.060794223099946976,-0.20044009387493134
P0271,2025-01-01,NaN,NaN,NaN
P0271,2025-02-01,0.7840521931648254,0.5115529894828796,0.3425154685974121
P0271,2025-03-01,0.7754411697387695,0.5779763460159302,0.39691898226737976
P0271,2025-04-01,0.8966666460037231,0.7090640664100647,0.4994729459285736
P0271,2025-05-01,0.3763950765132904,0.22475092113018036,0.08132398128509521
P0271,2025-06-01,0.2591484487056732,0.1716044843196869,-0.033050548285245895
P0271,2025-07-01,0.14555087685585022,0.1151323914527893,-0.0905604362487793
P0271,2025-08-01,0.178329199552536,0.13995274901390076,-0.07816746830940247
P0271,2025-09-01,0.13922497630119324,0.10525199770927429,-0.10063676536083221
P0271,2025-10-01,0.0651041641831398,0.02388869784772396,-0.28043630719184875
P0271,2025-11-01,0.13390466570854187,0.046612221747636795,-0.1756230592727661
P0274,2025-01-01,0.7155088186264038,0.5179007649421692,0.3040163516998291
P0274,2025-02-01,0.8215354084968567,0.6768968105316162,0.44793152809143066
P0274,2025-03-01,0.685143768787384,0.651170551776886,0.35678455233573914
P0274,2025-04-01,0.3584180772304535,0.23174937069416046,-0.11329104751348495
P0274,2025-05-01,0.05594900995492935,0.03228882700204849,-0.3114224076271057
P0274,2025-06-01,0.17767548561096191,0.1092154011130333,-0.18441185355186462
P0274,2025-07-01,0.9385299682617188,0.6696778535842896,0.40121006965637207
P0274,2025-08-01,0.7799136638641357,0.4071100950241089,0.12024691700935364
P0274,2025-09-01,0.5960217118263245,0.30152225494384766,0.057259224355220795
P0274,2025-10-01,0.14268867671489716,0.0834413692355156,-0.24355971813201904
P0274,2025-11-01,0.18939095735549927,0.08090506494045258,-0.2645772695541382
P0276,2025-01-01,0.3414483964443207,0.20041240751743317,-0.13148443400859833
P0276,2025-02-01,0.7304697036743164,0.5213338136672974,0.25072622299194336
P0276,2025-03-01,0.8064082860946655,0.7036193609237671,0.4491303563117981
P0276,2025-04-01,0.9136195778846741,0.8760896921157837,0.5652352571487427
P0276,2025-05-01,0.4877898097038269,0.27793434262275696,0.09635535627603531
P0276,2025-06-01,0.1648377925157547,0.10729147493839264,-0.18426327407360077
P0276,2025-07-01,0.1502538025379181,0.10773665457963943,-0.19094544649124146
P0276,2025-08-01,0.13723470270633698,0.09816059470176697,-0.1883823573589325
P0276,2025-09-01,0.14036346971988678,0.09195726364850998,-0.22906562685966492
P0276,2025-10-01,0.2400243729352951,0.13392704725265503,-0.2157580405473709
P0276,2025-11-01,0.20211102068424225,0.09011992812156677,-0.24055323004722595
P0279,2025-01-01,0.16295108199119568,0.12833791971206665,-0.14046941697597504
P0279,2025-02-01,0.33404338359832764,0.24523045122623444,0.0013081395300105214
P0279,2025-03-01,0.5810372829437256,0.49933144450187683,0.21285590529441833
P0279,2025-04-01,0.30929625034332275,0.23348549008369446,-0.06617920100688934
P0279,2025-05-01,0.08740359544754028,0.07580380141735077,-0.18165156245231628
P0279,2025-06-01,0.09891419857740402,0.08816864341497421,-0.176849827170372
P0279,2025-07-01,0.07533715665340424,0.05900922790169716,-0.19280894100666046
P0279,2025-08-01,0.08969735354185104,0.0695829913020134,-0.18715639412403107
P0279,2025-09-01,0.07651417702436447,0.05824076011776924,-0.19925713539123535
P0279,2025-10-01,0.0683436170220375,0.05139797553420067,-0.21045246720314026
P0279,2025-11-01,0.17124883830547333,0.09891796112060547,-0.1609080284833908
P0281,2025-01-01,0.4887903332710266,0.3259833753108978,0.041896551847457886
P0281,2025-02-01,0.930961549282074,0.8000859618186951,0.48711493611335754
P0281,2025-03-01,0.880372941493988,0.8538192510604858,0.5225847959518433
P0281,2025-04-01,0.6344770193099976,0.38915854692459106,0.16233766078948975
P0281,2025-05-01,0.206780806183815,0.11228172481060028,-0.29078713059425354
P0281,2025-06-01,0.21034905314445496,0.12259100377559662,-0.27759504318237305
P0281,2025-07-01,0.1523885279893875,0.12243174761533737,-0.16306233406066895
P0281,2025-08-01,0.1439162641763687,0.11934612691402435,-0.1308813840150833
P0281,2025-09-01,0.15632864832878113,0.12761946022510529,-0.12804196774959564
P0281,2025-10-01,0.3286699950695038,0.22415956854820251,-0.06701654940843582
P0281,2025-11-01,0.14353914558887482,0.06784607470035553,-0.24895484745502472
P0284,2025-01-01,0.3096628487110138,0.23647190630435944,-0.027416421100497246
P0284,2025-02-01,0.5491260886192322,0.4705677032470703,0.16783931851387024
P0284,2025-03-01,0.5727880001068115,0.5041436553001404,0.21295222640037537
P0284,2025-04-01,0.2778302729129791,0.20382694900035858,-0.06512720882892609
P0284,2025-05-01,0.20066627860069275,0.15211385488510132,-0.15079694986343384
P0284,2025-06-01,0.19669082760810852,0.15478698909282684,-0.1562459021806717
P0284,2025-07-01,0.1825494021177292,0.1402810961008072,-0.1530369371175766
P0284,2025-08-01,0.2571770250797272,0.2040843963623047,-0.07633396238088608
P0284,2025-09-01,0.23790252208709717,0.1864364743232727,-0.09853921085596085
P0284,2025-10-01,0.22326043248176575,0.15656805038452148,-0.13472086191177368
P0284,2025-11-01,0.18316832184791565,0.0978957861661911,-0.19893532991409302
P0286,2025-01-01,0.1953447312116623,0.11259807646274567,-0.23883678019046783
P0286,2025-02-01,0.670134961605072,0.4314683973789215,0.14167627692222595
P0286,2025-03-01,0.7406090497970581,0.5764506459236145,0.3230275511741638
P0286,2025-04-01,0.8781386613845825,0.6755272150039673,0.40738824009895325
P0286,2025-05-01,0.3242471516132355,0.2168252170085907,-0.034450121223926544
P0286,2025-06-01,0.17905323207378387,0.11301359534263611,-0.17134976387023926
P0286,2025-07-01,0.13328668475151062,0.09949859231710434,-0.15572062134742737
P0286,2025-08-01,0.09467019885778427,0.07765325158834457,-0.1459912657737732
P0286,2025-09-01,0.11053250730037689,0.08592545986175537,-0.18633845448493958
P0286,2025-10-01,0.14616265892982483,0.0967458188533783,-0.23758000135421753
P0286,2025-11-01,0.15007716417312622,0.06818102300167084,-0.24340102076530457
P0288,2025-01-01,0.16500000655651093,0.07654426991939545,-0.31932583451271057
P0288,2025-02-01,0.12892791628837585,0.052550289779901505,-0.3697110414505005
P0288,2025-03-01,0.4369492530822754,0.26202625036239624,-0.02293388359248638
P0288,2025-04-01,NaN,NaN,NaN
P0288,2025-05-01,0.8070487976074219,0.860329806804657,0.4994310438632965
P0288,2025-06-01,0.1858956664800644,0.15791325271129608,-0.0534258633852005
P0288,2025-07-01,0.12646484375,0.09424807876348495,-0.13172751665115356
P0288,2025-08-01,0.11405789852142334,0.08449763804674149,-0.14806468784809113
P0288,2025-09-01,0.12583668529987335,0.0872887447476387,-0.17375437915325165
P0288,2025-10-01,0.18851304054260254,0.09122220426797867,-0.28264567255973816
P0288,2025-11-01,0.24884580075740814,0.09602708369493484,-0.2313157171010971
P0291,2025-01-01,0.3824828267097473,0.26428207755088806,-0.08105022460222244
P0291,2025-02-01,0.7053738236427307,0.5225353240966797,0.255202054977417
P0291,2025-03-01,0.7791164517402649,0.6803380250930786,0.4294714331626892
P0291,2025-04-01,0.8503773808479309,0.7542338967323303,0.49565351009368896
P0291,2025-05-01,0.1270863115787506,0.08339592069387436,-0.20286677777767181
P0291,2025-06-01,0.1804712563753128,0.14568983018398285,-0.14802886545658112
P0291,2025-07-01,0.19728867709636688,0.16602689027786255,-0.10599023103713989
P0291,2025-08-01,0.15377916395664215,0.12309364974498749,-0.1498780995607376
P0291,2025-09-01,0.14929413795471191,0.11308041960000992,-0.18655899167060852
P0291,2025-10-01,0.17242218554019928,0.11627907305955887,-0.23657956719398499
P0291,2025-11-01,0.3956858813762665,0.20160043239593506,-0.032250527292490005
P0293,2025-01-01,0.5439210534095764,0.3371872901916504,-0.0694417804479599
P0293,2025-02-01,0.9440574049949646,0.7991881370544434,0.5524464249610901
P0293,2025-03-01,0.8509736061096191,0.7337833046913147,0.5095912218093872
P0293,2025-04-01,0.7787182331085205,0.1573648750782013,0.49949032068252563
P0293,2025-05-01,0.12340842187404633,0.06483927369117737,-0.2302013486623764
P0293,2025-06-01,0.18344217538833618,0.13154269754886627,-0.14024560153484344
P0293,2025-07-01,0.17634156346321106,0.14690834283828735,-0.09555930644273758
P0293,2025-08-01,0.19145427644252777,0.16155150532722473,-0.07978230714797974
P0293,2025-09-01,0.2100694477558136,0.17110168933868408,-0.0910492017865181
P0293,2025-10-01,0.17310167849063873,0.054068177938461304,-0.44182485342025757
P0293,2025-11-01,0.2454427033662796,0.07462391257286072,-0.35240352153778076
P0296,2025-01-01,0.27533242106437683,0.17580583691596985,-0.0966222807765007
P0296,2025-02-01,0.3774601221084595,0.2669440507888794,0.009106085635721684
P0296,2025-03-01,0.46047350764274597,0.35209107398986816,0.10421723127365112
P0296,2025-04-01,0.4566437900066376,0.33607786893844604,0.07438649982213974
P0296,2025-05-01,0.3829525411128998,0.3046870529651642,0.03812664747238159
P0296,2025-06-01,0.22233986854553223,0.1706993281841278,-0.10446024686098099
P0296,2025-07-01,0.19212070107460022,0.14566068351268768,-0.10878556221723557
P0296,2025-08-01,0.1770191788673401,0.13080564141273499,-0.12482009828090668
P0296,2025-09-01,0.19889600574970245,0.14570832252502441,-0.12193531543016434
P0296,2025-10-01,0.26563897728919983,0.1716967523097992,-0.11553473770618439
P0296,2025-11-01,0.3408668041229248,0.1940072625875473,-0.03372293710708618
P0298,2025-01-01,0.194642573595047,0.15830454230308533,-0.08940437436103821
P0298,2025-02-01,0.31953495740890503,0.24695727229118347,0.015315803699195385
P0298,2025-03-01,0.4471777677536011,0.3815082013607025,0.12998290359973907
P0298,2025-04-01,0.13809096813201904,0.11077506840229034,-0.130032017827034
P0298,2025-05-01,0.10641790926456451,0.08754266798496246,-0.17089810967445374
P0298,2025-06-01,0.09734386205673218,0.08226557821035385,-0.183440163731575
P0298,2025-07-01,0.07749439775943756,0.06324336677789688,-0.17940235137939453
P0298,2025-08-01,0.04604632034897804,0.03762008249759674,-0.20423269271850586
P0298,2025-09-01,0.03475382551550865,0.028276480734348297,-0.20519067347049713
P0298,2025-10-01,0.0566621795296669,0.046439286321401596,-0.18388773500919342
P0298,2025-11-01,0.0692516341805458,0.050906702876091,-0.18270520865917206
P0300,2025-01-01,0.8246653079986572,0.5740966200828552,0.30804723501205444
P0300,2025-02-01,0.934544563293457,0.6710389852523804,0.5434868931770325
P0300,2025-03-01,0.8107368350028992,0.653642475605011,0.4831867516040802
P0300,2025-04-01,0.8646175265312195,0.6494078636169434,0.48959699273109436
P0300,2025-05-01,0.11255862563848495,0.08580054342746735,-0.19332493841648102
P0300,2025-06-01,0.10460437834262848,0.08864755928516388,-0.16969086229801178
P0300,2025-07-01,0.12336742877960205,0.09928323328495026,-0.15082669258117676
P0300,2025-08-01,0.1216244101524353,0.08383063226938248,-0.2066200077533722
P0300,2025-09-01,0.1623241901397705,0.10475566983222961,-0.20888261497020721
P0300,2025-10-01,0.15420560538768768,0.08953365683555603,-0.25231480598449707
P0300,2025-11-01,0.19960707426071167,0.0860346183180809,-0.21597328782081604
P0303,2025-01-01,0.7407407164573669,0.46346673369407654,0.17118093371391296
P0303,2025-02-01,0.9020418524742126,0.6419925689697266,0.46564429998397827
P0303,2025-03-01,0.6037315726280212,0.4508213698863983,0.26543617248535156
P0303,2025-04-01,0.8552631735801697,0.5665380954742432,0.4061107635498047
P0303,2025-05-01,0.4268292784690857,0.2599758207798004,0.021730300039052963
P0303,2025-06-01,0.32239434123039246,0.20979976654052734,-0.04728579521179199
P0303,2025-07-01,0.26142337918281555,0.18633808195590973,-0.07019373774528503
P0303,2025-08-01,0.3410731852054596,0.25390002131462097,0.010883953422307968
P0303,2025-09-01,0.34184548258781433,0.2424067258834839,-0.01605035364627838
P0303,2025-10-01,0.3252788186073303,0.15933425724506378,-0.1718931496143341
P0303,2025-11-01,0.23430420458316803,0.07130756974220276,-0.27352380752563477
P0305,2025-01-01,0.6585416793823242,0.5111908912658691,0.21061435341835022
P0305,2025-02-01,0.7620350122451782,0.662051260471344,0.37551602721214294
P0305,2025-03-01,0.5390939116477966,0.43801578879356384,0.19148635864257812
P0305,2025-04-01,0.45131179690361023,0.2892856001853943,0.021484375
P0305,2025-05-01,0.277060329914093,0.18405291438102722,-0.14682352542877197
P0305,2025-06-01,0.18185335397720337,0.13289600610733032,-0.17098656296730042
P0305,2025-07-01,0.1710023581981659,0.12429916113615036,-0.16086560487747192
P0305,2025-08-01,0.17259246110916138,0.12593866884708405,-0.15305200219154358
P0305,2025-09-01,0.16767874360084534,0.11576014757156372,-0.18920022249221802
P0305,2025-10-01,0.109375,0.0634736567735672,-0.2933594286441803
P0305,2025-11-01,0.17798872292041779,0.0927213728427887,-0.18926092982292175
P0307,2025-01-01,0.48760637640953064,0.258745938539505,-0.14227814972400665
P0307,2025-02-01,0.8975555300712585,0.7205294966697693,0.46265843510627747
P0307,2025-03-01,0.8190259337425232,0.7204053997993469,0.48338741064071655
P0307,2025-04-01,0.8908378481864929,0.8491331934928894,0.5344112515449524
P0307,2025-05-01,0.5434131622314453,0.31849926710128784,0.19466975331306458
P0307,2025-06-01,0.23366230726242065,0.1457522213459015,-0.12982125580310822
P0307,2025-07-01,0.17912088334560394,0.1442733258008957,-0.11385087668895721
P0307,2025-08-01,0.2772197127342224,0.23064272105693817,-0.027390500530600548
P0307,2025-09-01,0.2871187925338745,0.21645087003707886,-0.09264498203992844
P0307,2025-10-01,0.1372319757938385,0.0645918995141983,-0.37147167325019836
P0307,2025-11-01,0.1384115219116211,0.0550546869635582,-0.339886873960495
P0309,2025-01-01,-0.30140039324760437,-0.15528663992881775,-0.5671465396881104
P0309,2025-02-01,0.1952647715806961,0.12237148731946945,-0.17747022211551666
P0309,2025-03-01,0.5010607242584229,0.4126691520214081,0.15423402190208435
P0309,2025-04-01,NaN,NaN,NaN
P0309,2025-05-01,0.0347222238779068,0.021321598440408707,-0.3307581841945648
P0309,2025-06-01,0.026902228593826294,0.01933901011943817,-0.291158527135849
P0309,2025-07-01,0.15992619097232819,0.1299382746219635,-0.12514497339725494
P0309,2025-08-01,0.13217879831790924,0.10947652161121368,-0.13178206980228424
P0309,2025-09-01,0.13119396567344666,0.10496639460325241,-0.14677266776561737
P0309,2025-10-01,-0.3799862563610077,-0.1822289675474167,-0.6240617036819458
P0309,2025-11-01,-0.2343667894601822,-0.07846862822771072,-0.5339091420173645
P0312,2025-01-01,0.29123952984809875,0.5753651857376099,-0.033821478486061096
P0312,2025-02-01,0.9631131887435913,0.8503273725509644,0.5664971470832825
P0312,2025-03-01,0.8577989935874939,0.7899788618087769,0.511280357837677
P0312,2025-04-01,NaN,NaN,NaN
P0312,2025-05-01,0.3290742039680481,0.2252570241689682,0.052360668778419495
P0312,2025-06-01,0.13488434255123138,0.1154598817229271,-0.10745637118816376
P0312,2025-07-01,0.1293620467185974,0.10572638362646103,-0.10374297201633453
P0312,2025-08-01,0.13150684535503387,0.10554822534322739,-0.11453396826982498
P0312,2025-09-01,0.13512225449085236,0.10715454816818237,-0.1412612646818161
P0312,2025-10-01,0.2309635579586029,0.11987263709306717,-0.27239760756492615
P0312,2025-11-01,0.3564220070838928,0.14764565229415894,-0.18201936781406403
P0317,2025-01-01,NaN,NaN,NaN
P0317,2025-02-01,0.7753880023956299,0.6052685976028442,0.36382216215133667
P0317,2025-03-01,0.7799999713897705,0.6832287907600403,0.4210766553878784
P0317,2025-04-01,0.7971788644790649,0.6279249787330627,0.4281589686870575
P0317,2025-05-01,0.32663431763648987,0.2217274010181427,-0.06784612685441971
P0317,2025-06-01,0.22573715448379517,0.16950146853923798,-0.16217298805713654
P0317,2025-07-01,0.2036280483007431,0.16312743723392487,-0.1373858004808426
P0317,2025-08-01,0.19299128651618958,0.15625424683094025,-0.1580878049135208
P0317,2025-09-01,0.17908430099487305,0.14488396048545837,-0.16278791427612305
P0317,2025-10-01,0.14801864326000214,0.10189999639987946,-0.23808787763118744
P0317,2025-11-01,0.2029573768377304,0.11293601244688034,-0.13992537558078766
P0323,2025-01-01,0.2344224900007248,0.12216854095458984,-0.23498940467834473
P0323,2025-02-01,0.5487536787986755,0.29354092478752136,0.06316054612398148
P0323,2025-03-01,0.7578142285346985,0.5894287824630737,0.4361565411090851
P0323,2025-04-01,NaN,NaN,NaN
P0323,2025-05-01,0.31721004843711853,0.20018889009952545,0.008181632496416569
P0323,2025-06-01,0.18553338944911957,0.1403401792049408,-0.07054753601551056
P0323,2025-07-01,0.19103096425533295,0.154831200838089,-0.056987617164850235
P0323,2025-08-01,0.2268598973751068,0.1681322157382965,-0.06343118101358414
P0323,2025-09-01,0.23723424971103668,0.17247356474399567,-0.053647417575120926
P0323,2025-10-01,0.1061519905924797,0.049453020095825195,-0.3301680088043213
P0323,2025-11-01,0.22858865559101105,0.07487455010414124,-0.25275129079818726
P0328,2025-01-01,0.37371355295181274,0.2804866135120392,0.008499921299517155
P0328,2025-02-01,0.7769138813018799,0.6502586603164673,0.3976791501045227
P0328,2025-03-01,0.7085921168327332,0.6212373375892639,0.4571807086467743
P0328,2025-04-01,0.8373696208000183,0.732466459274292,0.5478656888008118
P0328,2025-05-01,0.2448142170906067,0.1703842431306839,-0.11919354647397995
P0328,2025-06-01,0.1646067351102829,0.12679225206375122,-0.14019079506397247
P0328,2025-07-01,0.16590909659862518,0.12997151911258698,-0.11056281626224518
P0328,2025-08-01,0.1621151566505432,0.12752798199653625,-0.10812975466251373
P0328,2025-09-01,0.17277777194976807,0.13040561974048615,-0.11661319434642792
P0328,2025-10-01,0.16409502923488617,0.10529955476522446,-0.19166666269302368
P0328,2025-11-01,0.2059071660041809,0.11680975556373596,-0.12007389217615128
P0333,2025-01-01,0.29783132672309875,0.10461100935935974,-0.34508755803108215
P0333,2025-02-01,0.21116875112056732,0.10796642303466797,-0.234079509973526
P0333,2025-03-01,0.34914088249206543,0.23250846564769745,-0.04831932857632637
P0333,2025-04-01,NaN,NaN,NaN
P0333,2025-05-01,0.8403589129447937,0.8336692452430725,0.42795220017433167
P0333,2025-06-01,0.16145575046539307,0.12159569561481476,-0.11205261200666428
P0333,2025-07-01,0.15446558594703674,0.08849681168794632,-0.2530786097049713
P0333,2025-08-01,0.15608465671539307,0.09155286848545074,-0.24501335620880127
P0333,2025-09-01,0.15976178646087646,0.0874631404876709,-0.263079971075058
P0333,2025-10-01,0.2113196849822998,0.10953855514526367,-0.27096885442733765
P0333,2025-11-01,0.23154008388519287,0.07660093903541565,-0.2654922902584076
P0337,2025-01-01,0.3719548285007477,0.3398357033729553,0.02804986573755741
P0337,2025-02-01,0.7603503465652466,0.5189465284347534,0.35783007740974426
P0337,2025-03-01,0.716083288192749,0.5461525321006775,0.36804670095443726
P0337,2025-04-01,NaN,NaN,NaN
P0337,2025-05-01,0.3814548850059509,0.27096423506736755,0.08556810021400452
P0337,2025-06-01,0.2572796940803528,0.19327634572982788,0.0036702859215438366
P0337,2025-07-01,0.11550453305244446,0.09772182255983353,-0.10617760568857193
P0337,2025-08-01,0.11167001724243164,0.09300043433904648,-0.10099953413009644
P0337,2025-09-01,0.10975056886672974,0.08966726809740067,-0.11276286840438843
P0337,2025-10-01,0.23368583619594574,0.15121674537658691,-0.1736351102590561
P0337,2025-11-01,0.1852649748325348,0.07724088430404663,-0.16332116723060608
P0339,2025-01-01,NaN,NaN,NaN
P0339,2025-02-01,0.5823459625244141,0.4982092082500458,0.23523971438407898
P0339,2025-03-01,0.5581479668617249,0.5191615223884583,0.22860810160636902
P0339,2025-04-01,NaN,NaN,NaN
P0339,2025-05-01,0.28077709674835205,0.2299601435661316,-0.14521631598472595
P0339,2025-06-01,0.15496911108493805,0.13029521703720093,-0.23795999586582184
P0339,2025-07-01,0.14996130764484406,0.12042015045881271,-0.24235084652900696
P0339,2025-08-01,0.14343009889125824,0.1165425181388855,-0.23420311510562897
P0339,2025-09-01,0.14082098007202148,0.11512646824121475,-0.23313745856285095
P0339,2025-10-01,0.15337823331356049,0.11658245325088501,-0.23258167505264282
P0339,2025-11-01,0.3243577182292938,0.22935299575328827,-0.050478216260671616
P0341,2025-01-01,0.2842310070991516,0.18164727091789246,-0.10425467789173126
P0341,2025-02-01,0.24482019245624542,0.14273416996002197,-0.16965845227241516
P0341,2025-03-01,0.6175196766853333,0.4907236397266388,0.1967666745185852
P0341,2025-04-01,0.6197928190231323,0.4421800673007965,0.14292380213737488
P0341,2025-05-01,0.1490757316350937,0.09612920135259628,-0.2539682686328888
P0341,2025-06-01,0.18277044594287872,0.12584872543811798,-0.21474820375442505
P0341,2025-07-01,0.17899617552757263,0.11327975243330002,-0.18741317093372345
P0341,2025-08-01,0.19535744190216064,0.12133506685495377,-0.17659544944763184
P0341,2025-09-01,0.21345657110214233,0.1279078722000122,-0.17687372863292694
P0341,2025-10-01,0.22595342993736267,0.15519239008426666,-0.16494253277778625
P0341,2025-11-01,0.31113138794898987,0.1516723930835724,-0.10837642103433609
P0343,2025-01-01,0.2714717984199524,0.19378797709941864,-0.017541294917464256
P0343,2025-02-01,0.2676185369491577,0.19270311295986176,-0.007595299743115902
P0343,2025-03-01,0.29790419340133667,0.23865999281406403,0.030643243342638016
P0343,2025-04-01,0.22612611949443817,0.1642756164073944,-0.07263559848070145
P0343,2025-05-01,0.22560203075408936,0.1919022500514984,-0.04749917984008789
P0343,2025-06-01,0.2193937599658966,0.18289990723133087,-0.06509476900100708
P0343,2025-07-01,0.20171362161636353,0.1643397957086563,-0.06211039423942566
P0343,2025-08-01,0.213900625705719,0.1722842901945114,-0.051571037620306015
P0343,2025-09-01,0.2170296460390091,0.17076420783996582,-0.06146489456295967
P0343,2025-10-01,0.24907544255256653,0.1758302003145218,-0.06401552259922028
P0343,2025-11-01,0.3421187400817871,0.19436529278755188,0.06605690717697144
P0346,2025-01-01,0.39311641454696655,0.21726207435131073,-0.07515173405408859
P0346,2025-02-01,0.826010525226593,0.5874161124229431,0.30597952008247375
P0346,2025-03-01,0.9056379795074463,0.7826176285743713,0.5177249312400818
P0346,2025-04-01,NaN,NaN,NaN
P0346,2025-05-01,0.4513677954673767,0.2520110011100769,0.015093537047505379
P0346,2025-06-01,0.32370758056640625,0.2366960048675537,-0.019299820065498352
P0346,2025-07-01,0.1685575395822525,0.13499480485916138,-0.12141353636980057
P0346,2025-08-01,0.15430139005184174,0.12357238680124283,-0.11985471844673157
P0346,2025-09-01,0.16587182879447937,0.12867647409439087,-0.12494406849145889
P0346,2025-10-01,0.36849167943000793,0.19625499844551086,-0.11167247593402863
P0346,2025-11-01,0.43536457419395447,0.19800710678100586,0.016209475696086884
P0349,2025-01-01,0.22525596618652344,0.04526542127132416,-0.3056092858314514
P0349,2025-02-01,0.549719512462616,0.22477063536643982,-0.13738290965557098
P0349,2025-03-01,0.8191848397254944,0.6410572528839111,0.4216082990169525
P0349,2025-04-01,NaN,NaN,NaN
P0349,2025-05-01,0.20842169225215912,0.1146666631102562,-0.1628541499376297
P0349,2025-06-01,0.17618900537490845,0.14818181097507477,-0.13502158224582672
P0349,2025-07-01,0.13992707431316376,0.11487514525651932,-0.14074668288230896
P0349,2025-08-01,0.13078124821186066,0.10720323771238327,-0.13546769320964813
P0349,2025-09-01,0.13905277848243713,0.1121976301074028,-0.13721464574337006
P0349,2025-10-01,-0.011469838209450245,-0.00498228520154953,-0.4804643988609314
P0349,2025-11-01,0.09325288236141205,0.03243779391050339,-0.38047870993614197
P0351,2025-01-01,0.7232899069786072,0.5870316028594971,0.25625187158584595
P0351,2025-02-01,0.9075294733047485,0.7615982890129089,0.4062131941318512
P0351,2025-03-01,0.7469442486763,0.6329503059387207,0.35070881247520447
P0351,2025-04-01,0.6569305658340454,0.4306493401527405,0.16396687924861908
P0351,2025-05-01,0.2496592402458191,0.16668182611465454,-0.13858440518379211
P0351,2025-06-01,0.15318231284618378,0.12637948989868164,-0.17976543307304382
P0351,2025-07-01,0.09129147976636887,0.07102858275175095,-0.18337607383728027
P0351,2025-08-01,0.10596418380737305,0.08372897654771805,-0.1548292189836502
P0351,2025-09-01,0.1313844621181488,0.09936407208442688,-0.16989998519420624
P0351,2025-10-01,0.15990912914276123,0.11703161895275116,-0.20495927333831787
P0351,2025-11-01,0.2714090347290039,0.14143948256969452,-0.15231667459011078
P0352,2025-01-01,0.27611786127090454,0.2072763293981552,0.002590254181995988
P0352,2025-02-01,0.689989447593689,0.5389655232429504,0.31783074140548706
P0352,2025-03-01,0.8253164291381836,0.7766095995903015,0.4561734199523926
P0352,2025-04-01,0.9044103622436523,0.7858811020851135,0.5174962282180786
P0352,2025-05-01,0.40955284237861633,0.20854176580905914,-0.027576535940170288
P0352,2025-06-01,0.2648988664150238,0.15611909329891205,-0.09381119906902313
P0352,2025-07-01,0.1768151968717575,0.1365356147289276,-0.09054739773273468
P0352,2025-08-01,0.17588047683238983,0.12648512423038483,-0.09569928050041199
P0352,2025-09-01,0.20014044642448425,0.13265274465084076,-0.1102047935128212
P0352,2025-10-01,0.16613231599330902,0.09485771507024765,-0.14049409329891205
P0352,2025-11-01,0.20334182679653168,0.11416759341955185,-0.04430949315428734
P0353,2025-01-01,0.5702720880508423,0.44425758719444275,0.1384088695049286
P0353,2025-02-01,0.6611413955688477,0.5384483933448792,0.2655051052570343
P0353,2025-03-01,0.6179795861244202,0.5476706624031067,0.26251083612442017
P0353,2025-04-01,NaN,NaN,NaN
P0353,2025-05-01,0.3078592121601105,0.22056029736995697,-0.12851405143737793
P0353,2025-06-01,0.22900615632534027,0.18251872062683105,-0.13431014120578766
P0353,2025-07-01,0.2202979475259781,0.1702256202697754,-0.13020971417427063
P0353,2025-08-01,0.22923049330711365,0.18139813840389252,-0.10532528907060623
P0353,2025-09-01,0.2459903061389923,0.18971866369247437,-0.10777243226766586
P0353,2025-10-01,0.13899508118629456,0.0876769870519638,-0.2655397057533264
P0353,2025-11-01,0.3049670159816742,0.16225606203079224,-0.14047129452228546
P0354,2025-01-01,0.4420682191848755,0.2786594331264496,-0.04670723155140877
P0354,2025-02-01,0.8306151032447815,0.6123956441879272,0.32495784759521484
P0354,2025-03-01,0.8441226482391357,0.7770598530769348,0.4545820951461792
P0354,2025-04-01,0.7551769018173218,0.5759170651435852,0.2895404100418091
P0354,2025-05-01,0.2010626345872879,0.12098266929388046,-0.21293750405311584
P0354,2025-06-01,0.2000512331724167,0.12715314328670502,-0.2200765758752823
P0354,2025-07-01,0.175042524933815,0.1409292370080948,-0.13401709496974945
P0354,2025-08-01,0.1482320874929428,0.12141389399766922,-0.14416037499904633
P0354,2025-09-01,0.1407848596572876,0.11485947668552399,-0.1489919126033783
P0354,2025-10-01,0.11617501080036163,0.09084782749414444,-0.22318339347839355
P0354,2025-11-01,0.1467452347278595,0.07745623588562012,-0.25731420516967773
P0355,2025-01-01,0.5427456498146057,0.3116597533226013,-0.07742893695831299
P0355,2025-02-01,0.9353846311569214,0.7158642411231995,0.5095071196556091
P0355,2025-03-01,0.8409909009933472,0.6853238344192505,0.5116481184959412
P0355,2025-04-01,NaN,NaN,NaN
P0355,2025-05-01,0.31320399045944214,0.17096498608589172,-0.0133991539478302
P0355,2025-06-01,0.21257764101028442,0.17757081985473633,-0.05654222518205643
P0355,2025-07-01,0.13554808497428894,0.11521231383085251,-0.10644164681434631
P0355,2025-08-01,0.12421919405460358,0.1054699718952179,-0.11052454262971878
P0355,2025-09-01,0.04591674730181694,0.03597570210695267,-0.19523227214813232
P0355,2025-10-01,0.24532224237918854,0.07278259843587875,-0.3957632780075073
P0355,2025-11-01,0.23593074083328247,0.0661943331360817,-0.4033437967300415
P0356,2025-01-01,0.16207729279994965,0.09796192497015,-0.2119574099779129
P0356,2025-02-01,0.5265536904335022,0.37264499068260193,0.12377308309078217
P0356,2025-03-01,0.6706705093383789,0.5921365022659302,0.3288179039955139
P0356,2025-04-01,NaN,NaN,NaN
P0356,2025-05-01,0.16958896815776825,0.09497440606355667,-0.23901252448558807
P0356,2025-06-01,0.08496291190385818,0.055237315595149994,-0.25863921642303467
P0356,2025-07-01,0.07990673929452896,0.05063256993889809,-0.2497422993183136
P0356,2025-08-01,0.08438993990421295,0.05515554919838905,-0.23470735549926758
P0356,2025-09-01,0.08195608109235764,0.050478287041187286,-0.2653343677520752
P0356,2025-10-01,0.09762308746576309,0.052152618765830994,-0.2912479341030121
P0356,2025-11-01,0.05437956377863884,0.023451272398233414,-0.26600611209869385
P0357,2025-01-01,0.42490842938423157,0.235650435090065,-0.1120564416050911
P0357,2025-02-01,0.7955566048622131,0.5992522835731506,0.33773550391197205
P0357,2025-03-01,0.7601587772369385,0.6672196388244629,0.4050995707511902
P0357,2025-04-01,0.818810760974884,0.722989022731781,0.4474702477455139
P0357,2025-05-01,0.23477011919021606,0.1396915465593338,-0.18939822912216187
P0357,2025-06-01,0.2304450422525406,0.18663644790649414,-0.10791982710361481
P0357,2025-07-01,0.25590938329696655,0.2044214904308319,-0.08029811084270477
P0357,2025-08-01,0.2556415796279907,0.2045873999595642,-0.06866218894720078
P0357,2025-09-01,0.2737361192703247,0.21263204514980316,-0.08119440823793411
P0357,2025-10-01,0.21774418652057648,0.1271906942129135,-0.23357407748699188
P0357,2025-11-01,0.23916035890579224,0.12146102637052536,-0.1763494908809662
P0359,2025-01-01,0.33532384037971497,0.15053409337997437,-0.1956281065940857
P0359,2025-02-01,0.75394207239151,0.41356560587882996,0.19545114040374756
P0359,2025-03-01,0.8193510174751282,0.7042277455329895,0.4535251259803772
P0359,2025-04-01,0.9161097407341003,0.8604228496551514,0.5660485625267029
P0359,2025-05-01,0.3146263360977173,0.1811424344778061,0.013904462568461895
P0359,2025-06-01,0.16341054439544678,0.14037400484085083,-0.05401112139225006
P0359,2025-07-01,0.15476524829864502,0.12833364307880402,-0.05050855129957199
P0359,2025-08-01,0.16427546739578247,0.13695189356803894,-0.038962576538324356
P0359,2025-09-01,0.14486157894134521,0.07030588388442993,-0.3006717562675476
P0359,2025-10-01,0.132402241230011,0.04682314023375511,-0.36656248569488525
P0359,2025-11-01,0.1897689700126648,0.06708408147096634,-0.2546519637107849
P0362,2025-01-01,0.7322485446929932,0.48810791969299316,0.1516522467136383
P0362,2025-02-01,0.9886835813522339,0.7690511345863342,0.5776841044425964
P0362,2025-03-01,0.8689194917678833,0.6920967102050781,0.6352165937423706
P0362,2025-04-01,NaN,NaN,NaN
P0362,2025-05-01,0.20624469220638275,0.14169390499591827,-0.06348944455385208
P0362,2025-06-01,0.20071348547935486,0.14978282153606415,-0.07720057666301727
P0362,2025-07-01,0.06820792704820633,0.05529556795954704,-0.18672789633274078
P0362,2025-08-01,0.05208628997206688,0.041928481310606,-0.18269018828868866
P0362,2025-09-01,0.05366646870970726,0.043269917368888855,-0.19185848534107208
P0362,2025-10-01,0.08609523624181747,0.04110884666442871,-0.3707790672779083
P0362,2025-11-01,0.11978740990161896,0.053292106837034225,-0.29188209772109985
P0365,2025-01-01,0.2620266079902649,0.14014598727226257,-0.25453445315361023
P0365,2025-02-01,0.538744330406189,0.342318058013916,0.013787963427603245
P0365,2025-03-01,0.7035083770751953,0.5373029708862305,0.30907487869262695
P0365,2025-04-01,NaN,NaN,NaN
P0365,2025-05-01,0.5787920355796814,0.41177991032600403,0.20774708688259125
P0365,2025-06-01,0.24982422590255737,0.15786980092525482,-0.07187608629465103
P0365,2025-07-01,0.021455544978380203,0.015758950263261795,-0.24518011510372162
P0365,2025-08-01,0.01590319722890854,0.011727812699973583,-0.24099186062812805
P0365,2025-09-01,0.24254614114761353,0.1570640504360199,-0.17437106370925903
P0365,2025-10-01,0.13427697122097015,0.06230916827917099,-0.3683425784111023
P0365,2025-11-01,0.1991831660270691,0.10673759877681732,-0.20923969149589539
P0367,2025-01-01,0.23952095210552216,0.12786433100700378,-0.21292775869369507
P0367,2025-02-01,0.4933291971683502,0.2863420248031616,-0.01372950803488493
P0367,2025-03-01,0.6807191371917725,0.546794593334198,0.2848341166973114
P0367,2025-04-01,0.7834491729736328,0.6213394999504089,0.34474286437034607
P0367,2025-05-01,0.32153043150901794,0.21088562905788422,-0.019915403798222542
P0367,2025-06-01,0.13291649520397186,0.09415899962186813,-0.16513079404830933
P0367,2025-07-01,0.07745115458965302,0.05803218111395836,-0.1998692750930786
P0367,2025-08-01,0.08523018658161163,0.06515936553478241,-0.17649351060390472
P0367,2025-09-01,0.08354946225881577,0.06060361862182617,-0.20139268040657043
P0367,2025-10-01,0.1768055111169815,0.095401331782341,-0.24899598956108093
P0367,2025-11-01,0.2228037416934967,0.09945599734783173,-0.22506515681743622
P0370,2025-01-01,NaN,NaN,NaN
P0370,2025-02-01,0.9014614820480347,0.7310109734535217,0.5131277441978455
P0370,2025-03-01,0.8224766254425049,0.8151947855949402,0.5008630752563477
P0370,2025-04-01,0.9001953601837158,0.8830293416976929,0.5657365322113037
P0370,2025-05-01,0.5166912078857422,0.35773766040802,0.13147775828838348
P0370,2025-06-01,0.2654728889465332,0.21092908084392548,-0.03525513410568237
P0370,2025-07-01,0.34085214138031006,0.28421103954315186,0.04073692485690117
P0370,2025-08-01,0.3558282256126404,0.2943626046180725,0.03568853810429573
P0370,2025-09-01,0.3827652037143707,0.3125731647014618,0.05633974075317383
P0370,2025-10-01,0.4295348823070526,0.31190893054008484,0.041687849909067154
P0370,2025-11-01,0.4766903221607208,0.2709152102470398,0.10948735475540161
P0372,2025-01-01,0.1812068372964859,0.13329946994781494,-0.15553534030914307
P0372,2025-02-01,0.2729664146900177,0.18732468783855438,-0.10588402301073074
P0372,2025-03-01,0.6257059574127197,0.559038519859314,0.221736341714859
P0372,2025-04-01,0.4273627698421478,0.30559244751930237,-0.008741759695112705
P0372,2025-05-01,0.16854649782180786,0.11484585702419281,-0.21736031770706177
P0372,2025-06-01,0.15003792941570282,0.10902224481105804,-0.21928921341896057
P0372,2025-07-01,0.13472285866737366,0.10549970716238022,-0.16168266534805298
P0372,2025-08-01,0.13136930763721466,0.10146509110927582,-0.1638524830341339
P0372,2025-09-01,0.1266782432794571,0.09490001201629639,-0.17775216698646545
P0372,2025-10-01,0.0449988879263401,0.026662442833185196,-0.321128785610199
P0372,2025-11-01,0.057389937341213226,0.030144529417157173,-0.3086017966270447
P0375,2025-01-01,0.4818142056465149,0.36765196919441223,0.006698422133922577
P0375,2025-02-01,0.8460463881492615,0.5589603781700134,0.33772018551826477
P0375,2025-03-01,0.8665609359741211,0.6790101528167725,0.46941322088241577
P0375,2025-04-01,0.939902663230896,0.6952093243598938,0.5493587255477905
P0375,2025-05-01,0.2852815091609955,0.1767834722995758,-0.028805799782276154
P0375,2025-06-01,0.21135583519935608,0.14800769090652466,-0.04033936187624931
P0375,2025-07-01,0.12508629262447357,0.1039968803524971,-0.10637131333351135
P0375,2025-08-01,0.08352422714233398,0.06332157552242279,-0.19473546743392944
P0375,2025-09-01,0.09310783445835114,0.06942184269428253,-0.1998136341571808
P0375,2025-10-01,0.108310766518116,0.07410573959350586,-0.22603636980056763
P0375,2025-11-01,0.14470426738262177,0.08050692081451416,-0.19329197704792023
P0377,2025-01-01,NaN,NaN,NaN
P0377,2025-02-01,0.7331606149673462,0.469043493270874,0.2665124237537384
P0377,2025-03-01,0.6952938437461853,0.5545753240585327,0.3233451843261719
P0377,2025-04-01,NaN,NaN,NaN
P0377,2025-05-01,0.4506579041481018,0.2743391692638397,0.043001506477594376
P0377,2025-06-01,0.3018786311149597,0.21181818842887878,-0.039203185588121414
P0377,2025-07-01,0.23285989463329315,0.17960993945598602,-0.06253333389759064
P0377,2025-08-01,0.22802197933197021,0.1722801923751831,-0.07235749810934067
P0377,2025-09-01,0.17782217264175415,0.12476169317960739,-0.12795858085155487
P0377,2025-10-01,0.23490945994853973,0.09008835256099701,-0.27581119537353516
P0377,2025-11-01,0.24842587113380432,0.08359979838132858,-0.2400696873664856
P0378,2025-01-01,0.3357924818992615,0.23772618174552917,-0.030569948256015778
P0378,2025-02-01,0.696094274520874,0.5286622047424316,0.27148303389549255
P0378,2025-03-01,0.7804554104804993,0.6958684325218201,0.40506139397621155
P0378,2025-04-01,NaN,NaN,NaN
P0378,2025-05-01,0.24285714328289032,0.1819453239440918,-0.046888694167137146
P0378,2025-06-01,0.034249383956193924,0.024591371417045593,-0.24607564508914948
P0378,2025-07-01,0.01816386915743351,0.013151123188436031,-0.2531498968601227
P0378,2025-08-01,-0.002417892450466752,-0.0017286582151427865,-0.2623659074306488
P0378,2025-09-01,0.0037069341633468866,0.002554470207542181,-0.2751181125640869
P0378,2025-10-01,0.12759368121623993,0.07121620327234268,-0.248658686876297
P0378,2025-11-01,0.21921181678771973,0.10830262303352356,-0.151982381939888
P0379,2025-01-01,0.7278868556022644,0.559522271156311,0.24942757189273834
P0379,2025-02-01,0.9011051654815674,0.784401535987854,0.4706662595272064
P0379,2025-03-01,0.7833821773529053,0.6226088404655457,0.3712584376335144
P0379,2025-04-01,0.7516821622848511,0.42538532614707947,0.20657691359519958
P0379,2025-05-01,0.21644704043865204,0.13521753251552582,-0.19700387120246887
P0379,2025-06-01,0.20141129195690155,0.14500115811824799,-0.1752249151468277
P0379,2025-07-01,0.13917982578277588,0.10227242857217789,-0.1896704137325287
P0379,2025-08-01,0.10761809349060059,0.08160536736249924,-0.18822382390499115
P0379,2025-09-01,0.11493397504091263,0.08302657306194305,-0.21777139604091644
P0379,2025-10-01,0.11075560003519058,0.06760004907846451,-0.2810259759426117
P0379,2025-11-01,0.19441771507263184,0.09437194466590881,-0.18516086041927338
P0380,2025-01-01,0.34448060393333435,0.19480518996715546,-0.08738449215888977
P0380,2025-02-01,0.9085037708282471,0.7251357436180115,0.5115089416503906
P0380,2025-03-01,0.810074508190155,0.6782748699188232,0.45823463797569275
P0380,2025-04-01,0.8406059145927429,0.6343843936920166,0.42350059747695923
P0380,2025-05-01,0.16116838157176971,0.08169877529144287,-0.2405034899711609
P0380,2025-06-01,0.13631857931613922,0.111239954829216,-0.14347988367080688
P0380,2025-07-01,0.10847513377666473,0.08396231383085251,-0.14131812751293182
P0380,2025-08-01,0.08311866968870163,0.06231652572751045,-0.16618190705776215
P0380,2025-09-01,0.08464822918176651,0.06139429658651352,-0.1857580840587616
P0380,2025-10-01,0.0869659036397934,0.05983489751815796,-0.22184458374977112
P0380,2025-11-01,0.1143353208899498,0.0717800185084343,-0.1888427585363388
P0381,2025-01-01,0.2121344357728958,0.10018552839756012,-0.3155040740966797
P0381,2025-02-01,0.857309103012085,0.6611021161079407,0.43739867210388184
P0381,2025-03-01,0.7914760708808899,0.6522632837295532,0.4538552463054657
P0381,2025-04-01,0.8701018691062927,0.7493841052055359,0.5596405267715454
P0381,2025-05-01,0.008771929889917374,0.004357222467660904,-0.2778196334838867
P0381,2025-06-01,0.2836196720600128,0.250969797372818,0.06174200773239136
P0381,2025-07-01,0.21328404545783997,0.19651834666728973,0.007089946884661913
P0381,2025-08-01,0.04296125844120979,0.02103128470480442,-0.3561449348926544
P0381,2025-09-01,0.11625708639621735,0.06396034359931946,-0.2819213569164276
P0381,2025-10-01,-0.3098256587982178,-0.08019854873418808,-0.675000011920929
P0381,2025-11-01,-0.26202091574668884,-0.0733429566025734,-0.6160261034965515
P0382,2025-01-01,0.26773226261138916,0.13431788980960846,-0.19154809415340424
P0382,2025-02-01,0.3652207553386688,0.16778165102005005,-0.14462509751319885
P0382,2025-03-01,0.33670487999916077,0.23769477009773254,0.02569851651787758
P0382,2025-04-01,0.3443756103515625,0.2307569533586502,-0.003356890520080924
P0382,2025-05-01,0.8190732002258301,0.8940562605857849,0.4796241521835327
P0382,2025-06-01,0.4950792193412781,0.44863656163215637,0.14163801074028015
P0382,2025-07-01,0.21217504143714905,0.17203906178474426,-0.08729483187198639
P0382,2025-08-01,0.1955035924911499,0.14842426776885986,-0.09527698159217834
P0382,2025-09-01,0.22583642601966858,0.16649308800697327,-0.08173210918903351
P0382,2025-10-01,0.1991262286901474,0.1266229897737503,-0.15161867439746857
P0382,2025-11-01,0.24350246787071228,0.12123733013868332,-0.10847382247447968
P0383,2025-01-01,0.3793202042579651,0.2650698721408844,0.012581254355609417
P0383,2025-02-01,0.6759429574012756,0.5120387673377991,0.320587158203125
P0383,2025-03-01,0.7482301592826843,0.6819760799407959,0.47308045625686646
P0383,2025-04-01,NaN,NaN,NaN
P0383,2025-05-01,0.712038516998291,0.4229111969470978,0.09597205370664597
P0383,2025-06-01,0.271098256111145,0.21251849830150604,-0.14535561203956604
P0383,2025-07-01,0.21961741149425507,0.1671806275844574,-0.13799045979976654
P0383,2025-08-01,0.23796790838241577,0.14372868835926056,-0.18485915660858154
P0383,2025-09-01,0.2703593671321869,0.15126918256282806,-0.18368643522262573
P0383,2025-10-01,0.32280218601226807,0.136941060423851,-0.19436697661876678
P0383,2025-11-01,0.3780251741409302,0.147609144449234,-0.1606721729040146
P0384,2025-01-01,0.4922196865081787,0.37031298875808716,0.04003189876675606
P0384,2025-02-01,0.6346855163574219,0.48243486881256104,0.2295166254043579
P0384,2025-03-01,0.6672446727752686,0.5869889259338379,0.3376101553440094
P0384,2025-04-01,0.739625871181488,0.5979489088058472,0.35686734318733215
P0384,2025-05-01,0.48684877157211304,0.33034732937812805,0.07105119526386261
P0384,2025-06-01,0.30397844314575195,0.22217173874378204,-0.059482887387275696
P0384,2025-07-01,0.1735992431640625,0.12521234154701233,-0.16590172052383423
P0384,2025-08-01,0.15379273891448975,0.11705641448497772,-0.14199045300483704
P0384,2025-09-01,0.13929115235805511,0.10042864084243774,-0.1844223141670227
P0384,2025-10-01,0.18579931557178497,0.07917527109384537,-0.34175124764442444
P0384,2025-11-01,0.1985507309436798,0.07679945975542068,-0.26532426476478577
P0385,2025-01-01,0.4274979829788208,0.29819244146347046,-0.011114237830042839
P0385,2025-02-01,0.891837477684021,0.798826277256012,0.4854145646095276
P0385,2025-03-01,0.8301724195480347,0.772179126739502,0.4585050940513611
P0385,2025-04-01,NaN,NaN,NaN
P0385,2025-05-01,0.21124441921710968,0.1340898871421814,-0.1744428426027298
P0385,2025-06-01,0.125743106007576,0.09146900475025177,-0.2067783772945404
P0385,2025-07-01,0.11671043932437897,0.08528861403465271,-0.1887669861316681
P0385,2025-08-01,0.1238291785120964,0.09351172298192978,-0.1655074805021286
P0385,2025-09-01,0.13557112216949463,0.09956440329551697,-0.16778123378753662
P0385,2025-10-01,0.13916334509849548,0.09058070182800293,-0.23330503702163696
P0385,2025-11-01,0.2608197331428528,0.13064952194690704,-0.09615779668092728
P0386,2025-01-01,0.43179869651794434,0.27392786741256714,-0.003780342172831297
P0386,2025-02-01,0.8181118369102478,0.5834461450576782,0.3689395487308502
P0386,2025-03-01,0.8214907646179199,0.7845453023910522,0.45627957582473755
P0386,2025-04-01,NaN,NaN,NaN
P0386,2025-05-01,0.5500609278678894,0.39000967144966125,0.18293362855911255
P0386,2025-06-01,0.25898852944374084,0.1839122325181961,-0.07530470192432404
P0386,2025-07-01,0.21460948884487152,0.16039088368415833,-0.0615571103990078
P0386,2025-08-01,0.204149067401886,0.14951461553573608,-0.08585365861654282
P0386,2025-09-01,0.19005566835403442,0.13259756565093994,-0.10754390805959702
P0386,2025-10-01,0.18814033269882202,0.10311383008956909,-0.2231019139289856
P0386,2025-11-01,0.1858513206243515,0.0795905813574791,-0.18867924809455872
P0387,2025-01-01,0.5961538553237915,0.48157796263694763,0.20962755382061005
P0387,2025-02-01,0.7759088277816772,0.6770619750022888,0.390399307012558
P0387,2025-03-01,0.6707247495651245,0.5678487420082092,0.27827098965644836
P0387,2025-04-01,0.41940364241600037,0.2883758246898651,0.012016638182103634
P0387,2025-05-01,0.2720077335834503,0.20265799760818481,-0.11711107939481735
P0387,2025-06-01,0.17308591306209564,0.14621038734912872,-0.17174942791461945
P0387,2025-07-01,0.09791839867830276,0.07434944063425064,-0.19528865814208984
P0387,2025-08-01,0.11156153678894043,0.08546159416437149,-0.19447708129882812
P0387,2025-09-01,0.07136216014623642,0.042354173958301544,-0.26957210898399353
P0387,2025-10-01,0.1300569325685501,0.06196989864110947,-0.30101945996284485
P0387,2025-11-01,0.275468111038208,0.12876427173614502,-0.16670122742652893
P0388,2025-01-01,0.5198556184768677,0.3183023929595947,-0.042390406131744385
P0388,2025-02-01,0.9024612307548523,0.5733590722084045,0.38855621218681335
P0388,2025-03-01,0.831228494644165,0.6369202733039856,0.45396536588668823
P0388,2025-04-01,0.8915386199951172,0.6904634833335876,0.5364127159118652
P0388,2025-05-01,0.258142352104187,0.16780102252960205,-0.041360292583703995
P0388,2025-06-01,0.1682147979736328,0.1453000009059906,-0.09296822547912598
P0388,2025-07-01,0.1668316125869751,0.14081481099128723,-0.07550128549337387
P0388,2025-08-01,0.1838432252407074,0.15617141127586365,-0.049252718687057495
P0388,2025-09-01,0.18781204521656036,0.15910731256008148,-0.06170978024601936
P0388,2025-10-01,0.28185150027275085,0.12029574811458588,-0.2606396973133087
P0388,2025-11-01,0.331618070602417,0.11537237465381622,-0.21157751977443695
P0389,2025-01-01,0.8531058430671692,0.5946850180625916,0.28841519355773926
P0389,2025-02-01,0.8726159930229187,0.6353070139884949,0.37310081720352173
P0389,2025-03-01,0.7907348275184631,0.7077944874763489,0.4524906277656555
P0389,2025-04-01,0.8345719575881958,0.540579080581665,0.3873855173587799
P0389,2025-05-01,0.23117154836654663,0.163326233625412,-0.16631251573562622
P0389,2025-06-01,0.20769919455051422,0.15981043875217438,-0.13647420704364777
P0389,2025-07-01,0.13391856849193573,0.09694167226552963,-0.17333878576755524
P0389,2025-08-01,0.13231046497821808,0.0980129987001419,-0.15412621200084686
P0389,2025-09-01,0.14725050330162048,0.10180804133415222,-0.17658236622810364
P0389,2025-10-01,0.19443315267562866,0.13834677636623383,-0.17232155799865723
P0389,2025-11-01,0.24090056121349335,0.10565118491649628,-0.19830302894115448
P0390,2025-01-01,0.4482661485671997,0.2807005047798157,-0.029106028378009796
P0390,2025-02-01,0.7684021592140198,0.5413609743118286,0.29727187752723694
P0390,2025-03-01,0.7677383422851562,0.6854851841926575,0.4251452386379242
P0390,2025-04-01,0.8678543567657471,0.7497293949127197,0.4910142123699188
P0390,2025-05-01,0.4376820921897888,0.24363872408866882,0.03183085471391678
P0390,2025-06-01,0.1688099205493927,0.10923835635185242,-0.13045747578144073
P0390,2025-07-01,0.15817825496196747,0.1182861328125,-0.11323584616184235
P0390,2025-08-01,0.14429278671741486,0.1141379177570343,-0.09189382195472717
P0390,2025-09-01,0.1572045087814331,0.11685299128293991,-0.11197452247142792
P0390,2025-10-01,0.2197932004928589,0.12076745927333832,-0.1990300714969635
P0390,2025-11-01,0.27989131212234497,0.12384060770273209,-0.13668499886989594
P0391,2025-01-01,0.45396706461906433,0.23975175619125366,-0.1603630930185318
P0391,2025-02-01,0.6844886541366577,0.4225352108478546,0.13107910752296448
P0391,2025-03-01,0.6866858005523682,0.5468420386314392,0.26494452357292175
P0391,2025-04-01,NaN,NaN,NaN
P0391,2025-05-01,0.5945562124252319,0.44724565744400024,0.15418879687786102
P0391,2025-06-01,0.23979592323303223,0.16423000395298004,-0.07548318058252335
P0391,2025-07-01,0.21591949462890625,0.15867465734481812,-0.13046322762966156
P0391,2025-08-01,0.19134563207626343,0.14337702095508575,-0.1323138326406479
P0391,2025-09-01,0.3957231044769287,0.2730453312397003,0.001265222206711769
P0391,2025-10-01,0.0997987911105156,0.04557483270764351,-0.3876316249370575
P0391,2025-11-01,0.2896341383457184,0.12269372493028641,-0.23488372564315796
P0392,2025-01-01,0.41939711570739746,0.18088634312152863,-0.18856143951416016
P0392,2025-02-01,0.7651403546333313,0.4761379659175873,0.2549884617328644
P0392,2025-03-01,0.819301426410675,0.6768071055412292,0.4339592754840851
P0392,2025-04-01,0.7381669282913208,0.5711860060691833,0.39968815445899963
P0392,2025-05-01,0.37556201219558716,0.23339907824993134,-0.04917732998728752
P0392,2025-06-01,0.3526102602481842,0.23524290323257446,-0.03110896237194538
P0392,2025-07-01,0.15153278410434723,0.10532420128583908,-0.17569445073604584
P0392,2025-08-01,0.13374650478363037,0.09264131635427475,-0.18379390239715576
P0392,2025-09-01,0.08115631341934204,0.05275171995162964,-0.24495288729667664
P0392,2025-10-01,0.13746769726276398,0.04718319699168205,-0.42291557788848877
P0392,2025-11-01,0.21561338007450104,0.05607549101114273,-0.3493832051753998
P0393,2025-01-01,0.705300509929657,0.6142917275428772,0.29768499732017517
P0393,2025-02-01,0.7818692326545715,0.7342223525047302,0.4311670958995819
P0393,2025-03-01,0.4897706210613251,0.3761785328388214,0.1214996874332428
P0393,2025-04-01,0.32412993907928467,0.22074392437934875,-0.09541924297809601
P0393,2025-05-01,0.2745915353298187,0.2305818498134613,-0.09580130130052567
P0393,2025-06-01,0.1870095133781433,0.1527300477027893,-0.153388112783432
P0393,2025-07-01,0.1649637371301651,0.13157549500465393,-0.15915308892726898
P0393,2025-08-01,0.15905383229255676,0.12702590227127075,-0.1609589010477066
P0393,2025-09-01,0.1652892529964447,0.12571214139461517,-0.18346476554870605
P0393,2025-10-01,0.29467257857322693,0.2204539179801941,-0.09198235720396042
P0393,2025-11-01,0.3512471616268158,0.22561757266521454,-0.002844712231308222
P0394,2025-01-01,0.3629484176635742,0.23092834651470184,-0.055544767528772354
P0394,2025-02-01,0.4226771593093872,0.2448190301656723,-0.0019885108340531588
P0394,2025-03-01,0.37607860565185547,0.2641680836677551,-0.021476052701473236
P0394,2025-04-01,0.36826881766319275,0.27250874042510986,-0.036810778081417084
P0394,2025-05-01,0.3018640875816345,0.2428562194108963,-0.07885406166315079
P0394,2025-06-01,0.2874547839164734,0.24072185158729553,-0.0876837968826294
P0394,2025-07-01,0.2176131308078766,0.15463916957378387,-0.13857501745224
P0394,2025-08-01,0.23926521837711334,0.16619880497455597,-0.122010737657547
P0394,2025-09-01,0.2435866743326187,0.16579633951187134,-0.12544259428977966
P0394,2025-10-01,0.28998541831970215,0.19502386450767517,-0.1100117415189743
P0394,2025-11-01,0.39847803115844727,0.20274551212787628,-0.03966745734214783
P0395,2025-01-01,0.3308367133140564,0.2382199764251709,-0.02355157770216465
P0395,2025-02-01,0.584280788898468,0.5057622194290161,0.2711528241634369
P0395,2025-03-01,0.7252853512763977,0.6883295178413391,0.40465906262397766
P0395,2025-04-01,0.6284593939781189,0.4557618200778961,0.17781484127044678
P0395,2025-05-01,0.15327103435993195,0.11046911776065826,-0.2189873456954956
P0395,2025-06-01,0.14283180236816406,0.11309356242418289,-0.19878093898296356
P0395,2025-07-01,0.10275159031152725,0.07367143034934998,-0.20314237475395203
P0395,2025-08-01,0.12197540700435638,0.08570950478315353,-0.1967911422252655
P0395,2025-09-01,0.11008799076080322,0.0760166198015213,-0.20779789984226227
P0395,2025-10-01,0.2905142307281494,0.20045235753059387,-0.0758509412407875
P0395,2025-11-01,0.2020396888256073,0.11128317564725876,-0.1782551407814026
P0396,2025-01-01,0.2668977379798889,0.17465409636497498,-0.10635697096586227
P0396,2025-02-01,0.6120098829269409,0.39286091923713684,0.16531218588352203
P0396,2025-03-01,0.8560276031494141,0.7561178803443909,0.4360162913799286
P0396,2025-04-01,0.7968503832817078,0.5860745310783386,0.36529913544654846
P0396,2025-05-01,0.359725683927536,0.24908624589443207,0.021226782351732254
P0396,2025-06-01,0.28209826350212097,0.21328029036521912,-0.0019445164361968637
P0396,2025-07-01,0.12001702189445496,0.09910733252763748,-0.10831262916326523
P0396,2025-08-01,0.08577405661344528,0.07195843756198883,-0.11473732441663742
P0396,2025-09-01,0.08578649908304214,0.07010935246944427,-0.12862427532672882
P0396,2025-10-01,0.16486358642578125,0.10415428131818771,-0.1743623912334442
P0396,2025-11-01,0.13766326010227203,0.06379011273384094,-0.23060396313667297
P0397,2025-01-01,0.4896126687526703,0.4786904454231262,0.029443971812725067
P0397,2025-02-01,0.8643954396247864,0.6950761079788208,0.416511595249176
P0397,2025-03-01,0.8210062384605408,0.6910514235496521,0.47483766078948975
P0397,2025-04-01,NaN,NaN,NaN
P0397,2025-05-01,0.3160603940486908,0.15950261056423187,-0.11615579575300217
P0397,2025-06-01,0.25905656814575195,0.15974543988704681,-0.08659482002258301
P0397,2025-07-01,0.17596298456192017,0.1577885001897812,-0.05144759267568588
P0397,2025-08-01,0.25720739364624023,0.22964508831501007,0.002967673586681485
P0397,2025-09-01,0.23015758395195007,0.20115232467651367,-0.04959231615066528
P0397,2025-10-01,0.15448954701423645,0.10203749686479568,-0.270366907119751
P0397,2025-11-01,0.20996978878974915,0.11742641776800156,-0.15417106449604034
P0398,2025-01-01,0.5766801834106445,0.4124060571193695,0.15783372521400452
P0398,2025-02-01,0.7182169556617737,0.5147178769111633,0.26253342628479004
P0398,2025-03-01,0.7421830892562866,0.6401808857917786,0.3770904242992401
P0398,2025-04-01,0.6787413954734802,0.4343191683292389,0.20634618401527405
P0398,2025-05-01,0.3206317722797394,0.23391813039779663,-0.05695756524801254
P0398,2025-06-01,0.31378763914108276,0.24393582344055176,-0.049069590866565704
P0398,2025-07-01,0.1679294854402542,0.13368786871433258,-0.12439137697219849
P0398,2025-08-01,0.1559276133775711,0.11708233505487442,-0.13151207566261292
P0398,2025-09-01,0.1504708081483841,0.10595973581075668,-0.16816449165344238
P0398,2025-10-01,0.1565341353416443,0.1143348291516304,-0.18993505835533142
P0398,2025-11-01,0.3998054563999176,0.19825701415538788,-0.07280927896499634
P0399,2025-01-01,0.29663509130477905,0.1607648730278015,-0.18434032797813416
P0399,2025-02-01,0.4442165791988373,0.20446306467056274,-0.10132721066474915
P0399,2025-03-01,0.6761390566825867,0.5044859051704407,0.2683490216732025
P0399,2025-04-01,0.8212619423866272,0.6892324686050415,0.44953981041908264
P0399,2025-05-01,0.5520728230476379,0.42512768507003784,0.22545106709003448
P0399,2025-06-01,0.12566016614437103,0.0926174521446228,-0.17055824398994446
P0399,2025-07-01,0.0847543478012085,0.062423836439847946,-0.17880879342556
P0399,2025-08-01,0.07374578714370728,0.052492111921310425,-0.19476203620433807
P0399,2025-09-01,0.25446897745132446,0.17366094887256622,-0.11760354787111282
P0399,2025-10-01,-0.010128913447260857,-0.005485554691404104,-0.3998883366584778
P0399,2025-11-01,0.1778797209262848,0.06416148692369461,-0.2796134650707245
P0400,2025-01-01,0.790337085723877,0.6195610165596008,0.37220117449760437
P0400,2025-02-01,0.7778452634811401,0.6469815373420715,0.39128369092941284
P0400,2025-03-01,0.6103097200393677,0.48391979932785034,0.23190522193908691
P0400,2025-04-01,0.6125118732452393,0.4492950737476349,0.17507366836071014
P0400,2025-05-01,0.4390243887901306,0.28922906517982483,-0.08151991665363312
P0400,2025-06-01,0.3175303339958191,0.23219814896583557,-0.1095380038022995
P0400,2025-07-01,0.3078097701072693,0.2156766802072525,-0.11825268715620041
P0400,2025-08-01,0.33913978934288025,0.24000851809978485,-0.08507199585437775
P0400,2025-09-01,0.37255358695983887,0.2517951726913452,-0.08751548826694489
P0400,2025-10-01,0.4529702961444855,0.28245583176612854,-0.05475040152668953
P0400,2025-11-01,0.5338523983955383,0.2825050950050354,0.032353609800338745
P0401,2025-01-01,0.5540177822113037,0.4251070022583008,0.11237616091966629
P0401,2025-02-01,0.7813032269477844,0.6038511991500854,0.3066229224205017
P0401,2025-03-01,0.6746761798858643,0.5776835083961487,0.2800975739955902
P0401,2025-04-01,0.5084137320518494,0.3504268229007721,0.05244207754731178
P0401,2025-05-01,0.28268367052078247,0.2229689359664917,-0.0965743437409401
P0401,2025-06-01,0.19911503791809082,0.1660051941871643,-0.14287272095680237
P0401,2025-07-01,0.1624496430158615,0.12502171099185944,-0.14598625898361206
P0401,2025-08-01,0.15555919706821442,0.12049109488725662,-0.1558612436056137
P0401,2025-09-01,0.15817834436893463,0.12007177621126175,-0.16398996114730835
P0401,2025-10-01,0.2670290470123291,0.19765131175518036,-0.12586429715156555
P0401,2025-11-01,0.31499093770980835,0.19473610818386078,-0.11370573937892914
P0402,2025-01-01,0.8298139572143555,0.5957623720169067,0.3385435938835144
P0402,2025-02-01,0.9120016098022461,0.7711561322212219,0.5366564393043518
P0402,2025-03-01,0.7584795355796814,0.6386436223983765,0.4561743438243866
P0402,2025-04-01,0.7453041076660156,0.5550004839897156,0.41960713267326355
P0402,2025-05-01,0.21213026344776154,0.11886028200387955,-0.2111607939004898
P0402,2025-06-01,0.15616774559020996,0.11992669850587845,-0.16784541308879852
P0402,2025-07-01,0.15097229182720184,0.12052316218614578,-0.13835395872592926
P0402,2025-08-01,0.16801558434963226,0.13481010496616364,-0.11322257667779922
P0402,2025-09-01,0.17748987674713135,0.13733303546905518,-0.1318209022283554
P0402,2025-10-01,0.20316901803016663,0.09498567879199982,-0.26294219493865967
P0402,2025-11-01,0.21170774102210999,0.08373372256755829,-0.21544599533081055
P0403,2025-01-01,0.28456684947013855,0.10424986481666565,-0.34301644563674927
P0403,2025-02-01,0.4961240291595459,0.21958504617214203,-0.12646432220935822
P0403,2025-03-01,0.7987288236618042,0.699042558670044,0.3970082402229309
P0403,2025-04-01,0.9076030254364014,0.9422304630279541,0.5393204689025879
P0403,2025-05-01,0.5796296000480652,0.38047441840171814,0.22031474113464355
P0403,2025-06-01,0.15629206597805023,0.12346827238798141,-0.09933167695999146
P0403,2025-07-01,0.13009844720363617,0.08479755371809006,-0.2224193513393402
P0403,2025-08-01,0.17987151443958282,0.11857335269451141,-0.1895734667778015
P0403,2025-09-01,0.19385536015033722,0.11773836612701416,-0.2156127244234085
P0403,2025-10-01,0.23846863210201263,0.10082296282052994,-0.37962105870246887
P0403,2025-11-01,0.2925211191177368,0.0960053876042366,-0.29760733246803284
P0404,2025-01-01,0.4661785364151001,0.2535654604434967,-0.1119324192404747
P0404,2025-02-01,0.7735313177108765,0.6048290729522705,0.34698954224586487
P0404,2025-03-01,0.7603822946548462,0.7013270258903503,0.40943238139152527
P0404,2025-04-01,NaN,NaN,NaN
P0404,2025-05-01,0.4852459132671356,0.2911510169506073,0.08538445085287094
P0404,2025-06-01,0.3366192579269409,0.27268680930137634,0.013106320053339005
P0404,2025-07-01,0.29757583141326904,0.24890118837356567,0.029957368969917297
P0404,2025-08-01,0.1704467386007309,0.11146735399961472,-0.16341902315616608
P0404,2025-09-01,0.1520405411720276,0.0875011533498764,-0.21714700758457184
P0404,2025-10-01,0.1262928694486618,0.0446033775806427,-0.4027136266231537
P0404,2025-11-01,0.355975478887558,0.12999366223812103,-0.18931297957897186
P0405,2025-01-01,0.5864741802215576,0.3931195139884949,0.07440260797739029
P0405,2025-02-01,0.8332574963569641,0.6545746922492981,0.37057822942733765
P0405,2025-03-01,NaN,NaN,NaN
P0405,2025-04-01,0.7277237772941589,0.592652440071106,0.31751537322998047
P0405,2025-05-01,0.25923481583595276,0.17740528285503387,-0.1251145750284195
P0405,2025-06-01,0.16165654361248016,0.13044825196266174,-0.15088826417922974
P0405,2025-07-01,0.15610438585281372,0.12193938344717026,-0.14082881808280945
P0405,2025-08-01,0.15006780624389648,0.11789214611053467,-0.1330077201128006
P0405,2025-09-01,0.15510405600070953,0.11644056439399719,-0.15757137537002563
P0405,2025-10-01,0.30330801010131836,0.2005556970834732,-0.11771826446056366
P0405,2025-11-01,0.2502689063549042,0.11434749513864517,-0.15075498819351196
P0406,2025-01-01,0.3578702211380005,0.21071024239063263,-0.08740711957216263
P0406,2025-02-01,NaN,NaN,NaN
P0406,2025-03-01,0.7242593765258789,0.5894055366516113,0.33595505356788635
P0406,2025-04-01,NaN,NaN,NaN
P0406,2025-05-01,0.4145289361476898,0.29278773069381714,0.06403688341379166
P0406,2025-06-01,0.28348982334136963,0.1938190758228302,-0.0848979577422142
P0406,2025-07-01,0.19777503609657288,0.14650481939315796,-0.11840394884347916
P0406,2025-08-01,0.1954725682735443,0.15063539147377014,-0.09877927601337433
P0406,2025-09-01,0.19513088464736938,0.14339907467365265,-0.1333952695131302
P0406,2025-10-01,0.13146889209747314,0.07799658924341202,-0.2743881940841675
P0406,2025-11-01,0.21117116510868073,0.09672201424837112,-0.20843146741390228
P0407,2025-01-01,0.5629677772521973,0.346707284450531,-0.004146796651184559
P0407,2025-02-01,0.9318383932113647,0.8905973434448242,0.6110121607780457
P0407,2025-03-01,0.8122659921646118,0.7504282593727112,0.4992625415325165
P0407,2025-04-01,0.8670943975448608,0.7903619408607483,0.5471669435501099
P0407,2025-05-01,0.1690140813589096,0.10060825198888779,-0.14640048146247864
P0407,2025-06-01,0.18979869782924652,0.16069918870925903,-0.10129187256097794
P0407,2025-07-01,0.03599918261170387,0.024903781712055206,-0.27931132912635803
P0407,2025-08-01,0.18790453672409058,0.1366337239742279,-0.1541120558977127
P0407,2025-09-01,0.2010127753019333,0.13895653188228607,-0.16971080005168915
P0407,2025-10-01,0.23162823915481567,0.11900795996189117,-0.2884495258331299
P0407,2025-11-01,0.29078391194343567,0.10971661657094955,-0.23748435080051422
P0408,2025-01-01,0.28776654601097107,0.18762989342212677,-0.1101287454366684
P0408,2025-02-01,0.4542504847049713,0.31260234117507935,0.06578947603702545
P0408,2025-03-01,0.5166573524475098,0.41739338636398315,0.13844649493694305
P0408,2025-04-01,0.4212213456630707,0.34120121598243713,0.06523305922746658
P0408,2025-05-01,0.3687460422515869,0.31228211522102356,0.007106244098395109
P0408,2025-06-01,0.3275392949581146,0.2801913619041443,-0.02692222408950329
P0408,2025-07-01,0.17678235471248627,0.12963566184043884,-0.14560575783252716
P0408,2025-08-01,0.13723915815353394,0.10291781276464462,-0.15704937279224396
P0408,2025-09-01,0.15793834626674652,0.11773862689733505,-0.15226887166500092
P0408,2025-10-01,0.13840830326080322,0.09942946583032608,-0.17247574031352997
P0408,2025-11-01,0.19232437014579773,0.11610859632492065,-0.14941994845867157
P0409,2025-01-01,0.36347150802612305,0.22478210926055908,-0.09133287519216537
P0409,2025-02-01,0.5060106515884399,0.30321305990219116,0.07310757040977478
P0409,2025-03-01,0.5522739887237549,0.44051334261894226,0.16415274143218994
P0409,2025-04-01,0.23954948782920837,0.15362390875816345,-0.1733352541923523
P0409,2025-05-01,0.1430756151676178,0.10115814954042435,-0.2082156240940094
P0409,2025-06-01,0.19193367660045624,0.144993856549263,-0.1584693342447281
P0409,2025-07-01,0.202328160405159,0.13546280562877655,-0.1408766806125641
P0409,2025-08-01,0.22532832622528076,0.14899635314941406,-0.1397523730993271
P0409,2025-09-01,0.21835632622241974,0.13857868313789368,-0.15784381330013275
P0409,2025-10-01,0.1232062354683876,0.07180577516555786,-0.26485979557037354
P0409,2025-11-01,0.17343305051326752,0.07058175653219223,-0.30936911702156067
P0410,2025-01-01,NaN,NaN,NaN
P0410,2025-02-01,0.7742668390274048,0.6392810940742493,0.4311177730560303
P0410,2025-03-01,0.7575694918632507,0.6353867650032043,0.4209825098514557
P0410,2025-04-01,NaN,NaN,NaN
P0410,2025-05-01,0.4751697778701782,0.36487191915512085,0.1015847846865654
P0410,2025-06-01,0.3498331606388092,0.2733514904975891,0.022756004706025124
P0410,2025-07-01,0.24191656708717346,0.19229744374752045,-0.03689749166369438
P0410,2025-08-01,0.23686903715133667,0.18810433149337769,-0.03742534667253494
P0410,2025-09-01,0.34850454330444336,0.26808425784111023,0.0343402661383152
P0410,2025-10-01,0.2187073975801468,0.13724885880947113,-0.16467289626598358
P0410,2025-11-01,0.32923728227615356,0.1464766412973404,-0.08701979368925095
P0411,2025-01-01,0.4173561930656433,0.317538321018219,0.035535238683223724
P0411,2025-02-01,0.7516212463378906,0.5715929865837097,0.2827291488647461
P0411,2025-03-01,0.7852737903594971,0.6781794428825378,0.4096207618713379
P0411,2025-04-01,0.6358580589294434,0.39883720874786377,0.1325632631778717
P0411,2025-05-01,0.3165081739425659,0.20701754093170166,-0.13671250641345978
P0411,2025-06-01,0.2969137132167816,0.20245154201984406,-0.14824678003787994
P0411,2025-07-01,0.16902071237564087,0.13303852081298828,-0.13614751398563385
P0411,2025-08-01,0.1514100432395935,0.12193344533443451,-0.13228775560855865
P0411,2025-09-01,0.1559819132089615,0.12543903291225433,-0.13453228771686554
P0411,2025-10-01,0.19041986763477325,0.14208389818668365,-0.1926470547914505
P0411,2025-11-01,0.2303803563117981,0.15065646171569824,-0.16786062717437744
P0412,2025-01-01,0.423828125,0.30996063351631165,-0.0003047386999242008
P0412,2025-02-01,0.5965596437454224,0.44586533308029175,0.16326871514320374
P0412,2025-03-01,0.7396461367607117,0.6330714821815491,0.3813493847846985
P0412,2025-04-01,0.8109291791915894,0.6989529728889465,0.45095348358154297
P0412,2025-05-01,0.4464406669139862,0.24060946702957153,-0.053250499069690704
P0412,2025-06-01,0.17896009981632233,0.11635951697826385,-0.19858622550964355
P0412,2025-07-01,0.23341403901576996,0.18639785051345825,-0.0832633450627327
P0412,2025-08-01,0.14971208572387695,0.11461394280195236,-0.15763232111930847
P0412,2025-09-01,0.12778189778327942,0.09368541091680527,-0.19552850723266602
P0412,2025-10-01,0.28486204147338867,0.18532294034957886,-0.1762549728155136
P0412,2025-11-01,0.20392628014087677,0.09281546622514725,-0.22491617500782013
P0413,2025-01-01,NaN,NaN,NaN
P0413,2025-02-01,0.6061730980873108,0.4338005781173706,0.24188049137592316
P0413,2025-03-01,0.6793258190155029,0.5454483032226562,0.3636521100997925
P0413,2025-04-01,0.7281750440597534,0.5488116145133972,0.4548044204711914
P0413,2025-05-01,0.496687114238739,0.33956313133239746,0.09047023206949234
P0413,2025-06-01,0.22819571197032928,0.17223763465881348,-0.07162695378065109
P0413,2025-07-01,0.1284639686346054,0.08779286593198776,-0.1656666249036789
P0413,2025-08-01,0.16211844980716705,0.11250771582126617,-0.1387265920639038
P0413,2025-09-01,0.1442369669675827,0.09539762884378433,-0.172718808054924
P0413,2025-10-01,0.14790666103363037,0.07038803398609161,-0.24814565479755402
P0413,2025-11-01,0.21950240433216095,0.09119098633527756,-0.12897677719593048
P0414,2025-01-01,0.48168280720710754,0.3473074436187744,0.027704918757081032
P0414,2025-02-01,0.9300917983055115,0.7589741945266724,0.48530593514442444
P0414,2025-03-01,0.849834680557251,0.7753119468688965,0.4473791718482971
P0414,2025-04-01,0.6172866225242615,0.44477027654647827,0.20139792561531067
P0414,2025-05-01,0.21348032355308533,0.13932952284812927,-0.19897453486919403
P0414,2025-06-01,0.15336602926254272,0.1338486671447754,-0.18902821838855743
P0414,2025-07-01,0.11367104202508926,0.09540029615163803,-0.15881064534187317
P0414,2025-08-01,0.10694155842065811,0.09138844162225723,-0.1467931866645813
P0414,2025-09-01,0.0946938768029213,0.07789835333824158,-0.18529769778251648
P0414,2025-10-01,0.15420185029506683,0.11070696264505386,-0.19818435609340668
P0414,2025-11-01,0.1760738343000412,0.08176183700561523,-0.21492891013622284
P0415,2025-01-01,0.45135509967803955,0.2263539433479309,-0.017176469787955284
P0415,2025-02-01,0.698890209197998,0.43045762181282043,0.24188727140426636
P0415,2025-03-01,0.6028753519058228,0.4305817484855652,0.21750806272029877
P0415,2025-04-01,0.6563841104507446,0.4243990480899811,0.2177085429430008
P0415,2025-05-01,0.38393574953079224,0.2377084493637085,-0.029295774176716805
P0415,2025-06-01,0.23408719897270203,0.1543855369091034,-0.14172206819057465
P0415,2025-07-01,0.25222739577293396,0.16848041117191315,-0.12079237401485443
P0415,2025-08-01,0.20816950500011444,0.1361272931098938,-0.14181536436080933
P0415,2025-09-01,0.23808322846889496,0.1436484307050705,-0.16071122884750366
P0415,2025-10-01,0.3844437301158905,0.20142298936843872,-0.09161263704299927
P0415,2025-11-01,0.493914395570755,0.2201070785522461,0.019833825528621674
P0416,2025-01-01,0.19131144881248474,0.14088737964630127,-0.13015636801719666
P0416,2025-02-01,0.425940603017807,0.33309587836265564,0.08188100904226303
P0416,2025-03-01,0.5058935284614563,0.41632768511772156,0.19996970891952515
P0416,2025-04-01,NaN,NaN,NaN
P0416,2025-05-01,0.12826001644134521,0.0978064090013504,-0.1537226289510727
P0416,2025-06-01,0.16226474940776825,0.1401294767856598,-0.08708074688911438
P0416,2025-07-01,0.11040131002664566,0.09098763763904572,-0.12449954450130463
P0416,2025-08-01,0.06838174164295197,0.05584472045302391,-0.15536019206047058
P0416,2025-09-01,0.0723816454410553,0.0552070252597332,-0.17156170308589935
P0416,2025-10-01,0.10242269188165665,0.0754673182964325,-0.17424018681049347
P0416,2025-11-01,0.13088586926460266,0.07728315144777298,-0.1460425853729248
P0417,2025-01-01,0.05776587501168251,0.025675032287836075,-0.40703409910202026
P0417,2025-02-01,0.545708954334259,0.3115569055080414,0.03887147456407547
P0417,2025-03-01,0.790894091129303,0.6964787840843201,0.47691142559051514
P0417,2025-04-01,NaN,NaN,NaN
P0417,2025-05-01,0.39384719729423523,0.20890116691589355,-0.048465266823768616
P0417,2025-06-01,0.14659883081912994,0.10724525898694992,-0.16219192743301392
P0417,2025-07-01,0.13841506838798523,0.1001955047249794,-0.15374454855918884
P0417,2025-08-01,0.10158056765794754,0.07117005437612534,-0.19062454998493195
P0417,2025-09-01,0.10630159080028534,0.07175473123788834,-0.19286133348941803
P0417,2025-10-01,0.018574677407741547,0.008382086642086506,-0.4201553761959076
P0417,2025-11-01,0.13045738637447357,0.04594377055764198,-0.3332311511039734
P0418,2025-01-01,0.16178028285503387,0.07497135549783707,-0.26650312542915344
P0418,2025-02-01,0.6796371936798096,0.421612411737442,0.15932956337928772
P0418,2025-03-01,0.7212719321250916,0.5678914189338684,0.34908902645111084
P0418,2025-04-01,0.8473262190818787,0.5810840725898743,0.3643364906311035
P0418,2025-05-01,0.3725786805152893,0.20973896980285645,-0.05303821340203285
P0418,2025-06-01,0.11378593742847443,0.0889737531542778,-0.18222278356552124
P0418,2025-07-01,0.09751594811677933,0.07461345195770264,-0.18108955025672913
P0418,2025-08-01,0.22087132930755615,0.15477238595485687,-0.09330323338508606
P0418,2025-09-01,0.18606288731098175,0.11485429853200912,-0.17924988269805908
P0418,2025-10-01,0.09536692500114441,0.04480884596705437,-0.2947964370250702
P0418,2025-11-01,0.08856607228517532,0.03242853656411171,-0.27946650981903076
P0419,2025-01-01,0.2021426111459732,0.16506052017211914,-0.11882080137729645
P0419,2025-02-01,0.438345730304718,0.35139182209968567,0.0552293062210083
P0419,2025-03-01,0.8359737396240234,0.8153327703475952,0.4141501188278198
P0419,2025-04-01,0.724252462387085,0.5327815413475037,0.2730989456176758
P0419,2025-05-01,0.2879083454608917,0.1809573471546173,-0.10609137266874313
P0419,2025-06-01,0.24159081280231476,0.1632964164018631,-0.09906676411628723
P0419,2025-07-01,0.13910265266895294,0.11070793122053146,-0.13658376038074493
P0419,2025-08-01,0.1273716539144516,0.10653690993785858,-0.1279810070991516
P0419,2025-09-01,0.12993942201137543,0.10848625004291534,-0.1324327290058136
P0419,2025-10-01,0.12139345705509186,0.08318444341421127,-0.21463853120803833
P0419,2025-11-01,0.15483686327934265,0.08518075197935104,-0.18878166377544403
P0420,2025-01-01,0.5880829095840454,0.45112916827201843,0.08617912232875824
P0420,2025-02-01,0.8678977489471436,0.741016685962677,0.482047975063324
P0420,2025-03-01,0.7843053936958313,0.6431751847267151,0.41039395332336426
P0420,2025-04-01,0.8118393421173096,0.6185345649719238,0.4123786985874176
P0420,2025-05-01,0.31783536076545715,0.20636753737926483,-0.034797172993421555
P0420,2025-06-01,0.04374765232205391,0.03273391351103783,-0.24827586114406586
P0420,2025-07-01,0.006125306244939566,0.004572055768221617,-0.2515297532081604
P0420,2025-08-01,0.021746817976236343,0.016209805384278297,-0.24030497670173645
P0420,2025-09-01,0.018620558083057404,0.013558759354054928,-0.2664203643798828
P0420,2025-10-01,0.31892481446266174,0.1617896407842636,-0.22148370742797852
P0420,2025-11-01,0.5084628462791443,0.2669277787208557,-0.00342309451662004
P0421,2025-01-01,0.4710937440395355,0.3204265236854553,0.04148229956626892
P0421,2025-02-01,0.9352643489837646,0.8781127333641052,0.5020314455032349
P0421,2025-03-01,0.8889408111572266,0.8780540227890015,0.47351154685020447
P0421,2025-04-01,0.6862621307373047,0.511865496635437,0.24231605231761932
P0421,2025-05-01,0.3059210479259491,0.2007838636636734,-0.121083103120327
P0421,2025-06-01,0.2921052575111389,0.19897010922431946,-0.15238544344902039
P0421,2025-07-01,0.2437719851732254,0.2147657722234726,-0.05959348753094673
P0421,2025-08-01,0.1811688244342804,0.16331835091114044,-0.06870776414871216
P0421,2025-09-01,0.16701288521289825,0.14646586775779724,-0.09318841993808746
P0421,2025-10-01,0.07384835928678513,0.05804288387298584,-0.1950826346874237
P0421,2025-11-01,0.21809425950050354,0.1050817146897316,-0.1646614819765091
P0422,2025-01-01,0.6029658913612366,0.4082831144332886,0.062106043100357056
P0422,2025-02-01,0.8647584319114685,0.6087101101875305,0.38962817192077637
P0422,2025-03-01,0.8061766028404236,0.7029804587364197,0.47227799892425537
P0422,2025-04-01,NaN,NaN,NaN
P0422,2025-05-01,0.3910912275314331,0.2816404104232788,0.07175698131322861
P0422,2025-06-01,0.1790730357170105,0.15513591468334198,-0.07073278725147247
P0422,2025-07-01,0.17277124524116516,0.14444854855537415,-0.07105320692062378
P0422,2025-08-01,0.17167317867279053,0.1401284784078598,-0.08994400501251221
P0422,2025-09-01,0.22273513674736023,0.18172687292099,-0.0691170021891594
P0422,2025-10-01,0.21398866176605225,0.10306650400161743,-0.2859684228897095
P0422,2025-11-01,0.30565863847732544,0.12221810221672058,-0.2338051199913025
P0423,2025-01-01,0.5546135902404785,0.4318788945674896,0.1253032684326172
P0423,2025-02-01,0.7403614521026611,0.5855541229248047,0.27512139081954956
P0423,2025-03-01,0.7040350437164307,0.5816769599914551,0.32676348090171814
P0423,2025-04-01,0.500953733921051,0.32930001616477966,0.03860748931765556
P0423,2025-05-01,0.2558886408805847,0.17618612945079803,-0.13927209377288818
P0423,2025-06-01,0.1900739222764969,0.1584666520357132,-0.15499143302440643
P0423,2025-07-01,0.14066852629184723,0.10980382561683655,-0.16428571939468384
P0423,2025-08-01,0.14184823632240295,0.11335799098014832,-0.15218119323253632
P0423,2025-09-01,0.14605091512203217,0.11394307017326355,-0.1672990322113037
P0423,2025-10-01,0.14644095301628113,0.09578697383403778,-0.2231896072626114
P0423,2025-11-01,0.147671177983284,0.08959266543388367,-0.19339266419410706
P0424,2025-01-01,0.29191797971725464,0.21196089684963226,-0.130540668964386
P0424,2025-02-01,0.9403012990951538,0.8463285565376282,0.5259182453155518
P0424,2025-03-01,0.8503801226615906,0.9002277851104736,0.5166372656822205
P0424,2025-04-01,0.8926334977149963,0.79896479845047,0.5091042518615723
P0424,2025-05-01,0.2519600987434387,0.12257281690835953,-0.17399482429027557
P0424,2025-06-01,0.15581433475017548,0.1228596568107605,-0.1640569418668747
P0424,2025-07-01,0.16717766225337982,0.12854555249214172,-0.14554046094417572
P0424,2025-08-01,0.1734951138496399,0.13555774092674255,-0.13396906852722168
P0424,2025-09-01,0.17469261586666107,0.13379545509815216,-0.14948071539402008
P0424,2025-10-01,0.10874868929386139,0.05529757961630821,-0.30179983377456665
P0424,2025-11-01,0.16495253145694733,0.07519203424453735,-0.24641761183738708
P0425,2025-01-01,0.5296646356582642,0.3452785909175873,-0.017850570380687714
P0425,2025-02-01,0.8517594933509827,0.5840553045272827,0.3599918484687805
P0425,2025-03-01,0.8093891143798828,0.7252669334411621,0.4833075702190399
P0425,2025-04-01,NaN,NaN,NaN
P0425,2025-05-01,0.5772738456726074,0.3984077274799347,0.1920640766620636
P0425,2025-06-01,0.30415162444114685,0.23633864521980286,-0.05345211550593376
P0425,2025-07-01,0.23669640719890594,0.18845513463020325,-0.07115629315376282
P0425,2025-08-01,0.2187354415655136,0.1749633401632309,-0.07738444954156876
P0425,2025-09-01,0.22839505970478058,0.1799296736717224,-0.07662105560302734
P0425,2025-10-01,0.27648475766181946,0.12744155526161194,-0.2588536739349365
P0425,2025-11-01,0.30314135551452637,0.11180628091096878,-0.2523280382156372
P0426,2025-01-01,0.29320454597473145,0.14738520979881287,-0.20873786509037018
P0426,2025-02-01,0.6082134246826172,0.36414214968681335,0.11445783078670502
P0426,2025-03-01,0.6361451148986816,0.47799670696258545,0.22979632019996643
P0426,2025-04-01,0.3579960763454437,0.42794424295425415,0.11718979477882385
P0426,2025-05-01,0.250815212726593,0.15386924147605896,-0.13363447785377502
P0426,2025-06-01,0.19734904170036316,0.1359262764453888,-0.13759660720825195
P0426,2025-07-01,0.19307103753089905,0.14374221861362457,-0.12163548171520233
P0426,2025-08-01,0.177094966173172,0.1279326230287552,-0.14023394882678986
P0426,2025-09-01,0.25640588998794556,0.19954268634319305,-0.06792548298835754
P0426,2025-10-01,0.24063439667224884,0.13901175558567047,-0.2166781723499298
P0426,2025-11-01,0.32395869493484497,0.15536433458328247,-0.12267044186592102
P0427,2025-01-01,NaN,NaN,NaN
P0427,2025-02-01,0.9773662686347961,0.7669261693954468,0.541436493396759
P0427,2025-03-01,0.8623132705688477,0.7501999139785767,0.5363349318504333
P0427,2025-04-01,NaN,NaN,NaN
P0427,2025-05-01,0.22748401761054993,0.12699906527996063,-0.02334720268845558
P0427,2025-06-01,0.18912629783153534,0.1282382309436798,-0.03881669044494629
P0427,2025-07-01,0.19209611415863037,0.16036641597747803,-0.03751753270626068
P0427,2025-08-01,0.17110858857631683,0.14428824186325073,-0.04783310368657112
P0427,2025-09-01,0.15606361627578735,0.13206912577152252,-0.04805893450975418
P0427,2025-10-01,0.22697368264198303,0.10960113257169724,-0.17172464728355408
P0427,2025-11-01,0.26937147974967957,0.1333904266357422,-0.068797267973423
P0428,2025-01-01,0.1080729141831398,0.06706961989402771,-0.20018796622753143
P0428,2025-02-01,0.7304738759994507,0.641531765460968,0.4122592508792877
P0428,2025-03-01,0.6766950488090515,0.6442463397979736,0.5048735737800598
P0428,2025-04-01,0.855202853679657,0.8229336738586426,0.6319247484207153
P0428,2025-05-01,0.03245300054550171,0.022308379411697388,-0.2557276487350464
P0428,2025-06-01,0.02332361601293087,0.017598921433091164,-0.23284277319908142
P0428,2025-07-01,0.028543876484036446,0.021000057458877563,-0.2148115485906601
P0428,2025-08-01,0.10484631359577179,0.07919325679540634,-0.14153845608234406
P0428,2025-09-01,0.0925779715180397,0.06704789400100708,-0.17103490233421326
P0428,2025-10-01,0.09220430254936218,0.05437884479761124,-0.22268988192081451
P0428,2025-11-01,0.055327869951725006,0.029480580240488052,-0.20577219128608704
P0429,2025-01-01,0.2301943153142929,0.12844893336296082,-0.17019560933113098
P0429,2025-02-01,0.6052136421203613,0.39936158061027527,0.13728103041648865
P0429,2025-03-01,0.7195899486541748,0.5511549711227417,0.2981943190097809
P0429,2025-04-01,0.7686052322387695,0.5480775833129883,0.31591492891311646
P0429,2025-05-01,0.23098652064800262,0.1629018932580948,-0.1105354055762291
P0429,2025-06-01,0.1732923686504364,0.13627579808235168,-0.13287927210330963
P0429,2025-07-01,0.12669683992862701,0.09650380164384842,-0.16700120270252228
P0429,2025-08-01,0.14568723738193512,0.11307353526353836,-0.13248373568058014
P0429,2025-09-01,0.15516561269760132,0.11334504932165146,-0.15758447349071503
P0429,2025-10-01,0.24981075525283813,0.15476487576961517,-0.11789848655462265
P0429,2025-11-01,0.28780069947242737,0.15895862877368927,-0.07163501530885696
P0430,2025-01-01,0.5161020755767822,0.24804019927978516,-0.14140218496322632
P0430,2025-02-01,0.8765167593955994,0.6687481999397278,0.3979085385799408
P0430,2025-03-01,0.825606644153595,0.7467160224914551,0.4764206111431122
P0430,2025-04-01,0.9012956023216248,0.8555015921592712,0.5475232601165771
P0430,2025-05-01,0.2335110902786255,0.1381646692752838,-0.12884043157100677
P0430,2025-06-01,0.20624060928821564,0.17013545334339142,-0.09761577844619751
P0430,2025-07-01,0.2042468637228012,0.1715422123670578,-0.0732424184679985
P0430,2025-08-01,0.19250504672527313,0.15827153623104095,-0.07658037543296814
P0430,2025-09-01,0.20699560642242432,0.16436775028705597,-0.0934128686785698
P0430,2025-10-01,0.35019010305404663,0.17431296408176422,-0.23304535448551178
P0430,2025-11-01,0.49468764662742615,0.22146961092948914,-0.08459135890007019
P0431,2025-01-01,0.23742590844631195,0.20003995299339294,-0.10628668963909149
P0431,2025-02-01,0.6155431866645813,0.4847402572631836,0.16882923245429993
P0431,2025-03-01,0.8550066947937012,0.8058080077171326,0.41569432616233826
P0431,2025-04-01,0.8013100624084473,0.5607429146766663,0.32305774092674255
P0431,2025-05-01,0.2903771698474884,0.18027620017528534,-0.0908006802201271
P0431,2025-06-01,0.17354752123355865,0.143246591091156,-0.1439991295337677
P0431,2025-07-01,0.10208543390035629,0.07520753145217896,-0.196542426943779
P0431,2025-08-01,0.16298449039459229,0.11926371604204178,-0.15466967225074768
P0431,2025-09-01,0.16371944546699524,0.1184452623128891,-0.1521424502134323
P0431,2025-10-01,0.10267295688390732,0.0869901180267334,-0.18680426478385925
P0431,2025-11-01,0.14499212801456451,0.08461868017911911,-0.2100217044353485
P0432,2025-01-01,0.36451399326324463,0.18418219685554504,-0.1875123828649521
P0432,2025-02-01,0.8552899360656738,0.6011368632316589,0.31607434153556824
P0432,2025-03-01,0.8126682043075562,0.6557541489601135,0.3704225420951843
P0432,2025-04-01,NaN,NaN,NaN
P0432,2025-05-01,0.2249917984008789,0.11786536872386932,-0.22300811111927032
P0432,2025-06-01,0.190450057387352,0.14674372971057892,-0.15096555650234222
P0432,2025-07-01,0.21260565519332886,0.15672409534454346,-0.1444314867258072
P0432,2025-08-01,0.1963655650615692,0.1485227793455124,-0.13386128842830658
P0432,2025-09-01,0.2119065821170807,0.15287521481513977,-0.1528168022632599
P0432,2025-10-01,0.1333124190568924,0.06698399037122726,-0.32213884592056274
P0432,2025-11-01,0.17903415858745575,0.07467575371265411,-0.3195105493068695
P0433,2025-01-01,0.3718820810317993,0.1850598007440567,-0.14427156746387482
P0433,2025-02-01,0.9277757406234741,0.8401142954826355,0.5382221937179565
P0433,2025-03-01,0.8251476883888245,0.7278501391410828,0.4712010622024536
P0433,2025-04-01,0.9036415815353394,0.744881808757782,0.5164602398872375
P0433,2025-05-01,0.26697486639022827,0.15068493783473969,-0.1203610822558403
P0433,2025-06-01,0.3001960813999176,0.22192908823490143,-0.025998825207352638
P0433,2025-07-01,0.14615385234355927,0.11501494795084,-0.13372093439102173
P0433,2025-08-01,0.13776853680610657,0.11298535764217377,-0.09412933140993118
P0433,2025-09-01,0.13783490657806396,0.1060483306646347,-0.13340410590171814
P0433,2025-10-01,0.1558408886194229,0.08828479051589966,-0.27045923471450806
P0433,2025-11-01,0.16599372029304504,0.059388142079114914,-0.2863810956478119
P0434,2025-01-01,0.3104113042354584,0.10106717050075531,-0.35678234696388245
P0434,2025-02-01,0.6080760359764099,0.280234694480896,0.01377657987177372
P0434,2025-03-01,0.5749220848083496,0.40803131461143494,0.31117764115333557
P0434,2025-04-01,NaN,NaN,NaN
P0434,2025-05-01,0.5040121674537659,0.35880810022354126,0.15679733455181122
P0434,2025-06-01,0.1501736044883728,0.11862965673208237,-0.09457428008317947
P0434,2025-07-01,0.1646706610918045,0.12363146245479584,-0.0838182345032692
P0434,2025-08-01,0.14865832030773163,0.11396675556898117,-0.0828453078866005
P0434,2025-09-01,0.16276682913303375,0.11353874206542969,-0.12279343605041504
P0434,2025-10-01,0.297213613986969,0.09788727015256882,-0.28644412755966187
P0434,2025-11-01,0.2709776759147644,0.071731336414814,-0.3593325614929199
P0435,2025-01-01,0.6150514483451843,0.2436513453722,0.21358828246593475
P0435,2025-02-01,0.8079297542572021,0.6107980012893677,0.341850221157074
P0435,2025-03-01,0.789165735244751,0.6962763071060181,0.4181627631187439
P0435,2025-04-01,NaN,NaN,NaN
P0435,2025-05-01,0.5058659315109253,0.32899755239486694,0.11568708717823029
P0435,2025-06-01,0.19803278148174286,0.1358606070280075,-0.14546304941177368
P0435,2025-07-01,0.13407158851623535,0.0916166678071022,-0.18246614933013916
P0435,2025-08-01,0.12670671939849854,0.0915452167391777,-0.17004157602787018
P0435,2025-09-01,0.13954409956932068,0.09718924015760422,-0.1914205402135849
P0435,2025-10-01,0.2488986849784851,0.1305108219385147,-0.22991850972175598
P0435,2025-11-01,0.3260350227355957,0.14277246594429016,-0.16620776057243347
P0436,2025-01-01,0.5350258350372314,0.24329756200313568,-0.11083877831697464
P0436,2025-02-01,0.8914946913719177,0.5603600740432739,0.35993704199790955
P0436,2025-03-01,0.8485836386680603,0.7089590430259705,0.4899802803993225
P0436,2025-04-01,0.9228855967521667,0.8131849765777588,0.5711382031440735
P0436,2025-05-01,0.16767749190330505,0.08332151174545288,-0.18297553062438965
P0436,2025-06-01,0.14227023720741272,0.11931499093770981,-0.1085381805896759
P0436,2025-07-01,0.12303665280342102,0.09896942973136902,-0.12511995434761047
P0436,2025-08-01,-0.47238585352897644,-0.2146921008825302,-0.6637728810310364
P0436,2025-09-01,-0.2667977809906006,-0.13703703880310059,-0.5384774208068848
P0436,2025-10-01,0.3008185625076294,0.09233668446540833,-0.34825700521469116
P0436,2025-11-01,0.3855869174003601,0.10745341330766678,-0.25250500440597534
P0437,2025-01-01,0.6404977440834045,0.48149535059928894,0.2788359820842743
P0437,2025-02-01,0.7260698676109314,0.5774036645889282,0.36779162287712097
P0437,2025-03-01,0.6632070541381836,0.6020728349685669,0.36596107482910156
P0437,2025-04-01,0.42587465047836304,0.2719470262527466,0.00336521421559155
P0437,2025-05-01,0.14090614020824432,0.09570363909006119,-0.20928485691547394
P0437,2025-06-01,0.1115836352109909,0.07734636217355728,-0.20008744299411774
P0437,2025-07-01,0.07006529718637466,0.040222592651844025,-0.2524561285972595
P0437,2025-08-01,0.07787750661373138,0.04299163445830345,-0.24416883289813995
P0437,2025-09-01,0.08042358607053757,0.04185783118009567,-0.26327088475227356
P0437,2025-10-01,0.0513727106153965,0.033009033650159836,-0.2446204423904419
P0437,2025-11-01,0.2289416790008545,0.11655670404434204,-0.12230057269334793
P0438,2025-01-01,0.29194700717926025,0.21800687909126282,-0.05120526999235153
P0438,2025-02-01,0.4643835723400116,0.35962173342704773,0.08182737976312637
P0438,2025-03-01,0.534895658493042,0.4685346186161041,0.20056194067001343
P0438,2025-04-01,0.42786070704460144,0.32781386375427246,0.05794750899076462
P0438,2025-05-01,0.2578578591346741,0.1961739957332611,-0.10993058234453201
P0438,2025-06-01,0.2723141312599182,0.2199060469865799,-0.09315884858369827
P0438,2025-07-01,0.20862214267253876,0.1643448919057846,-0.10915888100862503
P0438,2025-08-01,0.21478405594825745,0.17252421379089355,-0.09189122170209885
P0438,2025-09-01,0.22470365464687347,0.1795470118522644,-0.09357915073633194
P0438,2025-10-01,0.2796424627304077,0.21845698356628418,-0.1039724126458168
P0438,2025-11-01,0.21625421941280365,0.12068424373865128,-0.16890853643417358
P0439,2025-01-01,0.22102680802345276,0.1620357483625412,-0.08964255452156067
P0439,2025-02-01,0.2987385392189026,0.2161407172679901,-0.03835267573595047
P0439,2025-03-01,0.3503292500972748,0.2695581614971161,0.019315438345074654
P0439,2025-04-01,0.2628125548362732,0.2001296430826187,-0.060678012669086456
P0439,2025-05-01,0.2289896160364151,0.1890789121389389,-0.0767320916056633
P0439,2025-06-01,0.19712376594543457,0.1698542982339859,-0.09806282073259354
P0439,2025-07-01,0.16754357516765594,0.12781596183776855,-0.11425720155239105
P0439,2025-08-01,0.19094835221767426,0.14795905351638794,-0.09491978585720062
P0439,2025-09-01,0.1984633058309555,0.15162870287895203,-0.08875077962875366
P0439,2025-10-01,0.12395209819078445,0.08250737190246582,-0.18165963888168335
P0439,2025-11-01,0.2105395793914795,0.12136627733707428,-0.11518613994121552
P0440,2025-01-01,0.6725120544433594,0.3131251335144043,-0.017512232065200806
P0440,2025-02-01,0.7493090033531189,0.49283739924430847,0.2429300844669342
P0440,2025-03-01,0.6789817810058594,0.5258015990257263,0.248408704996109
P0440,2025-04-01,NaN,NaN,NaN
P0440,2025-05-01,0.5479452013969421,0.3488587737083435,0.12046413868665695
P0440,2025-06-01,0.30007997155189514,0.21936747431755066,-0.03157110884785652
P0440,2025-07-01,0.24834801256656647,0.1837616115808487,-0.07995130121707916
P0440,2025-08-01,0.1672506481409073,0.10833711922168732,-0.19011345505714417
P0440,2025-09-01,0.2309505045413971,0.1378943771123886,-0.18738116323947906
P0440,2025-10-01,0.26343825459480286,0.1026686280965805,-0.27808523178100586
P0440,2025-11-01,0.20246478915214539,0.06511645764112473,-0.3165443539619446
P0441,2025-01-01,0.28053492307662964,0.14811095595359802,-0.11483155190944672
P0441,2025-02-01,0.6018588542938232,0.3973465859889984,0.14859509468078613
P0441,2025-03-01,0.7698066234588623,0.6263747215270996,0.3496669828891754
P0441,2025-04-01,0.8654600977897644,0.6897810101509094,0.4267845153808594
P0441,2025-05-01,0.25840824842453003,0.13391315937042236,-0.16375304758548737
P0441,2025-06-01,0.16298343241214752,0.10044262558221817,-0.19376741349697113
P0441,2025-07-01,0.16277040541172028,0.12022576481103897,-0.14932993054389954
P0441,2025-08-01,0.16231155395507812,0.12254033982753754,-0.1297968327999115
P0441,2025-09-01,0.1668490171432495,0.11955783516168594,-0.15424266457557678
P0441,2025-10-01,0.0996999740600586,0.06048048287630081,-0.26124030351638794
P0441,2025-11-01,0.005546075291931629,0.0020779387559741735,-0.35985878109931946
P0442,2025-01-01,0.3263781666755676,0.20109833776950836,-0.1094776913523674
P0442,2025-02-01,0.6826606392860413,0.5384989976882935,0.26388245820999146
P0442,2025-03-01,0.6709964275360107,0.6042789220809937,0.30638694763183594
P0442,2025-04-01,0.6848932504653931,0.5609676241874695,0.27211087942123413
P0442,2025-05-01,0.2214844673871994,0.1437055766582489,-0.15251727402210236
P0442,2025-06-01,0.15218991041183472,0.11641000956296921,-0.17748291790485382
P0442,2025-07-01,0.1466071456670761,0.10931216925382614,-0.17478473484516144
P0442,2025-08-01,0.15142610669136047,0.11462067812681198,-0.1554456651210785
P0442,2025-09-01,0.15477968752384186,0.11088817566633224,-0.177526593208313
P0442,2025-10-01,0.16100741922855377,0.10210484266281128,-0.2222054898738861
P0442,2025-11-01,0.2045646607875824,0.10994669049978256,-0.15547214448451996
P0443,2025-01-01,0.6563836336135864,0.4237655699253082,0.10673469305038452
P0443,2025-02-01,0.9105124473571777,0.8240690231323242,0.5341905951499939
P0443,2025-03-01,0.8406619429588318,0.8363648056983948,0.5292654037475586
P0443,2025-04-01,NaN,NaN,NaN
P0443,2025-05-01,0.32012999057769775,0.23611193895339966,-0.012910084798932076
P0443,2025-06-01,0.23221279680728912,0.19024573266506195,-0.06766267120838165
P0443,2025-07-01,0.18127459287643433,0.14520519971847534,-0.10160363465547562
P0443,2025-08-01,0.18927092850208282,0.1505749523639679,-0.08901353180408478
P0443,2025-09-01,0.1905016005039215,0.14580553770065308,-0.11853022873401642
P0443,2025-10-01,0.1044967845082283,0.04703523963689804,-0.3602083921432495
P0443,2025-11-01,0.2608315050601959,0.11374913901090622,-0.19793987274169922
P0445,2025-01-01,0.35168105363845825,0.20787900686264038,-0.11752136796712875
P0445,2025-02-01,0.42996013164520264,0.2840721905231476,-0.04590054973959923
P0445,2025-03-01,0.6050010323524475,0.48145991563796997,0.16496975719928741
P0445,2025-04-01,NaN,NaN,NaN
P0445,2025-05-01,0.29049256443977356,0.20545725524425507,-0.11375078558921814
P0445,2025-06-01,0.19906768202781677,0.16421227157115936,-0.14248672127723694
P0445,2025-07-01,0.1666020154953003,0.12338408827781677,-0.15388943254947662
P0445,2025-08-01,0.17739740014076233,0.13137423992156982,-0.14068710803985596
P0445,2025-09-01,0.19717419147491455,0.13857188820838928,-0.1572149693965912
P0445,2025-10-01,0.15660251677036285,0.10857230424880981,-0.24859893321990967
P0445,2025-11-01,0.34095466136932373,0.15291069447994232,-0.1737518608570099
P0448,2025-01-01,0.2946394979953766,0.2364148497581482,-0.015218951739370823
P0448,2025-02-01,0.4516947567462921,0.3767537474632263,0.14676402509212494
P0448,2025-03-01,0.462165504693985,0.4006267488002777,0.15382464230060577
P0448,2025-04-01,0.4748362898826599,0.39789295196533203,0.1511390209197998
P0448,2025-05-01,0.28213343024253845,0.22692133486270905,-0.058929312974214554
P0448,2025-06-01,0.22124063968658447,0.17440275847911835,-0.11372822523117065
P0448,2025-07-01,0.15064889192581177,0.11776156723499298,-0.15067961812019348
P0448,2025-08-01,0.13865692913532257,0.10880842804908752,-0.1468978077173233
P0448,2025-09-01,0.16359840333461761,0.12235280871391296,-0.16002191603183746
P0448,2025-10-01,0.169879749417305,0.1306287795305252,-0.1505197435617447
P0448,2025-11-01,0.2761465609073639,0.1758071929216385,-0.02701202593743801
P0450,2025-01-01,NaN,NaN,NaN
P0450,2025-02-01,0.8214953541755676,0.7334045171737671,0.4332990050315857
P0450,2025-03-01,0.7850713729858398,0.622281014919281,0.45170503854751587
P0450,2025-04-01,NaN,NaN,NaN
P0450,2025-05-01,0.37326499819755554,0.27042916417121887,0.1047929897904396
P0450,2025-06-01,0.22240608930587769,0.17645205557346344,0.010118965990841389
P0450,2025-07-01,0.1511233001947403,0.12851272523403168,-0.06523122638463974
P0450,2025-08-01,0.1476133167743683,0.12684988975524902,-0.08467526733875275
P0450,2025-09-01,0.14846931397914886,0.12899543344974518,-0.07668744027614594
P0450,2025-10-01,0.061259496957063675,0.04335761442780495,-0.27136608958244324
P0450,2025-11-01,0.16402274370193481,0.09252068400382996,-0.1554831713438034
P0453,2025-01-01,0.30946236848831177,0.2072710543870926,-0.06696292012929916
P0453,2025-02-01,0.6531656384468079,0.4896915555000305,0.22763970494270325
P0453,2025-03-01,0.7100591659545898,0.6263444423675537,0.3347795605659485
P0453,2025-04-01,0.8374119400978088,0.7325419187545776,0.4428592324256897
P0453,2025-05-01,0.45331865549087524,0.269130140542984,0.037146225571632385
P0453,2025-06-01,0.2393527776002884,0.19676245748996735,-0.06603013724088669
P0453,2025-07-01,0.23575466871261597,0.19108280539512634,-0.05173564702272415
P0453,2025-08-01,0.24469132721424103,0.20004598796367645,-0.033522602170705795
P0453,2025-09-01,0.25412699580192566,0.19844810664653778,-0.06519167125225067
P0453,2025-10-01,0.2344338595867157,0.15005388855934143,-0.1503736525774002
P0453,2025-11-01,0.2661038041114807,0.12990780174732208,-0.09398075938224792
P0456,2025-01-01,0.5550661087036133,0.3563348352909088,0.11750465631484985
P0456,2025-02-01,0.4871162176132202,0.2963247001171112,0.05812365934252739
P0456,2025-03-01,0.5204830765724182,0.36164402961730957,0.14619778096675873
P0456,2025-04-01,NaN,NaN,NaN
P0456,2025-05-01,0.3935989737510681,0.2828291952610016,0.003357240930199623
P0456,2025-06-01,0.2526697516441345,0.18382245302200317,-0.10093998908996582
P0456,2025-07-01,0.2421240359544754,0.16994881629943848,-0.10314735025167465
P0456,2025-08-01,0.23844917118549347,0.1660883128643036,-0.09881596267223358
P0456,2025-09-01,0.25816217064857483,0.17050810158252716,-0.11214525252580643
P0456,2025-10-01,0.309615820646286,0.19888438284397125,-0.08511989563703537
P0456,2025-11-01,0.39319688081741333,0.21764105558395386,-0.0016525511164218187
P0458,2025-01-01,NaN,NaN,NaN
P0458,2025-02-01,0.8064010739326477,0.6235937476158142,0.393473744392395
P0458,2025-03-01,0.8931972980499268,0.2767939865589142,0.5384190082550049
P0458,2025-04-01,0.7390944361686707,0.4541598856449127,0.25203737616539
P0458,2025-05-01,0.343340128660202,0.20299844443798065,-0.07151490449905396
P0458,2025-06-01,0.3921608328819275,0.29137495160102844,-0.017486024647951126
P0458,2025-07-01,0.12123145908117294,0.09792300313711166,-0.13584952056407928
P0458,2025-08-01,0.11890871822834015,0.09297271072864532,-0.14445027709007263
P0458,2025-09-01,0.32029393315315247,0.2186679244041443,-0.08273272961378098
P0458,2025-10-01,0.1717139184474945,0.09327639639377594,-0.2284683883190155
P0458,2025-11-01,0.30927833914756775,0.14422562718391418,-0.12031811475753784
P0460,2025-01-01,0.2349596470594406,0.19416740536689758,-0.09866131097078323
P0460,2025-02-01,NaN,NaN,NaN
P0460,2025-03-01,0.68473219871521,0.5554795265197754,0.307100772857666
P0460,2025-04-01,0.8126771450042725,0.5727255940437317,0.38103652000427246
P0460,2025-05-01,0.4499607980251312,0.29229044914245605,0.07810375094413757
P0460,2025-06-01,0.30990877747535706,0.2279936522245407,-0.03966565430164337
P0460,2025-07-01,0.15308316051959991,0.12028785794973373,-0.15290260314941406
P0460,2025-08-01,0.15461386740207672,0.12194492667913437,-0.13368524610996246
P0460,2025-09-01,0.04696071892976761,0.031603507697582245,-0.29002976417541504
P0460,2025-10-01,0.03774432837963104,0.026427559554576874,-0.30583107471466064
P0460,2025-11-01,0.22648876905441284,0.11831101030111313,-0.1545536071062088
P0463,2025-01-01,0.153662770986557,0.10135521739721298,-0.21847012639045715
P0463,2025-02-01,0.5261054635047913,0.33225664496421814,0.04849926754832268
P0463,2025-03-01,0.7522374987602234,0.5902706384658813,0.33338871598243713
P0463,2025-04-01,NaN,NaN,NaN
P0463,2025-05-01,0.31084397435188293,0.19628195464611053,-0.08791396021842957
P0463,2025-06-01,0.2541942000389099,0.1912289708852768,-0.09831871092319489
P0463,2025-07-01,0.1761479377746582,0.13428913056850433,-0.13467082381248474
P0463,2025-08-01,0.18597514927387238,0.145055890083313,-0.11527014523744583
P0463,2025-09-01,0.18416666984558105,0.13634231686592102,-0.1517430692911148
P0463,2025-10-01,0.05981941148638725,0.03624873608350754,-0.3096603453159332
P0463,2025-11-01,0.14965492486953735,0.06366080790758133,-0.22178509831428528
P0465,2025-01-01,0.6280660629272461,0.43816637992858887,0.20977917313575745
P0465,2025-02-01,0.8013169765472412,0.5956922173500061,0.42782577872276306
P0465,2025-03-01,0.7423551082611084,0.6608313918113708,0.42326802015304565
P0465,2025-04-01,NaN,NaN,NaN
P0465,2025-05-01,0.35087719559669495,0.1842360943555832,-0.1162353903055191
P0465,2025-06-01,0.33744099736213684,0.20888787508010864,-0.10130373388528824
P0465,2025-07-01,0.4284280240535736,0.29825296998023987,0.024478042498230934
P0465,2025-08-01,0.42603549361228943,0.312508761882782,0.046651724725961685
P0465,2025-09-01,0.4070316255092621,0.2568569779396057,-0.02644897997379303
P0465,2025-10-01,0.4553571343421936,0.2546960115432739,-0.01308593712747097
P0465,2025-11-01,0.5639017224311829,0.2770586907863617,0.11469170451164246
P0468,2025-01-01,0.34849750995635986,0.15763640403747559,-0.16446858644485474
P0468,2025-02-01,0.5600840449333191,0.2565138638019562,-0.018503833562135696
P0468,2025-03-01,0.5293607115745544,0.3265291452407837,0.0659274160861969
P0468,2025-04-01,NaN,NaN,NaN
P0468,2025-05-01,0.21192893385887146,0.13649143278598785,-0.20943708717823029
P0468,2025-06-01,0.21330109238624573,0.14337733387947083,-0.2018771916627884
P0468,2025-07-01,0.22055615484714508,0.12934066355228424,-0.17717331647872925
P0468,2025-08-01,0.2307908833026886,0.133034810423851,-0.16577641665935516
P0468,2025-09-01,0.2554808557033539,0.1419753134250641,-0.1556909829378128
P0468,2025-10-01,0.3242414891719818,0.17528745532035828,-0.14924198389053345
P0468,2025-11-01,0.5075139403343201,0.21369685232639313,0.016502605751156807
P0470,2025-01-01,NaN,NaN,NaN
P0470,2025-02-01,0.6730691194534302,0.55865079164505,0.31578946113586426
P0470,2025-03-01,0.27385473251342773,0.22277125716209412,0.00039753527380526066
P0470,2025-04-01,0.824661910533905,0.6196183562278748,0.4050476551055908
P0470,2025-05-01,0.3304236829280853,0.24443253874778748,-0.017298316583037376
P0470,2025-06-01,0.2243710160255432,0.17030069231987,-0.09518523514270782
P0470,2025-07-01,0.20781345665454865,0.1484251767396927,-0.12673765420913696
P0470,2025-08-01,0.20857897400856018,0.1520405411720276,-0.11860637366771698
P0470,2025-09-01,0.18766117095947266,0.13903586566448212,-0.11929979175329208
P0470,2025-10-01,0.26140499114990234,0.1578022539615631,-0.1763523370027542
P0470,2025-11-01,0.4086134433746338,0.2098543494939804,-0.01614086516201496
P0472,2025-01-01,0.5556720495223999,0.41763854026794434,0.07928425818681717
P0472,2025-02-01,0.9881933331489563,0.7839949131011963,0.5594967603683472
P0472,2025-03-01,0.8525598645210266,0.666895866394043,0.4903659224510193
P0472,2025-04-01,NaN,NaN,NaN
P0472,2025-05-01,0.2986977696418762,0.18114511668682098,-0.06394211947917938
P0472,2025-06-01,0.32179462909698486,0.2439882755279541,0.011393903754651546
P0472,2025-07-01,0.13055333495140076,0.10304319113492966,-0.174396812915802
P0472,2025-08-01,0.08947523683309555,0.07282368838787079,-0.16758644580841064
P0472,2025-09-01,0.0884842649102211,0.06952811032533646,-0.1974799782037735
P0472,2025-10-01,-0.0027329870499670506,-0.001609735656529665,-0.40570032596588135
P0472,2025-11-01,0.2417711615562439,0.10449834167957306,-0.21520555019378662
P0475,2025-01-01,0.7503455877304077,0.5195849537849426,0.2667066752910614
P0475,2025-02-01,0.8658349514007568,0.7693225741386414,0.5090034008026123
P0475,2025-03-01,0.7021529078483582,0.6244346499443054,0.48645448684692383
P0475,2025-04-01,NaN,NaN,NaN
P0475,2025-05-01,0.1620941311120987,0.10845767706632614,-0.22753889858722687
P0475,2025-06-01,0.16201740503311157,0.11851126700639725,-0.19842980802059174
P0475,2025-07-01,0.22112706303596497,0.15927401185035706,-0.13964371383190155
P0475,2025-08-01,0.15082119405269623,0.10256733000278473,-0.19732171297073364
P0475,2025-09-01,0.12509021162986755,0.08193621784448624,-0.21763131022453308
P0475,2025-10-01,0.16374070942401886,0.0852462500333786,-0.2653452754020691
P0475,2025-11-01,0.2252883017063141,0.09884708374738693,-0.2062433362007141
P0477,2025-01-01,0.33569344878196716,0.16670113801956177,-0.278352826833725
P0477,2025-02-01,0.8618481159210205,0.544487714767456,0.32057106494903564
P0477,2025-03-01,0.8533841967582703,0.7506792545318604,0.5099409818649292
P0477,2025-04-01,NaN,NaN,NaN
P0477,2025-05-01,0.28711655735969543,0.1833108812570572,0.03512926772236824
P0477,2025-06-01,0.196504145860672,0.1447036862373352,-0.042691007256507874
P0477,2025-07-01,0.24485169351100922,0.17055325210094452,-0.007082579657435417
P0477,2025-08-01,0.14126679301261902,0.12395302206277847,-0.0696776881814003
P0477,2025-09-01,0.15097221732139587,0.12942633032798767,-0.08400575071573257
P0477,2025-10-01,0.23825344443321228,0.09902552515268326,-0.3501867949962616
P0477,2025-11-01,0.20975832641124725,0.08782313019037247,-0.3083941638469696
P0480,2025-01-01,0.22185122966766357,0.16942909359931946,-0.11500739306211472
P0480,2025-02-01,0.598581075668335,0.5176940560340881,0.232070192694664
P0480,2025-03-01,0.7080475091934204,0.6487414240837097,0.2926057279109955
P0480,2025-04-01,0.48876282572746277,0.3447320759296417,0.05832169950008392
P0480,2025-05-01,0.19431181252002716,0.13794323801994324,-0.17779047787189484
P0480,2025-06-01,0.17606259882450104,0.13575032353401184,-0.1733749955892563
P0480,2025-07-01,0.0821981430053711,0.06472767889499664,-0.19873926043510437
P0480,2025-08-01,0.0797480046749115,0.06337150931358337,-0.19461317360401154
P0480,2025-09-01,0.0811190977692604,0.0642501637339592,-0.19137245416641235
P0480,2025-10-01,0.10004125535488129,0.06673271209001541,-0.23310324549674988
P0480,2025-11-01,0.168206587433815,0.10187975317239761,-0.18293289840221405
P0482,2025-01-01,0.43816253542900085,0.29344019293785095,-0.03478260710835457
P0482,2025-02-01,0.8272029757499695,0.5619068145751953,0.29793232679367065
P0482,2025-03-01,0.9065187573432922,0.7186692357063293,0.4432830810546875
P0482,2025-04-01,NaN,NaN,NaN
P0482,2025-05-01,0.08147100359201431,0.046680498868227005,-0.27539801597595215
P0482,2025-06-01,0.27808040380477905,0.1796969324350357,-0.1181313768029213
P0482,2025-07-01,0.19127807021141052,0.16195861995220184,-0.11636596918106079
P0482,2025-08-01,0.17113372683525085,0.14622676372528076,-0.12224728614091873
P0482,2025-09-01,0.33497679233551025,0.19221808016300201,-0.19231444597244263
P0482,2025-10-01,0.1888589709997177,0.13395610451698303,-0.20726318657398224
P0482,2025-11-01,0.3576027750968933,0.12915459275245667,-0.11637653410434723
P0485,2025-01-01,0.289934366941452,0.16065798699855804,-0.2645040452480316
P0485,2025-02-01,0.6664209365844727,0.3649723529815674,0.07387173175811768
P0485,2025-03-01,0.7517321109771729,0.5781938433647156,0.3410537540912628
P0485,2025-04-01,0.8209430575370789,0.6711467504501343,0.42645591497421265
P0485,2025-05-01,0.23378333449363708,0.12700343132019043,-0.18348224461078644
P0485,2025-06-01,0.22927257418632507,0.18473011255264282,-0.08862897753715515
P0485,2025-07-01,0.18665392696857452,0.1515151560306549,-0.09662948548793793
P0485,2025-08-01,0.15904036164283752,0.12723714113235474,-0.1166141927242279
P0485,2025-09-01,-0.060266897082328796,-0.025548378005623817,-0.4527450501918793
P0485,2025-10-01,-0.027975132688879967,-0.01198766939342022,-0.4859088659286499
P0485,2025-11-01,0.10265924781560898,0.032973144203424454,-0.42539477348327637
P0487,2025-01-01,0.32491910457611084,0.25126802921295166,-0.08534405380487442
P0487,2025-02-01,0.8319088220596313,0.593825101852417,0.3625505566596985
P0487,2025-03-01,0.8179324865341187,0.6666551828384399,0.4467763602733612
P0487,2025-04-01,0.8524258732795715,0.6670299172401428,0.47716280817985535
P0487,2025-05-01,0.2105409950017929,0.12731872498989105,-0.12532742321491241
P0487,2025-06-01,0.28558894991874695,0.2041008323431015,-0.05038885399699211
P0487,2025-07-01,0.17447993159294128,0.14883778989315033,-0.11277113854885101
P0487,2025-08-01,0.15758104622364044,0.13285616040229797,-0.1011400818824768
P0487,2025-09-01,0.1143842488527298,0.09852460771799088,-0.14043448865413666
P0487,2025-10-01,0.1819186508655548,0.13254526257514954,-0.20241646468639374
P0487,2025-11-01,0.24617347121238708,0.10689757019281387,-0.17250141501426697
P0489,2025-01-01,0.0017788319382816553,0.0009624948143027723,-0.3440108597278595
P0489,2025-02-01,-0.003329297760501504,-0.0017752816202118993,-0.3631792664527893
P0489,2025-03-01,0.3779692053794861,0.2529699504375458,-0.04900018125772476
P0489,2025-04-01,NaN,NaN,NaN
P0489,2025-05-01,0.605756938457489,0.46892020106315613,0.25037357211112976
P0489,2025-06-01,0.20690122246742249,0.1797216534614563,-0.007235084660351276
P0489,2025-07-01,0.19256359338760376,0.16781118512153625,-0.03044123947620392
P0489,2025-08-01,0.10054753720760345,0.07776807993650436,-0.1495063453912735
P0489,2025-09-01,0.0916624367237091,0.0687049999833107,-0.15687042474746704
P0489,2025-10-01,0.016915136948227882,0.009194614365696907,-0.31286323070526123
P0489,2025-11-01,0.1553846150636673,0.07909657806158066,-0.1657409518957138
P0492,2025-01-01,0.3533450663089752,0.28558826446533203,0.020307937636971474
P0492,2025-02-01,0.4937780797481537,0.406690388917923,0.1602899730205536
P0492,2025-03-01,0.4546460211277008,0.40550824999809265,0.1395147293806076
P0492,2025-04-01,0.3013392984867096,0.23763743042945862,-0.029825909063220024
P0492,2025-05-01,0.21882472932338715,0.1742335557937622,-0.11717396974563599
P0492,2025-06-01,0.24300196766853333,0.20864729583263397,-0.08376087248325348
P0492,2025-07-01,0.18548254668712616,0.14289681613445282,-0.12567976117134094
P0492,2025-08-01,0.18055325746536255,0.13879339396953583,-0.1328628808259964
P0492,2025-09-01,0.18405528366565704,0.139645516872406,-0.12450149655342102
P0492,2025-10-01,0.20276416838169098,0.1499159187078476,-0.1258741319179535
P0492,2025-11-01,0.1940135508775711,0.12262821942567825,-0.14112840592861176
P0494,2025-01-01,0.2154630422592163,0.1535555124282837,-0.08867371827363968
P0494,2025-02-01,0.2949267625808716,0.2062770128250122,-0.05464266985654831
P0494,2025-03-01,0.4154529273509979,0.32051634788513184,0.06866031885147095
P0494,2025-04-01,0.32558533549308777,0.24068127572536469,-0.029440993443131447
P0494,2025-05-01,0.23921765387058258,0.17855359613895416,-0.10275962203741074
P0494,2025-06-01,0.18393267691135406,0.14223842322826385,-0.14176373183727264
P0494,2025-07-01,0.11959163844585419,0.08498387783765793,-0.17563536763191223
P0494,2025-08-01,0.10992579162120819,0.07844392210245132,-0.17187680304050446
P0494,2025-09-01,0.11870047450065613,0.08328144252300262,-0.16747258603572845
P0494,2025-10-01,0.16717171669006348,0.11126548796892166,-0.14502404630184174
P0494,2025-11-01,0.2202143371105194,0.13101309537887573,-0.11153610795736313
P0496,2025-01-01,0.36913925409317017,0.20199893414974213,-0.1508246511220932
P0496,2025-02-01,0.7987028956413269,0.5746383666992188,0.3503745198249817
P0496,2025-03-01,0.8017241358757019,0.6750734448432922,0.4490486979484558
P0496,2025-04-01,NaN,NaN,NaN
P0496,2025-05-01,0.2572194039821625,0.15083272755146027,-0.09552367031574249
P0496,2025-06-01,0.20154553651809692,0.13897289335727692,-0.0799616202712059
P0496,2025-07-01,0.1815566122531891,0.15409035980701447,-0.07082249224185944
P0496,2025-08-01,0.17629267275333405,0.15117083489894867,-0.06481163203716278
P0496,2025-09-01,0.138321653008461,0.11391814798116684,-0.10163509845733643
P0496,2025-10-01,-0.2761194109916687,-0.09414020925760269,-0.6330034732818604
P0496,2025-11-01,0.09894613921642303,0.03291267529129982,-0.4090050458908081
P0499,2025-01-01,0.15832363069057465,0.07263146340847015,-0.22568093240261078
P0499,2025-02-01,0.15686944127082825,0.07967367023229599,-0.1857108473777771
P0499,2025-03-01,0.34748202562332153,0.23666416108608246,0.022938285022974014
P0499,2025-04-01,0.4464530944824219,0.320382297039032,0.09473501890897751
P0499,2025-05-01,0.11208323389291763,0.07426906377077103,-0.1852044314146042
P0499,2025-06-01,0.12927576899528503,0.08827035129070282,-0.16950035095214844
P0499,2025-07-01,0.10956316441297531,0.07158726453781128,-0.18235601484775543
P0499,2025-08-01,0.10836277902126312,0.06996623426675797,-0.20871174335479736
P0499,2025-09-01,0.10899390280246735,0.0667392686009407,-0.2195601612329483
P0499,2025-10-01,0.17598944902420044,0.1042252629995346,-0.1822018325328827
P0499,2025-11-01,0.18953323364257812,0.07201720029115677,-0.20859472453594208
P0502,2025-01-01,0.28101545572280884,0.19667521119117737,-0.02042538858950138
P0502,2025-02-01,0.533951997756958,0.39688414335250854,0.1781988888978958
P0502,2025-03-01,0.62264484167099,0.5315629839897156,0.3890748620033264
P0502,2025-04-01,0.8453844785690308,0.8221712112426758,0.6099270582199097
P0502,2025-05-01,0.2571166157722473,0.20087236166000366,-0.039163392037153244
P0502,2025-06-01,0.17116133868694305,0.14463354647159576,-0.08977465331554413
P0502,2025-07-01,0.1641857624053955,0.13909555971622467,-0.06992507725954056
P0502,2025-08-01,0.22001710534095764,0.17583680152893066,-0.024086492136120796
P0502,2025-09-01,0.24359899759292603,0.1882139891386032,-0.03322119265794754
P0502,2025-10-01,0.26930075883865356,0.16508907079696655,-0.05349874123930931
P0502,2025-11-01,0.25151848793029785,0.14240160584449768,-0.027879048138856888
P0504,2025-01-01,0.6303076148033142,0.5451103448867798,0.245889812707901
P0504,2025-02-01,0.7263601422309875,0.5999005436897278,0.3745204508304596
P0504,2025-03-01,0.6019510626792908,0.5056396126747131,0.24368874728679657
P0504,2025-04-01,0.28997448086738586,0.21801339089870453,-0.06098257750272751
P0504,2025-05-01,0.1921127587556839,0.16846753656864166,-0.14329615235328674
P0504,2025-06-01,0.1708792746067047,0.1638139933347702,-0.1304912120103836
P0504,2025-07-01,0.13966232538223267,0.12101534754037857,-0.14309576153755188
P0504,2025-08-01,0.1312968134880066,0.11557555198669434,-0.14695459604263306
P0504,2025-09-01,0.1262383610010147,0.11065207421779633,-0.1527777761220932
P0504,2025-10-01,0.14838173985481262,0.1275939792394638,-0.17394937574863434
P0504,2025-11-01,0.1316356509923935,0.09928198158740997,-0.19112293422222137
P0506,2025-01-01,NaN,NaN,NaN
P0506,2025-02-01,0.8438149690628052,0.5965679287910461,0.42756539583206177
P0506,2025-03-01,0.8273522853851318,0.6546506285667419,0.5798335075378418
P0506,2025-04-01,0.9179344177246094,0.7473309636116028,0.5475449562072754
P0506,2025-05-01,0.6098120808601379,0.4707038700580597,0.28538089990615845
P0506,2025-06-01,0.37037035822868347,0.2803419828414917,0.026832260191440582
P0506,2025-07-01,0.17589762806892395,0.12705200910568237,-0.12962962687015533
P0506,2025-08-01,0.14532019197940826,0.106338731944561,-0.14023609459400177
P0506,2025-09-01,-0.40320640802383423,-0.17460428178310394,-0.6222729682922363
P0506,2025-10-01,0.12882447242736816,0.04724595323204994,-0.32029736042022705
P0506,2025-11-01,0.1424255520105362,0.05958399549126625,-0.2170955389738083
P0509,2025-01-01,0.38560885190963745,0.19993877410888672,-0.07580605149269104
P0509,2025-02-01,0.5226480960845947,0.2679741084575653,0.04075152054429054
P0509,2025-03-01,0.4182735085487366,0.2551574409008026,0.012494705617427826
P0509,2025-04-01,0.4332655966281891,0.23829041421413422,-0.023540271446108818
P0509,2025-05-01,0.2641056478023529,0.18261504173278809,-0.1367437243461609
P0509,2025-06-01,0.1757078617811203,0.11303666979074478,-0.19262219965457916
P0509,2025-07-01,0.17858994007110596,0.11054421961307526,-0.18672867119312286
P0509,2025-08-01,0.22574473917484283,0.1380762904882431,-0.15600301325321198
P0509,2025-09-01,0.25511717796325684,0.14789338409900665,-0.1548142284154892
P0509,2025-10-01,0.37483131885528564,0.20031733810901642,-0.08055054396390915
P0509,2025-11-01,0.45622286200523376,0.22703540325164795,0.020537525415420532
P0511,2025-01-01,0.26840490102767944,0.2848704755306244,-0.07965023815631866
P0511,2025-02-01,0.8233784437179565,0.6366588473320007,0.38908639550209045
P0511,2025-03-01,0.733301043510437,0.7462074160575867,0.3860146999359131
P0511,2025-04-01,0.8498168587684631,0.7484633326530457,0.4318758249282837
P0511,2025-05-01,0.37268945574760437,0.25726497173309326,0.031602710485458374
P0511,2025-06-01,0.23764564096927643,0.1749792993068695,-0.09076151251792908
P0511,2025-07-01,0.16785657405853271,0.13426735997200012,-0.10482791811227798
P0511,2025-08-01,0.15685008466243744,0.12588390707969666,-0.11087684333324432
P0511,2025-09-01,0.1507546454668045,0.11679447442293167,-0.132442444562912
P0511,2025-10-01,0.10756832361221313,0.05536319687962532,-0.2875817120075226
P0511,2025-11-01,0.23690670728683472,0.1031864807009697,-0.16652880609035492
P0514,2025-01-01,0.8198323845863342,0.7081552743911743,0.37800273299217224
P0514,2025-02-01,0.935716450214386,0.9409423470497131,0.5284070372581482
P0514,2025-03-01,0.7425167560577393,0.7246460914611816,0.4792667627334595
P0514,2025-04-01,0.680273711681366,0.46932995319366455,0.33652400970458984
P0514,2025-05-01,0.22919216752052307,0.13306565582752228,-0.2397804707288742
P0514,2025-06-01,0.22699549794197083,0.14735755324363708,-0.21229144930839539
P0514,2025-07-01,0.12753845751285553,0.10909904539585114,-0.14996521174907684
P0514,2025-08-01,0.1263289600610733,0.0885007455945015,-0.20133037865161896
P0514,2025-09-01,0.12654924392700195,0.08538481593132019,-0.2002161145210266
P0514,2025-10-01,0.20040234923362732,0.16942721605300903,-0.12032207101583481
P0514,2025-11-01,0.1595836877822876,0.08553896099328995,-0.2304297834634781
P0516,2025-01-01,0.90617436170578,0.7896957993507385,0.4680652618408203
P0516,2025-02-01,0.9764132499694824,0.8491845726966858,0.572181761264801
P0516,2025-03-01,0.7664555907249451,0.6609299778938293,0.41159331798553467
P0516,2025-04-01,0.15981991589069366,0.11588682979345322,-0.17527011036872864
P0516,2025-05-01,0.10754888504743576,0.06581510603427887,-0.2891126573085785
P0516,2025-06-01,0.13957981765270233,0.08473830670118332,-0.2861896753311157
P0516,2025-07-01,0.11934900283813477,0.06574640423059464,-0.2903701364994049
P0516,2025-08-01,0.12353445589542389,0.06355371326208115,-0.2991437613964081
P0516,2025-09-01,0.12710335850715637,0.06250184774398804,-0.3063979148864746
P0516,2025-10-01,0.17967914044857025,0.07629889994859695,-0.349262535572052
P0516,2025-11-01,0.2538006901741028,0.1007915735244751,-0.2387179434299469
P0518,2025-01-01,0.3448997437953949,0.2641700804233551,0.029360735788941383
P0518,2025-02-01,0.5065543055534363,0.3851301372051239,0.18291427195072174
P0518,2025-03-01,0.502179741859436,0.42307040095329285,0.18977423012256622
P0518,2025-04-01,0.33591577410697937,0.23375079035758972,-0.04447286203503609
P0518,2025-05-01,0.1692146211862564,0.1322726458311081,-0.13216152787208557
P0518,2025-06-01,0.1569332629442215,0.12717989087104797,-0.14052148163318634
P0518,2025-07-01,0.135275200009346,0.0924636647105217,-0.17611204087734222
P0518,2025-08-01,0.15706707537174225,0.10397852957248688,-0.18026845157146454
P0518,2025-09-01,0.15643756091594696,0.10187099874019623,-0.17975831031799316
P0518,2025-10-01,0.15219701826572418,0.1032799482345581,-0.1627397984266281
P0518,2025-11-01,0.17537398636341095,0.10073235630989075,-0.17349085211753845
P0521,2025-01-01,0.39422085881233215,0.21146252751350403,-0.1599999964237213
P0521,2025-02-01,0.8061037063598633,0.6236684918403625,0.3573029935359955
P0521,2025-03-01,0.817103385925293,0.744138777256012,0.4815937578678131
P0521,2025-04-01,NaN,NaN,NaN
P0521,2025-05-01,0.29749631881713867,0.1700737476348877,-0.0883692055940628
P0521,2025-06-01,0.17425206303596497,0.14227800071239471,-0.12653882801532745
P0521,2025-07-01,0.17209088802337646,0.13973723351955414,-0.1143718808889389
P0521,2025-08-01,0.08029878884553909,0.059933654963970184,-0.20030412077903748
P0521,2025-09-01,0.056529704481363297,0.034951455891132355,-0.3151823580265045
P0521,2025-10-01,0.2287808656692505,0.10850074887275696,-0.29969218373298645
P0521,2025-11-01,0.3044172525405884,0.110207699239254,-0.2595166265964508
P0523,2025-01-01,0.4987799823284149,0.37417247891426086,0.10097087174654007
P0523,2025-02-01,0.7911367416381836,0.6303638815879822,0.33269259333610535
P0523,2025-03-01,0.7713020443916321,0.6688582897186279,0.35819071531295776
P0523,2025-04-01,0.3372691571712494,0.17776218056678772,-0.16785983741283417
P0523,2025-05-01,0.14956626296043396,0.08205060660839081,-0.3235345780849457
P0523,2025-06-01,0.164176344871521,0.12350818514823914,-0.2459075152873993
P0523,2025-07-01,0.10650678724050522,0.07731694728136063,-0.22759723663330078
P0523,2025-08-01,0.10525451600551605,0.07904212176799774,-0.20521903038024902
P0523,2025-09-01,0.0904291570186615,0.06716927886009216,-0.21905110776424408
P0523,2025-10-01,0.1378096491098404,0.11548630893230438,-0.15247158706188202
P0523,2025-11-01,0.13377664983272552,0.08712487667798996,-0.19441355764865875
P0526,2025-01-01,0.39461642503738403,0.2576178312301636,-0.03573422506451607
P0526,2025-02-01,0.8593012094497681,0.7590164542198181,0.5197591781616211
P0526,2025-03-01,0.7272446155548096,0.6832171678543091,0.5384721159934998
P0526,2025-04-01,NaN,NaN,NaN
P0526,2025-05-01,0.22443054616451263,0.15970632433891296,-0.15801596641540527
P0526,2025-06-01,0.1564163714647293,0.12338170409202576,-0.15867502987384796
P0526,2025-07-01,0.1533706784248352,0.11382859945297241,-0.16007877886295319
P0526,2025-08-01,0.1711074858903885,0.13357104361057281,-0.12083276361227036
P0526,2025-09-01,0.16137012839317322,0.12202141433954239,-0.1430777907371521
P0526,2025-10-01,0.07737104594707489,0.045065417885780334,-0.3112923204898834
P0526,2025-11-01,0.09449760615825653,0.041770946234464645,-0.28459733724594116
P0529,2025-01-01,NaN,NaN,NaN
P0529,2025-02-01,0.9727996587753296,0.7730563879013062,0.5786586403846741
P0529,2025-03-01,0.573064386844635,0.7574037909507751,0.3811264634132385
P0529,2025-04-01,NaN,NaN,NaN
P0529,2025-05-01,0.40192705392837524,0.27073803544044495,0.16377833485603333
P0529,2025-06-01,0.16198106110095978,0.13538521528244019,-0.0787619799375534
P0529,2025-07-01,0.13763505220413208,0.11090705543756485,-0.10720092803239822
P0529,2025-08-01,0.13063427805900574,0.08008471876382828,-0.1330711990594864
P0529,2025-09-01,0.1340048909187317,0.07423064112663269,-0.1512451469898224
P0529,2025-10-01,0.23704370856285095,0.09702648967504501,-0.12718601524829865
P0529,2025-11-01,0.2927374243736267,0.13347823917865753,-0.01587751694023609
P0531,2025-01-01,0.3646143674850464,0.2954905033111572,0.00930346455425024
P0531,2025-02-01,0.7021160125732422,0.5912079215049744,0.29994428157806396
P0531,2025-03-01,0.7147366404533386,0.6578786373138428,0.3346695899963379
P0531,2025-04-01,0.44720375537872314,0.32717233896255493,0.08678413927555084
P0531,2025-05-01,0.26253628730773926,0.1980545073747635,-0.09342416375875473
P0531,2025-06-01,0.22837308049201965,0.17887017130851746,-0.11650236696004868
P0531,2025-07-01,0.14948096871376038,0.12777133285999298,-0.11789697408676147
P0531,2025-08-01,0.15296469628810883,0.13284577429294586,-0.10210646688938141
P0531,2025-09-01,0.15224726498126984,0.1322825849056244,-0.10070578008890152
P0531,2025-10-01,0.19091889262199402,0.157384991645813,-0.10861234366893768
P0531,2025-11-01,0.23507608473300934,0.15566463768482208,-0.0944070965051651
P0533,2025-01-01,0.22013017535209656,0.1374974548816681,-0.19727787375450134
P0533,2025-02-01,0.32120582461357117,0.2212642878293991,-0.08534830063581467
P0533,2025-03-01,0.5004658102989197,0.4032790958881378,0.17066434025764465
P0533,2025-04-01,0.6719405055046082,0.5576649308204651,0.3442145586013794
P0533,2025-05-01,0.31565916538238525,0.2296469807624817,-0.06426998972892761
P0533,2025-06-01,0.18294687569141388,0.13650482892990112,-0.15395665168762207
P0533,2025-07-01,0.14923596382141113,0.1010453924536705,-0.20179186761379242
P0533,2025-08-01,0.13350175321102142,0.09122294187545776,-0.1997530460357666
P0533,2025-09-01,0.14913176000118256,0.09816313534975052,-0.20997190475463867
P0533,2025-10-01,0.1710948944091797,0.09018714725971222,-0.29059073328971863
P0533,2025-11-01,0.2061503380537033,0.09000198543071747,-0.21302947402000427
P0535,2025-01-01,0.3150959610939026,0.1898515671491623,-0.13621824979782104
P0535,2025-02-01,0.7563071846961975,0.5069313049316406,0.24606609344482422
P0535,2025-03-01,0.8058419227600098,0.6981706023216248,0.45590272545814514
P0535,2025-04-01,NaN,NaN,NaN
P0535,2025-05-01,0.32591143250465393,0.21101324260234833,-0.023251622915267944
P0535,2025-06-01,0.19436785578727722,0.14375600218772888,-0.08258962631225586
P0535,2025-07-01,-0.04160056263208389,-0.030292140319943428,-0.27900809049606323
P0535,2025-08-01,0.19222809374332428,0.12807941436767578,-0.1412719488143921
P0535,2025-09-01,0.1254620999097824,0.08165659010410309,-0.22657985985279083
P0535,2025-10-01,0.1403881162405014,0.07515257596969604,-0.2551000118255615
P0535,2025-11-01,0.2675182521343231,0.12388872355222702,-0.13109833002090454
P0538,2025-01-01,0.2108534574508667,0.14461861550807953,-0.15315164625644684
P0538,2025-02-01,0.03261231258511543,0.016704734414815903,-0.2897688150405884
P0538,2025-03-01,0.26524317264556885,0.18141692876815796,-0.06438596546649933
P0538,2025-04-01,0.3517361879348755,0.23708494007587433,-0.022402890026569366
P0538,2025-05-01,0.09556125849485397,0.07542635500431061,-0.18955223262310028
P0538,2025-06-01,0.0680823102593422,0.04812900349497795,-0.2271503210067749
P0538,2025-07-01,0.09264544397592545,0.06305471807718277,-0.20761024951934814
P0538,2025-08-01,0.10676001012325287,0.07290110737085342,-0.2249118983745575
P0538,2025-09-01,0.1018841564655304,0.06621114909648895,-0.2389138787984848
P0538,2025-10-01,0.03462783247232437,0.017778221517801285,-0.3335418105125427
P0538,2025-11-01,0.04177215322852135,0.01685507968068123,-0.3364686965942383
P0540,2025-01-01,0.6977177262306213,0.3183576464653015,0.4003073275089264
P0540,2025-02-01,0.7581461071968079,0.6271555423736572,0.4418257176876068
P0540,2025-03-01,0.4941760003566742,0.47798871994018555,0.20616403222084045
P0540,2025-04-01,0.7862753868103027,0.6094415783882141,0.39498376846313477
P0540,2025-05-01,0.4185531437397003,0.28501054644584656,0.06502863764762878
P0540,2025-06-01,0.22207744419574738,0.17478829622268677,-0.08768760412931442
P0540,2025-07-01,0.2411433756351471,0.20615072548389435,-0.022512273862957954
P0540,2025-08-01,0.2607598900794983,0.22306737303733826,-0.012594147585332394
P0540,2025-09-01,0.265193372964859,0.2214517444372177,-0.01869887113571167
P0540,2025-10-01,0.1151881068944931,0.048091839998960495,-0.2973368465900421
P0540,2025-11-01,0.2941941022872925,0.12682580947875977,-0.07379844784736633
P0543,2025-01-01,0.4254014194011688,0.3423941433429718,0.042348284274339676
P0543,2025-02-01,0.6959247589111328,0.5444201231002808,0.2681668996810913
P0543,2025-03-01,0.7396761775016785,0.6501023173332214,0.3503247797489166
P0543,2025-04-01,0.788577139377594,0.6516411304473877,0.37328818440437317
P0543,2025-05-01,0.24802371859550476,0.18552464246749878,-0.09188956022262573
P0543,2025-06-01,0.1375075876712799,0.11647617816925049,-0.17148850858211517
P0543,2025-07-01,0.14053672552108765,0.1194678544998169,-0.13691748678684235
P0543,2025-08-01,0.20964621007442474,0.18495488166809082,-0.0631488785147667
P0543,2025-09-01,0.21229802072048187,0.17923003435134888,-0.10365044325590134
P0543,2025-10-01,0.2909029722213745,0.2317357361316681,-0.044436145573854446
P0543,2025-11-01,0.29573333263397217,0.167938694357872,-0.04744167625904083
P0545,2025-01-01,0.15065458416938782,0.10447511076927185,-0.187917560338974
P0545,2025-02-01,0.3659549355506897,0.2690485119819641,-0.05563149228692055
P0545,2025-03-01,0.6335979104042053,0.5274998545646667,0.21367400884628296
P0545,2025-04-01,0.5343084335327148,0.3845082223415375,0.10145151615142822
P0545,2025-05-01,0.10684528946876526,0.08481390029191971,-0.23229461908340454
P0545,2025-06-01,0.053057171404361725,0.04480007663369179,-0.2523166835308075
P0545,2025-07-01,0.028838535770773888,0.022001933306455612,-0.24753737449645996
P0545,2025-08-01,0.0223727747797966,0.017215460538864136,-0.24167348444461823
P0545,2025-09-01,0.026473525911569595,0.019793352112174034,-0.25327035784721375
P0545,2025-10-01,0.019216418266296387,0.013422643765807152,-0.30654987692832947
P0545,2025-11-01,0.017512690275907516,0.009768390096724033,-0.3124678432941437
P0548,2025-01-01,0.3588453531265259,0.2314656674861908,-0.10406845062971115
P0548,2025-02-01,0.7066702246665955,0.4787832498550415,0.2460395097732544
P0548,2025-03-01,0.7015384435653687,0.5769619941711426,0.3316744267940521
P0548,2025-04-01,0.8281779885292053,0.6947932243347168,0.4397296905517578
P0548,2025-05-01,0.2632591426372528,0.15717285871505737,-0.1267097294330597
P0548,2025-06-01,0.1408972144126892,0.0952114686369896,-0.18724790215492249
P0548,2025-07-01,0.16004589200019836,0.13512858748435974,-0.10874834656715393
P0548,2025-08-01,0.13826125860214233,0.11267193406820297,-0.12983298301696777
P0548,2025-09-01,0.15585273504257202,0.12140854448080063,-0.15354853868484497
P0548,2025-10-01,0.17270497977733612,0.10003155469894409,-0.25182482600212097
P0548,2025-11-01,0.2530750334262848,0.13322757184505463,-0.1156684011220932
P0550,2025-01-01,NaN,NaN,NaN
P0550,2025-02-01,0.19492439925670624,0.073427714407444,-0.2583780288696289
P0550,2025-03-01,-0.13378839194774628,-0.04591669514775276,-0.42553192377090454
P0550,2025-04-01,NaN,NaN,NaN
P0550,2025-05-01,0.712287425994873,0.5036849975585938,0.22990544140338898
P0550,2025-06-01,0.28151175379753113,0.21355733275413513,-0.02152550220489502
P0550,2025-07-01,0.1521986722946167,0.09820352494716644,-0.17839154601097107
P0550,2025-08-01,0.17955227196216583,0.11694324016571045,-0.16295446455478668
P0550,2025-09-01,0.15312743186950684,0.09108030796051025,-0.21279235184192657
P0550,2025-10-01,0.13026487827301025,0.05689576640725136,-0.32442253828048706
P0550,2025-11-01,0.17273730039596558,0.05944467708468437,-0.2799051105976105
P0553,2025-01-01,0.4121500849723816,0.331661194562912,0.05035439878702164
P0553,2025-02-01,0.6518653631210327,0.5264105796813965,0.2686079144477844
P0553,2025-03-01,0.6837607026100159,0.6176340579986572,0.3203392028808594
P0553,2025-04-01,0.6640350818634033,0.5889583826065063,0.2883727252483368
P0553,2025-05-01,0.2115342766046524,0.15383154153823853,-0.0987534373998642
P0553,2025-06-01,0.22074420750141144,0.1762392669916153,-0.07454346865415573
P0553,2025-07-01,0.13801850378513336,0.11595256626605988,-0.12090825289487839
P0553,2025-08-01,0.14813153445720673,0.12420725077390671,-0.11386709660291672
P0553,2025-09-01,0.16056746244430542,0.13124604523181915,-0.12960948050022125
P0553,2025-10-01,0.28315624594688416,0.21540626883506775,-0.08924581110477448
P0553,2025-11-01,0.35685664415359497,0.24006350338459015,0.060553330928087234
P0557,2025-01-01,0.4108209013938904,0.21812346577644348,-0.17571397125720978
P0557,2025-02-01,0.8353729844093323,0.5418225526809692,0.30549222230911255
P0557,2025-03-01,0.8692370653152466,0.7162066698074341,0.5348408818244934
P0557,2025-04-01,NaN,NaN,NaN
P0557,2025-05-01,0.1895844042301178,0.11513055115938187,-0.12044765055179596
P0557,2025-06-01,0.14343862235546112,0.1154138371348381,-0.1774420291185379
P0557,2025-07-01,0.1445765197277069,0.11879471689462662,-0.14048203825950623
P0557,2025-08-01,0.16753770411014557,0.14236049354076385,-0.11248581111431122
P0557,2025-09-01,0.1700536459684372,0.14004552364349365,-0.15019482374191284
P0557,2025-10-01,0.15904217958450317,0.08021197468042374,-0.3401831090450287
P0557,2025-11-01,0.23727312684059143,0.09830894321203232,-0.2669813930988312
P0562,2025-01-01,0.13537289202213287,0.12198296189308167,-0.09804943948984146
P0562,2025-02-01,0.27089640498161316,0.2515462040901184,0.022667089477181435
P0562,2025-03-01,0.4226386845111847,0.39041078090667725,0.13315021991729736
P0562,2025-04-01,0.34896954894065857,0.3066050410270691,0.063151516020298
P0562,2025-05-01,0.22524648904800415,0.204746276140213,-0.040039170533418655
P0562,2025-06-01,0.1503080129623413,0.13363191485404968,-0.11964379251003265
P0562,2025-07-01,0.1378847062587738,0.12685678899288177,-0.10533896833658218
P0562,2025-08-01,0.13869903981685638,0.1307487189769745,-0.09250563383102417
P0562,2025-09-01,0.13746277987957,0.12861378490924835,-0.09109080582857132
P0562,2025-10-01,0.11437465995550156,0.09855606406927109,-0.129519984126091
P0562,2025-11-01,0.1605512499809265,0.11652038991451263,-0.08252757787704468
P0567,2025-01-01,0.3952847421169281,0.22312478721141815,-0.042445890605449677
P0567,2025-02-01,0.8209987282752991,0.5809444189071655,0.4117530286312103
P0567,2025-03-01,0.8202181458473206,0.6965857148170471,0.5033783912658691
P0567,2025-04-01,0.8984876871109009,0.7920874357223511,0.5711827278137207
P0567,2025-05-01,0.26899656653404236,0.16530001163482666,-0.09326522797346115
P0567,2025-06-01,0.2233954519033432,0.15913045406341553,-0.09245891869068146
P0567,2025-07-01,0.13885219395160675,0.11250118911266327,-0.12248360365629196
P0567,2025-08-01,0.1885816603899002,0.13151323795318604,-0.09674981236457825
P0567,2025-09-01,0.18047700822353363,0.10921969264745712,-0.14542542397975922
P0567,2025-10-01,0.1975540965795517,0.10105546563863754,-0.18397435545921326
P0567,2025-11-01,0.3817097544670105,0.16810843348503113,-0.011098463088274002
P0573,2025-01-01,0.5906664133071899,0.5207700729370117,0.22005018591880798
P0573,2025-02-01,0.809404730796814,0.747183084487915,0.4404619634151459
P0573,2025-03-01,0.7559854388237,0.7314678430557251,0.44393742084503174
P0573,2025-04-01,0.5071626305580139,0.3262099623680115,0.08798983693122864
P0573,2025-05-01,0.19577325880527496,0.16152577102184296,-0.14018140733242035
P0573,2025-06-01,0.1430828869342804,0.12545660138130188,-0.18631762266159058
P0573,2025-07-01,0.1092270091176033,0.09074755758047104,-0.18553000688552856
P0573,2025-08-01,0.11125712096691132,0.09466779232025146,-0.16664841771125793
P0573,2025-09-01,0.12016638368368149,0.09992313385009766,-0.17224499583244324
P0573,2025-10-01,0.10760486125946045,0.07597143948078156,-0.21774640679359436
P0573,2025-11-01,0.10934795439243317,0.05700962617993355,-0.22806665301322937
P0578,2025-01-01,0.4275323152542114,0.28002259135246277,0.0263412743806839
P0578,2025-02-01,0.7463316917419434,0.5689058899879456,0.30982157588005066
P0578,2025-03-01,0.7736814022064209,0.7126840353012085,0.4066872000694275
P0578,2025-04-01,0.6227436661720276,0.4285106062889099,0.31984061002731323
P0578,2025-05-01,0.3949343264102936,0.22486113011837006,0.039375580847263336
P0578,2025-06-01,0.22921258211135864,0.1570134460926056,-0.06135251000523567
P0578,2025-07-01,0.1854197382926941,0.1491423398256302,-0.07842912524938583
P0578,2025-08-01,0.21968595683574677,0.1809190809726715,-0.03906071186065674
P0578,2025-09-01,0.21580870449543,0.1729736328125,-0.05403483659029007
P0578,2025-10-01,0.23912298679351807,0.12090348452329636,-0.22812633216381073
P0578,2025-11-01,0.3364279270172119,0.1380273550748825,-0.17064471542835236
P0583,2025-01-01,0.5264075994491577,0.35667264461517334,0.06556522101163864
P0583,2025-02-01,0.7516685724258423,0.5658742785453796,0.308181494474411
P0583,2025-03-01,0.6942715048789978,0.5667762160301208,0.31576400995254517
P0583,2025-04-01,0.7686514258384705,0.5753849148750305,0.3426835834980011
P0583,2025-05-01,0.2553378939628601,0.17726702988147736,-0.08591120690107346
P0583,2025-06-01,0.2152545303106308,0.1715954691171646,-0.10425863415002823
P0583,2025-07-01,0.22044996917247772,0.1731504648923874,-0.08703843504190445
P0583,2025-08-01,0.22148650884628296,0.1763542890548706,-0.07693269848823547
P0583,2025-09-01,0.23141230642795563,0.17833155393600464,-0.0896778404712677
P0583,2025-10-01,0.38855573534965515,0.24482791125774384,-0.055092670023441315
P0583,2025-11-01,0.41249528527259827,0.1927405744791031,-0.019336294382810593
P0588,2025-01-01,0.9203426837921143,0.8453038930892944,0.5310274958610535
P0588,2025-02-01,0.9598058462142944,0.8240256309509277,0.5827191472053528
P0588,2025-03-01,0.7976062893867493,0.7221646904945374,0.4936915636062622
P0588,2025-04-01,0.39949747920036316,0.26464712619781494,0.05401685833930969
P0588,2025-05-01,0.13329686224460602,0.10487504303455353,-0.23432302474975586
P0588,2025-06-01,0.12441840767860413,0.10149287432432175,-0.23576949536800385
P0588,2025-07-01,0.09740135073661804,0.0717567652463913,-0.23986667394638062
P0588,2025-08-01,0.12530063092708588,0.07796133309602737,-0.21716579794883728
P0588,2025-09-01,0.13607513904571533,0.0811973586678505,-0.2213328629732132
P0588,2025-10-01,0.15552325546741486,0.08214844763278961,-0.2557573616504669
P0588,2025-11-01,0.2102249562740326,0.08655238896608353,-0.23717452585697174
P0593,2025-01-01,0.49263763427734375,0.2981286942958832,-0.06571829319000244
P0593,2025-02-01,0.8788246512413025,0.6526836156845093,0.44051387906074524
P0593,2025-03-01,0.8432513475418091,0.7359831929206848,0.5180890560150146
P0593,2025-04-01,0.892794668674469,0.8159123063087463,0.587182879447937
P0593,2025-05-01,0.2601902186870575,0.17451396584510803,-0.05421482026576996
P0593,2025-06-01,0.11167264729738235,0.0893649235367775,-0.1576281636953354
P0593,2025-07-01,0.13929283618927002,0.11596164107322693,-0.1105298325419426
P0593,2025-08-01,0.14884665608406067,0.12497259676456451,-0.09765268862247467
P0593,2025-09-01,-0.17463012039661407,-0.10526623576879501,-0.4361226260662079
P0593,2025-10-01,0.1187080517411232,0.05252217873930931,-0.3687573969364166
P0593,2025-11-01,0.23230911791324615,0.09478043019771576,-0.24715586006641388
P0598,2025-01-01,0.137983039021492,0.0991252064704895,-0.16960109770298004
P0598,2025-02-01,0.2624741196632385,0.1903851479291916,-0.07809706777334213
P0598,2025-03-01,0.4566875696182251,0.3916722536087036,0.1378442794084549
P0598,2025-04-01,0.38215601444244385,0.3110269606113434,0.040055423974990845
P0598,2025-05-01,0.022718293592333794,0.015737472102046013,-0.28769949078559875
P0598,2025-06-01,0.020631970837712288,0.014838381670415401,-0.28780803084373474
P0598,2025-07-01,0.18312102556228638,0.14979632198810577,-0.09188888967037201
P0598,2025-08-01,0.08311598002910614,0.05964561924338341,-0.19584301114082336
P0598,2025-09-01,0.07549254596233368,0.05179383605718613,-0.20992830395698547
P0598,2025-10-01,0.09223300963640213,0.06681055575609207,-0.20095518231391907
P0598,2025-11-01,-0.002961766207590699,-0.0015799603424966335,-0.3238999545574188
P0604,2025-01-01,0.5375626087188721,0.32390454411506653,0.014540648087859154
P0604,2025-02-01,0.7019917368888855,0.36434561014175415,0.20934578776359558
P0604,2025-03-01,0.7345837354660034,0.5227264165878296,0.36715269088745117
P0604,2025-04-01,NaN,NaN,NaN
P0604,2025-05-01,0.4412325322628021,0.2542652189731598,0.04974548891186714
P0604,2025-06-01,0.2425955832004547,0.15124554932117462,-0.09580720961093903
P0604,2025-07-01,0.23525650799274445,0.19135770201683044,-0.031817611306905746
P0604,2025-08-01,0.11346384137868881,0.053115881979465485,-0.32518160343170166
P0604,2025-09-01,0.15561357140541077,0.05897953361272812,-0.36095869541168213
P0604,2025-10-01,0.2661406099796295,0.07592812180519104,-0.3180061876773834
P0604,2025-11-01,0.3136388659477234,0.10965251177549362,-0.1872224062681198
P0609,2025-01-01,0.7995530962944031,0.6168327331542969,0.324942409992218
P0609,2025-02-01,0.657748281955719,0.5011906027793884,0.2324952334165573
P0609,2025-03-01,0.6689301133155823,0.6163777112960815,0.31125569343566895
P0609,2025-04-01,0.6319661736488342,0.528826892375946,0.23201888799667358
P0609,2025-05-01,0.37490114569664,0.2429606318473816,-0.1070205494761467
P0609,2025-06-01,0.2801286280155182,0.22377565503120422,-0.08537912368774414
P0609,2025-07-01,0.26390162110328674,0.19505710899829865,-0.11953464895486832
P0609,2025-08-01,0.2668839395046234,0.1978842169046402,-0.11081458628177643
P0609,2025-09-01,0.27950188517570496,0.1952984780073166,-0.131956547498703
P0609,2025-10-01,0.28431692719459534,0.14610280096530914,-0.2196909636259079
P0609,2025-11-01,0.425493061542511,0.20243969559669495,-0.05473480373620987
P0614,2025-01-01,0.7106809616088867,0.3928312063217163,0.20648464560508728
P0614,2025-02-01,0.7758854031562805,0.5237991213798523,0.349424809217453
P0614,2025-03-01,0.7112312316894531,0.524155855178833,0.3522094190120697
P0614,2025-04-01,0.7301886677742004,0.4899088442325592,0.3038797378540039
P0614,2025-05-01,0.6779757142066956,0.4433023929595947,0.14046886563301086
P0614,2025-06-01,0.4763133227825165,0.34580808877944946,0.05355648696422577
P0614,2025-07-01,0.5032694935798645,0.34975817799568176,0.06046128645539284
P0614,2025-08-01,0.5375494360923767,0.37920287251472473,0.09850498288869858
P0614,2025-09-01,0.6136303544044495,0.4002075493335724,0.10837887227535248
P0614,2025-10-01,0.6971303820610046,0.40643754601478577,0.14885979890823364
P0614,2025-11-01,0.7978940010070801,0.42981043457984924,0.31079742312431335
P0619,2025-01-01,0.1549578458070755,0.15111969411373138,-0.10531771183013916
P0619,2025-02-01,0.16115300357341766,0.16646982729434967,-0.09162702411413193
P0619,2025-03-01,0.21915116906166077,0.23258076608181,-0.018145373091101646
P0619,2025-04-01,0.15036839246749878,0.1654222160577774,-0.0954972356557846
P0619,2025-05-01,0.11839323490858078,0.12826386094093323,-0.13188806176185608
P0619,2025-06-01,0.10498971492052078,0.11605369299650192,-0.14504647254943848
P0619,2025-07-01,0.08072303980588913,0.08128257095813751,-0.17174305021762848
P0619,2025-08-01,0.07710542529821396,0.07651734352111816,-0.1802297979593277
P0619,2025-09-01,0.08212735503911972,0.08274202793836594,-0.1628883332014084
P0619,2025-10-01,0.032951515167951584,0.02826075255870819,-0.2607523798942566
P0619,2025-11-01,0.04682835936546326,0.0350431390106678,-0.2480568140745163
P0625,2025-01-01,0.6003246903419495,0.3604569435119629,0.085922010242939
P0625,2025-02-01,0.790326714515686,0.5526770353317261,0.3172439932823181
P0625,2025-03-01,0.8220920562744141,0.762661874294281,0.45684462785720825
P0625,2025-04-01,0.7569805979728699,0.5520275831222534,0.27227553725242615
P0625,2025-05-01,0.5026503205299377,0.42003971338272095,0.1100459098815918
P0625,2025-06-01,0.36567461490631104,0.28277280926704407,-0.04376215487718582
P0625,2025-07-01,0.13542526960372925,0.10756073147058487,-0.15850673615932465
P0625,2025-08-01,-0.02665920928120613,-0.019253553822636604,-0.287915974855423
P0625,2025-09-01,0.05211349204182625,0.037567831575870514,-0.24793046712875366
P0625,2025-10-01,0.3991343677043915,0.3139803409576416,-0.006547301076352596
P0625,2025-11-01,0.4385314881801605,0.23646071553230286,-0.01838657818734646
P0630,2025-01-01,0.6057884097099304,0.3418434262275696,0.14410997927188873
P0630,2025-02-01,0.9219455122947693,0.8894191980361938,0.5806185603141785
P0630,2025-03-01,0.8337013721466064,0.7764102816581726,0.5034818649291992
P0630,2025-04-01,NaN,NaN,NaN
P0630,2025-05-01,0.2297140657901764,0.1726190447807312,-0.06548231095075607
P0630,2025-06-01,0.20296166837215424,0.1634950041770935,-0.05462760105729103
P0630,2025-07-01,0.20039048790931702,0.15623702108860016,-0.05991103872656822
P0630,2025-08-01,0.2179396152496338,0.17234113812446594,-0.037073444575071335
P0630,2025-09-01,0.23132295906543732,0.17396774888038635,-0.05012756958603859
P0630,2025-10-01,0.23758865892887115,0.12783154845237732,-0.11747126281261444
P0630,2025-11-01,0.3051271438598633,0.13222065567970276,-0.07721780240535736
P0635,2025-01-01,NaN,NaN,NaN
P0635,2025-02-01,0.7832963466644287,0.5154093503952026,0.27621129155158997
P0635,2025-03-01,0.8290302753448486,0.6917492151260376,0.4360734224319458
P0635,2025-04-01,NaN,NaN,NaN
P0635,2025-05-01,0.40735068917274475,0.2832369804382324,0.12484700232744217
P0635,2025-06-01,0.2083553671836853,0.15437258780002594,-0.04884140565991402
P0635,2025-07-01,0.15073321759700775,0.12320778518915176,-0.10505537688732147
P0635,2025-08-01,0.1520824283361435,0.12425895035266876,-0.11434627324342728
P0635,2025-09-01,0.15344753861427307,0.12580546736717224,-0.10529254376888275
P0635,2025-10-01,0.18221153318881989,0.06959747523069382,-0.34929874539375305
P0635,2025-11-01,0.15519937872886658,0.06778445839881897,-0.26547351479530334
P0640,2025-01-01,0.6883364915847778,0.46018990874290466,0.1666666716337204
P0640,2025-02-01,0.8107324242591858,0.5917013883590698,0.3785425126552582
P0640,2025-03-01,0.8388985395431519,0.6544981002807617,0.4208410084247589
P0640,2025-04-01,0.7560585141181946,0.5712360739707947,0.354912668466568
P0640,2025-05-01,0.464699387550354,0.2971257269382477,0.040148843079805374
P0640,2025-06-01,0.3021082282066345,0.20604802668094635,-0.06273467093706131
P0640,2025-07-01,0.21965552866458893,0.1510254144668579,-0.10511448234319687
P0640,2025-08-01,0.2973349392414093,0.2115226835012436,-0.046763114631175995
P0640,2025-09-01,0.28930819034576416,0.20203451812267303,-0.044791821390390396
P0640,2025-10-01,0.34878215193748474,0.18186628818511963,-0.15440085530281067
P0640,2025-11-01,0.41928350925445557,0.1789354532957077,-0.11475861817598343
P0646,2025-01-01,0.3575488328933716,0.300869882106781,0.030192747712135315
P0646,2025-02-01,NaN,NaN,NaN
P0646,2025-03-01,0.30009928345680237,0.3019406497478485,0.0639507919549942
P0646,2025-04-01,NaN,NaN,NaN
P0646,2025-05-01,0.6619421243667603,0.440586119890213,0.10818419605493546
P0646,2025-06-01,0.18945720791816711,0.14518451690673828,-0.04724080115556717
P0646,2025-07-01,0.09401597827672958,0.08254391700029373,-0.09860826283693314
P0646,2025-08-01,0.05807284265756607,0.049191080033779144,-0.1417771577835083
P0646,2025-09-01,0.07326458394527435,0.06085867062211037,-0.1731293797492981
P0646,2025-10-01,0.09004823863506317,0.07467330247163773,-0.189989373087883
P0646,2025-11-01,0.25734400749206543,0.162546768784523,-0.031238308176398277
P0651,2025-01-01,0.7586511373519897,0.6795609593391418,0.3852037191390991
P0651,2025-02-01,0.8229759335517883,0.6332076191902161,0.3519960939884186
P0651,2025-03-01,0.7398454546928406,0.6323026418685913,0.37849292159080505
P0651,2025-04-01,0.554269552230835,0.3608022928237915,0.13101254403591156
P0651,2025-05-01,0.2880307137966156,0.20296478271484375,-0.10536455363035202
P0651,2025-06-01,0.18504083156585693,0.14046606421470642,-0.18631324172019958
P0651,2025-07-01,0.05851374939084053,0.040725454688072205,-0.2462500035762787
P0651,2025-08-01,-0.032665181905031204,-0.019191624596714973,-0.33734530210494995
P0651,2025-09-01,-0.01319325715303421,-0.00788114033639431,-0.31646642088890076
P0651,2025-10-01,0.27053916454315186,0.14000996947288513,-0.2473383992910385
P0651,2025-11-01,0.4321784973144531,0.14600856602191925,-0.22914032638072968
P0656,2025-01-01,0.3142158091068268,0.20502997934818268,-0.1495162695646286
P0656,2025-02-01,0.783470630645752,0.5479723215103149,0.3047654926776886
P0656,2025-03-01,0.8181990385055542,0.7168720960617065,0.4527415931224823
P0656,2025-04-01,NaN,NaN,NaN
P0656,2025-05-01,0.2652890384197235,0.15399578213691711,-0.06807897984981537
P0656,2025-06-01,0.18594777584075928,0.12805145978927612,-0.08872941136360168
P0656,2025-07-01,0.1414884775876999,0.11619950830936432,-0.10172639787197113
P0656,2025-08-01,0.16838738322257996,0.13789983093738556,-0.08713928610086441
P0656,2025-09-01,0.17316080629825592,0.14045143127441406,-0.07898641377687454
P0656,2025-10-01,0.03501772880554199,0.014064447022974491,-0.40479224920272827
P0656,2025-11-01,0.1269841343164444,0.05101688951253891,-0.3079557418823242
P0662,2025-01-01,0.46614933013916016,0.31572842597961426,-0.04028726741671562
P0662,2025-02-01,0.7752997875213623,0.5759227871894836,0.3207850158214569
P0662,2025-03-01,0.7706422209739685,0.6801057457923889,0.4018677771091461
P0662,2025-04-01,NaN,NaN,NaN
P0662,2025-05-01,0.14718511700630188,0.09458258002996445,-0.1423220932483673
P0662,2025-06-01,0.04108131304383278,0.027971824631094933,-0.2693456709384918
P0662,2025-07-01,0.12952470779418945,0.10116530954837799,-0.15055036544799805
P0662,2025-08-01,0.13661929965019226,0.11063166707754135,-0.12219935655593872
P0662,2025-09-01,0.10952544957399368,0.0842035710811615,-0.18615210056304932
P0662,2025-10-01,0.11175979673862457,0.06821189820766449,-0.2934629023075104
P0662,2025-11-01,0.16074825823307037,0.08645680546760559,-0.22436439990997314
P0665,2025-01-01,0.27288538217544556,0.26707518100738525,0.016027258709073067
P0665,2025-02-01,NaN,NaN,NaN
P0665,2025-03-01,0.5636147260665894,0.5332347750663757,0.28185489773750305
P0665,2025-04-01,0.634618878364563,0.563270628452301,0.3399760127067566
P0665,2025-05-01,0.5053648352622986,0.4139131009578705,0.13732166588306427
P0665,2025-06-01,0.3043196499347687,0.22789764404296875,-0.07618173211812973
P0665,2025-07-01,0.2784460783004761,0.20307780802249908,-0.102201908826828
P0665,2025-08-01,0.13752248883247375,0.13096632063388824,-0.12655457854270935
P0665,2025-09-01,0.12896884977817535,0.12287171185016632,-0.1463358849287033
P0665,2025-10-01,0.08583950251340866,0.08545979857444763,-0.1707063764333725
P0665,2025-11-01,0.13847173750400543,0.0985880047082901,-0.10550060868263245
P0668,2025-01-01,0.44953951239585876,0.36239057779312134,0.08611270785331726
P0668,2025-02-01,0.8522458672523499,0.8060497641563416,0.46860355138778687
P0668,2025-03-01,0.7466825842857361,0.7187759876251221,0.49808183312416077
P0668,2025-04-01,0.6627442836761475,0.5177961587905884,0.30858278274536133
P0668,2025-05-01,0.24924471974372864,0.18382352590560913,-0.11429008841514587
P0668,2025-06-01,0.18985506892204285,0.16307955980300903,-0.1486346423625946
P0668,2025-07-01,0.1434754729270935,0.11673709750175476,-0.15224625170230865
P0668,2025-08-01,0.14094698429107666,0.11631228029727936,-0.14730778336524963
P0668,2025-09-01,0.13744762539863586,0.11311496794223785,-0.1505415141582489
P0668,2025-10-01,0.1664905995130539,0.11510707437992096,-0.22577477991580963
P0668,2025-11-01,0.18523454666137695,0.1025921106338501,-0.2000359743833542
P0670,2025-01-01,0.38997113704681396,0.20707225799560547,-0.10374505817890167
P0670,2025-02-01,0.8669629096984863,0.6089590787887573,0.40915367007255554
P0670,2025-03-01,0.8474839925765991,0.7292606830596924,0.49207594990730286
P0670,2025-04-01,0.9144152402877808,0.809662401676178,0.5634933114051819
P0670,2025-05-01,0.28784337639808655,0.16612136363983154,-0.045277297496795654
P0670,2025-06-01,0.16166460514068604,0.13521906733512878,-0.1064969077706337
P0670,2025-07-01,0.15442560613155365,0.12907443940639496,-0.08064144104719162
P0670,2025-08-01,0.16223715245723724,0.1349972039461136,-0.060552407056093216
P0670,2025-09-01,0.16112110018730164,0.13410009443759918,-0.07032281160354614
P0670,2025-10-01,0.18191267549991608,0.09236453473567963,-0.22828054428100586
P0670,2025-11-01,0.31578946113586426,0.11540219187736511,-0.1764513999223709
P0672,2025-01-01,0.31773641705513,0.18983080983161926,-0.11949582397937775
P0672,2025-02-01,0.5674871802330017,0.33951514959335327,0.06761237978935242
P0672,2025-03-01,0.7050628066062927,0.5810155272483826,0.2347591370344162
P0672,2025-04-01,0.4362069070339203,0.26904264092445374,-0.026869159191846848
P0672,2025-05-01,0.2485274076461792,0.163166344165802,-0.16802535951137543
P0672,2025-06-01,0.24545998871326447,0.17533856630325317,-0.15065324306488037
P0672,2025-07-01,0.16998441517353058,0.12289747595787048,-0.16617320477962494
P0672,2025-08-01,0.15213358402252197,0.11061783879995346,-0.16297022998332977
P0672,2025-09-01,0.15587571263313293,0.11177495867013931,-0.16249528527259827
P0672,2025-10-01,0.19093933701515198,0.1009008064866066,-0.2507246434688568
P0672,2025-11-01,0.16043904423713684,0.08824209123849869,-0.21364140510559082
P0675,2025-01-01,NaN,NaN,NaN
P0675,2025-02-01,0.8336743116378784,0.7102025151252747,0.5061334371566772
P0675,2025-03-01,NaN,NaN,NaN
P0675,2025-04-01,NaN,NaN,NaN
P0675,2025-05-01,0.4111073613166809,0.2314673513174057,-0.01744871400296688
P0675,2025-06-01,0.18132445216178894,0.1449214518070221,-0.1077147051692009
P0675,2025-07-01,0.14338690042495728,0.11052431166172028,-0.125
P0675,2025-08-01,0.12132851034402847,0.08406387269496918,-0.1690942645072937
P0675,2025-09-01,0.14733178913593292,0.09920945018529892,-0.14726677536964417
P0675,2025-10-01,0.13878142833709717,0.05564387887716293,-0.23039215803146362
P0675,2025-11-01,0.2360570728778839,0.10009533166885376,-0.08188824355602264
P0678,2025-01-01,0.7827514410018921,0.7136778831481934,0.43343523144721985
P0678,2025-02-01,0.8097327947616577,0.671297013759613,0.42046135663986206
P0678,2025-03-01,0.674347996711731,0.5817716717720032,0.34727612137794495
P0678,2025-04-01,0.3262890875339508,0.1890241950750351,-0.14277909696102142
P0678,2025-05-01,0.11959021538496017,0.07712221145629883,-0.2566629648208618
P0678,2025-06-01,0.11799835413694382,0.07770545035600662,-0.2606564164161682
P0678,2025-07-01,0.12013068795204163,0.06778988242149353,-0.26415717601776123
P0678,2025-08-01,0.12725844979286194,0.06943650543689728,-0.27671369910240173
P0678,2025-09-01,0.1476878672838211,0.0746355876326561,-0.2824358642101288
P0678,2025-10-01,0.18714237213134766,0.08374755084514618,-0.3192434012889862
P0678,2025-11-01,0.21671949326992035,0.08619331568479538,-0.28012189269065857
P0680,2025-01-01,0.4151168465614319,0.2803903818130493,-0.031178582459688187
P0680,2025-02-01,0.7528458833694458,0.5818163156509399,0.33250126242637634
P0680,2025-03-01,0.7666804194450378,0.6289913654327393,0.39292094111442566
P0680,2025-04-01,0.8264849781990051,0.6688029766082764,0.4220122694969177
P0680,2025-05-01,-0.04495183750987053,-0.021572386845946312,-0.37453269958496094
P0680,2025-06-01,0.0169522762298584,0.012564186938107014,-0.2729548215866089
P0680,2025-07-01,0.10288862138986588,0.08404280990362167,-0.15829545259475708
P0680,2025-08-01,0.14249134063720703,0.11736681312322617,-0.12281715869903564
P0680,2025-09-01,0.12762494385242462,0.10139941424131393,-0.16066884994506836
P0680,2025-10-01,0.169083371758461,0.10028564929962158,-0.2212831974029541
P0680,2025-11-01,0.20684243738651276,0.10495302081108093,-0.1639486849308014
P0683,2025-01-01,0.25385206937789917,0.12758953869342804,-0.2690321207046509
P0683,2025-02-01,0.43993839621543884,0.17479807138442993,-0.13983440399169922
P0683,2025-03-01,0.4808002710342407,0.2818126678466797,0.034957148134708405
P0683,2025-04-01,NaN,NaN,NaN
P0683,2025-05-01,0.35571518540382385,0.20821146667003632,-0.08185279369354248
P0683,2025-06-01,0.3996531367301941,0.2721444368362427,-0.017736045643687248
P0683,2025-07-01,0.13281816244125366,0.08491585403680801,-0.23249346017837524
P0683,2025-08-01,0.08562075346708298,0.053848590701818466,-0.2680814862251282
P0683,2025-09-01,0.054621849209070206,0.028942320495843887,-0.3586871027946472
P0683,2025-10-01,0.19588272273540497,0.06330900639295578,-0.3834030330181122
P0683,2025-11-01,0.2354014664888382,0.0763283520936966,-0.3371409773826599
P0685,2025-01-01,0.6093618869781494,0.48013627529144287,0.158682182431221
P0685,2025-02-01,0.8099934458732605,0.6429167985916138,0.38527339696884155
P0685,2025-03-01,0.5772600769996643,0.4566504955291748,0.24465744197368622
P0685,2025-04-01,0.4836500287055969,0.3454315960407257,0.10571381449699402
P0685,2025-05-01,0.19866186380386353,0.16009511053562164,-0.15991343557834625
P0685,2025-06-01,0.12434884905815125,0.10001351684331894,-0.20994214713573456
P0685,2025-07-01,0.1108129471540451,0.08893280476331711,-0.19300459325313568
P0685,2025-08-01,0.10603762418031693,0.08742526918649673,-0.1796804666519165
P0685,2025-09-01,0.10872374475002289,0.08601078391075134,-0.19438901543617249
P0685,2025-10-01,-0.019128330051898956,-0.011547006666660309,-0.36663541197776794
P0685,2025-11-01,-0.08175399154424667,-0.0362677201628685,-0.42893460392951965
P0688,2025-01-01,0.33224427700042725,0.35111016035079956,0.12931402027606964
P0688,2025-02-01,0.7269012331962585,0.5670669078826904,0.3333917558193207
P0688,2025-03-01,0.6905930638313293,0.578095018863678,0.36667218804359436
P0688,2025-04-01,0.7555605173110962,0.5973272323608398,0.37628597021102905
P0688,2025-05-01,0.5856003761291504,0.4356853663921356,0.1824064403772354
P0688,2025-06-01,0.3824458420276642,0.292422890663147,0.023725980892777443
P0688,2025-07-01,0.315543532371521,0.2101900428533554,-0.07902892678976059
P0688,2025-08-01,0.23034445941448212,0.14602920413017273,-0.1772463470697403
P0688,2025-09-01,0.259608656167984,0.1369231939315796,-0.1803092360496521
P0688,2025-10-01,0.21918335556983948,0.10796964168548584,-0.24408884346485138
P0688,2025-11-01,0.2544507086277008,0.10892598330974579,-0.1505439579486847
P0690,2025-01-01,0.2666357457637787,0.18624085187911987,-0.12028985470533371
P0690,2025-02-01,0.5276809334754944,0.40351346135139465,0.10395337641239166
P0690,2025-03-01,0.6277434229850769,0.49698033928871155,0.23050902783870697
P0690,2025-04-01,0.6663753390312195,0.5210646986961365,0.24360018968582153
P0690,2025-05-01,0.2920539081096649,0.20267002284526825,-0.07808355242013931
P0690,2025-06-01,0.1666666716337204,0.12735959887504578,-0.17193029820919037
P0690,2025-07-01,0.11803823709487915,0.09450789541006088,-0.17403586208820343
P0690,2025-08-01,0.10804103314876556,0.0869368389248848,-0.167557492852211
P0690,2025-09-01,0.11763662099838257,0.09189189225435257,-0.18596535921096802
P0690,2025-10-01,0.19135670363903046,0.13604402542114258,-0.17862437665462494
P0690,2025-11-01,0.210882768034935,0.1403830647468567,-0.14396566152572632
P0692,2025-01-01,0.5902619361877441,0.36276775598526,0.1972132921218872
P0692,2025-02-01,0.9222379326820374,0.7783839106559753,0.5382252931594849
P0692,2025-03-01,0.7878673076629639,0.6780214309692383,0.4729033410549164
P0692,2025-04-01,0.8912280797958374,0.6781048774719238,0.5180248022079468
P0692,2025-05-01,0.2760275900363922,0.15452316403388977,-0.1581551879644394
P0692,2025-06-01,0.2290748953819275,0.15237978100776672,-0.14139941334724426
P0692,2025-07-01,0.19717395305633545,0.155135840177536,-0.10361181944608688
P0692,2025-08-01,0.20134559273719788,0.15624204277992249,-0.09427192807197571
P0692,2025-09-01,0.18098464608192444,0.12453027069568634,-0.1769690215587616
P0692,2025-10-01,0.2174222618341446,0.1349480003118515,-0.2173050493001938
P0692,2025-11-01,0.23916123807430267,0.12727712094783783,-0.139173224568367
P0696,2025-01-01,NaN,NaN,NaN
P0696,2025-02-01,0.8469808101654053,0.66297847032547,0.46100959181785583
P0696,2025-03-01,NaN,NaN,NaN
P0696,2025-04-01,NaN,NaN,NaN
P0696,2025-05-01,0.5764622688293457,0.41576308012008667,0.16368995606899261
P0696,2025-06-01,0.32140690088272095,0.24295580387115479,-0.020086944103240967
P0696,2025-07-01,0.22905322909355164,0.17492085695266724,-0.09212404489517212
P0696,2025-08-01,0.1970357447862625,0.15148265659809113,-0.0853983461856842
P0696,2025-09-01,0.19837690889835358,0.14767876267433167,-0.08458465337753296
P0696,2025-10-01,0.15704989433288574,0.06756756454706192,-0.26730769872665405
P0696,2025-11-01,0.282661497592926,0.10702070593833923,-0.14530743658542633
P0702,2025-01-01,0.18275316059589386,0.04816313087940216,-0.4635809063911438
P0702,2025-02-01,0.24092009663581848,0.1144818589091301,-0.2490842491388321
P0702,2025-03-01,0.4266296923160553,0.28021717071533203,0.0031207334250211716
P0702,2025-04-01,0.5146018862724304,0.31455522775650024,0.052103351801633835
P0702,2025-05-01,0.5419721007347107,0.4093441963195801,0.025959722697734833
P0702,2025-06-01,0.31116896867752075,0.21920320391654968,-0.06967763602733612
P0702,2025-07-01,0.28784793615341187,0.1943112015724182,-0.12067367136478424
P0702,2025-08-01,0.21912693977355957,0.12966488301753998,-0.1984516680240631
P0702,2025-09-01,0.3419962227344513,0.16747823357582092,-0.20927652716636658
P0702,2025-10-01,0.10181644558906555,0.0404067225754261,-0.40300440788269043
P0702,2025-11-01,0.20770592987537384,0.08631160855293274,-0.28500261902809143
P0707,2025-01-01,0.27595868706703186,0.21254214644432068,-0.0864986851811409
P0707,2025-02-01,0.9836231470108032,0.8556102514266968,0.4978626072406769
P0707,2025-03-01,0.8238722085952759,0.7195153832435608,0.4189821481704712
P0707,2025-04-01,0.8077013492584229,0.5839217901229858,0.36555516719818115
P0707,2025-05-01,0.1771920621395111,0.10924477875232697,-0.20173420011997223
P0707,2025-06-01,0.1612047404050827,0.13801303505897522,-0.14343272149562836
P0707,2025-07-01,0.13411729037761688,0.11174777895212173,-0.14277677237987518
P0707,2025-08-01,0.1122807040810585,0.09405568242073059,-0.13830596208572388
P0707,2025-09-01,0.1182623878121376,0.09730091691017151,-0.14296849071979523
P0707,2025-10-01,0.07923143357038498,0.0505690760910511,-0.2626843750476837
P0707,2025-11-01,0.11430076509714127,0.06108890101313591,-0.19224895536899567
P0711,2025-01-01,0.6290944218635559,0.3593704104423523,0.05227131396532059
P0711,2025-02-01,0.6187255382537842,0.3223174214363098,0.0925036072731018
P0711,2025-03-01,0.6158730387687683,0.41695597767829895,0.1458008587360382
P0711,2025-04-01,0.6229507923126221,0.38560765981674194,0.09218399226665497
P0711,2025-05-01,0.2887640595436096,0.19957755506038666,-0.15363046526908875
P0711,2025-06-01,0.27213460206985474,0.19808346033096313,-0.15315693616867065
P0711,2025-07-01,0.22618477046489716,0.14301280677318573,-0.18228252232074738
P0711,2025-08-01,0.23673662543296814,0.15196004509925842,-0.16785657405853271
P0711,2025-09-01,0.250629723072052,0.15463276207447052,-0.1723620593547821
P0711,2025-10-01,0.354015588760376,0.2019985318183899,-0.1397610902786255
P0711,2025-11-01,0.38125845789909363,0.18274687230587006,-0.07309874892234802
P0716,2025-01-01,0.3686700165271759,0.21007737517356873,-0.13928258419036865
P0716,2025-02-01,0.8020774722099304,0.5233175754547119,0.27411672472953796
P0716,2025-03-01,0.7791982889175415,0.6134843826293945,0.3818579614162445
P0716,2025-04-01,0.8441953063011169,0.6347032189369202,0.4078102707862854
P0716,2025-05-01,0.2861941456794739,0.14782941341400146,-0.16232772171497345
P0716,2025-06-01,0.08208752423524857,0.048700250685214996,-0.2825734317302704
P0716,2025-07-01,0.12513701617717743,0.09188217669725418,-0.191838338971138
P0716,2025-08-01,0.15085312724113464,0.11921865493059158,-0.12774957716464996
P0716,2025-09-01,0.1714486926794052,0.12841133773326874,-0.14723218977451324
P0716,2025-10-01,0.20020747184753418,0.09398740530014038,-0.29793688654899597
P0716,2025-11-01,0.25009799003601074,0.10441898554563522,-0.24089501798152924
P0721,2025-01-01,0.3382619321346283,0.18301443755626678,-0.16963115334510803
P0721,2025-02-01,0.8585055470466614,0.6735806465148926,0.3904842734336853
P0721,2025-03-01,0.7723622918128967,0.6662800312042236,0.42743268609046936
P0721,2025-04-01,0.7921121120452881,0.5804115533828735,0.35349005460739136
P0721,2025-05-01,0.31193798780441284,0.17343033850193024,-0.16051587462425232
P0721,2025-06-01,0.0969085693359375,0.06651617586612701,-0.275452584028244
P0721,2025-07-01,0.2150368094444275,0.16290493309497833,-0.13886474072933197
P0721,2025-08-01,0.22488120198249817,0.1720689833164215,-0.11164450645446777
P0721,2025-09-01,0.1920233517885208,0.13797248899936676,-0.17714208364486694
P0721,2025-10-01,0.14757640659809113,0.07383151352405548,-0.3052336573600769
P0721,2025-11-01,0.201244056224823,0.08822868764400482,-0.25841426849365234
P0727,2025-01-01,0.182175874710083,0.12117563933134079,-0.08552731573581696
P0727,2025-02-01,0.4529932141304016,0.32287389039993286,0.10084164887666702
P0727,2025-03-01,0.6491617560386658,0.5246490240097046,0.2872457802295685
P0727,2025-04-01,0.7463381886482239,0.5694209337234497,0.33350279927253723
P0727,2025-05-01,0.4014056324958801,0.2996731996536255,0.10339920967817307
P0727,2025-06-01,0.21328015625476837,0.1384952962398529,-0.14458230137825012
P0727,2025-07-01,0.13793103396892548,0.11085472255945206,-0.11253462731838226
P0727,2025-08-01,0.1382821649312973,0.11061267554759979,-0.09609750658273697
P0727,2025-09-01,0.14752322435379028,0.11321517080068588,-0.11602671444416046
P0727,2025-10-01,0.14315353333950043,0.10786435753107071,-0.13049283623695374
P0727,2025-11-01,0.1746206283569336,0.10346085578203201,-0.08293269574642181
P0731,2025-01-01,0.27831941843032837,0.19740524888038635,-0.12531766295433044
P0731,2025-02-01,NaN,NaN,NaN
P0731,2025-03-01,0.7856336236000061,0.6116347908973694,0.41489171981811523
P0731,2025-04-01,0.9052969217300415,0.7014925479888916,0.5262674689292908
P0731,2025-05-01,0.4844013452529907,0.22128495573997498,0.004851598292589188
P0731,2025-06-01,0.21764856576919556,0.1368400603532791,-0.06147134676575661
P0731,2025-07-01,0.14643818140029907,0.1227736845612526,-0.10887274146080017
P0731,2025-08-01,0.15448671579360962,0.1295979619026184,-0.09560229629278183
P0731,2025-09-01,0.15224286913871765,0.12585841119289398,-0.11650260537862778
P0731,2025-10-01,0.1139356791973114,0.06251470744609833,-0.28461840748786926
P0731,2025-11-01,0.16988417506217957,0.0815611183643341,-0.18845872581005096
P0736,2025-01-01,0.5905309319496155,0.46175533533096313,0.1937258392572403
P0736,2025-02-01,0.7258584499359131,0.5884343385696411,0.3249344527721405
P0736,2025-03-01,0.7073883414268494,0.6468591690063477,0.37841588258743286
P0736,2025-04-01,0.43704545497894287,0.2872893512248993,0.047548044472932816
P0736,2025-05-01,0.28010228276252747,0.18623268604278564,-0.13885848224163055
P0736,2025-06-01,0.27736377716064453,0.1879972219467163,-0.17007111012935638
P0736,2025-07-01,0.13471592962741852,0.10335882753133774,-0.1948806792497635
P0736,2025-08-01,0.15498831868171692,0.12019354850053787,-0.16540084779262543
P0736,2025-09-01,0.15705013275146484,0.11670909821987152,-0.18045976758003235
P0736,2025-10-01,0.13502976298332214,0.08746743202209473,-0.23657694458961487
P0736,2025-11-01,0.14438635110855103,0.07942594587802887,-0.18478453159332275
P0742,2025-01-01,0.3489156663417816,0.1566218137741089,-0.24636510014533997
P0742,2025-02-01,0.8480122089385986,0.5359904170036316,0.3194323182106018
P0742,2025-03-01,0.8401663899421692,0.722140908241272,0.45262664556503296
P0742,2025-04-01,NaN,NaN,NaN
P0742,2025-05-01,0.34028926491737366,0.25005313754081726,0.10435818880796432
P0742,2025-06-01,0.2945488691329956,0.22454360127449036,0.03986109048128128
P0742,2025-07-01,0.1764257401227951,0.14238597452640533,-0.09829359501600266
P0742,2025-08-01,0.06471910327672958,0.027054447680711746,-0.39084598422050476
P0742,2025-09-01,0.027519524097442627,0.013560067862272263,-0.4288962483406067
P0742,2025-10-01,0.22492624819278717,0.06459127366542816,-0.3822982609272003
P0742,2025-11-01,0.2013673037290573,0.06530678272247314,-0.3645627796649933
P0747,2025-01-01,0.15958690643310547,0.12226800620555878,-0.15155403316020966
P0747,2025-02-01,0.4435913860797882,0.3313051462173462,0.09406820684671402
P0747,2025-03-01,0.46910712122917175,0.3824532628059387,0.11544117331504822
P0747,2025-04-01,0.49957823753356934,0.38349467515945435,0.12783505022525787
P0747,2025-05-01,0.2475532591342926,0.1913946568965912,-0.08203896880149841
P0747,2025-06-01,0.11514841020107269,0.0935758426785469,-0.1723221093416214
P0747,2025-07-01,0.07498013973236084,0.061119310557842255,-0.1837153136730194
P0747,2025-08-01,0.043538037687540054,0.036319613456726074,-0.20086570084095
P0747,2025-09-01,0.03470681607723236,0.028643926605582237,-0.21441462635993958
P0747,2025-10-01,0.06286688148975372,0.046978916972875595,-0.20664310455322266
P0747,2025-11-01,0.18936020135879517,0.11726459860801697,-0.11322733014822006
P0752,2025-01-01,0.48980507254600525,0.35476645827293396,0.044783156365156174
P0752,2025-02-01,0.75099778175354,0.5881637930870056,0.3733913004398346
P0752,2025-03-01,0.7071937322616577,0.5961969494819641,0.47387999296188354
P0752,2025-04-01,0.8486711382865906,0.7427014112472534,0.599897027015686
P0752,2025-05-01,0.5115972757339478,0.32769447565078735,0.09551098197698593
P0752,2025-06-01,0.23820655047893524,0.1753206104040146,-0.11241431534290314
P0752,2025-07-01,0.3127761781215668,0.24062906205654144,-0.048593707382678986
P0752,2025-08-01,0.2653335928916931,0.20184291899204254,-0.06745076179504395
P0752,2025-09-01,0.2334977686405182,0.1540273278951645,-0.1483944207429886
P0752,2025-10-01,0.24221135675907135,0.13227248191833496,-0.22088122367858887
P0752,2025-11-01,0.32080695033073425,0.14278671145439148,-0.11806656420230865
P0757,2025-01-01,0.44310691952705383,0.2941848039627075,0.005190656986087561
P0757,2025-02-01,0.5794282555580139,0.3667363226413727,0.23593173921108246
P0757,2025-03-01,0.6460158824920654,0.5346845984458923,0.3493502140045166
P0757,2025-04-01,NaN,NaN,NaN
P0757,2025-05-01,0.3391757607460022,0.15237285196781158,-0.23366765677928925
P0757,2025-06-01,0.24700306355953217,0.15831606090068817,-0.18731831014156342
P0757,2025-07-01,0.2477678507566452,0.15998335182666779,-0.1653948277235031
P0757,2025-08-01,0.2315184772014618,0.14924652874469757,-0.16874578595161438
P0757,2025-09-01,0.23856456577777863,0.15358583629131317,-0.1573246270418167
P0757,2025-10-01,0.29125815629959106,0.13576297461986542,-0.18214747309684753
P0757,2025-11-01,0.4296562671661377,0.19972503185272217,-0.01757758855819702
P0762,2025-01-01,0.7448078393936157,0.5553380250930786,0.3000711500644684
P0762,2025-02-01,0.5457302927970886,0.3795229494571686,0.11419441550970078
P0762,2025-03-01,0.5156280994415283,0.4082726538181305,0.163533553481102
P0762,2025-04-01,0.20933710038661957,0.166420117020607,-0.11329028755426407
P0762,2025-05-01,0.11963456869125366,0.10326699167490005,-0.19430240988731384
P0762,2025-06-01,0.13936884701251984,0.1227395087480545,-0.19101692736148834
P0762,2025-07-01,0.12614642083644867,0.10063409805297852,-0.18455085158348083
P0762,2025-08-01,0.10841654986143112,0.08692116290330887,-0.19137372076511383
P0762,2025-09-01,0.10970602929592133,0.08661600947380066,-0.18971098959445953
P0762,2025-10-01,0.0002046663867076859,0.00013497097825165838,-0.3158336877822876
P0762,2025-11-01,0.05880570039153099,0.02959934063255787,-0.2686348557472229
P0768,2025-01-01,0.2546636462211609,0.14982207119464874,-0.16039341688156128
P0768,2025-02-01,0.721695601940155,0.48635509610176086,0.23145009577274323
P0768,2025-03-01,0.7780172228813171,0.6601608991622925,0.4065406024456024
P0768,2025-04-01,0.8704161643981934,0.7131764888763428,0.45753732323646545
P0768,2025-05-01,0.3384336233139038,0.21102845668792725,-0.03188895061612129
P0768,2025-06-01,0.2241096943616867,0.1595279723405838,-0.08323114365339279
P0768,2025-07-01,0.1306062787771225,0.1066494882106781,-0.11544176191091537
P0768,2025-08-01,0.13747411966323853,0.1153632327914238,-0.08168040961027145
P0768,2025-09-01,0.13229690492153168,0.10722668468952179,-0.11780073493719101
P0768,2025-10-01,0.20512144267559052,0.12259774655103683,-0.19346289336681366
P0768,2025-11-01,0.24053451418876648,0.12229447811841965,-0.1453309953212738
P0773,2025-01-01,0.37555721402168274,0.20057931542396545,-0.17582906782627106
P0773,2025-02-01,0.8784643411636353,0.7001122236251831,0.45197540521621704
P0773,2025-03-01,0.8205986022949219,0.7553560137748718,0.4808821380138397
P0773,2025-04-01,0.9084607362747192,0.8422874212265015,0.550245463848114
P0773,2025-05-01,0.324832558631897,0.19631348550319672,-0.027788279578089714
P0773,2025-06-01,0.13516686856746674,0.10381514579057693,-0.13162283599376678
P0773,2025-07-01,0.14270971715450287,0.11525455862283707,-0.11487952619791031
P0773,2025-08-01,0.28680750727653503,0.2312231808900833,-0.0015489866491407156
P0773,2025-09-01,0.022284122183918953,0.013788348995149136,-0.29274702072143555
P0773,2025-10-01,0.22776471078395844,0.09181272983551025,-0.29562634229660034
P0773,2025-11-01,0.39388978481292725,0.1411038190126419,-0.17845658957958221
P0778,2025-01-01,0.45338982343673706,0.2560374140739441,-0.028328612446784973
P0778,2025-02-01,0.760172963142395,0.5378414392471313,0.3080703020095825
P0778,2025-03-01,0.7447108626365662,0.6225575804710388,0.41463813185691833
P0778,2025-04-01,NaN,NaN,NaN
P0778,2025-05-01,0.6630973815917969,0.5427866578102112,0.25291305780410767
P0778,2025-06-01,0.31151729822158813,0.23714055120944977,-0.05428004637360573
P0778,2025-07-01,0.3028540313243866,0.2283755987882614,-0.04146048054099083
P0778,2025-08-01,0.28382408618927,0.21417522430419922,-0.04979310184717178
P0778,2025-09-01,0.31023848056793213,0.22006066143512726,-0.0640328973531723
P0778,2025-10-01,0.3029058873653412,0.16514551639556885,-0.16243654489517212
P0778,2025-11-01,0.44946619868278503,0.22729726135730743,-0.005615234375
P0784,2025-01-01,NaN,NaN,NaN
P0784,2025-02-01,0.7926515936851501,0.5529268383979797,0.330726683139801
P0784,2025-03-01,0.6835503578186035,0.7661778330802917,0.4469159245491028
P0784,2025-04-01,NaN,NaN,NaN
P0784,2025-05-01,0.37619778513908386,0.27931928634643555,0.07839015126228333
P0784,2025-06-01,0.22216564416885376,0.17431485652923584,-0.07726806402206421
P0784,2025-07-01,0.194597065448761,0.1558222472667694,-0.09210068732500076
P0784,2025-08-01,0.13828949630260468,0.10883577913045883,-0.14775943756103516
P0784,2025-09-01,0.12405259162187576,0.09776195883750916,-0.14142249524593353
P0784,2025-10-01,0.16171875596046448,0.09792481362819672,-0.18146789073944092
P0784,2025-11-01,0.21388064324855804,0.11935260146856308,-0.058046940714120865
P0789,2025-01-01,NaN,NaN,NaN
P0789,2025-02-01,0.8461328744888306,0.5783262848854065,0.4038103222846985
P0789,2025-03-01,0.6439962387084961,0.2858392000198364,0.37397098541259766
P0789,2025-04-01,0.8770841956138611,0.7056132555007935,0.4987199306488037
P0789,2025-05-01,0.3890452980995178,0.2535277009010315,0.046875
P0789,2025-06-01,0.25471699237823486,0.1796713024377823,-0.06856677681207657
P0789,2025-07-01,0.1748712956905365,0.1383831948041916,-0.10105859488248825
P0789,2025-08-01,0.1531318873167038,0.12291251122951508,-0.11166343092918396
P0789,2025-09-01,0.1480700671672821,0.11709631979465485,-0.11190565675497055
P0789,2025-10-01,0.09249743074178696,0.04804954305291176,-0.30295082926750183
P0789,2025-11-01,0.2614715099334717,0.11895335465669632,-0.1116991639137268
P0794,2025-01-01,0.38952210545539856,0.29767724871635437,0.03146801143884659
P0794,2025-02-01,0.6574820876121521,0.4789334535598755,0.18006379902362823
P0794,2025-03-01,0.7443766593933105,0.6330037117004395,0.3061661422252655
P0794,2025-04-01,0.3671478033065796,0.2643365263938904,0.005983545444905758
P0794,2025-05-01,0.1476886123418808,0.11042284220457077,-0.17255806922912598
P0794,2025-06-01,0.11356411129236221,0.09063486754894257,-0.18445220589637756
P0794,2025-07-01,0.1322571039199829,0.1123637929558754,-0.12015191465616226
P0794,2025-08-01,0.12844839692115784,0.11004126816987991,-0.11806981265544891
P0794,2025-09-01,0.12483160942792892,0.10722550749778748,-0.1257561594247818
P0794,2025-10-01,0.10205601900815964,0.09054379165172577,-0.17993348836898804
P0794,2025-11-01,0.16730892658233643,0.08284042775630951,-0.19933921098709106
