{"type":"FeatureCollection","features":[{"type":"Feature","geometry":{"type":"Polygon","coordinates":[[[8.947190703453527,36.7757804528581],[8.94810481893269,36.77480839274353],[8.948430334559966,36.77393881761275],[8.949464849697664,36.77268585959346],[8.950271999996197,36.77174938947622],[8.951328780436427,36.771174203975995],[8.953000921879301,36.770937893724295],[8.954597273888385,36.77078621974037],[8.958601523611572,36.77115640305831],[8.960563576759464,36.77125000380499],[8.962391792275522,36.77138826518686],[8.963328244676907,36.7715220279043],[8.965499805578451,36.771999160592195],[8.966815224955052,36.77149528184461],[8.9687371199036,36.77040275515108],[8.971742492057132,36.76868159162934],[8.973927515539932,36.76716996154156],[8.976656499397468,36.765448679981716],[8.978016518058734,36.764793188758375],[8.979389875877573,36.7641734456374],[8.980589392378478,36.76297833078578],[8.985128724243701,36.764877933209526],[8.98671173651971,36.765288189347466],[8.989458526166285,36.76581433318924],[8.991197560053369,36.76480663227292],[8.998983139748338,36.76491811631841],[9.006777664869352,36.76376766619711],[9.00826255600155,36.76360710256502],[9.00923909389099,36.76362044611538],[9.010652620767983,36.76416001694806],[9.01219103819296,36.76449004583939],[9.013399484514947,36.76465051029845],[9.014844197774895,36.76455692827151],[9.016734885453811,36.7645569263007],[9.019668980914906,36.76449892788375],[9.021060180537512,36.764280426946414],[9.022290939138069,36.76384793178862],[9.023722238664424,36.763299449949805],[9.025612969873258,36.76308982468138],[9.02770874750398,36.763201311458786],[9.02904645488244,36.76319683899383],[9.030219149435673,36.7628668596661],[9.030986141208167,36.76248787649238],[9.031672856032385,36.76169857462549],[9.03286785353386,36.76086032846788],[9.03413430069754,36.760182475382315],[9.035427418368888,36.759799062530476],[9.0364842433773,36.75950027356817],[9.037585613239276,36.7591658681986],[9.039342489673034,36.758626277456045],[9.041357999024335,36.757930667861885],[9.043007926023046,36.75719490980529],[9.044680070386576,36.75661970435887],[9.046642069949367,36.75570113948487],[9.048229519244183,36.754934186812946],[9.050075538356875,36.75433665228186],[9.050793460337887,36.753908586431635],[9.050833612199657,36.75266004052048],[9.051658501268228,36.75162106350636],[9.052617269499157,36.75068462743013],[9.05374543551424,36.74989540081092],[9.05466399078147,36.74937367755491],[9.056050743405736,36.7490659636575],[9.057401836114945,36.74914620810183],[9.058672724462646,36.74920867203226],[9.059524437722786,36.74877609937537],[9.059595723567444,36.74748302334966],[9.0596581514603,36.744638119199415],[9.059796420981499,36.74376859776528],[9.059533295723668,36.742823233595544],[9.059225628405182,36.74149891062749],[9.059123044776769,36.73955916731608],[9.059537766905443,36.738038629544285],[9.059867707070321,36.73671426129782],[9.059872178270924,36.735104550980616],[9.059800892178087,36.73292398880465],[9.05973846417302,36.73134549363705],[9.059765206974587,36.73019949629276],[9.06147305299211,36.72873696127557],[9.064616685767193,36.73045368604673],[9.065749325075986,36.73046707333405],[9.066467220056568,36.72979377809774],[9.06743485724769,36.7288573075142],[9.067631018459988,36.7280814758775],[9.067751415280409,36.72716288605744],[9.067314460906864,36.72611055301375],[9.066542983708253,36.72467916755194],[9.065958896756277,36.723448455245574],[9.063952295921364,36.72120997922539],[9.062565489662703,36.719988176924055],[9.063724843861674,36.71864602097056],[9.063461789954928,36.71782548753924],[9.06270823560594,36.71583226946066],[9.063229867909804,36.714739832507206],[9.062966815642172,36.71397734365777],[9.062324711921297,36.71308994096969],[9.061566697063464,36.71266184452586],[9.060928991558223,36.711926165262604],[9.059765206974587,36.711141330152074],[9.056599242430977,36.71107886651418],[9.05762479899154,36.70971884928919],[9.057758593890057,36.70711477701283],[9.056674996669877,36.70533555745773],[9.055863468383755,36.70441254729593],[9.057236913164163,36.70371244762426],[9.05716554507786,36.701830686884456],[9.058877806327219,36.70060892726776],[9.060246747668229,36.6993692956496],[9.059711637018347,36.697920051280235],[9.05900266103317,36.69699255820641],[9.056559087652149,36.694459808132905],[9.056224690240839,36.693795401119665],[9.05691137060604,36.693028441479555],[9.056750835340026,36.69190472475923],[9.057473204413666,36.69113779476022],[9.05918547229801,36.69007210177256],[9.060113032939611,36.68914459801664],[9.06052320463813,36.688475751302484],[9.059742851004202,36.68765969187859],[9.058645982029013,36.687690918883064],[9.057219028956842,36.68740552619805],[9.056318328122698,36.68700867374542],[9.056349540774528,36.68614356755984],[9.057776393858873,36.68517594838589],[9.05807966882227,36.684226215401885],[9.058061784425112,36.68310249198127],[9.05671962253041,36.68194757198137],[9.055738618614553,36.6809754698733],[9.055546873371673,36.6799365542755],[9.056220219245642,36.67922754904161],[9.057013951376911,36.67828216899986],[9.056848944872849,36.67737701007145],[9.055827784949944,36.6766679839773],[9.056545758969547,36.67611064246996],[9.056973796388316,36.67436261985612],[9.05626923148979,36.673840983475394],[9.055190125535969,36.673033883532426],[9.054931486466627,36.67211971964955],[9.053518012691047,36.67140178206282],[9.054244823228679,36.67033163260804],[9.05461936607658,36.66911430251179],[9.054079822480842,36.66831614952183],[9.05267969190423,36.6680797968523],[9.051694182827505,36.66754024766021],[9.051283972394257,36.66686689938978],[9.051239349589972,36.665868058186824],[9.052630597522064,36.66489148932693],[9.054445507115899,36.66249694908206],[9.055025122822975,36.661872687839384],[9.056068627349866,36.66098088213472],[9.057219028956842,36.65996871272254],[9.058070726623189,36.65924183438208],[9.05909630219147,36.6581672270946],[9.060416232464831,36.65757856030588],[9.061450696540952,36.657279824787345],[9.063020303428473,36.65703009539502],[9.064768293981096,36.65698553938114],[9.066007915010857,36.65705239690958],[9.067033508697692,36.6571505415111],[9.068286495717759,36.65723970399336],[9.069280901066096,36.65763660016129],[9.070159389991726,36.65824304014126],[9.07121169953379,36.65879592225124],[9.07197866579379,36.659607469281646],[9.073824730762633,36.66119047332168],[9.074319688325923,36.66208678725776],[9.074605053940056,36.663130157873276],[9.075224896557678,36.66474439351005],[9.075349776951036,36.66607765700531],[9.076732080997923,36.668748636428674],[9.07815010251235,36.668802161998514],[9.079238042968738,36.66883783294489],[9.080776441313006,36.668770923316316],[9.081962558221347,36.66862827028979],[9.083692737546436,36.66898942745885],[9.085614603029422,36.669408607470295],[9.086854211472925,36.6699927572636],[9.087737114081564,36.67107180857982],[9.088615553663633,36.67161143081272],[9.089578734266043,36.67228470622739],[9.09112602520784,36.6732255897669],[9.092552996067882,36.673609077045626],[9.093529474772586,36.674295803240256],[9.09489842185558,36.67531687955988],[9.095785802462444,36.6765520629343],[9.096891623856026,36.67859436297433],[9.097471380190202,36.68047607737605],[9.098644072441472,36.681193986363965],[9.099932754013967,36.68072577954438],[9.100904849648604,36.679557470607605],[9.101859062892329,36.67929887852681],[9.10370067187883,36.67884401634538],[9.107682669982838,36.68302672710665],[9.106438601313474,36.68452050336059],[9.10552451274267,36.6861837164836],[9.104748613479705,36.68751701646536],[9.104035184483452,36.68880126224697],[9.10331273017657,36.69074092480005],[9.102746436593801,36.69221693866506],[9.102193567770648,36.693273664563854],[9.100499112015896,36.69525354313737],[9.099879241409333,36.69599376734091],[9.0992772692848,36.69679193396701],[9.098042109645753,36.69713976301038],[9.097038820289658,36.69756779335301],[9.095116932293827,36.69783983460862],[9.094528331190334,36.69864689525294],[9.094778068351408,36.69934696811949],[9.098550469122692,36.70237027417115],[9.096231690894008,36.70845244812062],[9.095134740625557,36.709232810765556],[9.094033416736632,36.7096608660434],[9.092651065384965,36.70971883612051],[9.090943224897444,36.70973223430799],[9.090622186032634,36.710815793757064],[9.09205353647955,36.71218921121892],[9.093016674264579,36.71336197610772],[9.093743508350784,36.71430726910107],[9.094211751007247,36.7149582852477],[9.094867194070549,36.716077571818815],[9.095536062142617,36.71757131996919],[9.09649476877101,36.71928809659278],[9.097217161287114,36.720411783614885],[9.098251681987628,36.721299148934705],[9.099259460027303,36.721985830537385],[9.100374192170314,36.72261901000672],[9.101529117366097,36.72327453545529],[9.102750910204495,36.72445618387713],[9.103968248086645,36.72553976375668],[9.105069624846275,36.72662332662688],[9.106545635363478,36.72807702309918],[9.107691617758293,36.7291605124832],[9.109252260212829,36.73035557473138],[9.11085311535813,36.73225961906832],[9.111900982092338,36.73248255787864],[9.113809514272562,36.73225964135995],[9.11515171044576,36.73246472898441],[9.116458218565953,36.73255835938672],[9.117938660947699,36.73279021453138],[9.119704404665839,36.733815852879665],[9.120596282601944,36.734529287134],[9.121840318679233,36.73575999323914],[9.122999691630033,36.73711559460764],[9.12401191936375,36.7380698220801],[9.125933828031036,36.73948782000518],[9.128702916763062,36.74128485893984],[9.131150899465881,36.742742973947564],[9.133046043514351,36.743688275836284],[9.134816343178986,36.745311407729425],[9.136345765026123,36.74678734440107],[9.137589877369324,36.74784865538081],[9.139418123448388,36.74952975196369],[9.140938681779009,36.75099234181621],[9.14218717246697,36.751986653635235],[9.143533898916328,36.75266450096169],[9.145687593587006,36.75344930460011],[9.14727946640295,36.75389520163063],[9.149241544499331,36.75429202187527],[9.151867943025353,36.755299770294776],[9.154128706250667,36.755999865209866],[9.154958043203724,36.757404526463695],[9.155782996624717,36.75873774664213],[9.15588553571034,36.760124559870924],[9.156220013376169,36.761413203694445],[9.156291385685096,36.762278269060914],[9.156982475637466,36.763361839577115],[9.158404963948652,36.76483337635],[9.159261121331305,36.765493277184184],[9.160224309317556,36.765961473851355],[9.161508493498417,36.766826603023134],[9.162213059249,36.767473154517326],[9.162574256128591,36.76844524717551],[9.163145028228483,36.76955558271302],[9.163800445511852,36.770139708598556],[9.164638752213545,36.77086210329496],[9.165370039208177,36.77186533367225],[9.16614593549531,36.77372924657795],[9.166663175698147,36.77454978194373],[9.166783637475254,36.775281031408646],[9.166685477163572,36.77621746860638],[9.165811500889497,36.77734115440621],[9.164866238605024,36.7782953478912],[9.163755844191629,36.77909358894806],[9.161976711002223,36.78019049006632],[9.160986809671671,36.7813409100185],[9.160674611906762,36.7820455000513],[9.160402622420767,36.78285707922472],[9.160099380572483,36.78387815316632],[9.159876468981562,36.78588921290308],[9.160050388960894,36.78753467323086],[9.160050388960894,36.788497844321846],[9.159889814940385,36.78971072491119],[9.159711502977846,36.790785283408056],[9.158846387281946,36.79204283154494],[9.15772720732847,36.79284093076094],[9.156509810684645,36.793710493209716],[9.155921263939863,36.79437937044133],[9.155604609335416,36.795480774558406],[9.155787473204795,36.796470701170364],[9.156371626818373,36.7981339318103],[9.155872190418295,36.79937799140775],[9.155332637054476,36.80026091357368],[9.154855505305008,36.80121518282264],[9.154828730603471,36.8031637779445],[9.154975949341177,36.80402436561162],[9.15465042990124,36.804751202716815],[9.154369507856645,36.80587935262622],[9.154677120080585,36.806842551287204],[9.155604609335414,36.80841659626531],[9.156077353413107,36.8092950489776],[9.156474166657212,36.810396475221125],[9.15631368426565,36.8112837788334],[9.15590344205506,36.81213547427896],[9.155412877227697,36.81291141434692],[9.155131952509878,36.81415993234261],[9.15478861079931,36.81589454408385],[9.155551143904184,36.81892226066699],[9.155684934244658,36.82001919561081],[9.15588553571034,36.821236555146406],[9.15643852264564,36.82269911406938],[9.15710292287066,36.82461649493591],[9.157593413578342,36.82630649768283],[9.158008141144308,36.827893988600835],[9.159550929636172,36.83056946264745],[9.160362499826247,36.831590558279316],[9.161107178452838,36.83293720818686],[9.164027929525355,36.836103138246],[9.164509508468702,36.837093054955176],[9.165356692337168,36.837806509078355],[9.166203969629258,36.83840853466435],[9.166788030194246,36.83912645400683],[9.167599589155824,36.83970165959175],[9.168763426511429,36.84062025942268],[9.169383239939652,36.84140507618193],[9.170092267768744,36.84242620681043],[9.16783147672095,36.84420535126815],[9.16609246303351,36.845846306927974],[9.164433651779511,36.84609159182758],[9.162235359476943,36.84542270952178],[9.16176714046268,36.84610940868921],[9.160723688368819,36.84758983937799],[9.15993441411003,36.847950978161016],[9.158391618237056,36.84825421503049],[9.155733923187826,36.84865555800518],[9.151716338105617,36.85362741356334],[9.150784333106785,36.853551604351715],[9.149397536500546,36.85320829124928],[9.147176938333898,36.852909526027915],[9.145799071792188,36.85305222709252],[9.143988668060869,36.853475854644195],[9.14204901331278,36.853565013364694],[9.140385717425376,36.853337636782456],[9.144791297568457,36.84458885311129],[9.121621819457133,36.820300107245096],[9.119682116287617,36.81926118441683],[9.118442503895025,36.8189891533256],[9.116984339789893,36.81830240552886],[9.115508389430536,36.81761577624101],[9.114540758926827,36.816884455358796],[9.109261208164348,36.83124270983566],[9.10736612196854,36.83185366908152],[9.104026237118203,36.8324868288615],[9.101774402909747,36.83248686000978],[9.099433332569273,36.83308432246854],[9.098238346316753,36.8334009608826],[9.096583980811657,36.83420803598089],[9.094760175700115,36.83498843133606],[9.093253071850324,36.836517845548116],[9.093114828550068,36.83831040658973],[9.093123690292888,36.84032146799449],[9.09332886101419,36.84221217205079],[9.093467104685882,36.84353648776641],[9.094100260391858,36.84450856479031],[9.105203415134698,36.85134438239694],[9.101694132161837,36.85921913205658],[9.100646230706685,36.86038743431915],[9.098840310594658,36.86095820938161],[9.096994256203072,36.86153790207356],[9.094737894290912,36.8626615560405],[9.092437034742026,36.863160986278565],[9.090934279001981,36.86454778583063],[9.09073814471621,36.86637156300957],[9.090314482804285,36.86791438136715],[9.089980027791256,36.8696534459297],[9.090042479541692,36.87118735989256],[9.089841790171915,36.87327867799253],[9.08875826197937,36.87526303413605],[9.087799564072895,36.87598986575586],[9.086140773906392,36.87652938684221],[9.085953512372882,36.8776797897923],[9.084722778763043,36.87941441344045],[9.08296143831561,36.8810330956041],[9.080437554015333,36.881866914369475],[9.078279375353132,36.882384218246095],[9.076486788201667,36.88320914367277],[9.074208225571441,36.88551443505018],[9.073191567583773,36.886780879058634],[9.072669785512826,36.887458629336855],[9.071835987571788,36.88827017553273],[9.069949807234,36.888979147326914],[9.068652161400127,36.88885434621005],[9.066948801379668,36.88869378730104],[9.066106035979647,36.88938941677777],[9.064763822504869,36.88908622871371],[9.06207052093516,36.88930917950879],[9.059863320232237,36.890740540381735],[9.058538928023685,36.89199357561627],[9.056862273606356,36.89351853210314],[9.056113168511246,36.8925063518511],[9.054744214085312,36.891217623925016],[9.054146716914465,36.89048633173244],[9.0528580178022,36.8892913530906],[9.05111003638772,36.88836833276425],[9.049678663819293,36.887115318625305],[9.047511620465892,36.88594251321655],[9.04543809266525,36.88513548414279],[9.043395826635887,36.88424363228276],[9.04162106401239,36.88374418252804],[9.040457309576993,36.8746788396847],[9.038357061985321,36.8752763500174],[9.037090631659307,36.875459183102855],[9.035837631110526,36.875356673956176],[9.034910185634676,36.875249655836754],[9.033563524108244,36.87499990404166],[9.032292700756855,36.87478139222503],[9.030821188859665,36.874482673265376],[9.030571484041056,36.873666619434324],[9.030094340042425,36.87297993878718],[9.028805610229071,36.87327421907868],[9.026536005805475,36.87364434455251],[9.025505876139821,36.87364880147196],[9.024217221018144,36.873229628423196],[9.022852780563442,36.87184730263845],[9.022018915892023,36.869729215119776],[9.021773623568382,36.8684896527106],[9.022718960249248,36.86575616756924],[9.023677715701568,36.86377186322639],[9.024217221018144,36.86244754881212],[9.025251718835875,36.86091357073392],[9.025956261077324,36.85983900402724],[9.026428910823245,36.85877322401268],[9.026602876997774,36.85755592704563],[9.026834691946634,36.85618695965288],[9.027026452079037,36.85512568701429],[9.027004189665165,36.85257511070147],[9.026843630623224,36.851188324197764],[9.02658053037616,36.8500780158051],[9.026446788085796,36.84895432530222],[9.026437849454013,36.84775480442231],[9.026379917025341,36.84641263510263],[9.026214889946381,36.84531122756181],[9.02576450353734,36.84423212498792],[9.024912815591733,36.84324663461446],[9.023900668062351,36.842225536681056],[9.022964255503297,36.842229940006156],[9.021934172325386,36.84297463961197],[9.020529550387833,36.8437460664312],[9.018852941026111,36.84476723206717],[9.016801748363443,36.8457125514124],[9.015468463717056,36.846225320336146],[9.014104005524327,36.846452761941634],[9.012975813761685,36.846372482785014],[9.011343796219496,36.84564560812646],[9.008984904545212,36.84407605729119],[9.006929331059755,36.84331353828688],[9.006135594883592,36.842359294096546],[9.005399868004671,36.841529891115904],[9.00359839038102,36.84126683790673],[9.00135100579824,36.84070497155087],[9.000561709225876,36.8403348606718],[8.998403512738266,36.84046865606152],[8.996726866941996,36.84046416540026],[8.993516303430525,36.840513186454],[8.992076026116576,36.84014308282796],[8.990658027262896,36.84062025459921],[8.988379403775067,36.84104388397887],[8.986439751476775,36.841253409630326],[8.984504445262319,36.84125786255438],[8.983055314483632,36.84092342689289],[8.98153920867029,36.83996027141247],[8.981048707612254,36.838372840284215],[8.98062504188705,36.837530115202114],[8.979760019118887,36.83695481621047],[8.97835092207835,36.83663378977621],[8.976932917202443,36.8360050631257],[8.975260772840487,36.83476100793566],[8.975113633925668,36.83353918974608],[8.974926297663757,36.83211671598323],[8.974458085364786,36.83131408448561],[8.973829424559662,36.83067196279716],[8.972861751787766,36.82982029627302],[8.971604292139585,36.82801878565496],[8.971104920556439,36.82687281603384],[8.969539749074485,36.82613264614683],[8.968429384358856,36.82524523720022],[8.967131801844923,36.82396994356172],[8.967149665683952,36.8230558184203],[8.967011389564043,36.82232005681899],[8.96681969089647,36.82119190513816],[8.96682415683814,36.819675837625454],[8.966422812940932,36.81899360906337],[8.96595911709146,36.81835145758749],[8.964322595078222,36.81789218102603],[8.961134331342551,36.816197766206535],[8.95984563167962,36.81569831686778],[8.958543556710124,36.81490908981424],[8.957263830286799,36.81366495207623],[8.95645677670929,36.8127642411434],[8.955364289251865,36.81166284501339],[8.954561636163994,36.81069517317174],[8.953709958331652,36.80968742003439],[8.952470328203908,36.80873316757856],[8.951333245498722,36.807613999642534],[8.950352201584947,36.80622716834337],[8.950017832266596,36.80504109933862],[8.949647660384551,36.803926261051856],[8.949652125351344,36.802838284872415],[8.950285310758414,36.80210700210705],[8.95088733024656,36.80157189477456],[8.951863831499447,36.8007291518194],[8.953611808298847,36.80039915861746],[8.955283998299183,36.800189553093496],[8.956425519241762,36.800278755300184],[8.958017391077282,36.80049724094042],[8.959444323371924,36.80049725999784],[8.960933631517603,36.80073356592142],[8.961914638927015,36.80095206068997],[8.962744077047656,36.801362308135936],[8.96370724396674,36.801741317800186],[8.964603519669183,36.801866185276985],[8.96600369176915,36.80171906770967],[8.966962348365968,36.800381349086315],[8.967154131644337,36.799248691920056],[8.966859800117529,36.798267659055924],[8.96616867727973,36.79685862329435],[8.965923389957808,36.795721574385794],[8.965691501031715,36.79438386207294],[8.96595911709146,36.79336716198795],[8.966373772109533,36.79267150378457],[8.966931170987886,36.79183770500884],[8.967733781747977,36.791052834339915],[8.968549798808557,36.79026807853487],[8.96948624020855,36.78938069125509],[8.969749318793996,36.78851116780115],[8.96953081688331,36.78765501986612],[8.96870585755761,36.787186836250754],[8.967577724925759,36.78719126893878],[8.966092841200258,36.78681229801368],[8.964121971381536,36.78615677260752],[8.962164379432268,36.78563504174761],[8.954887094279888,36.78313349129707],[8.95181033465396,36.78215246848806],[8.94998211237312,36.78114472026179],[8.94864439720193,36.77971781682255],[8.947859587941513,36.777978826241785],[8.947190703453527,36.7757804528581]]]},"id":"000000000000000006f0","properties":{"ADM2_NAME":"Amdoun"}},{"type":"Feature","geometry":{"type":"Polygon","coordinates":[[[9.269142290196067,36.908411929213116],[9.267042044235943,36.9083718396099],[9.262636449735304,36.90879543365414],[9.2606744815301,36.9087240629045],[9.259577481415336,36.908799861239935],[9.2585117876577,36.90860370031596],[9.257611020553025,36.90864825677539],[9.255992354329734,36.90900945765626],[9.25439604625812,36.91027141114114],[9.252558842572483,36.911733975756874],[9.251270161058983,36.91275956718721],[9.250191131243085,36.913566685773326],[9.24898713362487,36.91465914359387],[9.247809959583568,36.91596120671249],[9.246619357777147,36.91736140778842],[9.245192434471457,36.91652308587207],[9.244447738488876,36.91576505212278],[9.243671932725588,36.91496233851561],[9.242962933100985,36.91401260846735],[9.24208449246424,36.91304494483739],[9.241094535389777,36.912086215436624],[9.24038107709432,36.911261312642125],[9.237772501285743,36.91208175372813],[9.236653237395032,36.91132821247621],[9.235346716387262,36.91040070747461],[9.233777109807711,36.909722949459464],[9.232368083109982,36.90926813216268],[9.231034831366621,36.90874189220027],[9.227182136619833,36.90863493044719],[9.225389595555171,36.908773121233985],[9.223302743800929,36.9090094830793],[9.221166832645423,36.90928591483736],[9.219227088531003,36.90964268722225],[9.217073365365602,36.91004400454349],[9.215766823336017,36.91062365701936],[9.214433592443449,36.91136831500951],[9.213220661419847,36.912179888649185],[9.211695690709561,36.91345071219639],[9.195937238336477,36.899038892454925],[9.190840503231367,36.9008270373522],[9.180138614067772,36.89320638822825],[9.179264660265513,36.89217636113567],[9.178493199474834,36.890718207187106],[9.17714656149712,36.889902194925966],[9.17534060326326,36.889023791730835],[9.173690724930422,36.88834597298459],[9.172228174880244,36.887895628481246],[9.177235779049665,36.87991382119393],[9.178136493245587,36.87974442294702],[9.180914484156352,36.87953925760158],[9.18317969931913,36.8797132151985],[9.185190817793565,36.879664149121204],[9.187268739141816,36.87984694598578],[9.189150423039363,36.879811277943105],[9.190898470713831,36.879392122232254],[9.192655344664187,36.878321957521706],[9.194149110647807,36.876400100105386],[9.19505432419539,36.87468328557857],[9.196918190298035,36.872743627142725],[9.198215806656915,36.87087966046359],[9.19882672036091,36.869715892852504],[9.200775353953475,36.86909156344023],[9.20234938878076,36.868739304630644],[9.204204380801826,36.86779847436895],[9.206117309501925,36.86666588156156],[9.20718307238689,36.86568927204896],[9.207477364036915,36.86432927145059],[9.206902135583166,36.86350431560493],[9.205996957783471,36.862505490249546],[9.205154162728913,36.86195261310108],[9.202661579534533,36.8609626534803],[9.198733084372527,36.8598790818823],[9.195232714661403,36.858795541798756],[9.191594083763345,36.85681126996388],[9.184356943596839,36.853948508417844],[9.181284636732585,36.852517137386556],[9.178158797899412,36.85083599994599],[9.17644651130116,36.84946260294656],[9.174952651967487,36.84815168692373],[9.173164568804737,36.846359081213485],[9.171487954935703,36.84429009643277],[9.17069874370238,36.84306830031234],[9.170092267768744,36.84242620681043],[9.169383239939652,36.84140507618193],[9.168763426511429,36.84062025942268],[9.167599589155824,36.83970165959175],[9.166788030194246,36.83912645400683],[9.166203969629258,36.83840853466435],[9.165356692337168,36.837806509078355],[9.164509508468702,36.837093054955176],[9.164027929525355,36.836103138246],[9.161107178452838,36.83293720818686],[9.160362499826247,36.831590558279316],[9.159550929636172,36.83056946264745],[9.158008141144308,36.827893988600835],[9.157593413578342,36.82630649768283],[9.15710292287066,36.82461649493591],[9.15643852264564,36.82269911406938],[9.15588553571034,36.821236555146406],[9.155684934244658,36.82001919561081],[9.155551143904184,36.81892226066699],[9.15478861079931,36.81589454408385],[9.155131952509878,36.81415993234261],[9.155412877227697,36.81291141434692],[9.15590344205506,36.81213547427896],[9.15631368426565,36.8112837788334],[9.156474166657212,36.810396475221125],[9.156077353413107,36.8092950489776],[9.155604609335414,36.80841659626531],[9.154677120080585,36.806842551287204],[9.154369507856645,36.80587935262622],[9.15465042990124,36.804751202716815],[9.154975949341177,36.80402436561162],[9.154828730603471,36.8031637779445],[9.154855505305008,36.80121518282264],[9.155332637054476,36.80026091357368],[9.155872190418295,36.79937799140775],[9.156371626818373,36.7981339318103],[9.155787473204795,36.796470701170364],[9.155604609335416,36.795480774558406],[9.155921263939863,36.79437937044133],[9.156509810684645,36.793710493209716],[9.15772720732847,36.79284093076094],[9.158846387281946,36.79204283154494],[9.159711502977846,36.790785283408056],[9.159889814940385,36.78971072491119],[9.160050388960894,36.788497844321846],[9.160050388960894,36.78753467323086],[9.159876468981562,36.78588921290308],[9.160099380572483,36.78387815316632],[9.160402622420767,36.78285707922472],[9.160674611906762,36.7820455000513],[9.160986809671671,36.7813409100185],[9.161976711002223,36.78019049006632],[9.163755844191629,36.77909358894806],[9.164866238605024,36.7782953478912],[9.165811500889497,36.77734115440621],[9.166685477163572,36.77621746860638],[9.166783637475254,36.775281031408646],[9.166663175698147,36.77454978194373],[9.16614593549531,36.77372924657795],[9.165370039208177,36.77186533367225],[9.164638752213545,36.77086210329496],[9.163800445511852,36.770139708598556],[9.163145028228483,36.76955558271302],[9.162574256128591,36.76844524717551],[9.162213059249,36.767473154517326],[9.161508493498417,36.766826603023134],[9.160224309317556,36.765961473851355],[9.159261121331305,36.765493277184184],[9.158404963948652,36.76483337635],[9.156982475637466,36.763361839577115],[9.156291385685096,36.762278269060914],[9.156220013376169,36.761413203694445],[9.15588553571034,36.760124559870924],[9.155782996624717,36.75873774664213],[9.154958043203724,36.757404526463695],[9.154128706250667,36.755999865209866],[9.151867943025353,36.755299770294776],[9.149241544499331,36.75429202187527],[9.14727946640295,36.75389520163063],[9.145687593587006,36.75344930460011],[9.143533898916328,36.75266450096169],[9.14218717246697,36.751986653635235],[9.140938681779009,36.75099234181621],[9.139418123448388,36.74952975196369],[9.137589877369324,36.74784865538081],[9.136345765026123,36.74678734440107],[9.134816343178986,36.745311407729425],[9.133046043514351,36.743688275836284],[9.131150899465881,36.742742973947564],[9.128702916763062,36.74128485893984],[9.125933828031036,36.73948782000518],[9.12401191936375,36.7380698220801],[9.122999691630033,36.73711559460764],[9.121840318679233,36.73575999323914],[9.120596282601944,36.734529287134],[9.119704404665839,36.733815852879665],[9.117938660947699,36.73279021453138],[9.116458218565953,36.73255835938672],[9.11515171044576,36.73246472898441],[9.113809514272562,36.73225964135995],[9.111900982092338,36.73248255787864],[9.11085311535813,36.73225961906832],[9.109252260212829,36.73035557473138],[9.107691617758293,36.7291605124832],[9.106545635363478,36.72807702309918],[9.105069624846275,36.72662332662688],[9.103968248086645,36.72553976375668],[9.102750910204495,36.72445618387713],[9.101529117366097,36.72327453545529],[9.100374192170314,36.72261901000672],[9.099259460027303,36.721985830537385],[9.098251681987628,36.721299148934705],[9.097217161287114,36.720411783614885],[9.09649476877101,36.71928809659278],[9.095536062142617,36.71757131996919],[9.094867194070549,36.716077571818815],[9.094211751007247,36.7149582852477],[9.093743508350784,36.71430726910107],[9.093016674264579,36.71336197610772],[9.09205353647955,36.71218921121892],[9.090622186032634,36.710815793757064],[9.090943224897444,36.70973223430799],[9.092651065384965,36.70971883612051],[9.094033416736632,36.7096608660434],[9.095134740625557,36.709232810765556],[9.096231690894008,36.70845244812062],[9.098550469122692,36.70237027417115],[9.094778068351408,36.69934696811949],[9.094528331190334,36.69864689525294],[9.095116932293827,36.69783983460862],[9.097038820289658,36.69756779335301],[9.098042109645753,36.69713976301038],[9.0992772692848,36.69679193396701],[9.099879241409333,36.69599376734091],[9.100499112015896,36.69525354313737],[9.102193567770648,36.693273664563854],[9.102746436593801,36.69221693866506],[9.10331273017657,36.69074092480005],[9.104035184483452,36.68880126224697],[9.104748613479705,36.68751701646536],[9.10552451274267,36.6861837164836],[9.106438601313474,36.68452050336059],[9.107682669982838,36.68302672710665],[9.109809651976297,36.684391188807886],[9.111365946186197,36.685247314730006],[9.114843996957232,36.68629072032148],[9.116623179821767,36.686866005203335],[9.118295352383845,36.68747241537907],[9.122192637269599,36.689438843859556],[9.124292819265813,36.6903752680466],[9.12743648328423,36.69122698978989],[9.130183332773333,36.69182004234833],[9.132305847795235,36.69255135849386],[9.134896562789793,36.69347878778494],[9.1375497662032,36.69451335820818],[9.139743665411656,36.695436374006995],[9.141799297158204,36.69620336993541],[9.143502652106186,36.6966893779834],[9.145794595770353,36.69740280585357],[9.147034294475999,36.69813412666128],[9.14857264883796,36.69923108524825],[9.150534674162165,36.70052865111652],[9.152050713906165,36.701821826451855],[9.154342733317513,36.70322196271587],[9.158864209821203,36.704599828303884],[9.162355730132605,36.706419139865616],[9.165838279259466,36.707703315276106],[9.167100167284726,36.70775690742411],[9.16831755578123,36.70837666399652],[9.169383239939656,36.709219422593286],[9.169936235490278,36.70999536136803],[9.171224883662179,36.711373181823184],[9.172874711307866,36.71242999231585],[9.174141103120657,36.71317464342839],[9.176031772880446,36.71454807249673],[9.178038403534696,36.7159526704328],[9.17957228348425,36.71687568905051],[9.180869873324204,36.7176917673758],[9.182970157898678,36.71898045916631],[9.184718155645275,36.72011751040871],[9.186100408746347,36.721040534965645],[9.18720629594353,36.721740590314454],[9.189092456817358,36.72301141167597],[9.19483140004793,36.72222662105024],[9.197413149666275,36.71498953010571],[9.20246534037578,36.713807890232836],[9.215191620210618,36.723956758344166],[9.21603435124358,36.724527518722404],[9.22091264379611,36.72499572891205],[9.222995037910247,36.725499646285726],[9.224533410032183,36.72573596892386],[9.2269279288111,36.72611055145171],[9.228992555602597,36.726703555382485],[9.230785092176669,36.7273590527187],[9.232769415642297,36.72803243365676],[9.2345084336118,36.728643256475934],[9.236488282984515,36.72942364465261],[9.238289779263585,36.730070211164126],[9.239743383628971,36.730467104629504],[9.241192617373661,36.7310423262651],[9.24268643761701,36.73187171916479],[9.244742081567328,36.73273226592821],[9.247020676568633,36.73312917258908],[9.248099748628668,36.73332089168479],[9.2497808330889,36.73335658816405],[9.25187665655273,36.732990910637525],[9.253120696889814,36.73235324083125],[9.254436131167383,36.731590766213266],[9.255822962866029,36.73137228443208],[9.257713604827606,36.731318767489384],[9.260536203385648,36.731470360252274],[9.26304672851943,36.731608606654575],[9.265124626700029,36.731688893548124],[9.267380959062109,36.73178698674903],[9.269097715121855,36.73192520634976],[9.271090930033877,36.731858307479044],[9.27242864876562,36.731238472463566],[9.273391836846306,36.730725720276666],[9.275179859616777,36.72959310957011],[9.276615770783772,36.728785978471045],[9.277837520709689,36.72817955082704],[9.27879180623934,36.72796547402484],[9.280223128704218,36.72772022676274],[9.282127198956214,36.727818320244914],[9.283759246413894,36.727952126935634],[9.284936435594226,36.7280100869518],[9.287210578283464,36.72664560888133],[9.288659731363744,36.725183067340645],[9.288985284637949,36.72279293010327],[9.2898503591308,36.721303601455894],[9.290978480884995,36.72029587256625],[9.292088850921646,36.719497708941084],[9.293301696262608,36.718561258614656],[9.294719652622101,36.71762933249143],[9.296338330967375,36.71666614137532],[9.297497680194606,36.71597496993102],[9.298937963247326,36.71521696693177],[9.30108278174692,36.713839055718196],[9.303838518323792,36.71274660476497],[9.306121567973761,36.71182805183672],[9.307267601837667,36.711092297445255],[9.30870788882389,36.7100800195247],[9.309657629037968,36.70929521954029],[9.311209411466903,36.70807342224674],[9.31297524844406,36.706682254337025],[9.314027609377717,36.705857277395005],[9.315936111454327,36.7044928326964],[9.317420984287569,36.70348952731939],[9.319244761730005,36.702227580557],[9.321006118097442,36.700809574545396],[9.322392903076016,36.70020760447782],[9.324760606313767,36.700029253232245],[9.326178603542216,36.700492953009594],[9.32773044710613,36.700863064054765],[9.32944712490803,36.7009522401234],[9.33103018089596,36.70047958209791],[9.332648820153013,36.700078322860286],[9.333897315624293,36.699623487093824],[9.334762444729972,36.69913292906726],[9.335516011831286,36.698196589097975],[9.336158098485793,36.697558902324175],[9.336947402181305,36.69824557432606],[9.337972983553465,36.698415013555284],[9.339270576227431,36.698080635472785],[9.340247085897381,36.697652544284324],[9.3414287332607,36.69734489716516],[9.342953776162764,36.69782646956562],[9.344371751314087,36.69866473391727],[9.34634717088088,36.69955655457032],[9.348282422351058,36.70010061701077],[9.349909955427943,36.700707005274346],[9.351091658079458,36.70120646453805],[9.353432677036125,36.702125049190315],[9.354502833522702,36.70267346902297],[9.355555222781376,36.70315060824718],[9.356973162846563,36.70360547632693],[9.358685460317592,36.7040424583713],[9.359635275058853,36.70359204517798],[9.367144424700008,36.6967205935818],[9.368379559412956,36.6944553421457],[9.369931358808687,36.696774084557234],[9.37020777934172,36.697741726638064],[9.370948038807995,36.69942277462991],[9.371046108234307,36.70031460393811],[9.371469722081363,36.70103697583412],[9.37173725542741,36.70195110394264],[9.372080586935787,36.70307036903948],[9.371215570447614,36.70418062717797],[9.371113012314554,36.705442607686706],[9.371273497641532,36.70636115086515],[9.371402817709322,36.707110321060334],[9.372004789648532,36.70807792101387],[9.372638016741176,36.7091480642295],[9.372941208658734,36.70999533115477],[9.37326227149259,36.71090053823027],[9.374470735856582,36.71293830007218],[9.375518554714033,36.71325495622093],[9.37584411642535,36.71394163009205],[9.376169594738034,36.71482008676014],[9.376526326553762,36.71616230105205],[9.376517433647715,36.71810646897555],[9.376102771216154,36.718931332014165],[9.375411587139997,36.71988112794672],[9.374916641610845,36.72051435674573],[9.374394936354651,36.721401718247044],[9.373926674843316,36.72211516975067],[9.373534299337672,36.72277507654042],[9.373271164044828,36.72526775771076],[9.373338069945065,36.726337916957064],[9.376914312281222,36.73191625856308],[9.37602248142934,36.73443564778061],[9.376307815427957,36.73538101915548],[9.37664676200509,36.73649128130117],[9.37661999855614,36.73772649830564],[9.376526326553764,36.738734267194886],[9.37646839564031,36.739527991751736],[9.376544197063119,36.741110922705026],[9.37643714345403,36.742181164979186],[9.376637869085952,36.7433583410084],[9.37736463550309,36.744107422044515],[9.379192886845697,36.74487442032947],[9.381021094326801,36.745779614397065],[9.38219384506845,36.74633698094644],[9.38334874060975,36.746698175767726],[9.384245055805367,36.747063867833546],[9.385114614585346,36.7477549948002],[9.384093438767424,36.74891883360726],[9.381886214474896,36.749560939418345],[9.378622115028465,36.75043494435265],[9.376334578774797,36.7511082415314],[9.374582190894225,36.75190197580374],[9.373030387947807,36.752923083492256],[9.371750636352154,36.7547469098035],[9.371679327905039,36.755906226844935],[9.370078461163542,36.75730642594479],[9.367327259028748,36.75976783515212],[9.366992754661622,36.76103419802083],[9.367050763548717,36.761908166719365],[9.367835538917202,36.76477986378325],[9.369026138915665,36.76593918944167],[9.369467611263103,36.76659469008796],[9.369828802286055,36.767321558650195],[9.370305932568277,36.768079578638364],[9.370693804107042,36.769515412045365],[9.370457524064228,36.77042062584478],[9.370181017999267,36.77114747441294],[9.370390620520203,36.77219981894246],[9.37107286985984,36.77370695018093],[9.37280299365638,36.775187405141665],[9.37543386145307,36.77801442925449],[9.375986825336192,36.778781448142944],[9.37670469304481,36.77953498893078],[9.377520728934146,36.780252959990655],[9.378260969877385,36.78115810424937],[9.378764828783783,36.782397718836755],[9.37879599716227,36.78372208262176],[9.37886290758008,36.784752195688114],[9.378867396508804,36.78609435271608],[9.378706811589138,36.78710661026452],[9.378564182631443,36.788457690688126],[9.378689025304126,36.78971066283999],[9.379710133715442,36.79062038025535],[9.380615387126293,36.79098600116653],[9.381685560671507,36.79185554420559],[9.382430159002128,36.792609134654924],[9.381921873138102,36.7934697412326],[9.381150429800634,36.79408060275003],[9.38072236150193,36.79471377169471],[9.380521710551111,36.79612290545967],[9.379785938140765,36.797393675505376],[9.380673320975081,36.79890534699577],[9.38021849054553,36.8004392836884],[9.380236361861082,36.80170565239719],[9.380539581932855,36.802499410651116],[9.382675451892705,36.80441231027202],[9.384588439788338,36.805339843522354],[9.384383290131533,36.806343158697636],[9.384766739143659,36.80725728635779],[9.385355341529122,36.80813567075629],[9.386287339251055,36.808117881586185],[9.38738426917801,36.808768873672705],[9.387852438261119,36.81204188871705],[9.389047480141693,36.81402612476306],[9.389863554339838,36.8155154655741],[9.39064829434668,36.817134196188114],[9.391245833498154,36.817941270447314],[9.392235755550917,36.818899991909966],[9.393689402279714,36.819684767929154],[9.395629162875347,36.820732673194215],[9.39677509856461,36.8216155753414],[9.39735480732831,36.82292209415204],[9.39883523081353,36.82558412931144],[9.400106086621628,36.82718940767235],[9.402803829476074,36.829757850105025],[9.404212929822094,36.83105989040841],[9.405122605400008,36.83151919597035],[9.406072365926388,36.8320498732735],[9.40740120186777,36.832781109398184],[9.408252874676288,36.833124503530975],[9.409523706910717,36.8340207597956],[9.409425591420366,36.83547446444353],[9.408667530354608,36.83652679878127],[9.40739222088445,36.83729373710372],[9.405969764148113,36.838248017123924],[9.40340577805168,36.84003609167897],[9.403557430817216,36.84093684704872],[9.40403450344005,36.84169931848064],[9.404975440100493,36.84294788067195],[9.405425748109577,36.84409386529127],[9.405969764148113,36.845645611731456],[9.404993232091591,36.846038064332454],[9.404065766154167,36.84654194096005],[9.402799339235875,36.84688977691809],[9.401011311237223,36.847148327902644],[9.39986082626769,36.84742481781698],[9.398656900846234,36.8475185029713],[9.397582185083635,36.84761656393875],[9.39605273448798,36.84765224272317],[9.394286963604657,36.847884099548864],[9.393105314437923,36.84838796535135],[9.392146555341256,36.84881161656764],[9.39064829434668,36.84993083278708],[9.389921494731036,36.850934103280316],[9.388681884248085,36.85192848613441],[9.387696409838089,36.85462181426395],[9.386974041077256,36.85518363743125],[9.386189251560761,36.85567862396257],[9.38441005611871,36.85610224616233],[9.38358514257827,36.856797832798215],[9.38248368970838,36.85769861485781],[9.381672178122118,36.85890256769265],[9.38094528875768,36.860467710520545],[9.38047707446303,36.86123912672827],[9.379563014042263,36.86203286179561],[9.378720193653745,36.86246987027941],[9.37796665130923,36.86301828093248],[9.376932098180541,36.86397704573025],[9.376009099805861,36.86452544020249],[9.37504596743808,36.8651898741418],[9.374055999105686,36.86577398939364],[9.372749469281924,36.86605938178718],[9.371817541008705,36.86678624647142],[9.371255712972369,36.86789211649816],[9.370181017999267,36.869109468345755],[9.369177728039249,36.86953753001278],[9.367978233855816,36.869929936261094],[9.366778757269172,36.87001466129957],[9.365628329759744,36.87072359942185],[9.364839087420233,36.871954320428465],[9.364361904359013,36.87279708541561],[9.364045364585788,36.87355519462463],[9.363715361745431,36.87426415783134],[9.362729849262312,36.87545030212749],[9.361731054055639,36.875490375053474],[9.36043793089344,36.8755171954652],[9.358850493752477,36.87561968644917],[9.357972069238489,36.875726770377184],[9.355813813383508,36.875646464282426],[9.354801639907592,36.87635995408582],[9.35431554030761,36.877439068637145],[9.35393655227692,36.87849586563685],[9.353637749057668,36.87973100230664],[9.353084851680157,36.880462318280244],[9.352117247944314,36.88141655595822],[9.351225433621048,36.882379755528426],[9.350052703725629,36.88253136358712],[9.3490494069224,36.88126941828111],[9.347751743349846,36.88107320752988],[9.347238931901291,36.87993168268534],[9.346409567589506,36.87902645246051],[9.345370588178806,36.87949917075282],[9.344358374873536,36.879253916156415],[9.343595921387955,36.87810789121428],[9.343582545074625,36.877167041703295],[9.344113112298619,36.876212753446104],[9.344478762917431,36.87533437784823],[9.344188968370059,36.87435779925924],[9.343029546496489,36.87405456061777],[9.341981720985528,36.873733544353506],[9.34210210552179,36.87293537929799],[9.342788774863918,36.87231105462433],[9.343457671369283,36.87182060211719],[9.34317676972604,36.870389196178756],[9.341464458931224,36.87007261610539],[9.33922596267097,36.87021972526133],[9.337843631762272,36.86992098132531],[9.337348659885814,36.871240903583285],[9.33655054840271,36.87232001721175],[9.335667623398644,36.87329204605152],[9.334882818607275,36.874010002145056],[9.3333845066403,36.874821509983214],[9.332194003144409,36.875312033193204],[9.330914214355966,36.87574009428042],[9.328929942392502,36.8762573836902],[9.326798440206058,36.876895038906774],[9.32595565648163,36.87712690643288],[9.324836444375375,36.87726956775157],[9.32320890398356,36.87759508524136],[9.321331631692775,36.87796076276674],[9.320965915650628,36.87892394612222],[9.320167795395632,36.88030621788883],[9.319472176076262,36.88098844460621],[9.319017348019218,36.88200962439339],[9.319146669917492,36.88295491219047],[9.319307137689531,36.88514885621263],[9.318919256480813,36.88629032967209],[9.318660613612531,36.88746309845474],[9.318201304497872,36.88820328667981],[9.317545818091732,36.88892125074628],[9.316761018653425,36.88925561731575],[9.315311787435755,36.88926008236964],[9.313737753881782,36.88933146954863],[9.311566197827617,36.88958566081636],[9.310103603722728,36.888916724361984],[9.308244150863295,36.888898954975346],[9.307156154137466,36.88905941476122],[9.305831740659611,36.889269054703895],[9.304761546389539,36.889505383857845],[9.30382074835938,36.88987097666159],[9.302919985492249,36.8903213621529],[9.301720450557836,36.89082525494954],[9.299767351787477,36.8919311216964],[9.298496534338303,36.89272931817361],[9.296971562722694,36.89363891625102],[9.295482156011467,36.89436134062191],[9.294304983068036,36.89515057151078],[9.293163447054097,36.8958283769779],[9.29108102280282,36.89713490971186],[9.288913963993442,36.897763616195896],[9.285235155882505,36.89839234887096],[9.28366559652428,36.8988337998584],[9.28213608156394,36.89929755019887],[9.280744823264065,36.89978801684061],[9.27863573271127,36.90069768752274],[9.2775164955259,36.901629660487124],[9.276624652787685,36.901915025193944],[9.275813095420474,36.90221377355528],[9.273935818593554,36.90305212598043],[9.272990471843405,36.90361393235123],[9.272027288534002,36.90436308974228],[9.270992811793104,36.9051702101814],[9.269472248007293,36.906913721081594],[9.269209195144759,36.90766726095797],[9.269142290196067,36.908411929213116]]]},"id":"000000000000000006f1","properties":{"ADM2_NAME":"Beja Nord"}},{"type":"Feature","geometry":{"type":"Polygon","coordinates":[[[9.051239349589972,36.665868058186824],[9.050075538356875,36.664989620676366],[9.048055589934265,36.66516355120838],[9.046811525694613,36.665542559518784],[9.045545128997544,36.665529160197266],[9.04533105647743,36.66471319536732],[9.045299848159878,36.664503623278925],[9.04513933638552,36.66342449708557],[9.044992151675666,36.6621491992607],[9.045656551526868,36.66151156736807],[9.045830475575922,36.660307610588426],[9.046066817208324,36.659380082340554],[9.046352250011678,36.65818947195483],[9.046441405799394,36.65740468551365],[9.047351019866147,36.65608038068508],[9.047672137041511,36.654943258522444],[9.048358827751333,36.654167413659074],[9.048853795334976,36.65288765705577],[9.049161422449735,36.651090647231555],[9.05004432817254,36.64906172932198],[9.04990168935121,36.64750991373135],[9.049866008598038,36.646399635546416],[9.050048798819812,36.64555687338175],[9.050552718298714,36.64406305873652],[9.051770016738459,36.64338970455879],[9.052791124454812,36.64288590150764],[9.053674070567066,36.64240430909124],[9.054588154105081,36.641744335521],[9.055720819102646,36.64100412959297],[9.057076377239852,36.640437839221704],[9.05818663784789,36.64042887358826],[9.059560038456143,36.6407366109831],[9.061151964338963,36.640633995838996],[9.062097264522029,36.640246066821355],[9.064910959515053,36.639648592722764],[9.066217487373203,36.63954149802699],[9.068063587283188,36.639327489843026],[9.069472679466214,36.639104553044724],[9.07050717709165,36.63852483614407],[9.071069022688302,36.63780246614877],[9.07203215964616,36.63675457128669],[9.073280753510037,36.63497990730958],[9.074119038604868,36.633280924207206],[9.074538226655324,36.632415855081085],[9.07509115662415,36.63105138130179],[9.075603926032898,36.629602231086906],[9.076344101890427,36.62807276536979],[9.07723152883365,36.626654690589476],[9.078578171933334,36.62506733062176],[9.078640530355816,36.62318552808171],[9.07937187425811,36.621473216889605],[9.08009419582256,36.619903695960055],[9.080348360063637,36.61821368955955],[9.082551235215373,36.61389274497726],[9.083019412057395,36.61282705785515],[9.0836124850178,36.61163643953829],[9.084704972759544,36.6100133775301],[9.08552987591901,36.60958528118801],[9.087117342768915,36.609224121205415],[9.08875826197937,36.608617668246374],[9.09003800664442,36.60830111146363],[9.090519646289351,36.60705251722463],[9.090252030840547,36.60592885848925],[9.090006780764835,36.60510838692548],[9.090573152608059,36.603391618659586],[9.092124851487638,36.601607998354915],[9.092932023675253,36.599926875944675],[9.093756927667629,36.59893251968228],[9.094550612540928,36.59793367567525],[9.09539342608271,36.597715152748954],[9.096798022595555,36.59718898984952],[9.097984124967057,36.59662268503869],[9.100169087713311,36.595565918137154],[9.10144437332753,36.595565867198786],[9.101756508687648,36.59624808709839],[9.10242543457979,36.597567978865726],[9.102840129247543,36.59824582366656],[9.103486695967595,36.59893692514427],[9.103986058396073,36.599570181497526],[9.10465939230123,36.60019000244637],[9.105863337961123,36.60093913557375],[9.106920171257478,36.60117539508057],[9.109448524474086,36.601621363801875],[9.11020209930834,36.60114870892092],[9.110973493129721,36.60027914309037],[9.11215963753081,36.5993694713868],[9.113327902744516,36.59796044874021],[9.11402799211675,36.59657811112324],[9.114580942964867,36.595766517438065],[9.115780395161748,36.59432625905766],[9.116560791671123,36.5926006162267],[9.117296535954985,36.59139218542375],[9.118384504385778,36.59138321860574],[9.119271893043353,36.59266748681269],[9.119891745484704,36.59343445292219],[9.119699930104561,36.5944956672227],[9.12019939400188,36.59522700151267],[9.122955113040637,36.59496391132663],[9.123289537496948,36.59387139700438],[9.123985154982178,36.591900476890515],[9.124511325793815,36.59091501489058],[9.124640673834639,36.589983088262365],[9.124917101093809,36.58860519605385],[9.125157899229107,36.5870177969171],[9.125599392505958,36.58510039689858],[9.125911453482383,36.583682413495275],[9.126428771535787,36.582438302854385],[9.126910293209919,36.58136364080703],[9.127275974680272,36.57999025641234],[9.127570311062119,36.57868820499419],[9.127998392588443,36.57710075093904],[9.128386285403286,36.57552665252788],[9.129108628912057,36.574157777578066],[9.129666074852915,36.57317229667532],[9.13037508888611,36.57180333983123],[9.130535603713762,36.57058157138109],[9.130852159150102,36.56912341633381],[9.130887876206543,36.56773219741559],[9.130923508841402,36.566340959494866],[9.13202491972861,36.56482930855181],[9.133242281812839,36.56345142579961],[9.135097281052737,36.562318812097224],[9.136836297474252,36.56113712770433],[9.13857535170475,36.55941146755163],[9.139988899454044,36.557708111953545],[9.141986520864165,36.555781773158344],[9.143498176212761,36.5539847569832],[9.14488047912165,36.55189344737536],[9.145718841250075,36.55014989675376],[9.146463468223942,36.547996156154134],[9.146994094121451,36.545998484202514],[9.147511379636569,36.54384480663402],[9.14802419234719,36.54169991740413],[9.148800089627212,36.53940796457877],[9.149691869826334,36.538074656881086],[9.150713050162295,36.53709816604105],[9.152255867115269,36.535894207057844],[9.154712847771279,36.53502909209989],[9.156772918154793,36.5344583985903],[9.159171923766033,36.534244296058795],[9.160500775041903,36.5344181866172],[9.163211845236912,36.53548397986904],[9.164674484344461,36.53620187539641],[9.166043383285576,36.53694210356484],[9.16733653063116,36.537544081793556],[9.169160302542537,36.53817726688082],[9.170716568875777,36.53844482058955],[9.173004053011146,36.538663310982194],[9.17474760965101,36.53868560309913],[9.177619263579055,36.53874799448231],[9.179728418982636,36.53889517714257],[9.182029256064002,36.53879709437993],[9.18343833164046,36.538458137833665],[9.184713677450873,36.53778487974566],[9.185302266424172,36.537080346829114],[9.186715793211357,36.53586294400816],[9.188383514714511,36.53472592367436],[9.190951959696093,36.53309389531596],[9.192793591004186,36.53281741694962],[9.193573892956882,36.533348017950495],[9.196271629386771,36.53506477778804],[9.198371893864257,36.536973316851494],[9.199375186055384,36.538061338920876],[9.200449817814066,36.53927862492337],[9.201934685718761,36.5405361142196],[9.203593510787341,36.541887254405424],[9.204810860653776,36.54295290581893],[9.206086122838506,36.543710977503906],[9.207602197436785,36.54429068881897],[9.21178934177578,36.54928040733232],[9.225960306415365,36.552562311625834],[9.228502051896832,36.55413188293868],[9.229581130168954,36.55537157070241],[9.230923319425642,36.55744505514418],[9.232238730517645,36.55901020465007],[9.233790552578556,36.56113269847466],[9.235279839448964,36.562840539430894],[9.237487145859236,36.565333145908745],[9.239373300509762,36.567482448423185],[9.240987490877757,36.56932405918086],[9.242463466259965,36.57091150664049],[9.244126761162907,36.57275314905485],[9.245295002992217,36.57388126176571],[9.246561350211055,36.574180071752124],[9.248322735537249,36.57474189563176],[9.249642658128087,36.57513429940052],[9.25124343883009,36.57554450458568],[9.252804167103603,36.57597259485778],[9.254048221708683,36.57648540733315],[9.255377032865526,36.577131967387686],[9.256224242769823,36.57818873462842],[9.257611020553025,36.579553257389676],[9.258547476881052,36.58108269143071],[9.259702395411027,36.583142849905244],[9.260790347802486,36.584658889366864],[9.262123667610995,36.58577812138802],[9.263220617660608,36.58643366900416],[9.265209374411914,36.58755288923797],[9.267166885169868,36.58850268579397],[9.268995116419978,36.58922953729439],[9.270694059398686,36.5901659419578],[9.27213877258858,36.59113352407178],[9.273819848923955,36.59251138827499],[9.274519983435301,36.59337199484898],[9.275371623129613,36.594611616205974],[9.27662016949035,36.59689915502357],[9.277498646732175,36.59911090188156],[9.278212093993675,36.60073847791063],[9.278809570725,36.602178724803984],[9.279433867978717,36.60365914870087],[9.280383688793329,36.60546062078066],[9.282247579522686,36.60757871271473],[9.283571946742798,36.60894320973616],[9.284517247693186,36.60983057037126],[9.28567659728022,36.61101663942935],[9.285502744545745,36.61194418485138],[9.28492746808063,36.61296087493059],[9.283455963287977,36.613736706602815],[9.281886353763353,36.6145839713494],[9.280709208853814,36.615542684272185],[9.281681293298854,36.616831299666025],[9.283076966721937,36.61867738126917],[9.284793716887027,36.62026929253471],[9.286011021617115,36.621120986757084],[9.287527157942561,36.62220900391883],[9.288740019718821,36.622748576756116],[9.291121210470966,36.62235166824279],[9.292748785448502,36.620661701212065],[9.293457798008093,36.61984119769824],[9.295103187885966,36.61766519673668],[9.296641577626927,36.61630072308699],[9.297796446715617,36.61577455377156],[9.29941061721713,36.61605992275005],[9.299843166546975,36.616782264312945],[9.300578979540383,36.61831177142138],[9.3008687881203,36.61961384885516],[9.301136343703702,36.62064834904771],[9.301827490730705,36.621664968195525],[9.30305376655116,36.62191468473115],[9.304868590568399,36.622619239388584],[9.306942059895315,36.62336388210718],[9.309095805967218,36.624255757327646],[9.310527155000127,36.62480869268088],[9.311873817305573,36.62487558509848],[9.312391060712491,36.624148717303406],[9.313211615902391,36.622690607434514],[9.31462061039431,36.62085344589911],[9.315445588885893,36.61976538356162],[9.316408779632653,36.61882012186406],[9.317965007175749,36.617308440516034],[9.318709616893894,36.61581466779465],[9.319472176076262,36.616755547631364],[9.319275992021266,36.617825708274836],[9.319133297617439,36.6192660348029],[9.319124326328758,36.620960462504996],[9.318954887647182,36.62224467440073],[9.318780963693092,36.62313648416415],[9.318981632190859,36.624220039525405],[9.319347254681976,36.625009342971225],[9.320872307504047,36.626088408583556],[9.322210000146569,36.626699310583106],[9.323115208618775,36.62714970799341],[9.323917843679906,36.627564396398704],[9.325077247617317,36.62838928642614],[9.325821922394958,36.63034238754308],[9.325407178839317,36.631095963114426],[9.32511736745337,36.63184958635201],[9.325393805510844,36.6326120716418],[9.326348057259231,36.63335227052754],[9.327659092463685,36.63355742842078],[9.328689127758965,36.633401388876266],[9.330147231053013,36.6334459624845],[9.331418119798364,36.6334548779815],[9.332679970936232,36.633209621994666],[9.334240657348365,36.63316949661061],[9.335150316748884,36.63353954901472],[9.336051097800873,36.634279769842145],[9.338160239258764,36.635675533963806],[9.33978333758434,36.636830404585204],[9.340902585683828,36.637508195410085],[9.34242313182051,36.638342019263696],[9.34506741390668,36.63995626925361],[9.347778497345795,36.64635058338293],[9.348081766356168,36.64791571500458],[9.34856334157276,36.64975730718593],[9.348594498435702,36.651237798818514],[9.348197672649153,36.65262901368844],[9.347395052463355,36.654403694844575],[9.34621340333526,36.656588673645054],[9.345455334944477,36.658153853044716],[9.344773130211854,36.66009354649165],[9.344434231173034,36.661756753037395],[9.344581372276513,36.66563175113976],[9.344933648459254,36.66652352102304],[9.348911147663161,36.67220894153515],[9.349811911368096,36.6738765946273],[9.350561045479841,36.674844221683244],[9.351764940751584,36.67608834987139],[9.353182984341101,36.67728780318015],[9.354458296308756,36.678389236385975],[9.356112624565284,36.68019071506805],[9.357668848163414,36.68102457119989],[9.359002064004342,36.68151509214672],[9.360183728878132,36.681831640675654],[9.362270630585924,36.68201002712123],[9.363924947690569,36.68239345501334],[9.363884808764924,36.683423524065546],[9.364250463250338,36.6848236879897],[9.36446445402411,36.685844820997644],[9.364825707626519,36.687080015873754],[9.364932661355217,36.68850250231221],[9.364901498259092,36.68971090474788],[9.365293832344213,36.691967171695985],[9.365748664481224,36.69279657374693],[9.366600412422684,36.69370625787111],[9.367389671767226,36.6943216010346],[9.368379559412956,36.6944553421457],[9.367144424700008,36.6967205935818],[9.359635275058853,36.70359204517798],[9.358685460317592,36.7040424583713],[9.356973162846563,36.70360547632693],[9.355555222781376,36.70315060824718],[9.354502833522702,36.70267346902297],[9.353432677036125,36.702125049190315],[9.351091658079458,36.70120646453805],[9.349909955427943,36.700707005274346],[9.348282422351058,36.70010061701077],[9.34634717088088,36.69955655457032],[9.344371751314087,36.69866473391727],[9.342953776162764,36.69782646956562],[9.3414287332607,36.69734489716516],[9.340247085897381,36.697652544284324],[9.339270576227431,36.698080635472785],[9.337972983553465,36.698415013555284],[9.336947402181305,36.69824557432606],[9.336158098485793,36.697558902324175],[9.335516011831286,36.698196589097975],[9.334762444729972,36.69913292906726],[9.333897315624293,36.699623487093824],[9.332648820153013,36.700078322860286],[9.33103018089596,36.70047958209791],[9.32944712490803,36.7009522401234],[9.32773044710613,36.700863064054765],[9.326178603542216,36.700492953009594],[9.324760606313767,36.700029253232245],[9.322392903076016,36.70020760447782],[9.321006118097442,36.700809574545396],[9.319244761730005,36.702227580557],[9.317420984287569,36.70348952731939],[9.315936111454327,36.7044928326964],[9.314027609377717,36.705857277395005],[9.31297524844406,36.706682254337025],[9.311209411466903,36.70807342224674],[9.309657629037968,36.70929521954029],[9.30870788882389,36.7100800195247],[9.307267601837667,36.711092297445255],[9.306121567973761,36.71182805183672],[9.303838518323792,36.71274660476497],[9.30108278174692,36.713839055718196],[9.298937963247326,36.71521696693177],[9.297497680194606,36.71597496993102],[9.296338330967375,36.71666614137532],[9.294719652622101,36.71762933249143],[9.293301696262608,36.718561258614656],[9.292088850921646,36.719497708941084],[9.290978480884995,36.72029587256625],[9.2898503591308,36.721303601455894],[9.288985284637949,36.72279293010327],[9.288659731363744,36.725183067340645],[9.287210578283464,36.72664560888133],[9.284936435594226,36.7280100869518],[9.283759246413894,36.727952126935634],[9.282127198956214,36.727818320244914],[9.280223128704218,36.72772022676274],[9.27879180623934,36.72796547402484],[9.277837520709689,36.72817955082704],[9.276615770783772,36.728785978471045],[9.275179859616777,36.72959310957011],[9.273391836846306,36.730725720276666],[9.27242864876562,36.731238472463566],[9.271090930033877,36.731858307479044],[9.269097715121855,36.73192520634976],[9.267380959062109,36.73178698674903],[9.265124626700029,36.731688893548124],[9.26304672851943,36.731608606654575],[9.260536203385648,36.731470360252274],[9.257713604827606,36.731318767489384],[9.255822962866029,36.73137228443208],[9.254436131167383,36.731590766213266],[9.253120696889814,36.73235324083125],[9.25187665655273,36.732990910637525],[9.2497808330889,36.73335658816405],[9.248099748628668,36.73332089168479],[9.247020676568633,36.73312917258908],[9.244742081567328,36.73273226592821],[9.24268643761701,36.73187171916479],[9.241192617373661,36.7310423262651],[9.239743383628971,36.730467104629504],[9.238289779263585,36.730070211164126],[9.236488282984515,36.72942364465261],[9.2345084336118,36.728643256475934],[9.232769415642297,36.72803243365676],[9.230785092176669,36.7273590527187],[9.228992555602597,36.726703555382485],[9.2269279288111,36.72611055145171],[9.224533410032183,36.72573596892386],[9.222995037910247,36.725499646285726],[9.22091264379611,36.72499572891205],[9.21603435124358,36.724527518722404],[9.215191620210618,36.723956758344166],[9.20246534037578,36.713807890232836],[9.197413149666275,36.71498953010571],[9.19483140004793,36.72222662105024],[9.189092456817358,36.72301141167597],[9.18720629594353,36.721740590314454],[9.186100408746347,36.721040534965645],[9.184718155645275,36.72011751040871],[9.182970157898678,36.71898045916631],[9.180869873324204,36.7176917673758],[9.17957228348425,36.71687568905051],[9.178038403534696,36.7159526704328],[9.176031772880446,36.71454807249673],[9.174141103120657,36.71317464342839],[9.172874711307866,36.71242999231585],[9.171224883662179,36.711373181823184],[9.169936235490278,36.70999536136803],[9.169383239939656,36.709219422593286],[9.16831755578123,36.70837666399652],[9.167100167284726,36.70775690742411],[9.165838279259466,36.707703315276106],[9.162355730132605,36.706419139865616],[9.158864209821203,36.704599828303884],[9.154342733317513,36.70322196271587],[9.152050713906165,36.701821826451855],[9.150534674162165,36.70052865111652],[9.14857264883796,36.69923108524825],[9.147034294475999,36.69813412666128],[9.145794595770353,36.69740280585357],[9.143502652106186,36.6966893779834],[9.141799297158204,36.69620336993541],[9.139743665411656,36.695436374006995],[9.1375497662032,36.69451335820818],[9.134896562789793,36.69347878778494],[9.132305847795235,36.69255135849386],[9.130183332773333,36.69182004234833],[9.12743648328423,36.69122698978989],[9.124292819265813,36.6903752680466],[9.122192637269599,36.689438843859556],[9.118295352383845,36.68747241537907],[9.116623179821767,36.686866005203335],[9.114843996957232,36.68629072032148],[9.111365946186197,36.685247314730006],[9.109809651976297,36.684391188807886],[9.107682669982838,36.68302672710665],[9.10370067187883,36.67884401634538],[9.101859062892329,36.67929887852681],[9.100904849648604,36.679557470607605],[9.099932754013967,36.68072577954438],[9.098644072441472,36.681193986363965],[9.097471380190202,36.68047607737605],[9.096891623856026,36.67859436297433],[9.095785802462444,36.6765520629343],[9.09489842185558,36.67531687955988],[9.093529474772586,36.674295803240256],[9.092552996067882,36.673609077045626],[9.09112602520784,36.6732255897669],[9.089578734266043,36.67228470622739],[9.088615553663633,36.67161143081272],[9.087737114081564,36.67107180857982],[9.086854211472925,36.6699927572636],[9.085614603029422,36.669408607470295],[9.083692737546436,36.66898942745885],[9.081962558221347,36.66862827028979],[9.080776441313006,36.668770923316316],[9.079238042968738,36.66883783294489],[9.07815010251235,36.668802161998514],[9.076732080997923,36.668748636428674],[9.075349776951036,36.66607765700531],[9.075224896557678,36.66474439351005],[9.074605053940056,36.663130157873276],[9.074319688325923,36.66208678725776],[9.073824730762633,36.66119047332168],[9.07197866579379,36.659607469281646],[9.07121169953379,36.65879592225124],[9.070159389991726,36.65824304014126],[9.069280901066096,36.65763660016129],[9.068286495717759,36.65723970399336],[9.067033508697692,36.6571505415111],[9.066007915010857,36.65705239690958],[9.064768293981096,36.65698553938114],[9.063020303428473,36.65703009539502],[9.061450696540952,36.657279824787345],[9.060416232464831,36.65757856030588],[9.05909630219147,36.6581672270946],[9.058070726623189,36.65924183438208],[9.057219028956842,36.65996871272254],[9.056068627349866,36.66098088213472],[9.055025122822975,36.661872687839384],[9.054445507115899,36.66249694908206],[9.052630597522064,36.66489148932693],[9.051239349589972,36.665868058186824]]]},"id":"000000000000000006f2","properties":{"ADM2_NAME":"Beja Sud"}},{"type":"Feature","geometry":{"type":"Polygon","coordinates":[[[9.538877727811723,36.495958485648885],[9.538922364838315,36.49495521557664],[9.540063841888806,36.49417488015708],[9.542083847457294,36.49390283232147],[9.545731404418103,36.49433534936887],[9.548665520959684,36.493372199930754],[9.550315349226695,36.493198293225205],[9.553186989030703,36.49232434317918],[9.555461183494721,36.49150380273147],[9.557677296975669,36.49078150144518],[9.559559032341832,36.48995208185603],[9.56082990045295,36.489145005416994],[9.562488712995835,36.48778047114955],[9.56360343456694,36.48650518270583],[9.56455323461213,36.485185266497524],[9.56570813610613,36.483504254739515],[9.565556525192086,36.482607920598255],[9.563701563375648,36.47998600595109],[9.563242328337036,36.478594765655956],[9.56236834568919,36.47657922048197],[9.5613873331596,36.47489367398944],[9.560584671987876,36.47350241314971],[9.560009419262983,36.47184363893666],[9.55925141930479,36.4697077203522],[9.55907299747337,36.46851273687433],[9.559126557935418,36.46736227698775],[9.559157709598761,36.46577925833448],[9.55946990593108,36.46400453663832],[9.559920292370244,36.462484046603194],[9.560138780751256,36.4609812948334],[9.56040183337368,36.45927789680767],[9.560446397065775,36.45777076296485],[9.560107543838049,36.456548918678564],[9.559514469124533,36.45530481780152],[9.55704417630486,36.45275873231362],[9.555947197281103,36.45143884850045],[9.554569373401222,36.44983795699101],[9.553356486266205,36.44820149102762],[9.55196521020645,36.44680133105226],[9.549927396029739,36.446413413988694],[9.551291902734363,36.44548148032709],[9.552406644167881,36.44404563827682],[9.552959606951939,36.44306013956112],[9.554587197626642,36.44208358511857],[9.557048590053427,36.44121859293027],[9.560129868043846,36.44022864008352],[9.563010419848776,36.439131719641985],[9.565164171688403,36.43828894032198],[9.567005753454012,36.43712953153135],[9.568994493539554,36.436215449416096],[9.570956539473341,36.43554654660114],[9.572891804464776,36.43462352713192],[9.575139199606333,36.43264370712405],[9.577132378701293,36.43124352268543],[9.578496906498632,36.429352913049954],[9.579522439558463,36.4279260142733],[9.580507910678753,36.4267621799661],[9.58087800661249,36.425651797989836],[9.581685108415373,36.425179149512104],[9.583727435173065,36.42414913830228],[9.58521230109627,36.42385481846798],[9.587205466048589,36.423395499988786],[9.590696973292347,36.42258396685558],[9.595820503625456,36.423565001798224],[9.597679916039482,36.42450138717719],[9.600386566159429,36.425433324727784],[9.60364176187303,36.42364076088601],[9.611191025320693,36.42473773404916],[9.618758128113232,36.422151399843415],[9.622517089104484,36.422597353080945],[9.625081063626068,36.42323499047859],[9.627150105454017,36.424403322627924],[9.628577040101451,36.424809086219405],[9.63032504053126,36.425348583897126],[9.632639311189717,36.42587927386076],[9.634819750524947,36.42645897006673],[9.639390318762631,36.42664179262662],[9.665315557144137,36.426855827280086],[9.668940783586116,36.441503948051874],[9.729655928514187,36.4402687599559],[9.732179786992395,36.44186064838674],[9.733249980811754,36.44311813100707],[9.73635797448341,36.447817997639284],[9.738154996158737,36.449931634839956],[9.739978766291642,36.45214780311395],[9.7435326788699,36.45706171938217],[9.744317438371342,36.45814533152907],[9.745249376297078,36.45942058403959],[9.747104435388067,36.461721536066115],[9.748419828388494,36.4632018869946],[9.749235855304693,36.46412942002336],[9.751710612116819,36.46550726156546],[9.75367267109929,36.46638128875304],[9.75669590635668,36.468316543099924],[9.758849688954923,36.46993516073768],[9.76145822646514,36.471754495772274],[9.764481483659699,36.47350689720638],[9.768980789175234,36.476592624640475],[9.770942736584303,36.47855463800912],[9.77278882612085,36.480284734870985],[9.774438716400981,36.482456315529774],[9.775638200261584,36.484208772562454],[9.778532178955011,36.48485531117937],[9.779562192244603,36.48464572487445],[9.780770599340041,36.484819683186224],[9.781782852423419,36.48522097555646],[9.782424899798764,36.48593889161026],[9.782924396261722,36.48699119357165],[9.784101530973292,36.4887436249873],[9.785452647382524,36.49029540984767],[9.786197366381144,36.49166433159606],[9.786897408179314,36.492801477721805],[9.787111464662356,36.49439330711815],[9.786696799868375,36.49590498814365],[9.786933070037142,36.4981567848936],[9.787258623487089,36.50072969868207],[9.78735667277002,36.50315101202668],[9.789100215547284,36.508666894024124],[9.790286372739413,36.510343518345294],[9.791909449985207,36.511988927959564],[9.793822386954233,36.513616549356996],[9.795677399731499,36.51507911896127],[9.797171194016384,36.51630979696115],[9.799061861495584,36.517656484054775],[9.801179942370378,36.519172523328166],[9.802722781446574,36.52010451032652],[9.805456188084197,36.521406594023745],[9.808185170259927,36.52277551203127],[9.810392444017697,36.52375653040864],[9.812840458853431,36.524652799060924],[9.81508335635628,36.52559365682324],[9.816719847105656,36.52608861790667],[9.818485701862047,36.52623576515283],[9.820768766072689,36.526449835404115],[9.823337222379315,36.526677221621746],[9.825517724842177,36.527038449464335],[9.827283505983239,36.52739511470096],[9.827479696678035,36.528237895178634],[9.828072784567475,36.53024899341897],[9.828576635759955,36.53202372778661],[9.82913847974965,36.53308498857727],[9.82998568070638,36.53412396789048],[9.831096021415984,36.53533677945262],[9.832500679696448,36.53706690398058],[9.83352623531961,36.53889519326972],[9.834208441423707,36.541441326751155],[9.83507800448832,36.54454928195549],[9.835648747874574,36.54680119368447],[9.835693371958422,36.548776524030465],[9.835773593175325,36.550439816304525],[9.836139273433295,36.55268715821636],[9.836527182355153,36.55554546958388],[9.837048967338378,36.557324642928],[9.837873848865598,36.55895216467773],[9.838551661142956,36.56010268102184],[9.839447924744897,36.56120851357167],[9.840397681441983,36.56255518763181],[9.841873691714035,36.564022222174906],[9.843501241629601,36.56509238804113],[9.845142194154562,36.56608678715928],[9.847215680198346,36.56638550484466],[9.849378308501413,36.56703209864889],[9.851416123104515,36.56742895104167],[9.85342724023549,36.56767868754334],[9.855790539916715,36.56804872748085],[9.858015653142171,36.568467913794905],[9.860316553517364,36.56887813549203],[9.86212692361979,36.569252712754896],[9.864325281539436,36.56971650924672],[9.866193580777795,36.57039422841939],[9.868240314310674,36.571179074107846],[9.8697831704767,36.571687426348106],[9.86992144104974,36.57261933792153],[9.87048773080365,36.57504956681136],[9.870599166025828,36.577127477126496],[9.870469925036137,36.57800144983222],[9.870068572088924,36.57971376494069],[9.869867938916194,36.58162224508066],[9.86950671519285,36.583067061920694],[9.868730856074842,36.58465001201212],[9.867616108654923,36.58729422999039],[9.867147893498515,36.58840006587354],[9.86679111117497,36.5892295329332],[9.86593051197051,36.59098635711126],[9.864985157696239,36.59252033628271],[9.863687559417667,36.594593810905785],[9.862617430436137,36.596096482122825],[9.861239537640786,36.597438697460255],[9.860200616850664,36.59828589635475],[9.85941581236784,36.59913315378046],[9.858911864855205,36.599788634517886],[9.857600899651716,36.60090343409754],[9.856330074738846,36.60181310239324],[9.855304501508131,36.60237494519332],[9.853940014086787,36.60277175764543],[9.852290119799736,36.60307944518026],[9.850051697591113,36.60320431656771],[9.847625954468082,36.603057193573136],[9.84531611124413,36.60285649460519],[9.843171300438938,36.60249085494373],[9.84073212571463,36.60221888196727],[9.838293020493655,36.602009264460186],[9.83580484710928,36.60164366323442],[9.83337014024267,36.60131811585031],[9.830601096695865,36.600885614501514],[9.828099522582175,36.60069383781026],[9.826110713968236,36.60088117384314],[9.824835417774674,36.6013136782352],[9.82430033889342,36.60222781667487],[9.823462049705322,36.603998003134684],[9.822481061698294,36.60614728841735],[9.82137517534774,36.60819402804549],[9.820180156412667,36.61006240858925],[9.818414351767265,36.61286719924132],[9.816697625154516,36.61557383241972],[9.815926160926393,36.617125651931744],[9.81517701035771,36.61869525071203],[9.81476680659185,36.619890294873436],[9.814958541274056,36.62142865144719],[9.815756730912478,36.62347093804658],[9.817130145395764,36.62614643542473],[9.818173566923187,36.628407148428174],[9.81876216275639,36.63034242833268],[9.818998521779045,36.63186298467755],[9.818739855130248,36.633539612740655],[9.8182047292799,36.63535892260918],[9.817638444620854,36.636732293798865],[9.816907158800978,36.6375438567694],[9.815966262250244,36.63853824987508],[9.814815847037972,36.63973771944536],[9.814044399811552,36.64060728945122],[9.811797017360487,36.63900201482318],[9.811293179992072,36.63386065740543],[9.808510719756038,36.631501752551124],[9.789474803157155,36.61665296007583],[9.786705651476707,36.614682075177676],[9.784980030807223,36.61380359132803],[9.78361104910609,36.61328634861253],[9.78159553278032,36.612871642208745],[9.779856484046183,36.61273791844371],[9.777377247875155,36.6129742085666],[9.775250227717443,36.61323287958961],[9.773239164359937,36.61351377009435],[9.771535856767628,36.61360738108962],[9.77055478546327,36.61337104324709],[9.764459190243368,36.60896551744892],[9.75608502276372,36.614401121129745],[9.75311974736352,36.616572724666476],[9.75249544728162,36.618427676527844],[9.753008210176272,36.62026929733582],[9.751487711745886,36.6205100998825],[9.748914786229818,36.62084455544396],[9.747282746424721,36.620893616925336],[9.744201489166036,36.621450975630616],[9.742078957668147,36.621852271593085],[9.740148215583858,36.622409666217976],[9.737062539218071,36.62330145140012],[9.73417303596836,36.62429582659127],[9.730605736949046,36.62535711833547],[9.728483205799378,36.62607952098988],[9.725540158390107,36.62718094300925],[9.723346313803194,36.628086130424876],[9.722209228133414,36.628759454898734],[9.720077807743907,36.63015961618545],[9.71611812808295,36.63267004092031],[9.713549678335605,36.63473016890363],[9.712809423475278,36.6356353869532],[9.71042832139158,36.63808789801403],[9.70853316480448,36.6398492343871],[9.706201075945192,36.64076779689574],[9.704011644418015,36.64140993399881],[9.700698567389306,36.64247119113561],[9.699160133060861,36.64326492238965],[9.693323197186542,36.637410073529814],[9.692672132606358,36.6368169976901],[9.691619795701614,36.63585830393677],[9.690821667530075,36.635082418344254],[9.690139421857616,36.63353957211828],[9.688935452365111,36.63292866070856],[9.688030233691885,36.63247833599952],[9.685992422068928,36.63212603359379],[9.68490437953887,36.63321408558199],[9.683357052358875,36.63453845444837],[9.682264623492415,36.63468554717395],[9.681065101732804,36.63385171975939],[9.681328194300313,36.63225536424579],[9.680654865978882,36.62988754872316],[9.680984856538037,36.62768923941118],[9.681676038787728,36.62628020238446],[9.681738433332006,36.62463472947201],[9.68134604552205,36.622824342643476],[9.680637014903562,36.62155349195175],[9.679268103706121,36.6200819986322],[9.677493414509852,36.618837948666496],[9.67582569295507,36.618084337451975],[9.674189198903049,36.61748685368447],[9.671660868339423,36.61640329835055],[9.669975328477463,36.61529293993139],[9.669065638846828,36.614169277037945],[9.66884270136688,36.612751285191464],[9.667513928041208,36.61180145739709],[9.665957656368889,36.61094090144216],[9.665105972938347,36.60998663330655],[9.664539690243846,36.608631054265956],[9.665565257094313,36.60817178606658],[9.66716605705175,36.60758758160988],[9.668485985628603,36.607088204219124],[9.67017149566971,36.606272203697074],[9.67165194375429,36.6057192953909],[9.672838071908528,36.60512174357588],[9.673720942886957,36.604185329520554],[9.675205873360545,36.602160875852874],[9.676597073820858,36.600511048773726],[9.677948176116512,36.59890126123457],[9.678015073031002,36.597478866225735],[9.675665127622354,36.59566845932201],[9.673649629483634,36.59438865158687],[9.671295216111709,36.59323821002198],[9.668980985429966,36.59258275661749],[9.667255298189705,36.592016398982416],[9.664668958402551,36.591160252784846],[9.66301466392246,36.59025060908903],[9.6608966365589,36.58892180672196],[9.65874288467923,36.587147090709415],[9.656821015981553,36.585564101421646],[9.655095323253743,36.58419071421428],[9.65360148509341,36.58312054822915],[9.6517376025236,36.58188092530781],[9.649017567248675,36.58011506417434],[9.646957417949242,36.57873727517589],[9.644446984666141,36.57713638898401],[9.642074696309768,36.57566044220421],[9.640652290083018,36.57478205121085],[9.638458445030272,36.57405965230984],[9.63806158619127,36.572931440902344],[9.638199734655752,36.57182563029032],[9.63802139913453,36.56981013871468],[9.638079343268984,36.56850804122021],[9.637945613024915,36.56729964568618],[9.637878747982798,36.56647025950546],[9.637209845608238,36.565310866717375],[9.635774013224738,36.56404895560628],[9.634084010519258,36.56296983073169],[9.633281415588113,36.562532850366715],[9.63224239491974,36.56175694891445],[9.63135061450946,36.56116834230578],[9.629834516126,36.55989309620416],[9.62843882253195,36.55864894533483],[9.62753357529466,36.55783293089998],[9.627038649772627,36.5571685886763],[9.626753300117356,36.556370354448],[9.62604430514918,36.555130729369544],[9.625121244482546,36.55365924785274],[9.623948532059892,36.552143124837016],[9.622967475795067,36.55105958819737],[9.620430238425262,36.54850900692272],[9.619052369539908,36.54701072938152],[9.617233083886315,36.54507545429552],[9.615868603110549,36.54351478112814],[9.614842963778115,36.54251599519751],[9.613322492511998,36.541173731256144],[9.612069426145725,36.539938584596754],[9.610125269611567,36.537905240582404],[9.608016135923739,36.53688857468813],[9.603302818157694,36.53645159574905],[9.601006427863933,36.53671912685531],[9.598602928913849,36.53648277540835],[9.595989917685715,36.53601012331353],[9.593408067689378,36.535809483856994],[9.587794067609702,36.53565340274346],[9.585466432500315,36.53547501327596],[9.582942559029666,36.53536356879142],[9.58011548682219,36.53553742699647],[9.578376516077816,36.535644471684286],[9.576699813105897,36.53592989103109],[9.57509904276256,36.53606805661609],[9.573640929449546,36.536077036985105],[9.571924166354517,36.535871879908605],[9.570510592735438,36.535764882625514],[9.56951624112269,36.535577570401294],[9.569560809689495,36.533927755120004],[9.569141696318063,36.53252757463839],[9.568637778311372,36.53085540566838],[9.568316718932925,36.5293482187873],[9.56753640208758,36.52785890364046],[9.56712171317728,36.526182281712714],[9.56670252718033,36.523239260467086],[9.567005753454012,36.521500245827],[9.567514075897174,36.52066632544603],[9.56730006735645,36.51988604797549],[9.566296755785341,36.51879353381159],[9.565177499113759,36.51745134628411],[9.563920061674567,36.51580592821401],[9.562457475201377,36.51377707549458],[9.56048654685069,36.51162332950962],[9.558493341364402,36.50999126514018],[9.556905907261369,36.508287870304294],[9.555233710325664,36.50670934064659],[9.554578285513458,36.5056882025731],[9.554783349235663,36.504774103256196],[9.55475661283596,36.50355233561224],[9.55473429007072,36.50248215439572],[9.55425278184274,36.501487743805875],[9.55296402048395,36.500916979269476],[9.551265167456204,36.500261473011136],[9.548995500970197,36.49931619038858],[9.547265327131628,36.498754351689165],[9.54576704908653,36.49866514707023],[9.543693573206442,36.49831290424348],[9.540153032377319,36.49681464386718],[9.538877727811723,36.495958485648885]]]},"id":"000000000000000006f3","properties":{"ADM2_NAME":"Goubellat"}},{"type":"Feature","geometry":{"type":"Polygon","coordinates":[[[9.439100954487627,36.729503894999965],[9.441049500908667,36.72978039231683],[9.444023731595173,36.72977146052224],[9.448598826631914,36.730391289373536],[9.452259729849171,36.73028872745845],[9.45534542127276,36.729882933134185],[9.458631815138187,36.729401364645],[9.461704095076954,36.72887518467541],[9.464932494622905,36.728179538236546],[9.46774614977537,36.72766677421734],[9.4717415607253,36.7274304148026],[9.477154891621675,36.726373604859496],[9.481114547187492,36.72558436176195],[9.485185743050973,36.72509832931427],[9.487763046707487,36.72510719110128],[9.489573483054338,36.725553122986014],[9.493234422258134,36.72611049612347],[9.497755924787509,36.726226483840954],[9.500248543747128,36.726288879431245],[9.502112437641255,36.726823956195595],[9.503307526657494,36.727060301160456],[9.503646402718932,36.725784971590386],[9.504257316207386,36.722784041032774],[9.504926170701303,36.7189135409723],[9.505773422421486,36.714811196396035],[9.506812394907767,36.71003549982913],[9.507864698658329,36.70563429402445],[9.508555892625155,36.701995714146385],[9.509309443131514,36.698111827148885],[9.509978338406892,36.69413432348377],[9.51077652373918,36.69063388577708],[9.511039589799378,36.68798970194203],[9.511583624258256,36.685514846644146],[9.51206072836572,36.68405671674939],[9.513197764035077,36.68229096499429],[9.513590211660498,36.680792674544946],[9.513625842535586,36.67883960456983],[9.514036107714793,36.676168600352874],[9.514160986187209,36.673930113368],[9.514597977485286,36.672150924388816],[9.514852147818296,36.67095147264765],[9.517068281438803,36.66837851299891],[9.518232110413084,36.66744658796371],[9.519079328449205,36.6665547571285],[9.520269910936905,36.663874819043066],[9.52001131221921,36.66124846480438],[9.520310041321965,36.659139251377724],[9.521884134930062,36.65751613682351],[9.523333365929366,36.65748046634543],[9.525210590825376,36.6572263371505],[9.527520420530648,36.65679822764234],[9.529749959690049,36.65661099123416],[9.531136791075523,36.65658423898673],[9.533624897932535,36.655464961218115],[9.534481098176071,36.65428780142784],[9.535457635448674,36.65343608366275],[9.536942489662081,36.65309275391201],[9.537950284445198,36.652834134903834],[9.539082837692735,36.65283412045732],[9.540121887828592,36.65266915417339],[9.541196508797995,36.652285609043574],[9.542128486205455,36.65205826650661],[9.543060389194373,36.651656904372445],[9.544522974328235,36.650435137922486],[9.545619887625529,36.64884766684766],[9.546904122025412,36.646439792887605],[9.547992155317665,36.64392925404603],[9.549196137604046,36.6411914344413],[9.550565045721713,36.63838661817774],[9.551626306621712,36.63591183051605],[9.55277228668407,36.633477137520394],[9.554159077762526,36.630806134137146],[9.555590453039036,36.62805489178119],[9.557619323666701,36.6242200645714],[9.55833283106556,36.62232047067157],[9.559206771370107,36.62001956808841],[9.560660472886656,36.61730399450401],[9.561917946012793,36.61514137284889],[9.562872140900003,36.61349149299966],[9.564334734652773,36.61144917593086],[9.565592263238242,36.60988852551175],[9.566559827851554,36.60843040912866],[9.56731348001363,36.607774865599104],[9.5682543238773,36.60756083574508],[9.569489499994045,36.60719521576008],[9.571937494860745,36.6058396479226],[9.573814798041901,36.604403811906],[9.574969742950845,36.60319988867116],[9.57644570839567,36.601772953856845],[9.57777898142601,36.600671551973285],[9.578755517256512,36.599824333846016],[9.58076211266458,36.59847770638306],[9.582715180668828,36.59739855217151],[9.58641622681393,36.593309602551194],[9.593087082836236,36.58630881891945],[9.599374364549625,36.58391427106092],[9.602616187454396,36.58328996651886],[9.606071988623654,36.582242118839794],[9.609224551846673,36.581350273460494],[9.611663689094033,36.58046733476071],[9.612831982702176,36.57931690195218],[9.6150748463542,36.57863024099768],[9.617665604469803,36.57827345025493],[9.620349966174407,36.57813077584207],[9.62360959106988,36.57768040462527],[9.62668194161767,36.57735047477367],[9.629865694159191,36.57649432055126],[9.632518842825343,36.57558466117376],[9.635127471872943,36.574978220898274],[9.638458445030272,36.57405965230984],[9.640652290083018,36.57478205121085],[9.642074696309768,36.57566044220421],[9.644446984666141,36.57713638898401],[9.646957417949242,36.57873727517589],[9.649017567248675,36.58011506417434],[9.6517376025236,36.58188092530781],[9.65360148509341,36.58312054822915],[9.655095323253743,36.58419071421428],[9.656821015981553,36.585564101421646],[9.65874288467923,36.587147090709415],[9.6608966365589,36.58892180672196],[9.66301466392246,36.59025060908903],[9.664668958402551,36.591160252784846],[9.667255298189705,36.592016398982416],[9.668980985429966,36.59258275661749],[9.671295216111709,36.59323821002198],[9.673649629483634,36.59438865158687],[9.675665127622354,36.59566845932201],[9.678015073031002,36.597478866225735],[9.677948176116512,36.59890126123457],[9.676597073820858,36.600511048773726],[9.675205873360545,36.602160875852874],[9.673720942886957,36.604185329520554],[9.672838071908528,36.60512174357588],[9.67165194375429,36.6057192953909],[9.67017149566971,36.606272203697074],[9.668485985628603,36.607088204219124],[9.66716605705175,36.60758758160988],[9.665565257094313,36.60817178606658],[9.664539690243846,36.608631054265956],[9.665105972938347,36.60998663330655],[9.665957656368889,36.61094090144216],[9.667513928041208,36.61180145739709],[9.66884270136688,36.612751285191464],[9.669065638846828,36.614169277037945],[9.669975328477463,36.61529293993139],[9.671660868339423,36.61640329835055],[9.674189198903049,36.61748685368447],[9.67582569295507,36.618084337451975],[9.677493414509852,36.618837948666496],[9.679268103706121,36.6200819986322],[9.680637014903562,36.62155349195175],[9.68134604552205,36.622824342643476],[9.681738433332006,36.62463472947201],[9.681676038787728,36.62628020238446],[9.680984856538037,36.62768923941118],[9.680654865978882,36.62988754872316],[9.681328194300313,36.63225536424579],[9.681065101732804,36.63385171975939],[9.682264623492415,36.63468554717395],[9.683357052358875,36.63453845444837],[9.68490437953887,36.63321408558199],[9.685992422068928,36.63212603359379],[9.688030233691885,36.63247833599952],[9.688935452365111,36.63292866070856],[9.690139421857616,36.63353957211828],[9.690821667530075,36.635082418344254],[9.691619795701614,36.63585830393677],[9.692672132606358,36.6368169976901],[9.693323197186542,36.637410073529814],[9.699160133060861,36.64326492238965],[9.700698567389306,36.64247119113561],[9.704011644418015,36.64140993399881],[9.706201075945192,36.64076779689574],[9.70853316480448,36.6398492343871],[9.71042832139158,36.63808789801403],[9.712809423475278,36.6356353869532],[9.713549678335605,36.63473016890363],[9.71611812808295,36.63267004092031],[9.720077807743907,36.63015961618545],[9.722209228133414,36.628759454898734],[9.723346313803194,36.628086130424876],[9.725540158390107,36.62718094300925],[9.728483205799378,36.62607952098988],[9.730605736949046,36.62535711833547],[9.73417303596836,36.62429582659127],[9.737062539218071,36.62330145140012],[9.740148215583858,36.622409666217976],[9.742078957668147,36.621852271593085],[9.744201489166036,36.621450975630616],[9.747282746424721,36.620893616925336],[9.748914786229818,36.62084455544396],[9.751487711745886,36.6205100998825],[9.753008210176272,36.62026929733582],[9.75249544728162,36.618427676527844],[9.75311974736352,36.616572724666476],[9.75608502276372,36.614401121129745],[9.764459190243368,36.60896551744892],[9.77055478546327,36.61337104324709],[9.771535856767628,36.61360738108962],[9.773239164359937,36.61351377009435],[9.775250227717443,36.61323287958961],[9.777377247875155,36.6129742085666],[9.779856484046183,36.61273791844371],[9.78159553278032,36.612871642208745],[9.78361104910609,36.61328634861253],[9.784980030807223,36.61380359132803],[9.786705651476707,36.614682075177676],[9.789474803157155,36.61665296007583],[9.808510719756038,36.631501752551124],[9.811293179992072,36.63386065740543],[9.811797017360487,36.63900201482318],[9.803012641494343,36.63271912713971],[9.790794682241023,36.64541866448361],[9.79141892314325,36.64756795113951],[9.800876723803759,36.65312398814076],[9.801955785015624,36.65417627922939],[9.804568879052049,36.65784612536387],[9.804622340373028,36.658827133833505],[9.80410509498589,36.66222942197982],[9.803413935415653,36.66356714112277],[9.80283872534746,36.66457939879312],[9.8019959649016,36.66555589846164],[9.801398376177787,36.666309500824966],[9.80017665226518,36.66855692199079],[9.798419773825408,36.670545689602385],[9.797059684164992,36.671375024792525],[9.795258266988355,36.67173181606168],[9.794165756621966,36.671950314577366],[9.793006357552217,36.67250767578469],[9.791976351834803,36.67206620218219],[9.790214961115074,36.673698270626666],[9.788895091014828,36.67428686562161],[9.787231813155945,36.67501371011911],[9.78650053271228,36.67735918337249],[9.78580943080307,36.67934789758445],[9.784650060372284,36.68047158691946],[9.783914291335968,36.68158642501606],[9.783878630742644,36.6832764293039],[9.78486411120511,36.685193803994906],[9.785697935823535,36.68698190473998],[9.78624196461705,36.68823493637431],[9.786732461642183,36.69026828045484],[9.787704527343422,36.69204741347815],[9.787610903511283,36.69436176128865],[9.788324319708408,36.69540073313363],[9.787704527343422,36.698767287166625],[9.788498206237156,36.699828567190785],[9.789002079142936,36.700747132583636],[9.789831518315742,36.70253523527518],[9.790888309573145,36.70443038133355],[9.791637417051424,36.70619616719349],[9.792141308528128,36.70746704437423],[9.792007589739312,36.70880472642591],[9.790429025937012,36.71197963021682],[9.788244057960028,36.71359382203523],[9.786705651476707,36.71475763421852],[9.785318939095527,36.71541309667481],[9.783669008034245,36.715640545980165],[9.78176498001805,36.716394116496886],[9.779508661543376,36.71758029907526],[9.777921223481533,36.71844533786508],[9.776320454145148,36.718904653888764],[9.776766300696053,36.71961804144399],[9.777760719678978,36.72098253187555],[9.778902209560087,36.72279293658614],[9.779281262819136,36.72451864571017],[9.780659110960702,36.72563788994729],[9.779718274004507,36.72612392392591],[9.776320454145146,36.726507389011765],[9.774492158812413,36.726222032841896],[9.77303407805583,36.72625769031717],[9.77155815204029,36.72683288568693],[9.770091101526047,36.72731005860547],[9.76856604255886,36.72729660758687],[9.767295180988876,36.725080472281974],[9.766702175487552,36.72431796717727],[9.76564534425926,36.72283758203323],[9.764138148679029,36.721513165127284],[9.763281987046417,36.720371692997205],[9.762430343670891,36.7185790726884],[9.761181781337122,36.717370646882095],[9.760000114060672,36.71655909249173],[9.759094900661399,36.715609350792434],[9.757676902716362,36.71431171488113],[9.756646899377017,36.71313899678267],[9.75553659257537,36.71205540649312],[9.754354918783802,36.7106953968948],[9.753347161167389,36.70991506197187],[9.751897950973033,36.709076783513595],[9.750863423670882,36.70905889881524],[9.749909134464671,36.709977459947616],[9.748883564156207,36.711163609235044],[9.747157945674111,36.71226949261967],[9.746230410471334,36.71291159713817],[9.74502649290376,36.71502073693625],[9.745588296289577,36.71708976148394],[9.746457805808717,36.71816444630204],[9.74713114799087,36.71888681117132],[9.744152489402795,36.72116534667997],[9.741401232159271,36.72225784075483],[9.739880686610121,36.72316754804078],[9.737035744725851,36.724487451404755],[9.734275532116254,36.72522315267734],[9.731849851567818,36.72590986203643],[9.729294788065085,36.72766677984544],[9.727689492332523,36.728884050839966],[9.725776513561284,36.72988288862028],[9.724162354410216,36.73037346143866],[9.722548140999693,36.730846092501956],[9.721897106318114,36.73162194120281],[9.719337580778832,36.733695428825534],[9.71884262564531,36.73490835913012],[9.717660953237136,36.73691937019317],[9.7188247664936,36.73707994935258],[9.720331922078827,36.736906023775965],[9.722173593459221,36.7372270262032],[9.719007610368008,36.740000642871024],[9.717990918394268,36.74064276059398],[9.715533984509726,36.741565753849315],[9.713188521593374,36.74196261082359],[9.711654536793707,36.74177086207718],[9.710240989218173,36.74190466111197],[9.707681476382673,36.74235945187485],[9.705991475107817,36.743416313914956],[9.705148740438446,36.74398702690793],[9.703864459923361,36.744111944535575],[9.702236944722971,36.744018244635],[9.70018127485819,36.744861019558165],[9.69903531824117,36.74569935505538],[9.697140162216684,36.747077195125726],[9.695039896123967,36.74918190298357],[9.694299718457948,36.750078232963574],[9.692703333941326,36.75105476366171],[9.691156033685786,36.75171023851455],[9.68960876181173,36.75145155902274],[9.687776046499241,36.751598717683805],[9.68582741682541,36.751942102177175],[9.683803004746402,36.75255743124997],[9.681823184578533,36.75317730341155],[9.679994888737292,36.753814886376695],[9.67902728848146,36.75400665730998],[9.678010652902868,36.75416276293709],[9.676619429096185,36.7543455731024],[9.67602187377704,36.7549519502923],[9.67518802343979,36.75438569116755],[9.673814610881527,36.754296513042796],[9.672039866594556,36.75439902322193],[9.670893867447285,36.753712347256204],[9.668976480782662,36.75364099515581],[9.666862892864152,36.75412257051482],[9.665320061595487,36.75431876811667],[9.663175205126166,36.754943091054024],[9.660646865480967,36.7553577361297],[9.659260092839235,36.75533105240124],[9.65829698003344,36.756173741464515],[9.65732928925386,36.756731140538335],[9.656236858186153,36.75731532120416],[9.654751922530295,36.75760513202311],[9.653655021129447,36.75843009117295],[9.652562552835459,36.759072226125234],[9.651804478601786,36.75944672567409],[9.650890396840015,36.759491364467834],[9.649860335398492,36.76034308031648],[9.649039830222764,36.76088261261541],[9.647376581373706,36.76161389371923],[9.646681007453845,36.76230505696803],[9.645793661986547,36.76305867082221],[9.645048988988902,36.763473317116905],[9.644094705803747,36.76371412765633],[9.64342142055085,36.764516732671076],[9.642177335478841,36.764811027230195],[9.640728078636725,36.76568504471218],[9.640219735869374,36.76655456704829],[9.637941110040737,36.768650359558904],[9.636643580967728,36.769189926273086],[9.634547797838074,36.77008617715278],[9.63321897203644,36.770933403652634],[9.631408554036598,36.771892117460055],[9.6296293530632,36.77316293270506],[9.627778830407937,36.77473259840389],[9.625968444911642,36.77609259177089],[9.625139083769612,36.77694873630245],[9.624256128565918,36.77820173373176],[9.623203798108777,36.78009688558968],[9.622633040935083,36.78136768069692],[9.62109017268129,36.78300419509954],[9.620501591601705,36.784011912243564],[9.620024460861902,36.78461392760962],[9.61680056553654,36.78610776013257],[9.615404834204252,36.786723075727586],[9.614169658560257,36.787708512024956],[9.613032602990462,36.78893478521367],[9.61251533997395,36.790107514243765],[9.612287966092739,36.791097501156784],[9.611792960765142,36.792198856389895],[9.611088424085095,36.793344813961355],[9.61035713911999,36.794843099803884],[9.608863333197782,36.79635922931887],[9.60827475312943,36.79755871608404],[9.607440895987361,36.79860216390777],[9.605144477013091,36.8009075054967],[9.603637260732254,36.802209560826086],[9.602495762267079,36.80317718946688],[9.6008815889267,36.80451488905817],[9.60006555450575,36.80529968207625],[9.598237340205381,36.806829137211906],[9.596355581484529,36.80845226675934],[9.594670025648545,36.810088736457395],[9.592975587592468,36.811912528394345],[9.591138442528795,36.81448546615288],[9.590683556875838,36.816224523548215],[9.590054855824839,36.81821326776985],[9.589555481714322,36.81984971025903],[9.588503078172172,36.82156203152335],[9.587531013485258,36.82289528015219],[9.585105231598336,36.82562871762751],[9.585002662374615,36.82686840402627],[9.585198885560851,36.82776467103838],[9.5851721394049,36.82904888030039],[9.584382919390029,36.83029743028201],[9.583709519808822,36.83193387451555],[9.58300504997968,36.83373539423457],[9.582184520361814,36.835661745360575],[9.581850078743116,36.83763712706835],[9.579736479466352,36.837396315220325],[9.578693114390282,36.83662489924834],[9.577912700445712,36.83593373081088],[9.576374307913088,36.834818980280644],[9.575437956943194,36.8346316804723],[9.574180449628573,36.83330289159512],[9.573997666083365,36.83104209224652],[9.57324403839108,36.82990950940161],[9.57201780552299,36.82933421645055],[9.569453845169196,36.82844244486474],[9.567424940976073,36.82790734702736],[9.565632330614626,36.826591871940444],[9.56382193260852,36.825900736586384],[9.562604666433133,36.82434900864009],[9.560972589968259,36.82299785135863],[9.559028434516142,36.82229778054151],[9.557753095228229,36.82190983728136],[9.557088738200209,36.82013069919694],[9.555447772745874,36.819109498386204],[9.553195900994927,36.81779854667116],[9.551019882289228,36.81716533332281],[9.550034420347288,36.817009299018274],[9.548598642454516,36.8168755137388],[9.5470156405398,36.81631368651841],[9.546079195192691,36.81548875118925],[9.545138347271564,36.81439624568474],[9.544108315166607,36.8134732311898],[9.543782767588862,36.81197496710684],[9.543399257882992,36.81098502786223],[9.543247687595114,36.81007984058981],[9.543377023030635,36.80830513829538],[9.54239156676703,36.80702533006361],[9.541963424794234,36.80614247286751],[9.540982483044772,36.8048939147074],[9.539546606832129,36.80388171454894],[9.537812047135464,36.80279812608216],[9.536706156935429,36.80142029857779],[9.536211175704313,36.8007692413556],[9.534788789338569,36.79929325013199],[9.534044087038447,36.79801356610417],[9.534400823724855,36.79633244479981],[9.534369596475145,36.7955342830331],[9.533005112895376,36.79366587433455],[9.53254587756728,36.79018784017243],[9.532059830820803,36.788453245345195],[9.531698606929918,36.78682118176706],[9.53174765250581,36.78534522591052],[9.531979558709292,36.78410111911021],[9.531257198050143,36.78291054291103],[9.529469015452994,36.78220604466519],[9.527623003812723,36.781733309790596],[9.525750136448007,36.78174224657591],[9.524251906917202,36.78192958939009],[9.523190656150714,36.7821970835642],[9.520996757515338,36.781229506163214],[9.519404864057325,36.780128098910964],[9.518093905928456,36.779138122463],[9.51664018516762,36.77771120723415],[9.515686011834427,36.77609706327616],[9.512595777081026,36.77593653021071],[9.511481060807109,36.7754638265668],[9.509889180335481,36.77430001238915],[9.50881004443367,36.77347512485404],[9.507606053797348,36.77302028193299],[9.50548356770916,36.77259217148692],[9.503659805104805,36.77265908724925],[9.502834883812747,36.772222056888765],[9.502295317630955,36.77158893119571],[9.501635305988577,36.77001033776457],[9.50095307611805,36.7688509823508],[9.499682275745926,36.76798590832016],[9.498687923256446,36.76710302629675],[9.497849565222538,36.76663929417691],[9.496939883414619,36.76637173992801],[9.495842934954924,36.76607300471568],[9.491432895941943,36.76491808885257],[9.489662619253746,36.76441866678995],[9.487272598036922,36.763776520196366],[9.484989501502824,36.762929319433375],[9.4835403475665,36.76246556314348],[9.481908298888575,36.76173428816692],[9.480468018315179,36.76110111759749],[9.47846588005749,36.7602894925795],[9.4759643354118,36.75942001247449],[9.473922028769493,36.75848357028533],[9.47165235905847,36.75738217473131],[9.469779570266315,36.75616040000779],[9.467728344212944,36.75481374109525],[9.466091859847925,36.7536142650913],[9.462707413662564,36.75010939166727],[9.460575906134258,36.74744283937832],[9.458926083698715,36.745391657525644],[9.457030948129868,36.74345198145229],[9.455501493406604,36.74194927257616],[9.44896443492831,36.73793605768306],[9.447225415292486,36.73677672668942],[9.445562128004477,36.73560845149902],[9.443502010757621,36.73402093758074],[9.442418486392041,36.73299095509677],[9.44132158400766,36.73204115837127],[9.439100954487627,36.729503894999965]]]},"id":"000000000000000006f4","properties":{"ADM2_NAME":"Mejez El Bab"}},{"type":"Feature","geometry":{"type":"MultiPolygon","coordinates":[[[[8.986091912040393,37.10861223869126],[8.986734071868598,37.10861223769054],[8.986734071868598,37.109125029953134],[8.986091912040393,37.10861223869126]]],[[[9.231966752573209,36.96708480685321],[9.232475116196063,36.9677447231092],[9.233500645771642,36.96805243158552],[9.235453753422753,36.96848493881648],[9.236653237395032,36.96961313948438],[9.237861701485192,36.97070557162586],[9.23874457739838,36.97170442477131],[9.240117949718885,36.97417032471677],[9.24076452420983,36.97479014174003],[9.241339825126417,36.97547233157194],[9.241638553688146,36.976810066467124],[9.24191504558586,36.9793963686535],[9.242485788734427,36.98059589255743],[9.24289156842676,36.98266045465274],[9.243417757547276,36.98493454309925],[9.243765536360959,36.98727565277595],[9.243943865538187,36.989206417421826],[9.24405979239791,36.99055305987332],[9.244438860015668,36.99213602428053],[9.244354134063228,36.99400882329409],[9.244108919731456,36.995301966202305],[9.244648476800723,36.998258385419334],[9.245152354145052,37.00026494181134],[9.245517982162895,37.00274867457342],[9.245089866080876,37.00382329852122],[9.243926024147118,37.00471068231669],[9.24142894471192,37.005727344759514],[9.238976500913449,37.0053751238462],[9.23824074001924,37.0049425955305],[9.236992193978947,37.00418454914063],[9.235863978825483,37.003381894366406],[9.234240928968633,37.002539076649725],[9.232323443760576,37.00208873321471],[9.230820769156487,37.003025160372644],[9.230548795990495,37.00525470491668],[9.230566634426202,37.00647202809891],[9.23153422752162,37.007319259799324],[9.232809489823984,37.008657000521815],[9.234294362189345,37.0100437929241],[9.235716865601283,37.0115152613283],[9.236840513056848,37.01276828615875],[9.237513863539343,37.013936579123516],[9.237830502541671,37.015274321200536],[9.238142577069585,37.01724524777344],[9.238102500240718,37.01914480017355],[9.23764762117205,37.02097301223693],[9.23665323739503,37.02318920370417],[9.23549391348453,37.02528055320306],[9.234009019055057,37.02775976150104],[9.233366895009024,37.02877643033802],[9.232613346339527,37.02951664365438],[9.231137381907788,37.0307697235593],[9.229416105668976,37.03201822026283],[9.228693789288256,37.033186533485306],[9.227730626299975,37.03438598360806],[9.226169959767402,37.035639059760946],[9.225081881702497,37.03656649928324],[9.223507825357013,37.038171782940765],[9.222205743855428,37.03962545125051],[9.219699784325458,37.04233215498245],[9.217336417600139,37.04453495511922],[9.215606307017776,37.046059934560006],[9.213702281601543,37.04766525748516],[9.212462652195315,37.04836085986784],[9.210741436503412,37.04862841189031],[9.209180760787076,37.04891379067952],[9.207392676898168,37.04917237838851],[9.20421333936171,37.04973422793602],[9.200877865995876,37.04993935360405],[9.197546925275251,37.04948007130032],[9.195767803927557,37.049283881951766],[9.194073310461103,37.04928391305227],[9.192080053156356,37.04919023997108],[9.188004457175865,37.04927053214994],[9.184209755433642,37.049154584040394],[9.181770628279082,37.04887363129623],[9.179046173300964,37.048534728164604],[9.175822250109087,37.048097724157856],[9.173276085229267,37.04774100687264],[9.171376525475967,37.04734864695698],[9.168946235916613,37.0469518063342],[9.166511627267777,37.047000823193585],[9.164348925517729,37.047156920714926],[9.162453800674067,37.04757604169165],[9.160362499826247,37.04828506295553],[9.158650255144885,37.04728620877405],[9.156960176870815,37.04595734569836],[9.155930132651786,37.04535096221309],[9.154476521640234,37.04474002739146],[9.153285948559907,37.04437440972059],[9.152362878075499,37.044200502700555],[9.150351822282717,37.04444130901754],[9.148581601192497,37.044744480615364],[9.147266122544684,37.04534651987211],[9.144818068914425,37.04712564597954],[9.14408680057176,37.0477499809448],[9.142945278623516,37.04609118367528],[9.142097993914728,37.045373226013055],[9.14094315752929,37.044280781267155],[9.139681174763448,37.04437890270837],[9.138437114341446,37.045761217645314],[9.137322357382667,37.047825732701455],[9.136649001376417,37.049185760996835],[9.136171896526237,37.05101847513132],[9.1352711472165,37.053007254337295],[9.134446236269318,37.05547310299873],[9.134151874570248,37.057992525059035],[9.132925632473237,37.059851927457636],[9.131944618560045,37.0613635608082],[9.130477595424807,37.063191789695715],[9.12843086702287,37.06549272472575],[9.12674531070689,37.06727186852392],[9.124930525655182,37.06876565760798],[9.123365355202804,37.0706518951228],[9.121220535541621,37.072297310625444],[9.118375639835676,37.07393379218069],[9.116034588816609,37.07561483330256],[9.112913237969327,37.078031669492304],[9.111062721370745,37.08015868080335],[9.109395005483568,37.082548728677175],[9.10891789455541,37.08370370495617],[9.108962465306856,37.086124970750845],[9.10918540385215,37.08852395637638],[9.110523132622369,37.09066877126414],[9.111963451018315,37.09273780979056],[9.11318076066094,37.094458989342876],[9.114429324305336,37.09563173593419],[9.116186210525186,37.096572615543536],[9.117751324710923,37.09725491957833],[9.119062349898421,37.09831617364495],[9.120449127121939,37.09967173167906],[9.121635243464748,37.101281411027955],[9.122094531625345,37.10234269597003],[9.122107871284182,37.1036358513684],[9.122509159657637,37.10457669065237],[9.12372207087588,37.105548772552666],[9.124448931480849,37.10656544538783],[9.124225950308661,37.107582145224455],[9.124533615519596,37.10865235703953],[9.125577102482843,37.10974033351243],[9.127498964363998,37.11113159801544],[9.129545668902468,37.11194313932071],[9.131623583568869,37.11276365537923],[9.133300207667709,37.113178320012125],[9.135101672034247,37.11362426977924],[9.136287836965233,37.11361532582925],[9.13824533889579,37.113766954300665],[9.139328947982179,37.11437337732318],[9.139944311390432,37.115416835784025],[9.140309968024559,37.116718865989434],[9.140666674859338,37.117766730547324],[9.141723461970281,37.119452321950604],[9.142847147512217,37.12130280002018],[9.143756849483268,37.122680684857265],[9.143948553687018,37.124205655933444],[9.141464879720592,37.125556770190656],[9.139930884307962,37.126225638060895],[9.137870824985127,37.12733148187192],[9.135725953840394,37.1288164263514],[9.13367925996074,37.13018088002522],[9.131735042178263,37.13142946847532],[9.1302903142203,37.13217855677737],[9.12877865517023,37.13316852151067],[9.127021829680528,37.134430411211476],[9.124685253364593,37.136330013065376],[9.122718796274844,37.13810919262779],[9.121354268480301,37.139504865960056],[9.120676487940438,37.140628528407866],[9.119789168100422,37.14251924997949],[9.119485911287164,37.144342979476775],[9.11937446976319,37.14598396182185],[9.119294181307076,37.147419748122154],[9.11917379098682,37.14872625024555],[9.118585181178577,37.149711747031766],[9.11828640341945,37.1507819680774],[9.117216249588244,37.1605206047586],[9.11608363790129,37.16057858408299],[9.11415732317802,37.16160861530545],[9.106130921425466,37.1613588847529],[9.10035190919141,37.159695691904986],[9.10035190919141,37.15918287604684],[9.097462433561649,37.159312228393865],[9.095215004767253,37.15854073036442],[9.087964550434286,37.158567530523314],[9.08687210234811,37.15854971163053],[9.085908870098468,37.15893761923997],[9.085266749870165,37.15790761165757],[9.084624634821717,37.15803691666375],[9.083336032131758,37.157265462108896],[9.07948781655336,37.15649847120556],[9.078845663752196,37.15662782995097],[9.07884119148411,37.15611499191873],[9.077561458081684,37.15611505261101],[9.077561458081684,37.15662783036621],[9.073708796722476,37.15637366945131],[9.073708796722476,37.15586088630782],[9.072745639453043,37.15560663982859],[9.07210354108882,37.15432247486379],[9.069213993884482,37.15380968020933],[9.069209522158085,37.153292433298894],[9.065361399567639,37.153038251997785],[9.065356928058028,37.15201263829593],[9.061187650165616,37.15059907018851],[9.053803387947639,37.150478715314534],[9.053482330311688,37.14944869402804],[9.052519165196896,37.14957795996959],[9.048666452946627,37.148293749711414],[9.046740166984241,37.14739749292505],[9.046098025827703,37.146113293810444],[9.045455974217413,37.1461132577858],[9.044813843459012,37.144829023410345],[9.042566468926136,37.14431625596126],[9.041603267667936,37.142001940854755],[9.039676900261481,37.14123500833017],[9.039676900261478,37.140717705857064],[9.036787436938237,37.14008009556855],[9.032297086070145,37.139696634782446],[9.032297086070146,37.1386665333],[9.028765553853926,37.138537212817866],[9.02619709706266,37.13738230824622],[9.025875982578372,37.13635675496557],[9.025233926168651,37.13661539004942],[9.024912815591733,37.135072545237634],[9.023949660325648,37.13507250081784],[9.023307619542313,37.133275458322146],[9.022665499645086,37.133275527934984],[9.022023384958255,37.131991274571334],[9.021060180537514,37.13173263342946],[9.020418078878013,37.127879974604916],[9.01207957843564,37.12685441936045],[9.010951415561902,37.12299725473199],[9.010474305564278,37.121200263266935],[9.008868980985657,37.120428832805175],[9.008547936844268,37.11966188894908],[9.009190026431211,37.119661835573474],[9.009190026431211,37.118890435235166],[9.006621615079586,37.11953251799628],[9.005337398557737,37.11863183467784],[9.005497913943383,37.11786034972773],[9.004374228789363,37.11606339171533],[9.00373656206622,37.11632203597988],[9.002773411816154,37.114779125867905],[8.99988394723761,37.11477911418387],[8.999241848988838,37.1132363322905],[8.997640967455235,37.113106970339345],[8.996998887447376,37.11259419587478],[8.996356812661814,37.11272353742852],[8.99603573508032,37.11195207523075],[8.995393583835366,37.11195205051154],[8.994751522107562,37.11066782383185],[8.9937883128714,37.110797181568955],[8.993471713190178,37.110538527881985],[8.992508603864602,37.11066786753519],[8.99186648131805,37.109383598419775],[8.991224363996995,37.109383625896356],[8.990903307296099,37.108612184315525],[8.988660329865267,37.108482936010496],[8.987055111601132,37.10681516585084],[8.986091912040393,37.10681516253327],[8.985128724243701,37.104759586337806],[8.982885826750557,37.10553100291694],[8.982885826750557,37.106043739317236],[8.982529069326567,37.105950095566534],[8.981922678118044,37.105785176535065],[8.981704142443704,37.10490220674346],[8.981601575002907,37.10450091430425],[8.981365257430333,37.10447862487626],[8.979037600909969,37.104242287614255],[8.979037600909969,37.10372953495076],[8.978395503769823,37.10398809159674],[8.978395503769823,37.10321672545645],[8.977753411861347,37.10321666824237],[8.977753411861347,37.10270390715624],[8.98003198111918,37.10278865264655],[8.98449112871307,37.10295807263982],[8.984968250276342,37.101419699985385],[8.984651601709443,37.10090691201485],[8.98481215931469,37.09833397331554],[8.984170015136877,37.098333950462894],[8.982248165077737,37.095252731284354],[8.98128502423584,37.095765554579636],[8.981494625200597,37.09542222104806],[8.980000798567643,37.0939685284202],[8.979679703281555,37.09448132413382],[8.979037600909969,37.09448134601878],[8.979037600909969,37.093968524473866],[8.979572756086917,37.093879377974325],[8.979840250761082,37.0929384390152],[8.978078881603945,37.09037003278349],[8.976473625955832,37.089857234076064],[8.973909650163295,37.08600453482525],[8.971024613542053,37.08471592353244],[8.970386963586364,37.08137600009694],[8.969423799199944,37.08150531867091],[8.966859800117529,37.08035045167369],[8.964933485166366,37.07803612289502],[8.963653739065283,37.07777756247422],[8.963332710420474,37.07675197174071],[8.962690572801066,37.07675196529812],[8.962373929516366,37.072382035174925],[8.961731883978569,37.07238201133218],[8.961731883978569,37.071869180448104],[8.959809991577021,37.07109776191286],[8.958686283430996,37.069554937755605],[8.959167882707298,37.068270755700894],[8.958530244549834,37.06827069981983],[8.958209152556018,37.066727857183935],[8.9575670567538,37.06672788848418],[8.95724596869197,37.06570227437122],[8.956287261966997,37.06570225803555],[8.956287261966997,37.06415945626336],[8.955324101639906,37.0639008427215],[8.955324101639906,37.06338802743106],[8.954682029392359,37.063646638215495],[8.954365418344304,37.06210382127987],[8.951159360995975,37.060819599273295],[8.951159360995975,37.06030675846402],[8.950517238515069,37.06030227756552],[8.950200644239706,37.05901806463044],[8.949237474233918,37.05876391925167],[8.949237474233918,37.05824667602103],[8.94859536745441,37.05824664805556],[8.94859536745441,37.05773386800668],[8.947636597732052,37.05773385150302],[8.946673459151414,37.056190998174046],[8.946031373323159,37.05619103310093],[8.945393673226974,37.054906823128015],[8.942187644930597,37.05336392226044],[8.94187099998126,37.05233835459148],[8.940265724918003,37.05156249545228],[8.939307056856839,37.05002411695406],[8.936100940117807,37.04873542377701],[8.936100940117807,37.04822264658225],[8.935463320656993,37.048222600317835],[8.93482115802311,37.046938413822865],[8.933541396796143,37.04642113822603],[8.933220322685228,37.045654195311236],[8.932578262630761,37.04564967240236],[8.932261656438717,37.04462410719205],[8.928734519079116,37.04282261779211],[8.928417928398359,37.04179707362796],[8.92425309864067,37.03948272870074],[8.92425309864067,37.03896548804794],[8.923611027766244,37.038965538801634],[8.9229733413834,37.03768131584982],[8.921702531770238,37.03678945012739],[8.920676888060697,37.035710368019735],[8.920618949149883,37.03522436546791],[8.92080624020217,37.03488992099029],[8.920507450552494,37.034831945651774],[8.920164113345084,37.03460449938218],[8.919357019980753,37.03435922891284],[8.91803708991757,37.03364137247278],[8.91560689021043,37.032281349045185],[8.91560689021043,37.031768518665764],[8.913685031953364,37.03099707824546],[8.913689494874147,37.03047983746853],[8.913047426336835,37.03047981908826],[8.911767599455395,37.0286828019832],[8.910487877690672,37.02816556082209],[8.910487877690672,37.02765277811157],[8.907923865910341,37.02636859203486],[8.907923865910341,37.02585132463391],[8.906965172226512,37.02559710700794],[8.906804605233223,37.02527161583384],[8.92704899792875,37.00456357103931],[8.928814782894486,37.00343542376036],[8.931369792339007,37.00175435369558],[8.968407138462485,36.976524698915625],[8.970899729134635,36.97345684464526],[8.971858445345784,36.97262746201372],[8.973762513772064,36.97044694579015],[8.975229592176946,36.967597618194795],[8.976228390808625,36.96518521991887],[8.976736727880006,36.96334363819288],[8.977039945088567,36.96148415335917],[8.977254001296942,36.96024901638409],[8.977285182761648,36.958630350520146],[8.97726293436395,36.956976013199835],[8.977138040066206,36.955615974821406],[8.976116897555954,36.95076452045221],[8.975563984368932,36.94927065515055],[8.974850537421633,36.94761192712194],[8.974319880682486,36.946363345845064],[8.973436977589927,36.9451594362713],[8.972005578180179,36.94382170686387],[8.969718140312267,36.94199344954508],[8.968152996395432,36.94029899483134],[8.967051583146068,36.93905932863519],[8.965423970143403,36.93771273425025],[8.964202187094743,36.93662025430596],[8.962855551366461,36.93505953256274],[8.962226814682435,36.93397152156672],[8.961798700284398,36.932566923035544],[8.961464282293388,36.93097057976429],[8.961406313282525,36.92975765452909],[8.961433107093285,36.9286250274238],[8.961731883978569,36.92749245099759],[8.962458693400098,36.92651589006941],[8.965134110931684,36.924727780422884],[8.966677033685496,36.923671019937956],[8.967849729133683,36.92285947476742],[8.969468375839357,36.92198994063728],[8.971131633400994,36.92108916604128],[8.972803774383555,36.92015725357438],[8.97721388678212,36.91730788819462],[8.979077716353148,36.91646954912699],[8.98128949099767,36.91544843770168],[8.9833362216084,36.914699247202336],[8.985753008167395,36.9141240670655],[8.988040574358308,36.91353993398104],[8.993641139379175,36.91120332803748],[8.995059191838715,36.91053896906736],[8.996740269851667,36.90959807199915],[8.998541759631737,36.90830047491971],[8.999446945577562,36.90737294299745],[9.001609554195893,36.90444780588965],[9.002091162907085,36.9027176974374],[9.006251514433348,36.9014067212464],[9.006996185676373,36.89963641408784],[9.008284897448362,36.89827639585167],[9.009528946620215,36.896983314542005],[9.010389574367338,36.89610041347617],[9.011548924227222,36.89507029595624],[9.013412805940618,36.89373701579322],[9.0150092011381,36.892724837653944],[9.016792810821174,36.89172156546409],[9.018852941026113,36.89056214207435],[9.020320014434553,36.88970152275157],[9.021992101499928,36.88869378561845],[9.02461852159049,36.88724457336532],[9.031904685824724,36.88562148721348],[9.03199837932367,36.8787767290013],[9.03106642488859,36.87817927549745],[9.03041538730515,36.87738997621653],[9.030165683766098,36.87664535544592],[9.029969446515409,36.87582931607428],[9.030036320607667,36.875066796211215],[9.030821188859665,36.874482673265376],[9.032292700756855,36.87478139222503],[9.033563524108244,36.87499990404166],[9.034910185634676,36.875249655836754],[9.035837631110526,36.875356673956176],[9.037090631659307,36.875459183102855],[9.038357061985321,36.8752763500174],[9.040457309576993,36.8746788396847],[9.04162106401239,36.88374418252804],[9.043395826635887,36.88424363228276],[9.04543809266525,36.88513548414279],[9.047511620465892,36.88594251321655],[9.049678663819293,36.887115318625305],[9.05111003638772,36.88836833276425],[9.0528580178022,36.8892913530906],[9.054146716914465,36.89048633173244],[9.054744214085312,36.891217623925016],[9.056113168511246,36.8925063518511],[9.056862273606356,36.89351853210314],[9.058538928023685,36.89199357561627],[9.059863320232237,36.890740540381735],[9.06207052093516,36.88930917950879],[9.064763822504869,36.88908622871371],[9.066106035979647,36.88938941677777],[9.066948801379668,36.88869378730104],[9.068652161400127,36.88885434621005],[9.069949807234,36.888979147326914],[9.071835987571788,36.88827017553273],[9.072669785512826,36.887458629336855],[9.073191567583773,36.886780879058634],[9.074208225571441,36.88551443505018],[9.076486788201667,36.88320914367277],[9.078279375353132,36.882384218246095],[9.080437554015333,36.881866914369475],[9.08296143831561,36.8810330956041],[9.084722778763043,36.87941441344045],[9.085953512372882,36.8776797897923],[9.086140773906392,36.87652938684221],[9.087799564072895,36.87598986575586],[9.08875826197937,36.87526303413605],[9.089841790171915,36.87327867799253],[9.090042479541692,36.87118735989256],[9.089980027791256,36.8696534459297],[9.090314482804285,36.86791438136715],[9.09073814471621,36.86637156300957],[9.090934279001981,36.86454778583063],[9.092437034742026,36.863160986278565],[9.094737894290912,36.8626615560405],[9.096994256203072,36.86153790207356],[9.098840310594658,36.86095820938161],[9.100646230706685,36.86038743431915],[9.101694132161837,36.85921913205658],[9.105203415134698,36.85134438239694],[9.094100260391858,36.84450856479031],[9.093467104685882,36.84353648776641],[9.09332886101419,36.84221217205079],[9.093123690292888,36.84032146799449],[9.093114828550068,36.83831040658973],[9.093253071850324,36.836517845548116],[9.094760175700115,36.83498843133606],[9.096583980811657,36.83420803598089],[9.098238346316753,36.8334009608826],[9.099433332569273,36.83308432246854],[9.101774402909747,36.83248686000978],[9.104026237118203,36.8324868288615],[9.10736612196854,36.83185366908152],[9.109261208164348,36.83124270983566],[9.114540758926827,36.816884455358796],[9.115508389430536,36.81761577624101],[9.116984339789893,36.81830240552886],[9.118442503895025,36.8189891533256],[9.119682116287617,36.81926118441683],[9.121621819457133,36.820300107245096],[9.144791297568457,36.84458885311129],[9.140385717425376,36.853337636782456],[9.14204901331278,36.853565013364694],[9.143988668060869,36.853475854644195],[9.145799071792188,36.85305222709252],[9.147176938333898,36.852909526027915],[9.149397536500546,36.85320829124928],[9.150784333106785,36.853551604351715],[9.151716338105617,36.85362741356334],[9.155733923187826,36.84865555800518],[9.158391618237056,36.84825421503049],[9.15993441411003,36.847950978161016],[9.160723688368819,36.84758983937799],[9.16176714046268,36.84610940868921],[9.162235359476943,36.84542270952178],[9.164433651779511,36.84609159182758],[9.16609246303351,36.845846306927974],[9.16783147672095,36.84420535126815],[9.170092267768744,36.84242620681043],[9.17069874370238,36.84306830031234],[9.171487954935703,36.84429009643277],[9.173164568804737,36.846359081213485],[9.174952651967487,36.84815168692373],[9.17644651130116,36.84946260294656],[9.178158797899412,36.85083599994599],[9.181284636732585,36.852517137386556],[9.184356943596839,36.853948508417844],[9.191594083763345,36.85681126996388],[9.195232714661403,36.858795541798756],[9.198733084372527,36.8598790818823],[9.202661579534533,36.8609626534803],[9.205154162728913,36.86195261310108],[9.205996957783471,36.862505490249546],[9.206902135583166,36.86350431560493],[9.207477364036915,36.86432927145059],[9.20718307238689,36.86568927204896],[9.206117309501925,36.86666588156156],[9.204204380801826,36.86779847436895],[9.20234938878076,36.868739304630644],[9.200775353953475,36.86909156344023],[9.19882672036091,36.869715892852504],[9.198215806656915,36.87087966046359],[9.196918190298035,36.872743627142725],[9.19505432419539,36.87468328557857],[9.194149110647807,36.876400100105386],[9.192655344664187,36.878321957521706],[9.190898470713831,36.879392122232254],[9.189150423039363,36.879811277943105],[9.187268739141816,36.87984694598578],[9.185190817793565,36.879664149121204],[9.18317969931913,36.8797132151985],[9.180914484156352,36.87953925760158],[9.178136493245587,36.87974442294702],[9.177235779049665,36.87991382119393],[9.172228174880244,36.887895628481246],[9.173690724930422,36.88834597298459],[9.17534060326326,36.889023791730835],[9.17714656149712,36.889902194925966],[9.178493199474834,36.890718207187106],[9.179264660265513,36.89217636113567],[9.180138614067772,36.89320638822825],[9.190840503231367,36.9008270373522],[9.195937238336477,36.899038892454925],[9.211695690709561,36.91345071219639],[9.213220661419847,36.912179888649185],[9.214433592443449,36.91136831500951],[9.215766823336017,36.91062365701936],[9.217073365365602,36.91004400454349],[9.219227088531003,36.90964268722225],[9.221166832645423,36.90928591483736],[9.223302743800929,36.9090094830793],[9.225389595555171,36.908773121233985],[9.227182136619833,36.90863493044719],[9.231034831366621,36.90874189220027],[9.232368083109982,36.90926813216268],[9.233777109807711,36.909722949459464],[9.235346716387262,36.91040070747461],[9.236653237395032,36.91132821247621],[9.237772501285743,36.91208175372813],[9.24038107709432,36.911261312642125],[9.241094535389777,36.912086215436624],[9.24208449246424,36.91304494483739],[9.242962933100985,36.91401260846735],[9.243671932725588,36.91496233851561],[9.244447738488876,36.91576505212278],[9.245192434471457,36.91652308587207],[9.246619357777147,36.91736140778842],[9.247809959583568,36.91596120671249],[9.24898713362487,36.91465914359387],[9.250191131243085,36.913566685773326],[9.251270161058983,36.91275956718721],[9.252558842572483,36.911733975756874],[9.25439604625812,36.91027141114114],[9.255992354329734,36.90900945765626],[9.257611020553025,36.90864825677539],[9.2585117876577,36.90860370031596],[9.259577481415336,36.908799861239935],[9.2606744815301,36.9087240629045],[9.262636449735304,36.90879543365414],[9.267042044235943,36.9083718396099],[9.269142290196067,36.908411929213116],[9.269057538368209,36.90954900669821],[9.269552517362794,36.910570190631134],[9.27027046219579,36.91159128736103],[9.270671729139394,36.9124786548239],[9.27136287043437,36.91343292079371],[9.272031771577247,36.913967988879115],[9.273115321945287,36.91462792435606],[9.273833213764364,36.91540826144965],[9.274542230166873,36.91646508641289],[9.2764418528843,36.91779393618078],[9.277132958804499,36.91904689668386],[9.278038172669154,36.920005613758384],[9.279210964545682,36.920866212747804],[9.280379205288105,36.92129431377167],[9.281382501504075,36.92244923706808],[9.282318894306572,36.9231894135373],[9.283625412548789,36.92406341028173],[9.284695582059184,36.92459851548414],[9.285587428969867,36.92520941304167],[9.285288707384364,36.926841429485584],[9.283603163324608,36.92761726576645],[9.282425908898277,36.92823265807524],[9.281574279689753,36.92860722299563],[9.280816221321283,36.92906201855478],[9.279643490817593,36.93004303906747],[9.278078353875868,36.931496710071],[9.277092862657412,36.932027375626234],[9.275728336614396,36.93307078444594],[9.274698295812897,36.934283657684595],[9.273226807496954,36.93583540351087],[9.272174467819045,36.93680749425429],[9.270051897732188,36.93915746095367],[9.269512424966644,36.940000251033034],[9.268250455045846,36.94119083257561],[9.267300691858798,36.94222975172872],[9.266605017902771,36.94303685359928],[9.265896070969513,36.943986619193964],[9.264718820023578,36.94518169506872],[9.263630814828549,36.94627422065741],[9.26237781701258,36.947594043984296],[9.261490454253481,36.94860186063188],[9.259956537209396,36.95033200061373],[9.258632217706667,36.95213786686687],[9.257303353080038,36.95391704787429],[9.255640125348696,36.95530832417399],[9.25439604625812,36.955945998237524],[9.253138540310324,36.95646772545425],[9.25237609699902,36.95689573953419],[9.250717283324636,36.95822453825644],[9.248291532553985,36.958888990156034],[9.245344046518884,36.959745151482174],[9.243649609923407,36.960133068078065],[9.242374260978506,36.96038723342964],[9.240880531060744,36.960989227230066],[9.239886107478261,36.96169817283691],[9.23824074001924,36.96304488214898],[9.236742436358114,36.9639188342864],[9.23505249209194,36.96470807401039],[9.233857428283146,36.96536807787482],[9.232501832217569,36.96638029808093],[9.231966752573209,36.96708480685321]]]]},"id":"000000000000000006f5","properties":{"ADM2_NAME":"Nefza"}},{"type":"Feature","geometry":{"type":"Polygon","coordinates":[[[9.192793591004186,36.53281741694962],[9.189774703309736,36.52968269216755],[9.189582974053582,36.52884433068614],[9.188610899396764,36.52724353867334],[9.18752290627363,36.526347242011994],[9.186310042826172,36.52511205129788],[9.18473598393112,36.522721998752914],[9.183647958775119,36.52166522836265],[9.18248855267335,36.52010894586868],[9.181124104705072,36.5181826057432],[9.179790771880118,36.516809277423775],[9.178408458367825,36.51544475760383],[9.177289258936925,36.51419170551334],[9.175505601410043,36.51256863975292],[9.17667386219808,36.50688777200791],[9.177093081704905,36.50616984293679],[9.178680508899035,36.50521114098286],[9.179532151302919,36.50476521684321],[9.180290188229744,36.50401609012232],[9.182372629881806,36.503182258934245],[9.18468689278391,36.50289235147518],[9.185881903189586,36.503088624966836],[9.186992265701038,36.50278533665026],[9.18791531216059,36.502107564903504],[9.188084730023036,36.50019912083298],[9.187910833788026,36.49941425499866],[9.187661143787835,36.49832176731144],[9.18757191465611,36.49739878911621],[9.187460462877867,36.49642221655727],[9.186782714337994,36.494558361863504],[9.186256472436948,36.49344799370989],[9.185641175984474,36.49271673079834],[9.18523095280194,36.491896216447145],[9.184660108125874,36.490986577625456],[9.183754927124728,36.488953270157936],[9.183103909476142,36.48730336506221],[9.181726101462536,36.486634459463495],[9.180111830926194,36.48564907526997],[9.178925777605848,36.48408392433393],[9.17806957932129,36.48263913449009],[9.176705121940678,36.481082920096874],[9.175108778483036,36.47969609779669],[9.17360607337488,36.47834053211494],[9.172295083935731,36.4771588986574],[9.17061401082328,36.47615561983486],[9.16887045950911,36.474657365213474],[9.16724293133849,36.47278453768959],[9.164331101759197,36.47112131921596],[9.163060303328187,36.47045240572421],[9.161829563875258,36.469458015262774],[9.160224309317556,36.46810690768279],[9.158266692348295,36.46658189206401],[9.156674854563333,36.46537793546496],[9.155065057773381,36.46430782319051],[9.15369617736874,36.46354969425418],[9.152692864628005,36.46331782447072],[9.1503205728116,36.46253754169861],[9.149098812506717,36.46210947962403],[9.147801229895538,36.461797324279864],[9.146655263363732,36.46136920630787],[9.145179271829827,36.4608251905408],[9.143730078492233,36.46003148392837],[9.14130434295724,36.458907841184036],[9.13924863947977,36.45812745733007],[9.13696558101494,36.457199967999955],[9.133005934627077,36.45567499754533],[9.129612542311182,36.45456910808449],[9.125496807792054,36.45317783177399],[9.119472572066256,36.45181784904466],[9.117216249588246,36.45149236005326],[9.114991142107044,36.45084572274833],[9.111793940857194,36.449731004387736],[9.109693749960744,36.44900417182885],[9.107111955925518,36.447684267780474],[9.104592539790161,36.4463821721776],[9.101604914401214,36.444745675044686],[9.09788157574777,36.44213712300663],[9.097765606666181,36.44137911757209],[9.097569455561494,36.44062552006535],[9.096838113293297,36.439287779791236],[9.095941858909638,36.4360415320626],[9.095968613885576,36.434601234468246],[9.096227217649194,36.433455250236975],[9.09651266181184,36.432171013630736],[9.097292954221842,36.431096371236144],[9.098340895995122,36.43035172778875],[9.099749933497224,36.42957141169733],[9.100962836452101,36.428991736351136],[9.104543497769063,36.42682008114138],[9.106483170679624,36.425344119695175],[9.108445175996968,36.4240153668467],[9.110255618840261,36.42267311777511],[9.111169677208355,36.421785825118235],[9.113475045099369,36.42032318805241],[9.114335702459503,36.419578520210294],[9.115071426236028,36.41853514067586],[9.115552963863028,36.417059126174635],[9.115860680084515,36.41572139408783],[9.115758107878891,36.41433908076189],[9.115566386850418,36.41307718044541],[9.1153300075284,36.41207833092613],[9.114884096727339,36.41074503449308],[9.114424850039692,36.40908631533421],[9.11281066955132,36.405960415452654],[9.111896507968437,36.405095384992066],[9.110264482488601,36.40437747990127],[9.111793940857192,36.403093233646786],[9.113176286465288,36.4025804356089],[9.11528990753429,36.40185363867142],[9.117679986782285,36.401510292110885],[9.120926222552352,36.40150576243998],[9.122486870496703,36.40180008930764],[9.125033025210715,36.40151916930113],[9.12680779124627,36.40098855776842],[9.127690714036767,36.40052923154627],[9.129550144015196,36.399873787887856],[9.13044643815161,36.399423405775494],[9.13408060643885,36.39692628866122],[9.135627916026046,36.39601215376524],[9.13684077299503,36.39514269043487],[9.137371419535452,36.39388961641953],[9.137638939686182,36.3929933684712],[9.137937705356471,36.39140144527583],[9.138606512145225,36.38934134807684],[9.138789337196341,36.38856551992422],[9.139962129723477,36.38749085198993],[9.141402387728137,36.38637610786764],[9.142454793169673,36.385185451160396],[9.142967573488297,36.384525557638526],[9.142343319622121,36.38321899393527],[9.141959834914493,36.38221574578561],[9.142410203732021,36.38024929562639],[9.143087915195197,36.37940207591199],[9.143359930344706,36.37857267054465],[9.142722330317309,36.37719032958814],[9.141518335747458,36.37647244406882],[9.140109236681578,36.3745594856463],[9.13952064157876,36.37354277234167],[9.13796886554858,36.36975697196561],[9.136979007599722,36.36792876953023],[9.135462915531459,36.36748282725129],[9.138842875881622,36.36336711208849],[9.141647626854224,36.36347415371492],[9.143556193945075,36.36347412077275],[9.146338645389916,36.36358562853723],[9.149201343036621,36.36359902532351],[9.152135427168428,36.36349646641626],[9.1583024216394,36.36545397868276],[9.160349153788735,36.365636758323106],[9.16254300189089,36.36787969705641],[9.163149420748184,36.3687358978908],[9.165503845936467,36.369792672998216],[9.16777800313554,36.370706831900684],[9.170564928309117,36.37199546098885],[9.173619421618225,36.373373320076794],[9.176660513446839,36.37457280834109],[9.17852885328736,36.375411115515945],[9.181534306918152,36.37646347233422],[9.183478465773446,36.3771858548922],[9.186033572683508,36.378157944931054],[9.188254148242581,36.37903191490565],[9.190550581945635,36.38011101926313],[9.192289702831111,36.380971602665184],[9.195058802965866,36.38216225374763],[9.196244925375149,36.38263938300351],[9.199299380943984,36.38164494784058],[9.200271500289727,36.38102960556046],[9.20145761504111,36.38030724843882],[9.202286933872777,36.379424367090884],[9.203085160262686,36.37822041311532],[9.203923454392084,36.37748911929341],[9.207816282519573,36.37417597146579],[9.20880616930737,36.37331981049295],[9.210772624969712,36.372521661579796],[9.212284308064051,36.37180376127081],[9.213443636498821,36.371340013919465],[9.215677647564185,36.37088067607052],[9.217175898155688,36.37073354226155],[9.219722100504443,36.370702313669405],[9.223886881015654,36.370546272476],[9.22559020194893,36.37051062323665],[9.228096259978447,36.37005133962988],[9.23320634365934,36.369752559151905],[9.235707903539964,36.369756975238346],[9.237402427197841,36.36987743203022],[9.240024350309692,36.369654459819934],[9.242882605569287,36.36919511909209],[9.24612883155193,36.36866901040468],[9.248090869754256,36.368031348001374],[9.249080743416298,36.36809375800795],[9.250784173042222,36.36854860698582],[9.252487553991,36.368454961864636],[9.255171954940286,36.36838803995267],[9.257606622878871,36.36823643621969],[9.260509478095674,36.36824980839011],[9.262917411399329,36.36848616173129],[9.264736666001811,36.36882058714154],[9.264972977572702,36.369534077353805],[9.26484814002125,36.37059980714202],[9.26566415481618,36.37147376564108],[9.268486776871155,36.37126417691917],[9.269770995895573,36.370599772201075],[9.272107560421269,36.36972575755381],[9.273431931162348,36.3690970938594],[9.274626987732464,36.36775037145751],[9.275750668267277,36.366060395042304],[9.276597922188387,36.36427673430657],[9.27778845748994,36.362323687330374],[9.279322373888926,36.359835532228956],[9.280744823264065,36.35718677583116],[9.281346802218302,36.35515793263474],[9.2817927060364,36.3543463896838],[9.282956584924362,36.353298452571714],[9.284013379089169,36.35180019230973],[9.284842784345472,36.35013247413546],[9.28520842244457,36.348531646557404],[9.285266373104411,36.34718500457024],[9.285092521249092,36.345495013601095],[9.2846108985661,36.34338586527112],[9.284361163145267,36.34152197316711],[9.286278612839563,36.33886879568823],[9.286853814284866,36.33781643164782],[9.287366583712036,36.33646984210528],[9.288080117787352,36.33487346636014],[9.289163628825246,36.332420964501225],[9.289779037726019,36.331801113919134],[9.29113457816288,36.33179667170447],[9.291781137130833,36.33286241275865],[9.292521361251842,36.334146631862176],[9.293457798008092,36.335800969419005],[9.29462607469236,36.33765147553118],[9.295602556391207,36.339109565320875],[9.296610356029609,36.34051418907365],[9.297979294737768,36.341860882502786],[9.299343771966708,36.34338588228095],[9.30309387552635,36.34887949117228],[9.303847487926351,36.35089945672223],[9.30461439260621,36.35217476353263],[9.30571132511882,36.3537399474172],[9.30646496179042,36.355006309160586],[9.307521723474895,36.35684789650713],[9.308333344053908,36.35814553732347],[9.30924745296274,36.359086407798344],[9.31064309249762,36.3601431932761],[9.312136923856553,36.36121781766221],[9.314366466572148,36.36225232557311],[9.316355207613405,36.36299699714381],[9.321072981158219,36.36462014443734],[9.322655959004646,36.36514625816541],[9.324310234637537,36.365739340716196],[9.326530884841853,36.36668023817863],[9.328145117849061,36.3674561257737],[9.329603211405521,36.36822309014979],[9.332653221893397,36.37018511108268],[9.335444650370388,36.37168330467132],[9.338111224274456,36.372780296059034],[9.340692974175585,36.373765739481065],[9.342490012458454,36.37480472363779],[9.3438277213939,36.375816922562],[9.345357211574482,36.37730630141198],[9.346922373825958,36.37896507267159],[9.349183179116919,36.38061044961953],[9.350824107653967,36.38211315001994],[9.35231791385986,36.38379870007932],[9.3530179623585,36.38514538954661],[9.354917555742011,36.38664804572941],[9.356527270286058,36.38745962060115],[9.35926075019548,36.38865017514802],[9.360750053436998,36.38955098279038],[9.361748921331912,36.390411589736054],[9.36186484702505,36.39156649638872],[9.361713186783263,36.39252961791153],[9.360638532575772,36.3934794131294],[9.35973781879247,36.39434449851606],[9.358863872567861,36.39505793265873],[9.358186043570377,36.396275257434034],[9.357494926278703,36.39856722334033],[9.35704903086979,36.3998693306055],[9.359581759305136,36.39982914906679],[9.360758944628387,36.399418919699315],[9.361931743591906,36.39926736968135],[9.363273920460388,36.39928965634714],[9.364740940756475,36.39954823668225],[9.365570321881988,36.39994955763511],[9.36673861694216,36.40053820852707],[9.368129821036698,36.401782257825175],[9.369333805849493,36.40300409122352],[9.370189994904303,36.403864625181185],[9.371335998080985,36.40501514689447],[9.372936804745745,36.406727383586876],[9.37417194224948,36.40808300944271],[9.376682418385798,36.412889912462504],[9.377222008884452,36.41461558581436],[9.377538599660658,36.416064752093],[9.37763667698748,36.41797326684977],[9.37755198153425,36.419645415675696],[9.377088190786573,36.4209697410622],[9.376713670665751,36.421928463911826],[9.376410380073644,36.42282474674643],[9.376575364595883,36.423988581200206],[9.37670469304481,36.42477785959913],[9.376949968778513,36.42621813171843],[9.376356938033302,36.42807762290856],[9.375799482888306,36.42890254263665],[9.375166316017577,36.42953125558642],[9.373489667060708,36.42991028419998],[9.371643673704794,36.42962492336517],[9.369962523822052,36.42982999805908],[9.369637070205581,36.43144419623532],[9.369244630590993,36.432451995698706],[9.368183342387802,36.43320108029247],[9.365935983907542,36.43365150236218],[9.36593149568842,36.434471959377504],[9.367197945406064,36.43540830811227],[9.368446461311649,36.436233259839554],[9.369543406198966,36.437000241800966],[9.37085437329991,36.43815511484901],[9.3713939253602,36.43874372554917],[9.37180416007302,36.440197423007945],[9.37189333812244,36.44203461234993],[9.371692708820303,36.444005499982836],[9.371179916449533,36.445325422499984],[9.370604627365525,36.44639108732734],[9.36978866046168,36.44826391343228],[9.369003866347443,36.45033299750732],[9.367777614158584,36.45303964606845],[9.366448743393546,36.45498383602626],[9.365235909386481,36.45682538330919],[9.363960598525024,36.458836428229446],[9.36267192812164,36.46041941171348],[9.361494715237962,36.46197565515145],[9.360999769265971,36.463005700405326],[9.36130740599057,36.464004565831],[9.36240882778449,36.46504795836426],[9.364000737487896,36.46634113263878],[9.365485638922676,36.46751833886944],[9.366649444514064,36.468539447106394],[9.367768637518378,36.469435768002306],[9.368562396503695,36.47014920202662],[9.36945423071189,36.47175000794752],[9.36891909514517,36.47322150747672],[9.368143201371188,36.47389041870318],[9.367322770733242,36.47430957074341],[9.366221367402956,36.47498736155223],[9.365516802241501,36.47588809199061],[9.365253777429011,36.476713017321444],[9.365360731717818,36.478086433864284],[9.366020667333384,36.47959356164602],[9.366707368473381,36.48124348351086],[9.367389671767226,36.4827104895144],[9.367728581390605,36.483771777737836],[9.367545746164401,36.48469482878803],[9.366622684336196,36.48584080835355],[9.365472259023129,36.486705834942455],[9.364058744251762,36.48768687035874],[9.362667440081752,36.488485050439984],[9.36050482629208,36.48930997510478],[9.358520511891818,36.48990750610006],[9.356366729238564,36.49032664286399],[9.353932064716943,36.490683374960255],[9.352170758806901,36.49073685036462],[9.350427271027062,36.491138211823326],[9.349927820118195,36.49191852220013],[9.348986923529452,36.493430141463215],[9.348193185404654,36.49498191472261],[9.347787471789438,36.49641331882791],[9.347002635024381,36.49874991176532],[9.346726208338875,36.500867983902204],[9.34633819659564,36.5027942666219],[9.346302553453635,36.50431930970059],[9.346650349908385,36.5052333950233],[9.347943508736222,36.50585766797865],[9.349602276968595,36.5066514287887],[9.351738185448907,36.50764135800643],[9.351907692293182,36.508738267979524],[9.351488497936236,36.51016517264945],[9.351229836364116,36.511984474073664],[9.350998015330786,36.51441467597871],[9.351064902997447,36.51682258609032],[9.351216458799371,36.51865529142432],[9.351568763625078,36.520550462346066],[9.351666894463696,36.52305201780381],[9.352139515909771,36.525076408412126],[9.35309374203716,36.52633384656606],[9.353606590269766,36.52735944562064],[9.35342818950384,36.528902335834914],[9.35296445094063,36.529869954853325],[9.35205924965976,36.530628002806],[9.347867733838747,36.531934540818874],[9.34645418507527,36.532505313253665],[9.344300466763807,36.5332544071063],[9.34211548159234,36.53367804942477],[9.339876967462075,36.534257740334894],[9.336795788233655,36.535064776502416],[9.33363870983204,36.53565789360162],[9.330361301706489,36.53666116260972],[9.32884961433895,36.537775973109284],[9.326566603982311,36.54024184541253],[9.324537663135434,36.54212800940945],[9.322085159188214,36.54499523859126],[9.320248030248766,36.54768406659553],[9.31936071165223,36.5488701695621],[9.318856796184061,36.5495791769138],[9.317675137651502,36.55136281492532],[9.31719797657849,36.5526827265515],[9.31627946208557,36.55444849424364],[9.313791239548136,36.55718641067384],[9.311971984976738,36.55863112952462],[9.309693340772727,36.55962110835218],[9.308172813305937,36.56066002862369],[9.30695102984039,36.56137346544695],[9.305305569216387,36.561895214198294],[9.304097198674318,36.56184611721744],[9.302928870375483,36.56139132253289],[9.302228829171996,36.56094099900649],[9.301305745259185,36.560249827875865],[9.300119687943567,36.55952743381852],[9.298973670271812,36.55894775486864],[9.297466458268158,36.55843941749402],[9.295937021629543,36.55817183606384],[9.294429865983675,36.55822088315538],[9.292886949343371,36.55843493197443],[9.291749917402555,36.558733727109704],[9.28923055029837,36.55996887798002],[9.287950760717331,36.5608651625967],[9.28610467421455,36.56132888714033],[9.284780350239695,36.56133335627364],[9.283942062815303,36.560709108044136],[9.282671154728407,36.55959434005381],[9.281074828317786,36.558292248669225],[9.279233212564785,36.55712394263303],[9.27763238589357,36.556160780223905],[9.276299149127807,36.55539382293391],[9.274751840355824,36.55454213642976],[9.272950377745802,36.5537929801459],[9.271804320885083,36.553587934940936],[9.270038533515546,36.553146433575456],[9.268928211648115,36.553141998713215],[9.267487953929951,36.554412837641934],[9.265980734909453,36.555848654007086],[9.264674247384214,36.55747178043483],[9.263733406733829,36.55907262393818],[9.262194964683722,36.560655580141656],[9.260977679389399,36.56207360548178],[9.260233007180286,36.5636119642345],[9.259265408700664,36.56608230200653],[9.258529632267408,36.56776338278393],[9.257588778472726,36.56997956794117],[9.256585438669925,36.572463272113595],[9.255680210874479,36.57478203098128],[9.255377032865526,36.577131967387686],[9.254048221708683,36.57648540733315],[9.252804167103603,36.57597259485778],[9.25124343883009,36.57554450458568],[9.249642658128087,36.57513429940052],[9.248322735537249,36.57474189563176],[9.246561350211055,36.574180071752124],[9.245295002992217,36.57388126176571],[9.244126761162907,36.57275314905485],[9.242463466259965,36.57091150664049],[9.240987490877757,36.56932405918086],[9.239373300509762,36.567482448423185],[9.237487145859236,36.565333145908745],[9.235279839448964,36.562840539430894],[9.233790552578556,36.56113269847466],[9.232238730517645,36.55901020465007],[9.230923319425642,36.55744505514418],[9.229581130168954,36.55537157070241],[9.228502051896832,36.55413188293868],[9.225960306415365,36.552562311625834],[9.21178934177578,36.54928040733232],[9.207602197436785,36.54429068881897],[9.206086122838506,36.543710977503906],[9.204810860653776,36.54295290581893],[9.203593510787341,36.541887254405424],[9.201934685718761,36.5405361142196],[9.200449817814066,36.53927862492337],[9.199375186055384,36.538061338920876],[9.198371893864257,36.536973316851494],[9.196271629386771,36.53506477778804],[9.193573892956882,36.533348017950495],[9.192793591004186,36.53281741694962]]]},"id":"000000000000000006f6","properties":{"ADM2_NAME":"Teboursouk"}},{"type":"Feature","geometry":{"type":"Polygon","coordinates":[[[9.376914312281222,36.73191625856308],[9.373338069945065,36.726337916957064],[9.373271164044828,36.72526775771076],[9.373534299337672,36.72277507654042],[9.373926674843316,36.72211516975067],[9.374394936354651,36.721401718247044],[9.374916641610845,36.72051435674573],[9.375411587139997,36.71988112794672],[9.376102771216154,36.718931332014165],[9.376517433647715,36.71810646897555],[9.376526326553762,36.71616230105205],[9.376169594738034,36.71482008676014],[9.37584411642535,36.71394163009205],[9.375518554714033,36.71325495622093],[9.374470735856582,36.71293830007218],[9.37326227149259,36.71090053823027],[9.372941208658734,36.70999533115477],[9.372638016741176,36.7091480642295],[9.372004789648532,36.70807792101387],[9.371402817709322,36.707110321060334],[9.371273497641532,36.70636115086515],[9.371113012314554,36.705442607686706],[9.371215570447614,36.70418062717797],[9.372080586935787,36.70307036903948],[9.37173725542741,36.70195110394264],[9.371469722081363,36.70103697583412],[9.371046108234307,36.70031460393811],[9.370948038807995,36.69942277462991],[9.37020777934172,36.697741726638064],[9.369931358808687,36.696774084557234],[9.368379559412956,36.6944553421457],[9.367389671767226,36.6943216010346],[9.366600412422684,36.69370625787111],[9.365748664481224,36.69279657374693],[9.365293832344213,36.691967171695985],[9.364901498259092,36.68971090474788],[9.364932661355217,36.68850250231221],[9.364825707626519,36.687080015873754],[9.36446445402411,36.685844820997644],[9.364250463250338,36.6848236879897],[9.363884808764924,36.683423524065546],[9.363924947690569,36.68239345501334],[9.362270630585924,36.68201002712123],[9.360183728878132,36.681831640675654],[9.359002064004342,36.68151509214672],[9.357668848163414,36.68102457119989],[9.356112624565284,36.68019071506805],[9.354458296308756,36.678389236385975],[9.353182984341101,36.67728780318015],[9.351764940751584,36.67608834987139],[9.350561045479841,36.674844221683244],[9.349811911368096,36.6738765946273],[9.348911147663161,36.67220894153515],[9.344933648459254,36.66652352102304],[9.344581372276513,36.66563175113976],[9.344434231173034,36.661756753037395],[9.344773130211854,36.66009354649165],[9.345455334944477,36.658153853044716],[9.34621340333526,36.656588673645054],[9.347395052463355,36.654403694844575],[9.348197672649153,36.65262901368844],[9.348594498435702,36.651237798818514],[9.34856334157276,36.64975730718593],[9.348081766356168,36.64791571500458],[9.347778497345795,36.64635058338293],[9.34506741390668,36.63995626925361],[9.34242313182051,36.638342019263696],[9.340902585683828,36.637508195410085],[9.33978333758434,36.636830404585204],[9.338160239258764,36.635675533963806],[9.336051097800873,36.634279769842145],[9.335150316748884,36.63353954901472],[9.334240657348365,36.63316949661061],[9.332679970936232,36.633209621994666],[9.331418119798364,36.6334548779815],[9.330147231053013,36.6334459624845],[9.328689127758965,36.633401388876266],[9.327659092463685,36.63355742842078],[9.326348057259231,36.63335227052754],[9.325393805510844,36.6326120716418],[9.32511736745337,36.63184958635201],[9.325407178839317,36.631095963114426],[9.325821922394958,36.63034238754308],[9.325077247617317,36.62838928642614],[9.323917843679906,36.627564396398704],[9.323115208618775,36.62714970799341],[9.322210000146569,36.626699310583106],[9.320872307504047,36.626088408583556],[9.319347254681976,36.625009342971225],[9.318981632190859,36.624220039525405],[9.318780963693092,36.62313648416415],[9.318954887647182,36.62224467440073],[9.319124326328758,36.620960462504996],[9.319133297617439,36.6192660348029],[9.319275992021266,36.617825708274836],[9.319472176076262,36.616755547631364],[9.318709616893894,36.61581466779465],[9.317965007175749,36.617308440516034],[9.316408779632653,36.61882012186406],[9.315445588885893,36.61976538356162],[9.31462061039431,36.62085344589911],[9.313211615902391,36.622690607434514],[9.312391060712491,36.624148717303406],[9.311873817305573,36.62487558509848],[9.310527155000127,36.62480869268088],[9.309095805967218,36.624255757327646],[9.306942059895315,36.62336388210718],[9.304868590568399,36.622619239388584],[9.30305376655116,36.62191468473115],[9.301827490730705,36.621664968195525],[9.301136343703702,36.62064834904771],[9.3008687881203,36.61961384885516],[9.300578979540383,36.61831177142138],[9.299843166546975,36.616782264312945],[9.29941061721713,36.61605992275005],[9.297796446715617,36.61577455377156],[9.296641577626927,36.61630072308699],[9.295103187885966,36.61766519673668],[9.293457798008093,36.61984119769824],[9.292748785448502,36.620661701212065],[9.291121210470966,36.62235166824279],[9.288740019718821,36.622748576756116],[9.287527157942561,36.62220900391883],[9.286011021617115,36.621120986757084],[9.284793716887027,36.62026929253471],[9.283076966721937,36.61867738126917],[9.281681293298854,36.616831299666025],[9.280709208853814,36.615542684272185],[9.281886353763353,36.6145839713494],[9.283455963287977,36.613736706602815],[9.28492746808063,36.61296087493059],[9.285502744545745,36.61194418485138],[9.28567659728022,36.61101663942935],[9.284517247693186,36.60983057037126],[9.283571946742798,36.60894320973616],[9.282247579522686,36.60757871271473],[9.280383688793329,36.60546062078066],[9.279433867978717,36.60365914870087],[9.278809570725,36.602178724803984],[9.278212093993675,36.60073847791063],[9.277498646732175,36.59911090188156],[9.27662016949035,36.59689915502357],[9.275371623129613,36.594611616205974],[9.274519983435301,36.59337199484898],[9.273819848923955,36.59251138827499],[9.27213877258858,36.59113352407178],[9.270694059398686,36.5901659419578],[9.268995116419978,36.58922953729439],[9.267166885169868,36.58850268579397],[9.265209374411914,36.58755288923797],[9.263220617660608,36.58643366900416],[9.262123667610995,36.58577812138802],[9.260790347802486,36.584658889366864],[9.259702395411027,36.583142849905244],[9.258547476881052,36.58108269143071],[9.257611020553025,36.579553257389676],[9.256224242769823,36.57818873462842],[9.255377032865526,36.577131967387686],[9.255680210874479,36.57478203098128],[9.256585438669925,36.572463272113595],[9.257588778472726,36.56997956794117],[9.258529632267408,36.56776338278393],[9.259265408700664,36.56608230200653],[9.260233007180286,36.5636119642345],[9.260977679389399,36.56207360548178],[9.262194964683722,36.560655580141656],[9.263733406733829,36.55907262393818],[9.264674247384214,36.55747178043483],[9.265980734909453,36.555848654007086],[9.267487953929951,36.554412837641934],[9.268928211648115,36.553141998713215],[9.270038533515546,36.553146433575456],[9.271804320885083,36.553587934940936],[9.272950377745802,36.5537929801459],[9.274751840355824,36.55454213642976],[9.276299149127807,36.55539382293391],[9.27763238589357,36.556160780223905],[9.279233212564785,36.55712394263303],[9.281074828317786,36.558292248669225],[9.282671154728407,36.55959434005381],[9.283942062815303,36.560709108044136],[9.284780350239695,36.56133335627364],[9.28610467421455,36.56132888714033],[9.287950760717331,36.5608651625967],[9.28923055029837,36.55996887798002],[9.291749917402555,36.558733727109704],[9.292886949343371,36.55843493197443],[9.294429865983675,36.55822088315538],[9.295937021629543,36.55817183606384],[9.297466458268158,36.55843941749402],[9.298973670271812,36.55894775486864],[9.300119687943567,36.55952743381852],[9.301305745259185,36.560249827875865],[9.302228829171996,36.56094099900649],[9.302928870375483,36.56139132253289],[9.304097198674318,36.56184611721744],[9.305305569216387,36.561895214198294],[9.30695102984039,36.56137346544695],[9.308172813305937,36.56066002862369],[9.309693340772727,36.55962110835218],[9.311971984976738,36.55863112952462],[9.313791239548136,36.55718641067384],[9.31627946208557,36.55444849424364],[9.31719797657849,36.5526827265515],[9.317675137651502,36.55136281492532],[9.318856796184061,36.5495791769138],[9.31936071165223,36.5488701695621],[9.320248030248766,36.54768406659553],[9.322085159188214,36.54499523859126],[9.324537663135434,36.54212800940945],[9.326566603982311,36.54024184541253],[9.32884961433895,36.537775973109284],[9.330361301706489,36.53666116260972],[9.33363870983204,36.53565789360162],[9.336795788233655,36.535064776502416],[9.339876967462075,36.534257740334894],[9.34211548159234,36.53367804942477],[9.344300466763807,36.5332544071063],[9.34645418507527,36.532505313253665],[9.347867733838747,36.531934540818874],[9.35205924965976,36.530628002806],[9.35296445094063,36.529869954853325],[9.35342818950384,36.528902335834914],[9.353606590269766,36.52735944562064],[9.35309374203716,36.52633384656606],[9.352139515909771,36.525076408412126],[9.351666894463696,36.52305201780381],[9.351568763625078,36.520550462346066],[9.351216458799371,36.51865529142432],[9.351064902997447,36.51682258609032],[9.350998015330786,36.51441467597871],[9.351229836364116,36.511984474073664],[9.351488497936236,36.51016517264945],[9.351907692293182,36.508738267979524],[9.351738185448907,36.50764135800643],[9.349602276968595,36.5066514287887],[9.347943508736222,36.50585766797865],[9.346650349908385,36.5052333950233],[9.346302553453635,36.50431930970059],[9.34633819659564,36.5027942666219],[9.346726208338875,36.500867983902204],[9.347002635024381,36.49874991176532],[9.347787471789438,36.49641331882791],[9.348193185404654,36.49498191472261],[9.348986923529452,36.493430141463215],[9.349927820118195,36.49191852220013],[9.350427271027062,36.491138211823326],[9.352170758806901,36.49073685036462],[9.353932064716943,36.490683374960255],[9.356366729238564,36.49032664286399],[9.358520511891818,36.48990750610006],[9.36050482629208,36.48930997510478],[9.362667440081752,36.488485050439984],[9.364058744251762,36.48768687035874],[9.365472259023129,36.486705834942455],[9.366622684336196,36.48584080835355],[9.367545746164401,36.48469482878803],[9.367728581390605,36.483771777737836],[9.367389671767226,36.4827104895144],[9.366707368473381,36.48124348351086],[9.366020667333384,36.47959356164602],[9.365360731717818,36.478086433864284],[9.365253777429011,36.476713017321444],[9.365516802241501,36.47588809199061],[9.366221367402956,36.47498736155223],[9.367322770733242,36.47430957074341],[9.368143201371188,36.47389041870318],[9.36891909514517,36.47322150747672],[9.36945423071189,36.47175000794752],[9.368562396503695,36.47014920202662],[9.367768637518378,36.469435768002306],[9.366649444514064,36.468539447106394],[9.365485638922676,36.46751833886944],[9.364000737487896,36.46634113263878],[9.36240882778449,36.46504795836426],[9.36130740599057,36.464004565831],[9.360999769265971,36.463005700405326],[9.361494715237962,36.46197565515145],[9.36267192812164,36.46041941171348],[9.363960598525024,36.458836428229446],[9.365235909386481,36.45682538330919],[9.366448743393546,36.45498383602626],[9.367777614158584,36.45303964606845],[9.369003866347443,36.45033299750732],[9.36978866046168,36.44826391343228],[9.370604627365525,36.44639108732734],[9.371179916449533,36.445325422499984],[9.371692708820303,36.444005499982836],[9.37189333812244,36.44203461234993],[9.37180416007302,36.440197423007945],[9.3713939253602,36.43874372554917],[9.37085437329991,36.43815511484901],[9.369543406198966,36.437000241800966],[9.368446461311649,36.436233259839554],[9.367197945406064,36.43540830811227],[9.36593149568842,36.434471959377504],[9.365935983907542,36.43365150236218],[9.368183342387802,36.43320108029247],[9.369244630590993,36.432451995698706],[9.369637070205581,36.43144419623532],[9.369962523822052,36.42982999805908],[9.371429579451574,36.432295926776526],[9.372798505060342,36.4335890257893],[9.374270015541027,36.43476628038113],[9.376089389579544,36.4359523843159],[9.378202953039905,36.4371251192641],[9.379736898174913,36.43783408445864],[9.3822250994528,36.4386635221796],[9.384784611451988,36.439038047765635],[9.386679691186874,36.439176273912196],[9.389600451266023,36.43881065249384],[9.39253004069182,36.43851185911352],[9.394224530356277,36.4382354324855],[9.395798591257783,36.4382265380714],[9.398732638086633,36.438030271522855],[9.400984539827732,36.438097157594285],[9.402959886655953,36.438355775457396],[9.404658828027921,36.43874376515379],[9.406634178598525,36.43912277411963],[9.409051008230458,36.43969796833047],[9.410723216388314,36.44026873883265],[9.412301745713203,36.44094656919972],[9.414522329450824,36.44219066521673],[9.417781926700977,36.44386278308428],[9.420858699104874,36.445320952972516],[9.424189647573478,36.447175890135924],[9.427453780904099,36.449178086673165],[9.430378873769415,36.45063617723022],[9.43249256493701,36.45192932228293],[9.435453349398466,36.453614840475446],[9.438552481188655,36.45536728343586],[9.440737411682294,36.456268021921026],[9.444384911839588,36.45695475204938],[9.445972394503793,36.456812008359314],[9.44774266701762,36.45705279097452],[9.449468303970596,36.457195487937554],[9.45148381094844,36.45716432221364],[9.45368663266256,36.45689225990593],[9.456174785704777,36.45660693364734],[9.457802425994753,36.456548940598736],[9.459951665737975,36.45625018579726],[9.462444331734446,36.45570168171128],[9.465253577978869,36.45519334716057],[9.468553254516165,36.454649373949785],[9.469944487934171,36.45455573652843],[9.471393742603276,36.453173381618754],[9.472374708785443,36.45136298920333],[9.473360180710529,36.44964627803321],[9.475121543919414,36.44794733328375],[9.477181603015463,36.44725620401668],[9.478697721962076,36.44702430532201],[9.48025397970312,36.44712241682066],[9.481979618191323,36.4475236906974],[9.484414263727853,36.44817922134701],[9.487103150944677,36.44942772682353],[9.488485452449614,36.450431096079726],[9.490077345554914,36.45158596669444],[9.491803019422088,36.452879071505016],[9.493314656864479,36.45390912390503],[9.495776099007367,36.45501054161513],[9.497818351732429,36.455692784703395],[9.500627612971593,36.45595141536275],[9.502397869712832,36.455594671947495],[9.504457929575509,36.45537177405959],[9.506888146758794,36.45502841454],[9.508832354859946,36.45485896759857],[9.510584802466976,36.45501503490967],[9.512863345150905,36.45560804968624],[9.515364902356488,36.45627696810763],[9.518098317608874,36.457124210547995],[9.519819569595905,36.458203249620965],[9.521643348342906,36.45894348563314],[9.524234089195593,36.45929573840777],[9.52568327638178,36.45950530967465],[9.52705671852516,36.4588854880741],[9.52811352165541,36.458158704597544],[9.529821320186741,36.457342705018895],[9.5316450641284,36.456522198071404],[9.533638305162693,36.45554122795429],[9.535636006635078,36.45450669104319],[9.539091833007339,36.452852363043235],[9.541423943588459,36.451684103766866],[9.543091619709456,36.45081007824567],[9.545967762802288,36.44905320086412],[9.547769200690464,36.44791614360941],[9.549927396029739,36.446413413988694],[9.55196521020645,36.44680133105226],[9.553356486266205,36.44820149102762],[9.554569373401222,36.44983795699101],[9.555947197281103,36.45143884850045],[9.55704417630486,36.45275873231362],[9.559514469124533,36.45530481780152],[9.560107543838049,36.456548918678564],[9.560446397065775,36.45777076296485],[9.56040183337368,36.45927789680767],[9.560138780751256,36.4609812948334],[9.559920292370244,36.462484046603194],[9.55946990593108,36.46400453663832],[9.559157709598761,36.46577925833448],[9.559126557935418,36.46736227698775],[9.55907299747337,36.46851273687433],[9.55925141930479,36.4697077203522],[9.560009419262983,36.47184363893666],[9.560584671987876,36.47350241314971],[9.5613873331596,36.47489367398944],[9.56236834568919,36.47657922048197],[9.563242328337036,36.478594765655956],[9.563701563375648,36.47998600595109],[9.565556525192086,36.482607920598255],[9.56570813610613,36.483504254739515],[9.56455323461213,36.485185266497524],[9.56360343456694,36.48650518270583],[9.562488712995835,36.48778047114955],[9.56082990045295,36.489145005416994],[9.559559032341832,36.48995208185603],[9.557677296975669,36.49078150144518],[9.555461183494721,36.49150380273147],[9.553186989030703,36.49232434317918],[9.550315349226695,36.493198293225205],[9.548665520959684,36.493372199930754],[9.545731404418103,36.49433534936887],[9.542083847457294,36.49390283232147],[9.540063841888806,36.49417488015708],[9.538922364838315,36.49495521557664],[9.538877727811723,36.495958485648885],[9.540153032377319,36.49681464386718],[9.543693573206442,36.49831290424348],[9.54576704908653,36.49866514707023],[9.547265327131628,36.498754351689165],[9.548995500970197,36.49931619038858],[9.551265167456204,36.500261473011136],[9.55296402048395,36.500916979269476],[9.55425278184274,36.501487743805875],[9.55473429007072,36.50248215439572],[9.55475661283596,36.50355233561224],[9.554783349235663,36.504774103256196],[9.554578285513458,36.5056882025731],[9.555233710325664,36.50670934064659],[9.556905907261369,36.508287870304294],[9.558493341364402,36.50999126514018],[9.56048654685069,36.51162332950962],[9.562457475201377,36.51377707549458],[9.563920061674567,36.51580592821401],[9.565177499113759,36.51745134628411],[9.566296755785341,36.51879353381159],[9.56730006735645,36.51988604797549],[9.567514075897174,36.52066632544603],[9.567005753454012,36.521500245827],[9.56670252718033,36.523239260467086],[9.56712171317728,36.526182281712714],[9.56753640208758,36.52785890364046],[9.568316718932925,36.5293482187873],[9.568637778311372,36.53085540566838],[9.569141696318063,36.53252757463839],[9.569560809689495,36.533927755120004],[9.56951624112269,36.535577570401294],[9.570510592735438,36.535764882625514],[9.571924166354517,36.535871879908605],[9.573640929449546,36.536077036985105],[9.57509904276256,36.53606805661609],[9.576699813105897,36.53592989103109],[9.578376516077816,36.535644471684286],[9.58011548682219,36.53553742699647],[9.582942559029666,36.53536356879142],[9.585466432500315,36.53547501327596],[9.587794067609702,36.53565340274346],[9.593408067689378,36.535809483856994],[9.595989917685715,36.53601012331353],[9.598602928913849,36.53648277540835],[9.601006427863933,36.53671912685531],[9.603302818157694,36.53645159574905],[9.608016135923739,36.53688857468813],[9.610125269611567,36.537905240582404],[9.612069426145725,36.539938584596754],[9.613322492511998,36.541173731256144],[9.614842963778115,36.54251599519751],[9.615868603110549,36.54351478112814],[9.617233083886315,36.54507545429552],[9.619052369539908,36.54701072938152],[9.620430238425262,36.54850900692272],[9.622967475795067,36.55105958819737],[9.623948532059892,36.552143124837016],[9.625121244482546,36.55365924785274],[9.62604430514918,36.555130729369544],[9.626753300117356,36.556370354448],[9.627038649772627,36.5571685886763],[9.62753357529466,36.55783293089998],[9.62843882253195,36.55864894533483],[9.629834516126,36.55989309620416],[9.63135061450946,36.56116834230578],[9.63224239491974,36.56175694891445],[9.633281415588113,36.562532850366715],[9.634084010519258,36.56296983073169],[9.635774013224738,36.56404895560628],[9.637209845608238,36.565310866717375],[9.637878747982798,36.56647025950546],[9.637945613024915,36.56729964568618],[9.638079343268984,36.56850804122021],[9.63802139913453,36.56981013871468],[9.638199734655752,36.57182563029032],[9.63806158619127,36.572931440902344],[9.638458445030272,36.57405965230984],[9.635127471872943,36.574978220898274],[9.632518842825343,36.57558466117376],[9.629865694159191,36.57649432055126],[9.62668194161767,36.57735047477367],[9.62360959106988,36.57768040462527],[9.620349966174407,36.57813077584207],[9.617665604469803,36.57827345025493],[9.6150748463542,36.57863024099768],[9.612831982702176,36.57931690195218],[9.611663689094033,36.58046733476071],[9.609224551846673,36.581350273460494],[9.606071988623654,36.582242118839794],[9.602616187454396,36.58328996651886],[9.599374364549625,36.58391427106092],[9.593087082836236,36.58630881891945],[9.58641622681393,36.593309602551194],[9.582715180668828,36.59739855217151],[9.58076211266458,36.59847770638306],[9.578755517256512,36.599824333846016],[9.57777898142601,36.600671551973285],[9.57644570839567,36.601772953856845],[9.574969742950845,36.60319988867116],[9.573814798041901,36.604403811906],[9.571937494860745,36.6058396479226],[9.569489499994045,36.60719521576008],[9.5682543238773,36.60756083574508],[9.56731348001363,36.607774865599104],[9.566559827851554,36.60843040912866],[9.565592263238242,36.60988852551175],[9.564334734652773,36.61144917593086],[9.562872140900003,36.61349149299966],[9.561917946012793,36.61514137284889],[9.560660472886656,36.61730399450401],[9.559206771370107,36.62001956808841],[9.55833283106556,36.62232047067157],[9.557619323666701,36.6242200645714],[9.555590453039036,36.62805489178119],[9.554159077762526,36.630806134137146],[9.55277228668407,36.633477137520394],[9.551626306621712,36.63591183051605],[9.550565045721713,36.63838661817774],[9.549196137604046,36.6411914344413],[9.547992155317665,36.64392925404603],[9.546904122025412,36.646439792887605],[9.545619887625529,36.64884766684766],[9.544522974328235,36.650435137922486],[9.543060389194373,36.651656904372445],[9.542128486205455,36.65205826650661],[9.541196508797995,36.652285609043574],[9.540121887828592,36.65266915417339],[9.539082837692735,36.65283412045732],[9.537950284445198,36.652834134903834],[9.536942489662081,36.65309275391201],[9.535457635448674,36.65343608366275],[9.534481098176071,36.65428780142784],[9.533624897932535,36.655464961218115],[9.531136791075523,36.65658423898673],[9.529749959690049,36.65661099123416],[9.527520420530648,36.65679822764234],[9.525210590825376,36.6572263371505],[9.523333365929366,36.65748046634543],[9.521884134930062,36.65751613682351],[9.520310041321965,36.659139251377724],[9.52001131221921,36.66124846480438],[9.520269910936905,36.663874819043066],[9.519079328449205,36.6665547571285],[9.518232110413084,36.66744658796371],[9.517068281438803,36.66837851299891],[9.514852147818296,36.67095147264765],[9.514597977485286,36.672150924388816],[9.514160986187209,36.673930113368],[9.514036107714793,36.676168600352874],[9.513625842535586,36.67883960456983],[9.513590211660498,36.680792674544946],[9.513197764035077,36.68229096499429],[9.51206072836572,36.68405671674939],[9.511583624258256,36.685514846644146],[9.511039589799378,36.68798970194203],[9.51077652373918,36.69063388577708],[9.509978338406892,36.69413432348377],[9.509309443131514,36.698111827148885],[9.508555892625155,36.701995714146385],[9.507864698658329,36.70563429402445],[9.506812394907767,36.71003549982913],[9.505773422421486,36.714811196396035],[9.504926170701303,36.7189135409723],[9.504257316207386,36.722784041032774],[9.503646402718932,36.725784971590386],[9.503307526657494,36.727060301160456],[9.502112437641255,36.726823956195595],[9.500248543747128,36.726288879431245],[9.497755924787509,36.726226483840954],[9.493234422258134,36.72611049612347],[9.489573483054338,36.725553122986014],[9.487763046707487,36.72510719110128],[9.485185743050973,36.72509832931427],[9.481114547187492,36.72558436176195],[9.477154891621675,36.726373604859496],[9.4717415607253,36.7274304148026],[9.46774614977537,36.72766677421734],[9.464932494622905,36.728179538236546],[9.461704095076954,36.72887518467541],[9.458631815138187,36.729401364645],[9.45534542127276,36.729882933134185],[9.452259729849171,36.73028872745845],[9.448598826631914,36.730391289373536],[9.444023731595173,36.72977146052224],[9.441049500908667,36.72978039231683],[9.439100954487627,36.729503894999965],[9.436938273684616,36.72870127968517],[9.435377578295489,36.727983370981185],[9.434316281655317,36.72764001425399],[9.433415520897082,36.72719410883859],[9.431725561663383,36.72571369256468],[9.429852747698165,36.724581030355054],[9.428519480656895,36.72387649367512],[9.426610976844252,36.72304267366396],[9.424880819130685,36.72235595630641],[9.422744951689733,36.721495373609955],[9.420711590340849,36.72078637693164],[9.419199927463906,36.720648131459825],[9.417728457687668,36.72074619940698],[9.415489992996186,36.720897870731854],[9.414459880802792,36.72100036100141],[9.412961635887989,36.7213125515705],[9.410473518367557,36.72184317570158],[9.408805805864692,36.72241392790333],[9.407169306415186,36.72306941053784],[9.40436449935647,36.72420649739822],[9.401983390423242,36.72477279388708],[9.399713670407381,36.724902110864804],[9.398224335800462,36.72483968826705],[9.396373803228474,36.724857500911234],[9.394055105227157,36.72473264003563],[9.392084123723306,36.72454095064614],[9.389997308608889,36.724295629450914],[9.387843544124783,36.72452754212011],[9.388436573367557,36.72550853317948],[9.389230363407775,36.726369160169135],[9.390889122261342,36.726904239851024],[9.392623731001622,36.7281661764991],[9.393805373225366,36.72900005491703],[9.395125284935201,36.72987845852514],[9.395927865349092,36.73062316717547],[9.396676998320048,36.731318786235015],[9.397805158219077,36.732259611846615],[9.398853106190305,36.733316415291426],[9.399160715772679,36.73421273855925],[9.399156310449667,36.73505995411832],[9.393738450599745,36.7341413550864],[9.391714024647314,36.733766791936574],[9.389457718625517,36.73328967561805],[9.387616108680831,36.73276350487853],[9.386238295391225,36.732157099759384],[9.384485864895694,36.732081293061086],[9.381935255728306,36.731746828065575],[9.379678964988857,36.731604135672356],[9.378301031162886,36.73157292733491],[9.376914312281222,36.73191625856308]]]},"id":"000000000000000006f7","properties":{"ADM2_NAME":"Testour"}},{"type":"Feature","geometry":{"type":"Polygon","coordinates":[[[9.10144437332753,36.595565867198786],[9.102099875876705,36.59432177756873],[9.102171199876054,36.5935414147856],[9.101422090049475,36.59248017697762],[9.100771066572916,36.59132085393976],[9.099923891513871,36.59068760873615],[9.098982952824308,36.59015698451782],[9.097743324416557,36.58954161498411],[9.0968827616941,36.58921163456628],[9.095562816982296,36.58822172801927],[9.095139213809032,36.58753503457856],[9.095558428175172,36.58674134438735],[9.096138090408722,36.58616164353316],[9.097761217737734,36.585086977690814],[9.098340895995122,36.584422588945316],[9.099651855442687,36.58309377382221],[9.10009776550522,36.582398181035984],[9.09860398083521,36.58182739529695],[9.096120197452011,36.58095338319818],[9.093877279629176,36.579843119499614],[9.09624511062994,36.571767627714266],[9.098033162953127,36.567268427204056],[9.098648545821947,36.56028992534598],[9.100030832414138,36.559005714732],[9.102710816532703,36.55188008784428],[9.102117770175873,36.5510417196972],[9.10226936543749,36.54944540238982],[9.102358499534345,36.547840103149824],[9.10222471401924,36.546167964387536],[9.102568083224783,36.5442148949024],[9.103870164842505,36.54315357623778],[9.102438770951167,36.542547157442016],[9.099968457238612,36.54217257767662],[9.098675301706642,36.541731149574375],[9.097270672104376,36.53978700231563],[9.096481433394143,36.53904230725225],[9.095567290189809,36.53840463865934],[9.09529088019742,36.53692873365099],[9.096276338955022,36.535314539593564],[9.097966315998523,36.53278176386112],[9.10054367806223,36.52977632575371],[9.101332956999551,36.52659696683874],[9.101373049978426,36.52578984224592],[9.099576060264619,36.52496494520058],[9.097614019969747,36.52433618353937],[9.095723346209025,36.52375205197901],[9.093752454561761,36.52250348896475],[9.091482765526088,36.5202026190799],[9.08943155161666,36.517380039216896],[9.0875008172604,36.51412483519288],[9.08334936530752,36.51118182836202],[9.078422065136058,36.50706613429026],[9.073619610316083,36.50387784817216],[9.071679894008973,36.502508913700964],[9.071006585828783,36.50113553290135],[9.073686521205735,36.4998557252592],[9.079643841058706,36.49888813988403],[9.077713090985373,36.49663623767673],[9.075545957694718,36.4937512661116],[9.07296408908008,36.49102224945835],[9.070957564491012,36.48870355391606],[9.070025574205825,36.48737918517592],[9.073311972826694,36.48237607773466],[9.075126764332119,36.48020894676247],[9.076709804634318,36.47790802879302],[9.077249333164785,36.47622249283206],[9.076718664550913,36.474425494696426],[9.07493058462255,36.47233420136165],[9.070881712256858,36.46977461925423],[9.070574085361825,36.468334386291964],[9.07019499549099,36.46596207246538],[9.071091297471675,36.46380833898707],[9.070935205371088,36.46180623814588],[9.06903563125688,36.459688157866175],[9.066288863593815,36.4584797735157],[9.064291197323696,36.457253474234804],[9.063653554310841,36.459103972291],[9.061415094960022,36.46277388550543],[9.059881120672888,36.46345606078118],[9.05674189329061,36.462439424264296],[9.054106563376298,36.461538695670065],[9.049772378329136,36.461008075100345],[9.043788199440877,36.46258658496134],[9.041108345338387,36.46264454388418],[9.035819836064718,36.46264901190862],[9.036577857955207,36.45976394241851],[9.03703716135164,36.45905049722344],[9.037652493761422,36.45808284719108],[9.03857111567414,36.457534394022055],[9.042254312840836,36.456566759539605],[9.043797140030424,36.456183322707226],[9.044956473130974,36.45586228242796],[9.046160443103298,36.45530932903495],[9.047110288273672,36.45456463217186],[9.047712202974157,36.45393588938106],[9.048773493635727,36.45275874322031],[9.050873764081748,36.45060495739336],[9.052987333853032,36.44894617671068],[9.054543613799439,36.44760398996908],[9.055943777257987,36.44630640926075],[9.057513359654855,36.444973126833744],[9.058998189881525,36.44366657154532],[9.065000136149838,36.44054519833689],[9.067176178298997,36.43977823852353],[9.068464856664134,36.43926995726691],[9.069481538576392,36.43881065862953],[9.07118048104187,36.43827997663161],[9.07375334777468,36.43784750185271],[9.075296196487972,36.43785643243324],[9.07716014278769,36.438097215577685],[9.078618253457734,36.438743743562455],[9.081057357699462,36.43997891089954],[9.082787517343657,36.441044617641026],[9.083884466312577,36.44156632958519],[9.085534348563021,36.442293216381884],[9.087041475125133,36.44284609534876],[9.088669058702957,36.44336337437707],[9.091353471239849,36.444232948033594],[9.093511666799685,36.44487945848857],[9.09484938579862,36.44466987489798],[9.0963699396027,36.444455867004876],[9.097292954221842,36.44371565496044],[9.09788157574777,36.44213712300663],[9.101604914401214,36.444745675044686],[9.104592539790161,36.4463821721776],[9.107111955925518,36.447684267780474],[9.109693749960744,36.44900417182885],[9.111793940857194,36.449731004387736],[9.114991142107044,36.45084572274833],[9.117216249588246,36.45149236005326],[9.119472572066256,36.45181784904466],[9.125496807792054,36.45317783177399],[9.129612542311182,36.45456910808449],[9.133005934627077,36.45567499754533],[9.13696558101494,36.457199967999955],[9.13924863947977,36.45812745733007],[9.14130434295724,36.458907841184036],[9.143730078492233,36.46003148392837],[9.145179271829827,36.4608251905408],[9.146655263363732,36.46136920630787],[9.147801229895538,36.461797324279864],[9.149098812506717,36.46210947962403],[9.1503205728116,36.46253754169861],[9.152692864628005,36.46331782447072],[9.15369617736874,36.46354969425418],[9.155065057773381,36.46430782319051],[9.156674854563333,36.46537793546496],[9.158266692348295,36.46658189206401],[9.160224309317556,36.46810690768279],[9.161829563875258,36.469458015262774],[9.163060303328187,36.47045240572421],[9.164331101759197,36.47112131921596],[9.16724293133849,36.47278453768959],[9.16887045950911,36.474657365213474],[9.17061401082328,36.47615561983486],[9.172295083935731,36.4771588986574],[9.17360607337488,36.47834053211494],[9.175108778483036,36.47969609779669],[9.176705121940678,36.481082920096874],[9.17806957932129,36.48263913449009],[9.178925777605848,36.48408392433393],[9.180111830926194,36.48564907526997],[9.181726101462536,36.486634459463495],[9.183103909476142,36.48730336506221],[9.183754927124728,36.488953270157936],[9.184660108125874,36.490986577625456],[9.18523095280194,36.491896216447145],[9.185641175984474,36.49271673079834],[9.186256472436948,36.49344799370989],[9.186782714337994,36.494558361863504],[9.187460462877867,36.49642221655727],[9.18757191465611,36.49739878911621],[9.187661143787835,36.49832176731144],[9.187910833788026,36.49941425499866],[9.188084730023036,36.50019912083298],[9.18791531216059,36.502107564903504],[9.186992265701038,36.50278533665026],[9.185881903189586,36.503088624966836],[9.18468689278391,36.50289235147518],[9.182372629881806,36.503182258934245],[9.180290188229744,36.50401609012232],[9.179532151302919,36.50476521684321],[9.178680508899035,36.50521114098286],[9.177093081704905,36.50616984293679],[9.17667386219808,36.50688777200791],[9.175505601410043,36.51256863975292],[9.177289258936925,36.51419170551334],[9.178408458367825,36.51544475760383],[9.179790771880118,36.516809277423775],[9.181124104705072,36.5181826057432],[9.18248855267335,36.52010894586868],[9.183647958775119,36.52166522836265],[9.18473598393112,36.522721998752914],[9.186310042826172,36.52511205129788],[9.18752290627363,36.526347242011994],[9.188610899396764,36.52724353867334],[9.189582974053582,36.52884433068614],[9.189774703309736,36.52968269216755],[9.192793591004186,36.53281741694962],[9.190951959696093,36.53309389531596],[9.188383514714511,36.53472592367436],[9.186715793211357,36.53586294400816],[9.185302266424172,36.537080346829114],[9.184713677450873,36.53778487974566],[9.18343833164046,36.538458137833665],[9.182029256064002,36.53879709437993],[9.179728418982636,36.53889517714257],[9.177619263579055,36.53874799448231],[9.17474760965101,36.53868560309913],[9.173004053011146,36.538663310982194],[9.170716568875777,36.53844482058955],[9.169160302542537,36.53817726688082],[9.16733653063116,36.537544081793556],[9.166043383285576,36.53694210356484],[9.164674484344461,36.53620187539641],[9.163211845236912,36.53548397986904],[9.160500775041903,36.5344181866172],[9.159171923766033,36.534244296058795],[9.156772918154793,36.5344583985903],[9.154712847771279,36.53502909209989],[9.152255867115269,36.535894207057844],[9.150713050162295,36.53709816604105],[9.149691869826334,36.538074656881086],[9.148800089627212,36.53940796457877],[9.14802419234719,36.54169991740413],[9.147511379636569,36.54384480663402],[9.146994094121451,36.545998484202514],[9.146463468223942,36.547996156154134],[9.145718841250075,36.55014989675376],[9.14488047912165,36.55189344737536],[9.143498176212761,36.5539847569832],[9.141986520864165,36.555781773158344],[9.139988899454044,36.557708111953545],[9.13857535170475,36.55941146755163],[9.136836297474252,36.56113712770433],[9.135097281052737,36.562318812097224],[9.133242281812839,36.56345142579961],[9.13202491972861,36.56482930855181],[9.130923508841402,36.566340959494866],[9.130887876206543,36.56773219741559],[9.130852159150102,36.56912341633381],[9.130535603713762,36.57058157138109],[9.13037508888611,36.57180333983123],[9.129666074852915,36.57317229667532],[9.129108628912057,36.574157777578066],[9.128386285403286,36.57552665252788],[9.127998392588443,36.57710075093904],[9.127570311062119,36.57868820499419],[9.127275974680272,36.57999025641234],[9.126910293209919,36.58136364080703],[9.126428771535787,36.582438302854385],[9.125911453482383,36.583682413495275],[9.125599392505958,36.58510039689858],[9.125157899229107,36.5870177969171],[9.124917101093809,36.58860519605385],[9.124640673834639,36.589983088262365],[9.124511325793815,36.59091501489058],[9.123985154982178,36.591900476890515],[9.123289537496948,36.59387139700438],[9.122955113040637,36.59496391132663],[9.12019939400188,36.59522700151267],[9.119699930104561,36.5944956672227],[9.119891745484704,36.59343445292219],[9.119271893043353,36.59266748681269],[9.118384504385778,36.59138321860574],[9.117296535954985,36.59139218542375],[9.116560791671123,36.5926006162267],[9.115780395161748,36.59432625905766],[9.114580942964867,36.595766517438065],[9.11402799211675,36.59657811112324],[9.113327902744516,36.59796044874021],[9.11215963753081,36.5993694713868],[9.110973493129721,36.60027914309037],[9.11020209930834,36.60114870892092],[9.109448524474086,36.601621363801875],[9.106920171257478,36.60117539508057],[9.105863337961123,36.60093913557375],[9.10465939230123,36.60019000244637],[9.103986058396073,36.599570181497526],[9.103486695967595,36.59893692514427],[9.102840129247543,36.59824582366656],[9.10242543457979,36.597567978865726],[9.101756508687648,36.59624808709839],[9.10144437332753,36.595565867198786]]]},"id":"000000000000000006f8","properties":{"ADM2_NAME":"Thibar"}}]}